"cell_id","cell_class","variant_id","scenario_id","n_x","n_y","moment_type","interval_id","metric","successes","denominator","estimate","mcse","wilson_lower","wilson_upper"
"ED1_001_TANGENCY_SV_POWER_n2000_depth6_reference","diagnostic","depth6_reference","TANGENCY_SV_POWER",2000,2000,"absolute","K1","band_covers_truth_on_grid",241,254,0.948818897637795,0.0138270528403126,0.914415573030546,0.969848738235835
"ED1_001_TANGENCY_SV_POWER_n2000_depth6_reference","diagnostic","depth6_reference","TANGENCY_SV_POWER",2000,2000,"absolute","K1","band_covers_truth_on_audit_grid",241,254,0.948818897637795,0.0138270528403126,0.914415573030546,0.969848738235835
"ED1_001_TANGENCY_SV_POWER_n2000_depth6_reference","diagnostic","depth6_reference","TANGENCY_SV_POWER",2000,2000,"absolute","K1","continuum_band_covers_truth",240,254,0.94488188976378,0.0143192101792767,0.909620805893771,0.966886800887817
"ED1_001_TANGENCY_SV_POWER_n2000_depth6_reference","diagnostic","depth6_reference","TANGENCY_SV_POWER",2000,2000,"absolute","K1","guard_failed",0,254,0,0,0,0.0148985304313125
"ED1_001_TANGENCY_SV_POWER_n2000_depth6_reference","diagnostic","depth6_reference","TANGENCY_SV_POWER",2000,2000,"absolute","K1","roundoff_inflation_requested",254,254,1,0,0.985101469568688,1
"ED1_001_TANGENCY_SV_POWER_n2000_depth6_reference","diagnostic","depth6_reference","TANGENCY_SV_POWER",2000,2000,"absolute","K1","roundoff_inflation_margin_applied",254,254,1,0,0.985101469568688,1
"ED1_001_TANGENCY_SV_POWER_n2000_depth6_reference","diagnostic","depth6_reference","TANGENCY_SV_POWER",2000,2000,"absolute","K1","continuum_truth_limit_hit",1,254,0.00393700787401575,0.00392925021549497,0.000695316956305255,0.0219599179598001
"ED1_001_TANGENCY_SV_POWER_n2000_depth6_reference","diagnostic","depth6_reference","TANGENCY_SV_POWER",2000,2000,"absolute","K1","continuum_truth_endpoint_violation",13,254,0.0511811023622047,0.0138270528403126,0.0301512617641654,0.0855844269694537
"ED1_001_TANGENCY_SV_POWER_n2000_depth6_reference","diagnostic","depth6_reference","TANGENCY_SV_POWER",2000,2000,"absolute","K1","enclosure_limit_hit",87,254,0.34251968503937,0.0297760638424955,0.286894770181182,0.402837050427105
"ED1_001_TANGENCY_SV_POWER_n2000_depth6_reference","diagnostic","depth6_reference","TANGENCY_SV_POWER",2000,2000,"absolute","K1","enclosure_depth_limit_hit",87,254,0.34251968503937,0.0297760638424955,0.286894770181182,0.402837050427105
"ED1_001_TANGENCY_SV_POWER_n2000_depth6_reference","diagnostic","depth6_reference","TANGENCY_SV_POWER",2000,2000,"absolute","K1","enclosure_node_limit_hit",0,254,0,0,0,0.0148985304313125
"ED1_001_TANGENCY_SV_POWER_n2000_depth6_reference","diagnostic","depth6_reference","TANGENCY_SV_POWER",2000,2000,"absolute","K1","enclosure_variance_limit_hit",0,254,0,0,0,0.0148985304313125
"ED1_001_TANGENCY_SV_POWER_n2000_depth6_reference","diagnostic","depth6_reference","TANGENCY_SV_POWER",2000,2000,"absolute","K1","enclosure_statistical_limit_hit",87,254,0.34251968503937,0.0297760638424955,0.286894770181182,0.402837050427105
"ED1_001_TANGENCY_SV_POWER_n2000_depth6_reference","diagnostic","depth6_reference","TANGENCY_SV_POWER",2000,2000,"absolute","K1","continuum_no_root_certified",2,254,0.0078740157480315,0.00554580625551822,0.00216200169738765,0.0282499377035105
"ED1_001_TANGENCY_SV_POWER_n2000_depth6_reference","diagnostic","depth6_reference","TANGENCY_SV_POWER",2000,2000,"absolute","K1","grid_only_no_root",0,0,,,,
"ED1_001_TANGENCY_SV_POWER_n2000_depth6_reference","diagnostic","depth6_reference","TANGENCY_SV_POWER",2000,2000,"absolute","K1","grid_continuum_no_root_disagreement",0,0,,,,
"ED1_001_TANGENCY_SV_POWER_n2000_depth6_reference","diagnostic","depth6_reference","TANGENCY_SV_POWER",2000,2000,"absolute","K1","reversal_certified",8,254,0.031496062992126,0.0109587740362886,0.016044267296992,0.060907899012663
"ED1_001_TANGENCY_SV_POWER_n2000_depth6_reference","diagnostic","depth6_reference","TANGENCY_SV_POWER",2000,2000,"absolute","K1","grid_only_reversal_certified",0,0,,,,
"ED1_001_TANGENCY_SV_POWER_n2000_depth6_reference","diagnostic","depth6_reference","TANGENCY_SV_POWER",2000,2000,"absolute","K1","direction_correct",0,8,0,0,0,0.32440756488388
"ED1_001_TANGENCY_SV_POWER_n2000_depth6_reference","diagnostic","depth6_reference","TANGENCY_SV_POWER",2000,2000,"absolute","K1","false_direction_report",8,254,0.031496062992126,0.0109587740362886,0.016044267296992,0.060907899012663
"ED1_001_TANGENCY_SV_POWER_n2000_depth6_reference","diagnostic","depth6_reference","TANGENCY_SV_POWER",2000,2000,"absolute","K1","false_sign_report",10,254,0.0393700787401575,0.01220237417846,0.0215232688001508,0.0709423064790899
"ED1_001_TANGENCY_SV_POWER_n2000_depth6_reference","diagnostic","depth6_reference","TANGENCY_SV_POWER",2000,2000,"absolute","K1","false_reversal_report",8,254,0.031496062992126,0.0109587740362886,0.016044267296992,0.060907899012663
"ED1_001_TANGENCY_SV_POWER_n2000_depth6_reference","diagnostic","depth6_reference","TANGENCY_SV_POWER",2000,2000,"absolute","K1","false_no_root_report",2,254,0.0078740157480315,0.00554580625551822,0.00216200169738765,0.0282499377035105
"ED1_001_TANGENCY_SV_POWER_n2000_depth6_reference","diagnostic","depth6_reference","TANGENCY_SV_POWER",2000,2000,"absolute","K1","budget_rejected",0,254,0,0,0,0.0148985304313125
"ED1_001_TANGENCY_SV_POWER_n2000_depth6_reference","diagnostic","depth6_reference","TANGENCY_SV_POWER",2000,2000,"absolute","K1","false_budget_rejection",0,254,0,0,0,0.0148985304313125
"ED1_001_TANGENCY_SV_POWER_n2000_depth6_reference","diagnostic","depth6_reference","TANGENCY_SV_POWER",2000,2000,"absolute","K1","zero_budget_diagnostic_applicable",0,254,0,0,0,0.0148985304313125
"ED1_001_TANGENCY_SV_POWER_n2000_depth6_reference","diagnostic","depth6_reference","TANGENCY_SV_POWER",2000,2000,"absolute","K1","zero_budget_rejected",8,254,0.031496062992126,0.0109587740362886,0.016044267296992,0.060907899012663
"ED1_001_TANGENCY_SV_POWER_n2000_depth6_reference","diagnostic","depth6_reference","TANGENCY_SV_POWER",2000,2000,"absolute","K1","exact_count_certified",0,254,0,0,0,0.0148985304313125
"ED1_001_TANGENCY_SV_POWER_n2000_depth6_reference","diagnostic","depth6_reference","TANGENCY_SV_POWER",2000,2000,"absolute","K1","simplicity_certified",0,254,0,0,0,0.0148985304313125
"ED1_001_TANGENCY_SV_POWER_n2000_depth6_reference","diagnostic","depth6_reference","TANGENCY_SV_POWER",2000,2000,"absolute","K1","exact_count_statement_true",0,254,0,0,0,0.0148985304313125
"ED1_001_TANGENCY_SV_POWER_n2000_depth6_reference","diagnostic","depth6_reference","TANGENCY_SV_POWER",2000,2000,"absolute","K1","false_exact_count_report",0,254,0,0,0,0.0148985304313125
"ED1_001_TANGENCY_SV_POWER_n2000_depth6_reference","diagnostic","depth6_reference","TANGENCY_SV_POWER",2000,2000,"absolute","K1","bracket_covers_root",8,8,1,0,0.67559243511612,1
"ED1_001_TANGENCY_SV_POWER_n2000_depth6_reference","diagnostic","depth6_reference","TANGENCY_SV_POWER",2000,2000,"absolute","K1","brackets_cover_all_distinct_roots",8,8,1,0,0.67559243511612,1
"ED1_001_TANGENCY_SV_POWER_n2000_depth6_reference","diagnostic","depth6_reference","TANGENCY_SV_POWER",2000,2000,"absolute","K1","false_bracket_report",0,254,0,0,0,0.0148985304313125
"ED1_001_TANGENCY_SV_POWER_n2000_depth6_reference","diagnostic","depth6_reference","TANGENCY_SV_POWER",2000,2000,"absolute","K1","outer_band_contains_root",244,254,0.960629921259842,0.01220237417846,0.92905769352091,0.978476731199849
"ED1_001_TANGENCY_SV_POWER_n2000_depth6_reference","diagnostic","depth6_reference","TANGENCY_SV_POWER",2000,2000,"absolute","K1","outer_set_covers_truth",244,254,0.960629921259842,0.01220237417846,0.92905769352091,0.978476731199849
"ED1_001_TANGENCY_SV_POWER_n2000_depth6_reference","diagnostic","depth6_reference","TANGENCY_SV_POWER",2000,2000,"absolute","K1","numerical_outer_contains_root",244,254,0.960629921259842,0.01220237417846,0.92905769352091,0.978476731199849
"ED1_001_TANGENCY_SV_POWER_n2000_depth6_reference","diagnostic","depth6_reference","TANGENCY_SV_POWER",2000,2000,"absolute","K1","numerical_outer_contains_all_roots",244,254,0.960629921259842,0.01220237417846,0.92905769352091,0.978476731199849
"ED1_001_TANGENCY_SV_POWER_n2000_depth6_reference","diagnostic","depth6_reference","TANGENCY_SV_POWER",2000,2000,"absolute","K1","false_outer_report",10,254,0.0393700787401575,0.01220237417846,0.0215232688001508,0.0709423064790899
"ED1_001_TANGENCY_SV_POWER_n2000_depth6_reference","diagnostic","depth6_reference","TANGENCY_SV_POWER",2000,2000,"absolute","K1","tangency_localization_applicable",254,254,1,0,0.985101469568688,1
"ED1_001_TANGENCY_SV_POWER_n2000_depth6_reference","diagnostic","depth6_reference","TANGENCY_SV_POWER",2000,2000,"absolute","K1","tangency_local_outer_nonempty",252,254,0.992125984251969,0.00554580625551822,0.97175006229649,0.997837998302612
"ED1_001_TANGENCY_SV_POWER_n2000_depth6_reference","diagnostic","depth6_reference","TANGENCY_SV_POWER",2000,2000,"absolute","K1","tangency_truncated_local_outer_nonempty",252,254,0.992125984251969,0.00554580625551822,0.97175006229649,0.997837998302612
"ED1_001_TANGENCY_SV_POWER_n2000_depth6_reference","diagnostic","depth6_reference","TANGENCY_SV_POWER",2000,2000,"absolute","K1","tangency_truncated_local_touches_left_boundary",235,254,0.925196850393701,0.0165066961377188,0.886132515721365,0.951591568636259
"ED1_001_TANGENCY_SV_POWER_n2000_depth6_reference","diagnostic","depth6_reference","TANGENCY_SV_POWER",2000,2000,"absolute","K1","tangency_truncated_local_touches_right_boundary",240,254,0.94488188976378,0.0143192101792767,0.909620805893771,0.966886800887817
"ED1_001_TANGENCY_SV_POWER_n2000_depth6_reference","diagnostic","depth6_reference","TANGENCY_SV_POWER",2000,2000,"absolute","K1","tangency_truncated_local_censored_by_window",242,254,0.952755905511811,0.0133121355481043,0.919250194307301,0.972770821443873
"ED1_001_TANGENCY_SV_POWER_n2000_depth6_reference","diagnostic","depth6_reference","TANGENCY_SV_POWER",2000,2000,"absolute","K1","tangency_global_geometry_applicable",254,254,1,0,0.985101469568688,1
"ED1_001_TANGENCY_SV_POWER_n2000_depth6_reference","diagnostic","depth6_reference","TANGENCY_SV_POWER",2000,2000,"absolute","K1","tangency_global_geometry_conditioned_on_continuum_band_coverage",240,254,0.94488188976378,0.0143192101792767,0.909620805893771,0.966886800887817
"ED1_001_TANGENCY_SV_POWER_n2000_depth6_reference","diagnostic","depth6_reference","TANGENCY_SV_POWER",2000,2000,"absolute","K1","tangency_global_outer_nonempty_conditional_on_continuum_band_coverage",240,240,1,0,0.984246080058441,1
"ED1_001_TANGENCY_SV_POWER_n2000_depth6_reference","diagnostic","depth6_reference","TANGENCY_SV_POWER",2000,2000,"absolute","K1","tangency_global_outer_contains_root_conditional_on_continuum_band_coverage",240,240,1,0,0.984246080058441,1
"ED1_001_TANGENCY_SV_POWER_n2000_depth6_reference","diagnostic","depth6_reference","TANGENCY_SV_POWER",2000,2000,"absolute","K1","tangency_global_outer_touches_K_left_conditional_on_continuum_band_coverage",157,240,0.654166666666667,0.0307023776826872,0.591988882058146,0.711486992626539
"ED1_001_TANGENCY_SV_POWER_n2000_depth6_reference","diagnostic","depth6_reference","TANGENCY_SV_POWER",2000,2000,"absolute","K1","tangency_global_outer_touches_K_right_conditional_on_continuum_band_coverage",0,240,0,0,1.73472347597681e-18,0.0157539199415588
"ED1_001_TANGENCY_SV_POWER_n2000_depth6_reference","diagnostic","depth6_reference","TANGENCY_SV_POWER",2000,2000,"absolute","K1","tangency_global_outer_touches_K_boundary_conditional_on_continuum_band_coverage",157,240,0.654166666666667,0.0307023776826872,0.591988882058146,0.711486992626539
"ED1_001_TANGENCY_SV_POWER_n2000_depth6_reference","diagnostic","depth6_reference","TANGENCY_SV_POWER",2000,2000,"absolute","K1","tangency_global_root_component_present_conditional_on_continuum_band_coverage",240,240,1,0,0.984246080058441,1
"ED1_001_TANGENCY_SV_POWER_n2000_depth6_reference","diagnostic","depth6_reference","TANGENCY_SV_POWER",2000,2000,"absolute","K1","tangency_global_root_component_touches_K_left_conditional_on_continuum_band_coverage",157,240,0.654166666666667,0.0307023776826872,0.591988882058146,0.711486992626539
"ED1_001_TANGENCY_SV_POWER_n2000_depth6_reference","diagnostic","depth6_reference","TANGENCY_SV_POWER",2000,2000,"absolute","K1","tangency_global_root_component_touches_K_right_conditional_on_continuum_band_coverage",0,240,0,0,1.73472347597681e-18,0.0157539199415588
"ED1_001_TANGENCY_SV_POWER_n2000_depth6_reference","diagnostic","depth6_reference","TANGENCY_SV_POWER",2000,2000,"absolute","K1","tangency_global_root_component_touches_K_boundary_conditional_on_continuum_band_coverage",157,240,0.654166666666667,0.0307023776826872,0.591988882058146,0.711486992626539
"ED1_001_TANGENCY_SV_POWER_n2000_depth6_reference","diagnostic","depth6_reference","TANGENCY_SV_POWER",2000,2000,"absolute","K1","root_isolation_applicable",0,254,0,0,0,0.0148985304313125
"ED1_001_TANGENCY_SV_POWER_n2000_depth6_reference","diagnostic","depth6_reference","TANGENCY_SV_POWER",2000,2000,"absolute","K1","root_isolation_success",0,0,,,,
"ED1_001_TANGENCY_SV_POWER_n2000_depth6_reference","diagnostic","depth6_reference","TANGENCY_SV_POWER",2000,2000,"absolute","K1","root_isolation_limit_hit",0,0,,,,
"ED1_001_TANGENCY_SV_POWER_n2000_depth6_reference","diagnostic","depth6_reference","TANGENCY_SV_POWER",2000,2000,"absolute","K1","root_isolation_all_tolerances_met",0,0,,,,
"ED1_001_TANGENCY_SV_POWER_n2000_depth6_reference","diagnostic","depth6_reference","TANGENCY_SV_POWER",2000,2000,"absolute","K1","wald_reported",0,0,,,,
"ED1_001_TANGENCY_SV_POWER_n2000_depth6_reference","diagnostic","depth6_reference","TANGENCY_SV_POWER",2000,2000,"absolute","K1","wald_conditional_cover",0,0,,,,
"ED1_001_TANGENCY_SV_POWER_n2000_depth6_reference","diagnostic","depth6_reference","TANGENCY_SV_POWER",2000,2000,"absolute","K1","wald_formal_unconditional_cover",0,0,,,,
"ED1_001_TANGENCY_SV_POWER_n2000_depth6_reference","diagnostic","depth6_reference","TANGENCY_SV_POWER",2000,2000,"absolute","K1","wald_report_and_cover",0,0,,,,
"ED1_001_TANGENCY_SV_POWER_n2000_depth6_reference","diagnostic","depth6_reference","TANGENCY_SV_POWER",2000,2000,"absolute","K1","root_multiplier_applicable",0,254,0,0,0,0.0148985304313125
"ED1_001_TANGENCY_SV_POWER_n2000_depth6_reference","diagnostic","depth6_reference","TANGENCY_SV_POWER",2000,2000,"absolute","K1","root_multiplier_reported",0,0,,,,
"ED1_001_TANGENCY_SV_POWER_n2000_depth6_reference","diagnostic","depth6_reference","TANGENCY_SV_POWER",2000,2000,"absolute","K1","root_multiplier_conditional_cover",0,0,,,,
"ED1_001_TANGENCY_SV_POWER_n2000_depth6_reference","diagnostic","depth6_reference","TANGENCY_SV_POWER",2000,2000,"absolute","K1","root_multiplier_formal_unconditional_cover",0,0,,,,
"ED1_001_TANGENCY_SV_POWER_n2000_depth6_reference","diagnostic","depth6_reference","TANGENCY_SV_POWER",2000,2000,"absolute","K1","root_multiplier_report_and_cover",0,0,,,,
"ED1_001_TANGENCY_SV_POWER_n2000_depth6_reference","diagnostic","depth6_reference","TANGENCY_SV_POWER",2000,2000,"absolute","K1","derivative_assisted_requested",0,254,0,0,0,0.0148985304313125
"ED1_001_TANGENCY_SV_POWER_n2000_depth6_reference","diagnostic","depth6_reference","TANGENCY_SV_POWER",2000,2000,"absolute","K1","derivative_assisted_implemented",254,254,1,0,0.985101469568688,1
"ED1_001_TANGENCY_SV_POWER_n2000_depth6_reference","diagnostic","depth6_reference","TANGENCY_SV_POWER",2000,2000,"absolute","K1","derivative_assisted_applicable",0,254,0,0,0,0.0148985304313125
"ED1_001_TANGENCY_SV_POWER_n2000_depth6_reference","diagnostic","depth6_reference","TANGENCY_SV_POWER",2000,2000,"absolute","K1","derivative_assisted_reported",0,0,,,,
"ED1_001_TANGENCY_SV_POWER_n2000_depth6_reference","diagnostic","depth6_reference","TANGENCY_SV_POWER",2000,2000,"absolute","K1","derivative_assisted_failure",0,0,,,,
"ED1_001_TANGENCY_SV_POWER_n2000_depth6_reference","diagnostic","depth6_reference","TANGENCY_SV_POWER",2000,2000,"absolute","K1","derivative_assisted_same_multiplier_seed",0,0,,,,
"ED1_001_TANGENCY_SV_POWER_n2000_depth6_reference","diagnostic","depth6_reference","TANGENCY_SV_POWER",2000,2000,"absolute","K1","derivative_assisted_guard_failed",0,0,,,,
"ED1_001_TANGENCY_SV_POWER_n2000_depth6_reference","diagnostic","depth6_reference","TANGENCY_SV_POWER",2000,2000,"absolute","K1","derivative_assisted_enclosure_limit_hit",0,0,,,,
"ED1_001_TANGENCY_SV_POWER_n2000_depth6_reference","diagnostic","depth6_reference","TANGENCY_SV_POWER",2000,2000,"absolute","K1","derivative_assisted_derivative_positive_throughout_K",0,0,,,,
"ED1_001_TANGENCY_SV_POWER_n2000_depth6_reference","diagnostic","depth6_reference","TANGENCY_SV_POWER",2000,2000,"absolute","K1","derivative_assisted_derivative_negative_throughout_K",0,0,,,,
"ED1_001_TANGENCY_SV_POWER_n2000_depth6_reference","diagnostic","depth6_reference","TANGENCY_SV_POWER",2000,2000,"absolute","K1","derivative_assisted_exact_root_certified",0,0,,,,
"ED1_001_TANGENCY_SV_POWER_n2000_depth6_reference","diagnostic","depth6_reference","TANGENCY_SV_POWER",2000,2000,"absolute","K1","derivative_assisted_local_exact_root_certified",0,0,,,,
"ED1_001_TANGENCY_SV_POWER_n2000_depth6_reference","diagnostic","depth6_reference","TANGENCY_SV_POWER",2000,2000,"absolute","K1","derivative_assisted_exact_root_on_K_certified",0,0,,,,
"ED1_001_TANGENCY_SV_POWER_n2000_depth6_reference","diagnostic","depth6_reference","TANGENCY_SV_POWER",2000,2000,"absolute","K1","derivative_assisted_exact_root_on_K_statement_true",0,0,,,,
"ED1_001_TANGENCY_SV_POWER_n2000_depth6_reference","diagnostic","depth6_reference","TANGENCY_SV_POWER",2000,2000,"absolute","K1","derivative_assisted_false_exact_root_on_K_report",0,0,,,,
"ED1_001_TANGENCY_SV_POWER_n2000_depth6_reference","diagnostic","depth6_reference","TANGENCY_SV_POWER",2000,2000,"absolute","K1","derivative_assisted_certificate_reported",0,0,,,,
"ED1_001_TANGENCY_SV_POWER_n2000_depth6_reference","diagnostic","depth6_reference","TANGENCY_SV_POWER",2000,2000,"absolute","K1","derivative_assisted_certificate_statement_true",0,0,,,,
"ED1_001_TANGENCY_SV_POWER_n2000_depth6_reference","diagnostic","depth6_reference","TANGENCY_SV_POWER",2000,2000,"absolute","K1","derivative_assisted_false_exact_root_report",0,0,,,,
"ED1_001_TANGENCY_SV_POWER_n2000_depth6_reference","diagnostic","depth6_reference","TANGENCY_SV_POWER",2000,2000,"absolute","K1","derivative_assisted_value_grid_coverage",0,0,,,,
"ED1_001_TANGENCY_SV_POWER_n2000_depth6_reference","diagnostic","depth6_reference","TANGENCY_SV_POWER",2000,2000,"absolute","K1","derivative_assisted_derivative_grid_coverage",0,0,,,,
"ED1_001_TANGENCY_SV_POWER_n2000_depth6_reference","diagnostic","depth6_reference","TANGENCY_SV_POWER",2000,2000,"absolute","K1","derivative_assisted_joint_grid_coverage",0,0,,,,
"ED1_001_TANGENCY_SV_POWER_n2000_depth6_reference","diagnostic","depth6_reference","TANGENCY_SV_POWER",2000,2000,"absolute","K1","pointwise_grid_curve_coverage",0,0,,,,
"ED1_001_TANGENCY_SV_POWER_n2000_depth6_reference","diagnostic","depth6_reference","TANGENCY_SV_POWER",2000,2000,"absolute","K1","pointwise_root_coverage",0,0,,,,
"ED1_001_TANGENCY_SV_POWER_n2000_depth6_reference","diagnostic","depth6_reference","TANGENCY_SV_POWER",2000,2000,"absolute","K1","pointwise_false_sign_report",0,0,,,,
"ED1_001_TANGENCY_SV_POWER_n2000_depth6_reference","diagnostic","depth6_reference","TANGENCY_SV_POWER",2000,2000,"absolute","K1","pointwise_reversal_report",0,0,,,,
"ED1_001_TANGENCY_SV_POWER_n2000_depth6_reference","diagnostic","depth6_reference","TANGENCY_SV_POWER",2000,2000,"absolute","K1","pointwise_no_root_report",0,0,,,,
"ED1_001_TANGENCY_SV_POWER_n2000_depth6_reference","diagnostic","depth6_reference","TANGENCY_SV_POWER",2000,2000,"absolute","K1","any_primary_false_report",10,254,0.0393700787401575,0.01220237417846,0.0215232688001508,0.0709423064790899
"ED1_001_TANGENCY_SV_POWER_n2000_depth6_reference","diagnostic","depth6_reference","TANGENCY_SV_POWER",2000,2000,"absolute","K1","joint_band_covers_truth_on_grid",241,254,0.948818897637795,0.0138270528403126,0.914415573030546,0.969848738235835
"ED1_001_TANGENCY_SV_POWER_n2000_depth6_reference","diagnostic","depth6_reference","TANGENCY_SV_POWER",2000,2000,"absolute","K1","joint_band_covers_truth_on_audit_grid",241,254,0.948818897637795,0.0138270528403126,0.914415573030546,0.969848738235835
"ED1_001_TANGENCY_SV_POWER_n2000_depth6_reference","diagnostic","depth6_reference","TANGENCY_SV_POWER",2000,2000,"absolute","K1","joint_continuum_band_covers_truth",240,254,0.94488188976378,0.0143192101792767,0.909620805893771,0.966886800887817
"ED1_001_TANGENCY_SV_POWER_n2000_depth6_reference","diagnostic","depth6_reference","TANGENCY_SV_POWER",2000,2000,"absolute","K1","joint_any_primary_false_report",10,254,0.0393700787401575,0.01220237417846,0.0215232688001508,0.0709423064790899
"ED1_001_TANGENCY_SV_POWER_n2000_depth6_reference","diagnostic","depth6_reference","TANGENCY_SV_POWER",2000,2000,"absolute","K1","joint_pointwise_grid_curve_coverage",0,0,,,,
"ED1_001_TANGENCY_SV_POWER_n2000_depth6_reference","diagnostic","depth6_reference","TANGENCY_SV_POWER",2000,2000,"absolute","K1","joint_derivative_assisted_grid_coverage",0,0,,,,
"ED1_001_TANGENCY_SV_POWER_n2000_depth6_reference","diagnostic","depth6_reference","TANGENCY_SV_POWER",2000,2000,"absolute","K1","joint_derivative_assisted_false_exact_root_report",0,0,,,,
"ED1_001_TANGENCY_SV_POWER_n2000_depth6_reference","diagnostic","depth6_reference","TANGENCY_SV_POWER",2000,2000,"absolute","K1","across_interval_joint_band_covers_truth_on_grid",241,254,0.948818897637795,0.0138270528403126,0.914415573030546,0.969848738235835
"ED1_001_TANGENCY_SV_POWER_n2000_depth6_reference","diagnostic","depth6_reference","TANGENCY_SV_POWER",2000,2000,"absolute","K1","across_interval_joint_band_covers_truth_on_audit_grid",241,254,0.948818897637795,0.0138270528403126,0.914415573030546,0.969848738235835
"ED1_001_TANGENCY_SV_POWER_n2000_depth6_reference","diagnostic","depth6_reference","TANGENCY_SV_POWER",2000,2000,"absolute","K1","across_interval_joint_continuum_band_covers_truth",240,254,0.94488188976378,0.0143192101792767,0.909620805893771,0.966886800887817
"ED1_001_TANGENCY_SV_POWER_n2000_depth6_reference","diagnostic","depth6_reference","TANGENCY_SV_POWER",2000,2000,"absolute","K1","across_interval_joint_any_primary_false_report",10,254,0.0393700787401575,0.01220237417846,0.0215232688001508,0.0709423064790899
"ED1_002_TANGENCY_SV_POWER_n2000_depth8_refined","diagnostic","depth8_refined","TANGENCY_SV_POWER",2000,2000,"absolute","K1","band_covers_truth_on_grid",241,254,0.948818897637795,0.0138270528403126,0.914415573030546,0.969848738235835
"ED1_002_TANGENCY_SV_POWER_n2000_depth8_refined","diagnostic","depth8_refined","TANGENCY_SV_POWER",2000,2000,"absolute","K1","band_covers_truth_on_audit_grid",241,254,0.948818897637795,0.0138270528403126,0.914415573030546,0.969848738235835
"ED1_002_TANGENCY_SV_POWER_n2000_depth8_refined","diagnostic","depth8_refined","TANGENCY_SV_POWER",2000,2000,"absolute","K1","continuum_band_covers_truth",240,254,0.94488188976378,0.0143192101792767,0.909620805893771,0.966886800887817
"ED1_002_TANGENCY_SV_POWER_n2000_depth8_refined","diagnostic","depth8_refined","TANGENCY_SV_POWER",2000,2000,"absolute","K1","guard_failed",0,254,0,0,0,0.0148985304313125
"ED1_002_TANGENCY_SV_POWER_n2000_depth8_refined","diagnostic","depth8_refined","TANGENCY_SV_POWER",2000,2000,"absolute","K1","roundoff_inflation_requested",254,254,1,0,0.985101469568688,1
"ED1_002_TANGENCY_SV_POWER_n2000_depth8_refined","diagnostic","depth8_refined","TANGENCY_SV_POWER",2000,2000,"absolute","K1","roundoff_inflation_margin_applied",254,254,1,0,0.985101469568688,1
"ED1_002_TANGENCY_SV_POWER_n2000_depth8_refined","diagnostic","depth8_refined","TANGENCY_SV_POWER",2000,2000,"absolute","K1","continuum_truth_limit_hit",1,254,0.00393700787401575,0.00392925021549497,0.000695316956305255,0.0219599179598001
"ED1_002_TANGENCY_SV_POWER_n2000_depth8_refined","diagnostic","depth8_refined","TANGENCY_SV_POWER",2000,2000,"absolute","K1","continuum_truth_endpoint_violation",13,254,0.0511811023622047,0.0138270528403126,0.0301512617641654,0.0855844269694537
"ED1_002_TANGENCY_SV_POWER_n2000_depth8_refined","diagnostic","depth8_refined","TANGENCY_SV_POWER",2000,2000,"absolute","K1","enclosure_limit_hit",28,254,0.110236220472441,0.0196509097151116,0.0773775030044287,0.154708753001083
"ED1_002_TANGENCY_SV_POWER_n2000_depth8_refined","diagnostic","depth8_refined","TANGENCY_SV_POWER",2000,2000,"absolute","K1","enclosure_depth_limit_hit",28,254,0.110236220472441,0.0196509097151116,0.0773775030044287,0.154708753001083
"ED1_002_TANGENCY_SV_POWER_n2000_depth8_refined","diagnostic","depth8_refined","TANGENCY_SV_POWER",2000,2000,"absolute","K1","enclosure_node_limit_hit",0,254,0,0,0,0.0148985304313125
"ED1_002_TANGENCY_SV_POWER_n2000_depth8_refined","diagnostic","depth8_refined","TANGENCY_SV_POWER",2000,2000,"absolute","K1","enclosure_variance_limit_hit",0,254,0,0,0,0.0148985304313125
"ED1_002_TANGENCY_SV_POWER_n2000_depth8_refined","diagnostic","depth8_refined","TANGENCY_SV_POWER",2000,2000,"absolute","K1","enclosure_statistical_limit_hit",28,254,0.110236220472441,0.0196509097151116,0.0773775030044287,0.154708753001083
"ED1_002_TANGENCY_SV_POWER_n2000_depth8_refined","diagnostic","depth8_refined","TANGENCY_SV_POWER",2000,2000,"absolute","K1","continuum_no_root_certified",2,254,0.0078740157480315,0.00554580625551822,0.00216200169738765,0.0282499377035105
"ED1_002_TANGENCY_SV_POWER_n2000_depth8_refined","diagnostic","depth8_refined","TANGENCY_SV_POWER",2000,2000,"absolute","K1","grid_only_no_root",0,0,,,,
"ED1_002_TANGENCY_SV_POWER_n2000_depth8_refined","diagnostic","depth8_refined","TANGENCY_SV_POWER",2000,2000,"absolute","K1","grid_continuum_no_root_disagreement",0,0,,,,
"ED1_002_TANGENCY_SV_POWER_n2000_depth8_refined","diagnostic","depth8_refined","TANGENCY_SV_POWER",2000,2000,"absolute","K1","reversal_certified",8,254,0.031496062992126,0.0109587740362886,0.016044267296992,0.060907899012663
"ED1_002_TANGENCY_SV_POWER_n2000_depth8_refined","diagnostic","depth8_refined","TANGENCY_SV_POWER",2000,2000,"absolute","K1","grid_only_reversal_certified",0,0,,,,
"ED1_002_TANGENCY_SV_POWER_n2000_depth8_refined","diagnostic","depth8_refined","TANGENCY_SV_POWER",2000,2000,"absolute","K1","direction_correct",0,8,0,0,0,0.32440756488388
"ED1_002_TANGENCY_SV_POWER_n2000_depth8_refined","diagnostic","depth8_refined","TANGENCY_SV_POWER",2000,2000,"absolute","K1","false_direction_report",8,254,0.031496062992126,0.0109587740362886,0.016044267296992,0.060907899012663
"ED1_002_TANGENCY_SV_POWER_n2000_depth8_refined","diagnostic","depth8_refined","TANGENCY_SV_POWER",2000,2000,"absolute","K1","false_sign_report",10,254,0.0393700787401575,0.01220237417846,0.0215232688001508,0.0709423064790899
"ED1_002_TANGENCY_SV_POWER_n2000_depth8_refined","diagnostic","depth8_refined","TANGENCY_SV_POWER",2000,2000,"absolute","K1","false_reversal_report",8,254,0.031496062992126,0.0109587740362886,0.016044267296992,0.060907899012663
"ED1_002_TANGENCY_SV_POWER_n2000_depth8_refined","diagnostic","depth8_refined","TANGENCY_SV_POWER",2000,2000,"absolute","K1","false_no_root_report",2,254,0.0078740157480315,0.00554580625551822,0.00216200169738765,0.0282499377035105
"ED1_002_TANGENCY_SV_POWER_n2000_depth8_refined","diagnostic","depth8_refined","TANGENCY_SV_POWER",2000,2000,"absolute","K1","budget_rejected",0,254,0,0,0,0.0148985304313125
"ED1_002_TANGENCY_SV_POWER_n2000_depth8_refined","diagnostic","depth8_refined","TANGENCY_SV_POWER",2000,2000,"absolute","K1","false_budget_rejection",0,254,0,0,0,0.0148985304313125
"ED1_002_TANGENCY_SV_POWER_n2000_depth8_refined","diagnostic","depth8_refined","TANGENCY_SV_POWER",2000,2000,"absolute","K1","zero_budget_diagnostic_applicable",0,254,0,0,0,0.0148985304313125
"ED1_002_TANGENCY_SV_POWER_n2000_depth8_refined","diagnostic","depth8_refined","TANGENCY_SV_POWER",2000,2000,"absolute","K1","zero_budget_rejected",8,254,0.031496062992126,0.0109587740362886,0.016044267296992,0.060907899012663
"ED1_002_TANGENCY_SV_POWER_n2000_depth8_refined","diagnostic","depth8_refined","TANGENCY_SV_POWER",2000,2000,"absolute","K1","exact_count_certified",0,254,0,0,0,0.0148985304313125
"ED1_002_TANGENCY_SV_POWER_n2000_depth8_refined","diagnostic","depth8_refined","TANGENCY_SV_POWER",2000,2000,"absolute","K1","simplicity_certified",0,254,0,0,0,0.0148985304313125
"ED1_002_TANGENCY_SV_POWER_n2000_depth8_refined","diagnostic","depth8_refined","TANGENCY_SV_POWER",2000,2000,"absolute","K1","exact_count_statement_true",0,254,0,0,0,0.0148985304313125
"ED1_002_TANGENCY_SV_POWER_n2000_depth8_refined","diagnostic","depth8_refined","TANGENCY_SV_POWER",2000,2000,"absolute","K1","false_exact_count_report",0,254,0,0,0,0.0148985304313125
"ED1_002_TANGENCY_SV_POWER_n2000_depth8_refined","diagnostic","depth8_refined","TANGENCY_SV_POWER",2000,2000,"absolute","K1","bracket_covers_root",8,8,1,0,0.67559243511612,1
"ED1_002_TANGENCY_SV_POWER_n2000_depth8_refined","diagnostic","depth8_refined","TANGENCY_SV_POWER",2000,2000,"absolute","K1","brackets_cover_all_distinct_roots",8,8,1,0,0.67559243511612,1
"ED1_002_TANGENCY_SV_POWER_n2000_depth8_refined","diagnostic","depth8_refined","TANGENCY_SV_POWER",2000,2000,"absolute","K1","false_bracket_report",0,254,0,0,0,0.0148985304313125
"ED1_002_TANGENCY_SV_POWER_n2000_depth8_refined","diagnostic","depth8_refined","TANGENCY_SV_POWER",2000,2000,"absolute","K1","outer_band_contains_root",244,254,0.960629921259842,0.01220237417846,0.92905769352091,0.978476731199849
"ED1_002_TANGENCY_SV_POWER_n2000_depth8_refined","diagnostic","depth8_refined","TANGENCY_SV_POWER",2000,2000,"absolute","K1","outer_set_covers_truth",244,254,0.960629921259842,0.01220237417846,0.92905769352091,0.978476731199849
"ED1_002_TANGENCY_SV_POWER_n2000_depth8_refined","diagnostic","depth8_refined","TANGENCY_SV_POWER",2000,2000,"absolute","K1","numerical_outer_contains_root",244,254,0.960629921259842,0.01220237417846,0.92905769352091,0.978476731199849
"ED1_002_TANGENCY_SV_POWER_n2000_depth8_refined","diagnostic","depth8_refined","TANGENCY_SV_POWER",2000,2000,"absolute","K1","numerical_outer_contains_all_roots",244,254,0.960629921259842,0.01220237417846,0.92905769352091,0.978476731199849
"ED1_002_TANGENCY_SV_POWER_n2000_depth8_refined","diagnostic","depth8_refined","TANGENCY_SV_POWER",2000,2000,"absolute","K1","false_outer_report",10,254,0.0393700787401575,0.01220237417846,0.0215232688001508,0.0709423064790899
"ED1_002_TANGENCY_SV_POWER_n2000_depth8_refined","diagnostic","depth8_refined","TANGENCY_SV_POWER",2000,2000,"absolute","K1","tangency_localization_applicable",254,254,1,0,0.985101469568688,1
"ED1_002_TANGENCY_SV_POWER_n2000_depth8_refined","diagnostic","depth8_refined","TANGENCY_SV_POWER",2000,2000,"absolute","K1","tangency_local_outer_nonempty",252,254,0.992125984251969,0.00554580625551822,0.97175006229649,0.997837998302612
"ED1_002_TANGENCY_SV_POWER_n2000_depth8_refined","diagnostic","depth8_refined","TANGENCY_SV_POWER",2000,2000,"absolute","K1","tangency_truncated_local_outer_nonempty",252,254,0.992125984251969,0.00554580625551822,0.97175006229649,0.997837998302612
"ED1_002_TANGENCY_SV_POWER_n2000_depth8_refined","diagnostic","depth8_refined","TANGENCY_SV_POWER",2000,2000,"absolute","K1","tangency_truncated_local_touches_left_boundary",235,254,0.925196850393701,0.0165066961377188,0.886132515721365,0.951591568636259
"ED1_002_TANGENCY_SV_POWER_n2000_depth8_refined","diagnostic","depth8_refined","TANGENCY_SV_POWER",2000,2000,"absolute","K1","tangency_truncated_local_touches_right_boundary",240,254,0.94488188976378,0.0143192101792767,0.909620805893771,0.966886800887817
"ED1_002_TANGENCY_SV_POWER_n2000_depth8_refined","diagnostic","depth8_refined","TANGENCY_SV_POWER",2000,2000,"absolute","K1","tangency_truncated_local_censored_by_window",242,254,0.952755905511811,0.0133121355481043,0.919250194307301,0.972770821443873
"ED1_002_TANGENCY_SV_POWER_n2000_depth8_refined","diagnostic","depth8_refined","TANGENCY_SV_POWER",2000,2000,"absolute","K1","tangency_global_geometry_applicable",254,254,1,0,0.985101469568688,1
"ED1_002_TANGENCY_SV_POWER_n2000_depth8_refined","diagnostic","depth8_refined","TANGENCY_SV_POWER",2000,2000,"absolute","K1","tangency_global_geometry_conditioned_on_continuum_band_coverage",240,254,0.94488188976378,0.0143192101792767,0.909620805893771,0.966886800887817
"ED1_002_TANGENCY_SV_POWER_n2000_depth8_refined","diagnostic","depth8_refined","TANGENCY_SV_POWER",2000,2000,"absolute","K1","tangency_global_outer_nonempty_conditional_on_continuum_band_coverage",240,240,1,0,0.984246080058441,1
"ED1_002_TANGENCY_SV_POWER_n2000_depth8_refined","diagnostic","depth8_refined","TANGENCY_SV_POWER",2000,2000,"absolute","K1","tangency_global_outer_contains_root_conditional_on_continuum_band_coverage",240,240,1,0,0.984246080058441,1
"ED1_002_TANGENCY_SV_POWER_n2000_depth8_refined","diagnostic","depth8_refined","TANGENCY_SV_POWER",2000,2000,"absolute","K1","tangency_global_outer_touches_K_left_conditional_on_continuum_band_coverage",157,240,0.654166666666667,0.0307023776826872,0.591988882058146,0.711486992626539
"ED1_002_TANGENCY_SV_POWER_n2000_depth8_refined","diagnostic","depth8_refined","TANGENCY_SV_POWER",2000,2000,"absolute","K1","tangency_global_outer_touches_K_right_conditional_on_continuum_band_coverage",0,240,0,0,1.73472347597681e-18,0.0157539199415588
"ED1_002_TANGENCY_SV_POWER_n2000_depth8_refined","diagnostic","depth8_refined","TANGENCY_SV_POWER",2000,2000,"absolute","K1","tangency_global_outer_touches_K_boundary_conditional_on_continuum_band_coverage",157,240,0.654166666666667,0.0307023776826872,0.591988882058146,0.711486992626539
"ED1_002_TANGENCY_SV_POWER_n2000_depth8_refined","diagnostic","depth8_refined","TANGENCY_SV_POWER",2000,2000,"absolute","K1","tangency_global_root_component_present_conditional_on_continuum_band_coverage",240,240,1,0,0.984246080058441,1
"ED1_002_TANGENCY_SV_POWER_n2000_depth8_refined","diagnostic","depth8_refined","TANGENCY_SV_POWER",2000,2000,"absolute","K1","tangency_global_root_component_touches_K_left_conditional_on_continuum_band_coverage",157,240,0.654166666666667,0.0307023776826872,0.591988882058146,0.711486992626539
"ED1_002_TANGENCY_SV_POWER_n2000_depth8_refined","diagnostic","depth8_refined","TANGENCY_SV_POWER",2000,2000,"absolute","K1","tangency_global_root_component_touches_K_right_conditional_on_continuum_band_coverage",0,240,0,0,1.73472347597681e-18,0.0157539199415588
"ED1_002_TANGENCY_SV_POWER_n2000_depth8_refined","diagnostic","depth8_refined","TANGENCY_SV_POWER",2000,2000,"absolute","K1","tangency_global_root_component_touches_K_boundary_conditional_on_continuum_band_coverage",157,240,0.654166666666667,0.0307023776826872,0.591988882058146,0.711486992626539
"ED1_002_TANGENCY_SV_POWER_n2000_depth8_refined","diagnostic","depth8_refined","TANGENCY_SV_POWER",2000,2000,"absolute","K1","root_isolation_applicable",0,254,0,0,0,0.0148985304313125
"ED1_002_TANGENCY_SV_POWER_n2000_depth8_refined","diagnostic","depth8_refined","TANGENCY_SV_POWER",2000,2000,"absolute","K1","root_isolation_success",0,0,,,,
"ED1_002_TANGENCY_SV_POWER_n2000_depth8_refined","diagnostic","depth8_refined","TANGENCY_SV_POWER",2000,2000,"absolute","K1","root_isolation_limit_hit",0,0,,,,
"ED1_002_TANGENCY_SV_POWER_n2000_depth8_refined","diagnostic","depth8_refined","TANGENCY_SV_POWER",2000,2000,"absolute","K1","root_isolation_all_tolerances_met",0,0,,,,
"ED1_002_TANGENCY_SV_POWER_n2000_depth8_refined","diagnostic","depth8_refined","TANGENCY_SV_POWER",2000,2000,"absolute","K1","wald_reported",0,0,,,,
"ED1_002_TANGENCY_SV_POWER_n2000_depth8_refined","diagnostic","depth8_refined","TANGENCY_SV_POWER",2000,2000,"absolute","K1","wald_conditional_cover",0,0,,,,
"ED1_002_TANGENCY_SV_POWER_n2000_depth8_refined","diagnostic","depth8_refined","TANGENCY_SV_POWER",2000,2000,"absolute","K1","wald_formal_unconditional_cover",0,0,,,,
"ED1_002_TANGENCY_SV_POWER_n2000_depth8_refined","diagnostic","depth8_refined","TANGENCY_SV_POWER",2000,2000,"absolute","K1","wald_report_and_cover",0,0,,,,
"ED1_002_TANGENCY_SV_POWER_n2000_depth8_refined","diagnostic","depth8_refined","TANGENCY_SV_POWER",2000,2000,"absolute","K1","root_multiplier_applicable",0,254,0,0,0,0.0148985304313125
"ED1_002_TANGENCY_SV_POWER_n2000_depth8_refined","diagnostic","depth8_refined","TANGENCY_SV_POWER",2000,2000,"absolute","K1","root_multiplier_reported",0,0,,,,
"ED1_002_TANGENCY_SV_POWER_n2000_depth8_refined","diagnostic","depth8_refined","TANGENCY_SV_POWER",2000,2000,"absolute","K1","root_multiplier_conditional_cover",0,0,,,,
"ED1_002_TANGENCY_SV_POWER_n2000_depth8_refined","diagnostic","depth8_refined","TANGENCY_SV_POWER",2000,2000,"absolute","K1","root_multiplier_formal_unconditional_cover",0,0,,,,
"ED1_002_TANGENCY_SV_POWER_n2000_depth8_refined","diagnostic","depth8_refined","TANGENCY_SV_POWER",2000,2000,"absolute","K1","root_multiplier_report_and_cover",0,0,,,,
"ED1_002_TANGENCY_SV_POWER_n2000_depth8_refined","diagnostic","depth8_refined","TANGENCY_SV_POWER",2000,2000,"absolute","K1","derivative_assisted_requested",0,254,0,0,0,0.0148985304313125
"ED1_002_TANGENCY_SV_POWER_n2000_depth8_refined","diagnostic","depth8_refined","TANGENCY_SV_POWER",2000,2000,"absolute","K1","derivative_assisted_implemented",254,254,1,0,0.985101469568688,1
"ED1_002_TANGENCY_SV_POWER_n2000_depth8_refined","diagnostic","depth8_refined","TANGENCY_SV_POWER",2000,2000,"absolute","K1","derivative_assisted_applicable",0,254,0,0,0,0.0148985304313125
"ED1_002_TANGENCY_SV_POWER_n2000_depth8_refined","diagnostic","depth8_refined","TANGENCY_SV_POWER",2000,2000,"absolute","K1","derivative_assisted_reported",0,0,,,,
"ED1_002_TANGENCY_SV_POWER_n2000_depth8_refined","diagnostic","depth8_refined","TANGENCY_SV_POWER",2000,2000,"absolute","K1","derivative_assisted_failure",0,0,,,,
"ED1_002_TANGENCY_SV_POWER_n2000_depth8_refined","diagnostic","depth8_refined","TANGENCY_SV_POWER",2000,2000,"absolute","K1","derivative_assisted_same_multiplier_seed",0,0,,,,
"ED1_002_TANGENCY_SV_POWER_n2000_depth8_refined","diagnostic","depth8_refined","TANGENCY_SV_POWER",2000,2000,"absolute","K1","derivative_assisted_guard_failed",0,0,,,,
"ED1_002_TANGENCY_SV_POWER_n2000_depth8_refined","diagnostic","depth8_refined","TANGENCY_SV_POWER",2000,2000,"absolute","K1","derivative_assisted_enclosure_limit_hit",0,0,,,,
"ED1_002_TANGENCY_SV_POWER_n2000_depth8_refined","diagnostic","depth8_refined","TANGENCY_SV_POWER",2000,2000,"absolute","K1","derivative_assisted_derivative_positive_throughout_K",0,0,,,,
"ED1_002_TANGENCY_SV_POWER_n2000_depth8_refined","diagnostic","depth8_refined","TANGENCY_SV_POWER",2000,2000,"absolute","K1","derivative_assisted_derivative_negative_throughout_K",0,0,,,,
"ED1_002_TANGENCY_SV_POWER_n2000_depth8_refined","diagnostic","depth8_refined","TANGENCY_SV_POWER",2000,2000,"absolute","K1","derivative_assisted_exact_root_certified",0,0,,,,
"ED1_002_TANGENCY_SV_POWER_n2000_depth8_refined","diagnostic","depth8_refined","TANGENCY_SV_POWER",2000,2000,"absolute","K1","derivative_assisted_local_exact_root_certified",0,0,,,,
"ED1_002_TANGENCY_SV_POWER_n2000_depth8_refined","diagnostic","depth8_refined","TANGENCY_SV_POWER",2000,2000,"absolute","K1","derivative_assisted_exact_root_on_K_certified",0,0,,,,
"ED1_002_TANGENCY_SV_POWER_n2000_depth8_refined","diagnostic","depth8_refined","TANGENCY_SV_POWER",2000,2000,"absolute","K1","derivative_assisted_exact_root_on_K_statement_true",0,0,,,,
"ED1_002_TANGENCY_SV_POWER_n2000_depth8_refined","diagnostic","depth8_refined","TANGENCY_SV_POWER",2000,2000,"absolute","K1","derivative_assisted_false_exact_root_on_K_report",0,0,,,,
"ED1_002_TANGENCY_SV_POWER_n2000_depth8_refined","diagnostic","depth8_refined","TANGENCY_SV_POWER",2000,2000,"absolute","K1","derivative_assisted_certificate_reported",0,0,,,,
"ED1_002_TANGENCY_SV_POWER_n2000_depth8_refined","diagnostic","depth8_refined","TANGENCY_SV_POWER",2000,2000,"absolute","K1","derivative_assisted_certificate_statement_true",0,0,,,,
"ED1_002_TANGENCY_SV_POWER_n2000_depth8_refined","diagnostic","depth8_refined","TANGENCY_SV_POWER",2000,2000,"absolute","K1","derivative_assisted_false_exact_root_report",0,0,,,,
"ED1_002_TANGENCY_SV_POWER_n2000_depth8_refined","diagnostic","depth8_refined","TANGENCY_SV_POWER",2000,2000,"absolute","K1","derivative_assisted_value_grid_coverage",0,0,,,,
"ED1_002_TANGENCY_SV_POWER_n2000_depth8_refined","diagnostic","depth8_refined","TANGENCY_SV_POWER",2000,2000,"absolute","K1","derivative_assisted_derivative_grid_coverage",0,0,,,,
"ED1_002_TANGENCY_SV_POWER_n2000_depth8_refined","diagnostic","depth8_refined","TANGENCY_SV_POWER",2000,2000,"absolute","K1","derivative_assisted_joint_grid_coverage",0,0,,,,
"ED1_002_TANGENCY_SV_POWER_n2000_depth8_refined","diagnostic","depth8_refined","TANGENCY_SV_POWER",2000,2000,"absolute","K1","pointwise_grid_curve_coverage",0,0,,,,
"ED1_002_TANGENCY_SV_POWER_n2000_depth8_refined","diagnostic","depth8_refined","TANGENCY_SV_POWER",2000,2000,"absolute","K1","pointwise_root_coverage",0,0,,,,
"ED1_002_TANGENCY_SV_POWER_n2000_depth8_refined","diagnostic","depth8_refined","TANGENCY_SV_POWER",2000,2000,"absolute","K1","pointwise_false_sign_report",0,0,,,,
"ED1_002_TANGENCY_SV_POWER_n2000_depth8_refined","diagnostic","depth8_refined","TANGENCY_SV_POWER",2000,2000,"absolute","K1","pointwise_reversal_report",0,0,,,,
"ED1_002_TANGENCY_SV_POWER_n2000_depth8_refined","diagnostic","depth8_refined","TANGENCY_SV_POWER",2000,2000,"absolute","K1","pointwise_no_root_report",0,0,,,,
"ED1_002_TANGENCY_SV_POWER_n2000_depth8_refined","diagnostic","depth8_refined","TANGENCY_SV_POWER",2000,2000,"absolute","K1","any_primary_false_report",10,254,0.0393700787401575,0.01220237417846,0.0215232688001508,0.0709423064790899
"ED1_002_TANGENCY_SV_POWER_n2000_depth8_refined","diagnostic","depth8_refined","TANGENCY_SV_POWER",2000,2000,"absolute","K1","joint_band_covers_truth_on_grid",241,254,0.948818897637795,0.0138270528403126,0.914415573030546,0.969848738235835
"ED1_002_TANGENCY_SV_POWER_n2000_depth8_refined","diagnostic","depth8_refined","TANGENCY_SV_POWER",2000,2000,"absolute","K1","joint_band_covers_truth_on_audit_grid",241,254,0.948818897637795,0.0138270528403126,0.914415573030546,0.969848738235835
"ED1_002_TANGENCY_SV_POWER_n2000_depth8_refined","diagnostic","depth8_refined","TANGENCY_SV_POWER",2000,2000,"absolute","K1","joint_continuum_band_covers_truth",240,254,0.94488188976378,0.0143192101792767,0.909620805893771,0.966886800887817
"ED1_002_TANGENCY_SV_POWER_n2000_depth8_refined","diagnostic","depth8_refined","TANGENCY_SV_POWER",2000,2000,"absolute","K1","joint_any_primary_false_report",10,254,0.0393700787401575,0.01220237417846,0.0215232688001508,0.0709423064790899
"ED1_002_TANGENCY_SV_POWER_n2000_depth8_refined","diagnostic","depth8_refined","TANGENCY_SV_POWER",2000,2000,"absolute","K1","joint_pointwise_grid_curve_coverage",0,0,,,,
"ED1_002_TANGENCY_SV_POWER_n2000_depth8_refined","diagnostic","depth8_refined","TANGENCY_SV_POWER",2000,2000,"absolute","K1","joint_derivative_assisted_grid_coverage",0,0,,,,
"ED1_002_TANGENCY_SV_POWER_n2000_depth8_refined","diagnostic","depth8_refined","TANGENCY_SV_POWER",2000,2000,"absolute","K1","joint_derivative_assisted_false_exact_root_report",0,0,,,,
"ED1_002_TANGENCY_SV_POWER_n2000_depth8_refined","diagnostic","depth8_refined","TANGENCY_SV_POWER",2000,2000,"absolute","K1","across_interval_joint_band_covers_truth_on_grid",241,254,0.948818897637795,0.0138270528403126,0.914415573030546,0.969848738235835
"ED1_002_TANGENCY_SV_POWER_n2000_depth8_refined","diagnostic","depth8_refined","TANGENCY_SV_POWER",2000,2000,"absolute","K1","across_interval_joint_band_covers_truth_on_audit_grid",241,254,0.948818897637795,0.0138270528403126,0.914415573030546,0.969848738235835
"ED1_002_TANGENCY_SV_POWER_n2000_depth8_refined","diagnostic","depth8_refined","TANGENCY_SV_POWER",2000,2000,"absolute","K1","across_interval_joint_continuum_band_covers_truth",240,254,0.94488188976378,0.0143192101792767,0.909620805893771,0.966886800887817
"ED1_002_TANGENCY_SV_POWER_n2000_depth8_refined","diagnostic","depth8_refined","TANGENCY_SV_POWER",2000,2000,"absolute","K1","across_interval_joint_any_primary_false_report",10,254,0.0393700787401575,0.01220237417846,0.0215232688001508,0.0709423064790899
"ED1_003_TANGENCY_SV_POWER_n4000_depth6_reference","diagnostic","depth6_reference","TANGENCY_SV_POWER",4000,4000,"absolute","K1","band_covers_truth_on_grid",243,254,0.956692913385827,0.0127717057578547,0.924129107809858,0.975648612426109
"ED1_003_TANGENCY_SV_POWER_n4000_depth6_reference","diagnostic","depth6_reference","TANGENCY_SV_POWER",4000,4000,"absolute","K1","band_covers_truth_on_audit_grid",243,254,0.956692913385827,0.0127717057578547,0.924129107809858,0.975648612426109
"ED1_003_TANGENCY_SV_POWER_n4000_depth6_reference","diagnostic","depth6_reference","TANGENCY_SV_POWER",4000,4000,"absolute","K1","continuum_band_covers_truth",243,254,0.956692913385827,0.0127717057578547,0.924129107809858,0.975648612426109
"ED1_003_TANGENCY_SV_POWER_n4000_depth6_reference","diagnostic","depth6_reference","TANGENCY_SV_POWER",4000,4000,"absolute","K1","guard_failed",0,254,0,0,0,0.0148985304313125
"ED1_003_TANGENCY_SV_POWER_n4000_depth6_reference","diagnostic","depth6_reference","TANGENCY_SV_POWER",4000,4000,"absolute","K1","roundoff_inflation_requested",254,254,1,0,0.985101469568688,1
"ED1_003_TANGENCY_SV_POWER_n4000_depth6_reference","diagnostic","depth6_reference","TANGENCY_SV_POWER",4000,4000,"absolute","K1","roundoff_inflation_margin_applied",254,254,1,0,0.985101469568688,1
"ED1_003_TANGENCY_SV_POWER_n4000_depth6_reference","diagnostic","depth6_reference","TANGENCY_SV_POWER",4000,4000,"absolute","K1","continuum_truth_limit_hit",0,254,0,0,0,0.0148985304313125
"ED1_003_TANGENCY_SV_POWER_n4000_depth6_reference","diagnostic","depth6_reference","TANGENCY_SV_POWER",4000,4000,"absolute","K1","continuum_truth_endpoint_violation",11,254,0.0433070866141732,0.0127717057578547,0.0243513875738913,0.0758708921901421
"ED1_003_TANGENCY_SV_POWER_n4000_depth6_reference","diagnostic","depth6_reference","TANGENCY_SV_POWER",4000,4000,"absolute","K1","enclosure_limit_hit",111,254,0.437007874015748,0.0311228194419414,0.377395592990972,0.498497135252343
"ED1_003_TANGENCY_SV_POWER_n4000_depth6_reference","diagnostic","depth6_reference","TANGENCY_SV_POWER",4000,4000,"absolute","K1","enclosure_depth_limit_hit",111,254,0.437007874015748,0.0311228194419414,0.377395592990972,0.498497135252343
"ED1_003_TANGENCY_SV_POWER_n4000_depth6_reference","diagnostic","depth6_reference","TANGENCY_SV_POWER",4000,4000,"absolute","K1","enclosure_node_limit_hit",0,254,0,0,0,0.0148985304313125
"ED1_003_TANGENCY_SV_POWER_n4000_depth6_reference","diagnostic","depth6_reference","TANGENCY_SV_POWER",4000,4000,"absolute","K1","enclosure_variance_limit_hit",0,254,0,0,0,0.0148985304313125
"ED1_003_TANGENCY_SV_POWER_n4000_depth6_reference","diagnostic","depth6_reference","TANGENCY_SV_POWER",4000,4000,"absolute","K1","enclosure_statistical_limit_hit",111,254,0.437007874015748,0.0311228194419414,0.377395592990972,0.498497135252343
"ED1_003_TANGENCY_SV_POWER_n4000_depth6_reference","diagnostic","depth6_reference","TANGENCY_SV_POWER",4000,4000,"absolute","K1","continuum_no_root_certified",2,254,0.0078740157480315,0.00554580625551822,0.00216200169738765,0.0282499377035105
"ED1_003_TANGENCY_SV_POWER_n4000_depth6_reference","diagnostic","depth6_reference","TANGENCY_SV_POWER",4000,4000,"absolute","K1","grid_only_no_root",0,0,,,,
"ED1_003_TANGENCY_SV_POWER_n4000_depth6_reference","diagnostic","depth6_reference","TANGENCY_SV_POWER",4000,4000,"absolute","K1","grid_continuum_no_root_disagreement",0,0,,,,
"ED1_003_TANGENCY_SV_POWER_n4000_depth6_reference","diagnostic","depth6_reference","TANGENCY_SV_POWER",4000,4000,"absolute","K1","reversal_certified",4,254,0.015748031496063,0.00781176958791875,0.0061407018670732,0.0397846465034106
"ED1_003_TANGENCY_SV_POWER_n4000_depth6_reference","diagnostic","depth6_reference","TANGENCY_SV_POWER",4000,4000,"absolute","K1","grid_only_reversal_certified",0,0,,,,
"ED1_003_TANGENCY_SV_POWER_n4000_depth6_reference","diagnostic","depth6_reference","TANGENCY_SV_POWER",4000,4000,"absolute","K1","direction_correct",0,4,0,0,0,0.489890836454597
"ED1_003_TANGENCY_SV_POWER_n4000_depth6_reference","diagnostic","depth6_reference","TANGENCY_SV_POWER",4000,4000,"absolute","K1","false_direction_report",4,254,0.015748031496063,0.00781176958791875,0.0061407018670732,0.0397846465034106
"ED1_003_TANGENCY_SV_POWER_n4000_depth6_reference","diagnostic","depth6_reference","TANGENCY_SV_POWER",4000,4000,"absolute","K1","false_sign_report",6,254,0.0236220472440945,0.00952907819324417,0.0108701341887398,0.0505686231513296
"ED1_003_TANGENCY_SV_POWER_n4000_depth6_reference","diagnostic","depth6_reference","TANGENCY_SV_POWER",4000,4000,"absolute","K1","false_reversal_report",4,254,0.015748031496063,0.00781176958791875,0.0061407018670732,0.0397846465034106
"ED1_003_TANGENCY_SV_POWER_n4000_depth6_reference","diagnostic","depth6_reference","TANGENCY_SV_POWER",4000,4000,"absolute","K1","false_no_root_report",2,254,0.0078740157480315,0.00554580625551822,0.00216200169738765,0.0282499377035105
"ED1_003_TANGENCY_SV_POWER_n4000_depth6_reference","diagnostic","depth6_reference","TANGENCY_SV_POWER",4000,4000,"absolute","K1","budget_rejected",0,254,0,0,0,0.0148985304313125
"ED1_003_TANGENCY_SV_POWER_n4000_depth6_reference","diagnostic","depth6_reference","TANGENCY_SV_POWER",4000,4000,"absolute","K1","false_budget_rejection",0,254,0,0,0,0.0148985304313125
"ED1_003_TANGENCY_SV_POWER_n4000_depth6_reference","diagnostic","depth6_reference","TANGENCY_SV_POWER",4000,4000,"absolute","K1","zero_budget_diagnostic_applicable",0,254,0,0,0,0.0148985304313125
"ED1_003_TANGENCY_SV_POWER_n4000_depth6_reference","diagnostic","depth6_reference","TANGENCY_SV_POWER",4000,4000,"absolute","K1","zero_budget_rejected",4,254,0.015748031496063,0.00781176958791875,0.0061407018670732,0.0397846465034106
"ED1_003_TANGENCY_SV_POWER_n4000_depth6_reference","diagnostic","depth6_reference","TANGENCY_SV_POWER",4000,4000,"absolute","K1","exact_count_certified",0,254,0,0,0,0.0148985304313125
"ED1_003_TANGENCY_SV_POWER_n4000_depth6_reference","diagnostic","depth6_reference","TANGENCY_SV_POWER",4000,4000,"absolute","K1","simplicity_certified",0,254,0,0,0,0.0148985304313125
"ED1_003_TANGENCY_SV_POWER_n4000_depth6_reference","diagnostic","depth6_reference","TANGENCY_SV_POWER",4000,4000,"absolute","K1","exact_count_statement_true",0,254,0,0,0,0.0148985304313125
"ED1_003_TANGENCY_SV_POWER_n4000_depth6_reference","diagnostic","depth6_reference","TANGENCY_SV_POWER",4000,4000,"absolute","K1","false_exact_count_report",0,254,0,0,0,0.0148985304313125
"ED1_003_TANGENCY_SV_POWER_n4000_depth6_reference","diagnostic","depth6_reference","TANGENCY_SV_POWER",4000,4000,"absolute","K1","bracket_covers_root",4,4,1,0,0.510109163545403,1
"ED1_003_TANGENCY_SV_POWER_n4000_depth6_reference","diagnostic","depth6_reference","TANGENCY_SV_POWER",4000,4000,"absolute","K1","brackets_cover_all_distinct_roots",4,4,1,0,0.510109163545403,1
"ED1_003_TANGENCY_SV_POWER_n4000_depth6_reference","diagnostic","depth6_reference","TANGENCY_SV_POWER",4000,4000,"absolute","K1","false_bracket_report",0,254,0,0,0,0.0148985304313125
"ED1_003_TANGENCY_SV_POWER_n4000_depth6_reference","diagnostic","depth6_reference","TANGENCY_SV_POWER",4000,4000,"absolute","K1","outer_band_contains_root",248,254,0.976377952755906,0.00952907819324417,0.949431376848671,0.98912986581126
"ED1_003_TANGENCY_SV_POWER_n4000_depth6_reference","diagnostic","depth6_reference","TANGENCY_SV_POWER",4000,4000,"absolute","K1","outer_set_covers_truth",248,254,0.976377952755906,0.00952907819324417,0.949431376848671,0.98912986581126
"ED1_003_TANGENCY_SV_POWER_n4000_depth6_reference","diagnostic","depth6_reference","TANGENCY_SV_POWER",4000,4000,"absolute","K1","numerical_outer_contains_root",248,254,0.976377952755906,0.00952907819324417,0.949431376848671,0.98912986581126
"ED1_003_TANGENCY_SV_POWER_n4000_depth6_reference","diagnostic","depth6_reference","TANGENCY_SV_POWER",4000,4000,"absolute","K1","numerical_outer_contains_all_roots",248,254,0.976377952755906,0.00952907819324417,0.949431376848671,0.98912986581126
"ED1_003_TANGENCY_SV_POWER_n4000_depth6_reference","diagnostic","depth6_reference","TANGENCY_SV_POWER",4000,4000,"absolute","K1","false_outer_report",6,254,0.0236220472440945,0.00952907819324417,0.0108701341887398,0.0505686231513296
"ED1_003_TANGENCY_SV_POWER_n4000_depth6_reference","diagnostic","depth6_reference","TANGENCY_SV_POWER",4000,4000,"absolute","K1","tangency_localization_applicable",254,254,1,0,0.985101469568688,1
"ED1_003_TANGENCY_SV_POWER_n4000_depth6_reference","diagnostic","depth6_reference","TANGENCY_SV_POWER",4000,4000,"absolute","K1","tangency_local_outer_nonempty",252,254,0.992125984251969,0.00554580625551822,0.97175006229649,0.997837998302612
"ED1_003_TANGENCY_SV_POWER_n4000_depth6_reference","diagnostic","depth6_reference","TANGENCY_SV_POWER",4000,4000,"absolute","K1","tangency_truncated_local_outer_nonempty",252,254,0.992125984251969,0.00554580625551822,0.97175006229649,0.997837998302612
"ED1_003_TANGENCY_SV_POWER_n4000_depth6_reference","diagnostic","depth6_reference","TANGENCY_SV_POWER",4000,4000,"absolute","K1","tangency_truncated_local_touches_left_boundary",203,254,0.799212598425197,0.0251352108129764,0.745656231358302,0.843853309485952
"ED1_003_TANGENCY_SV_POWER_n4000_depth6_reference","diagnostic","depth6_reference","TANGENCY_SV_POWER",4000,4000,"absolute","K1","tangency_truncated_local_touches_right_boundary",224,254,0.881889763779528,0.0202504212380039,0.83639808793015,0.916002247094754
"ED1_003_TANGENCY_SV_POWER_n4000_depth6_reference","diagnostic","depth6_reference","TANGENCY_SV_POWER",4000,4000,"absolute","K1","tangency_truncated_local_censored_by_window",225,254,0.885826771653543,0.0199544463771393,0.840837654129916,0.91931938537978
"ED1_003_TANGENCY_SV_POWER_n4000_depth6_reference","diagnostic","depth6_reference","TANGENCY_SV_POWER",4000,4000,"absolute","K1","tangency_global_geometry_applicable",254,254,1,0,0.985101469568688,1
"ED1_003_TANGENCY_SV_POWER_n4000_depth6_reference","diagnostic","depth6_reference","TANGENCY_SV_POWER",4000,4000,"absolute","K1","tangency_global_geometry_conditioned_on_continuum_band_coverage",243,254,0.956692913385827,0.0127717057578547,0.924129107809858,0.975648612426109
"ED1_003_TANGENCY_SV_POWER_n4000_depth6_reference","diagnostic","depth6_reference","TANGENCY_SV_POWER",4000,4000,"absolute","K1","tangency_global_outer_nonempty_conditional_on_continuum_band_coverage",243,243,1,0,0.984437546111391,1
"ED1_003_TANGENCY_SV_POWER_n4000_depth6_reference","diagnostic","depth6_reference","TANGENCY_SV_POWER",4000,4000,"absolute","K1","tangency_global_outer_contains_root_conditional_on_continuum_band_coverage",243,243,1,0,0.984437546111391,1
"ED1_003_TANGENCY_SV_POWER_n4000_depth6_reference","diagnostic","depth6_reference","TANGENCY_SV_POWER",4000,4000,"absolute","K1","tangency_global_outer_touches_K_left_conditional_on_continuum_band_coverage",100,243,0.411522633744856,0.031568838861771,0.35149367375696,0.474305443597815
"ED1_003_TANGENCY_SV_POWER_n4000_depth6_reference","diagnostic","depth6_reference","TANGENCY_SV_POWER",4000,4000,"absolute","K1","tangency_global_outer_touches_K_right_conditional_on_continuum_band_coverage",0,243,0,0,1.73472347597681e-18,0.0155624538886094
"ED1_003_TANGENCY_SV_POWER_n4000_depth6_reference","diagnostic","depth6_reference","TANGENCY_SV_POWER",4000,4000,"absolute","K1","tangency_global_outer_touches_K_boundary_conditional_on_continuum_band_coverage",100,243,0.411522633744856,0.031568838861771,0.35149367375696,0.474305443597815
"ED1_003_TANGENCY_SV_POWER_n4000_depth6_reference","diagnostic","depth6_reference","TANGENCY_SV_POWER",4000,4000,"absolute","K1","tangency_global_root_component_present_conditional_on_continuum_band_coverage",243,243,1,0,0.984437546111391,1
"ED1_003_TANGENCY_SV_POWER_n4000_depth6_reference","diagnostic","depth6_reference","TANGENCY_SV_POWER",4000,4000,"absolute","K1","tangency_global_root_component_touches_K_left_conditional_on_continuum_band_coverage",100,243,0.411522633744856,0.031568838861771,0.35149367375696,0.474305443597815
"ED1_003_TANGENCY_SV_POWER_n4000_depth6_reference","diagnostic","depth6_reference","TANGENCY_SV_POWER",4000,4000,"absolute","K1","tangency_global_root_component_touches_K_right_conditional_on_continuum_band_coverage",0,243,0,0,1.73472347597681e-18,0.0155624538886094
"ED1_003_TANGENCY_SV_POWER_n4000_depth6_reference","diagnostic","depth6_reference","TANGENCY_SV_POWER",4000,4000,"absolute","K1","tangency_global_root_component_touches_K_boundary_conditional_on_continuum_band_coverage",100,243,0.411522633744856,0.031568838861771,0.35149367375696,0.474305443597815
"ED1_003_TANGENCY_SV_POWER_n4000_depth6_reference","diagnostic","depth6_reference","TANGENCY_SV_POWER",4000,4000,"absolute","K1","root_isolation_applicable",0,254,0,0,0,0.0148985304313125
"ED1_003_TANGENCY_SV_POWER_n4000_depth6_reference","diagnostic","depth6_reference","TANGENCY_SV_POWER",4000,4000,"absolute","K1","root_isolation_success",0,0,,,,
"ED1_003_TANGENCY_SV_POWER_n4000_depth6_reference","diagnostic","depth6_reference","TANGENCY_SV_POWER",4000,4000,"absolute","K1","root_isolation_limit_hit",0,0,,,,
"ED1_003_TANGENCY_SV_POWER_n4000_depth6_reference","diagnostic","depth6_reference","TANGENCY_SV_POWER",4000,4000,"absolute","K1","root_isolation_all_tolerances_met",0,0,,,,
"ED1_003_TANGENCY_SV_POWER_n4000_depth6_reference","diagnostic","depth6_reference","TANGENCY_SV_POWER",4000,4000,"absolute","K1","wald_reported",0,0,,,,
"ED1_003_TANGENCY_SV_POWER_n4000_depth6_reference","diagnostic","depth6_reference","TANGENCY_SV_POWER",4000,4000,"absolute","K1","wald_conditional_cover",0,0,,,,
"ED1_003_TANGENCY_SV_POWER_n4000_depth6_reference","diagnostic","depth6_reference","TANGENCY_SV_POWER",4000,4000,"absolute","K1","wald_formal_unconditional_cover",0,0,,,,
"ED1_003_TANGENCY_SV_POWER_n4000_depth6_reference","diagnostic","depth6_reference","TANGENCY_SV_POWER",4000,4000,"absolute","K1","wald_report_and_cover",0,0,,,,
"ED1_003_TANGENCY_SV_POWER_n4000_depth6_reference","diagnostic","depth6_reference","TANGENCY_SV_POWER",4000,4000,"absolute","K1","root_multiplier_applicable",0,254,0,0,0,0.0148985304313125
"ED1_003_TANGENCY_SV_POWER_n4000_depth6_reference","diagnostic","depth6_reference","TANGENCY_SV_POWER",4000,4000,"absolute","K1","root_multiplier_reported",0,0,,,,
"ED1_003_TANGENCY_SV_POWER_n4000_depth6_reference","diagnostic","depth6_reference","TANGENCY_SV_POWER",4000,4000,"absolute","K1","root_multiplier_conditional_cover",0,0,,,,
"ED1_003_TANGENCY_SV_POWER_n4000_depth6_reference","diagnostic","depth6_reference","TANGENCY_SV_POWER",4000,4000,"absolute","K1","root_multiplier_formal_unconditional_cover",0,0,,,,
"ED1_003_TANGENCY_SV_POWER_n4000_depth6_reference","diagnostic","depth6_reference","TANGENCY_SV_POWER",4000,4000,"absolute","K1","root_multiplier_report_and_cover",0,0,,,,
"ED1_003_TANGENCY_SV_POWER_n4000_depth6_reference","diagnostic","depth6_reference","TANGENCY_SV_POWER",4000,4000,"absolute","K1","derivative_assisted_requested",0,254,0,0,0,0.0148985304313125
"ED1_003_TANGENCY_SV_POWER_n4000_depth6_reference","diagnostic","depth6_reference","TANGENCY_SV_POWER",4000,4000,"absolute","K1","derivative_assisted_implemented",254,254,1,0,0.985101469568688,1
"ED1_003_TANGENCY_SV_POWER_n4000_depth6_reference","diagnostic","depth6_reference","TANGENCY_SV_POWER",4000,4000,"absolute","K1","derivative_assisted_applicable",0,254,0,0,0,0.0148985304313125
"ED1_003_TANGENCY_SV_POWER_n4000_depth6_reference","diagnostic","depth6_reference","TANGENCY_SV_POWER",4000,4000,"absolute","K1","derivative_assisted_reported",0,0,,,,
"ED1_003_TANGENCY_SV_POWER_n4000_depth6_reference","diagnostic","depth6_reference","TANGENCY_SV_POWER",4000,4000,"absolute","K1","derivative_assisted_failure",0,0,,,,
"ED1_003_TANGENCY_SV_POWER_n4000_depth6_reference","diagnostic","depth6_reference","TANGENCY_SV_POWER",4000,4000,"absolute","K1","derivative_assisted_same_multiplier_seed",0,0,,,,
"ED1_003_TANGENCY_SV_POWER_n4000_depth6_reference","diagnostic","depth6_reference","TANGENCY_SV_POWER",4000,4000,"absolute","K1","derivative_assisted_guard_failed",0,0,,,,
"ED1_003_TANGENCY_SV_POWER_n4000_depth6_reference","diagnostic","depth6_reference","TANGENCY_SV_POWER",4000,4000,"absolute","K1","derivative_assisted_enclosure_limit_hit",0,0,,,,
"ED1_003_TANGENCY_SV_POWER_n4000_depth6_reference","diagnostic","depth6_reference","TANGENCY_SV_POWER",4000,4000,"absolute","K1","derivative_assisted_derivative_positive_throughout_K",0,0,,,,
"ED1_003_TANGENCY_SV_POWER_n4000_depth6_reference","diagnostic","depth6_reference","TANGENCY_SV_POWER",4000,4000,"absolute","K1","derivative_assisted_derivative_negative_throughout_K",0,0,,,,
"ED1_003_TANGENCY_SV_POWER_n4000_depth6_reference","diagnostic","depth6_reference","TANGENCY_SV_POWER",4000,4000,"absolute","K1","derivative_assisted_exact_root_certified",0,0,,,,
"ED1_003_TANGENCY_SV_POWER_n4000_depth6_reference","diagnostic","depth6_reference","TANGENCY_SV_POWER",4000,4000,"absolute","K1","derivative_assisted_local_exact_root_certified",0,0,,,,
"ED1_003_TANGENCY_SV_POWER_n4000_depth6_reference","diagnostic","depth6_reference","TANGENCY_SV_POWER",4000,4000,"absolute","K1","derivative_assisted_exact_root_on_K_certified",0,0,,,,
"ED1_003_TANGENCY_SV_POWER_n4000_depth6_reference","diagnostic","depth6_reference","TANGENCY_SV_POWER",4000,4000,"absolute","K1","derivative_assisted_exact_root_on_K_statement_true",0,0,,,,
"ED1_003_TANGENCY_SV_POWER_n4000_depth6_reference","diagnostic","depth6_reference","TANGENCY_SV_POWER",4000,4000,"absolute","K1","derivative_assisted_false_exact_root_on_K_report",0,0,,,,
"ED1_003_TANGENCY_SV_POWER_n4000_depth6_reference","diagnostic","depth6_reference","TANGENCY_SV_POWER",4000,4000,"absolute","K1","derivative_assisted_certificate_reported",0,0,,,,
"ED1_003_TANGENCY_SV_POWER_n4000_depth6_reference","diagnostic","depth6_reference","TANGENCY_SV_POWER",4000,4000,"absolute","K1","derivative_assisted_certificate_statement_true",0,0,,,,
"ED1_003_TANGENCY_SV_POWER_n4000_depth6_reference","diagnostic","depth6_reference","TANGENCY_SV_POWER",4000,4000,"absolute","K1","derivative_assisted_false_exact_root_report",0,0,,,,
"ED1_003_TANGENCY_SV_POWER_n4000_depth6_reference","diagnostic","depth6_reference","TANGENCY_SV_POWER",4000,4000,"absolute","K1","derivative_assisted_value_grid_coverage",0,0,,,,
"ED1_003_TANGENCY_SV_POWER_n4000_depth6_reference","diagnostic","depth6_reference","TANGENCY_SV_POWER",4000,4000,"absolute","K1","derivative_assisted_derivative_grid_coverage",0,0,,,,
"ED1_003_TANGENCY_SV_POWER_n4000_depth6_reference","diagnostic","depth6_reference","TANGENCY_SV_POWER",4000,4000,"absolute","K1","derivative_assisted_joint_grid_coverage",0,0,,,,
"ED1_003_TANGENCY_SV_POWER_n4000_depth6_reference","diagnostic","depth6_reference","TANGENCY_SV_POWER",4000,4000,"absolute","K1","pointwise_grid_curve_coverage",0,0,,,,
"ED1_003_TANGENCY_SV_POWER_n4000_depth6_reference","diagnostic","depth6_reference","TANGENCY_SV_POWER",4000,4000,"absolute","K1","pointwise_root_coverage",0,0,,,,
"ED1_003_TANGENCY_SV_POWER_n4000_depth6_reference","diagnostic","depth6_reference","TANGENCY_SV_POWER",4000,4000,"absolute","K1","pointwise_false_sign_report",0,0,,,,
"ED1_003_TANGENCY_SV_POWER_n4000_depth6_reference","diagnostic","depth6_reference","TANGENCY_SV_POWER",4000,4000,"absolute","K1","pointwise_reversal_report",0,0,,,,
"ED1_003_TANGENCY_SV_POWER_n4000_depth6_reference","diagnostic","depth6_reference","TANGENCY_SV_POWER",4000,4000,"absolute","K1","pointwise_no_root_report",0,0,,,,
"ED1_003_TANGENCY_SV_POWER_n4000_depth6_reference","diagnostic","depth6_reference","TANGENCY_SV_POWER",4000,4000,"absolute","K1","any_primary_false_report",6,254,0.0236220472440945,0.00952907819324417,0.0108701341887398,0.0505686231513296
"ED1_003_TANGENCY_SV_POWER_n4000_depth6_reference","diagnostic","depth6_reference","TANGENCY_SV_POWER",4000,4000,"absolute","K1","joint_band_covers_truth_on_grid",243,254,0.956692913385827,0.0127717057578547,0.924129107809858,0.975648612426109
"ED1_003_TANGENCY_SV_POWER_n4000_depth6_reference","diagnostic","depth6_reference","TANGENCY_SV_POWER",4000,4000,"absolute","K1","joint_band_covers_truth_on_audit_grid",243,254,0.956692913385827,0.0127717057578547,0.924129107809858,0.975648612426109
"ED1_003_TANGENCY_SV_POWER_n4000_depth6_reference","diagnostic","depth6_reference","TANGENCY_SV_POWER",4000,4000,"absolute","K1","joint_continuum_band_covers_truth",243,254,0.956692913385827,0.0127717057578547,0.924129107809858,0.975648612426109
"ED1_003_TANGENCY_SV_POWER_n4000_depth6_reference","diagnostic","depth6_reference","TANGENCY_SV_POWER",4000,4000,"absolute","K1","joint_any_primary_false_report",6,254,0.0236220472440945,0.00952907819324417,0.0108701341887398,0.0505686231513296
"ED1_003_TANGENCY_SV_POWER_n4000_depth6_reference","diagnostic","depth6_reference","TANGENCY_SV_POWER",4000,4000,"absolute","K1","joint_pointwise_grid_curve_coverage",0,0,,,,
"ED1_003_TANGENCY_SV_POWER_n4000_depth6_reference","diagnostic","depth6_reference","TANGENCY_SV_POWER",4000,4000,"absolute","K1","joint_derivative_assisted_grid_coverage",0,0,,,,
"ED1_003_TANGENCY_SV_POWER_n4000_depth6_reference","diagnostic","depth6_reference","TANGENCY_SV_POWER",4000,4000,"absolute","K1","joint_derivative_assisted_false_exact_root_report",0,0,,,,
"ED1_003_TANGENCY_SV_POWER_n4000_depth6_reference","diagnostic","depth6_reference","TANGENCY_SV_POWER",4000,4000,"absolute","K1","across_interval_joint_band_covers_truth_on_grid",243,254,0.956692913385827,0.0127717057578547,0.924129107809858,0.975648612426109
"ED1_003_TANGENCY_SV_POWER_n4000_depth6_reference","diagnostic","depth6_reference","TANGENCY_SV_POWER",4000,4000,"absolute","K1","across_interval_joint_band_covers_truth_on_audit_grid",243,254,0.956692913385827,0.0127717057578547,0.924129107809858,0.975648612426109
"ED1_003_TANGENCY_SV_POWER_n4000_depth6_reference","diagnostic","depth6_reference","TANGENCY_SV_POWER",4000,4000,"absolute","K1","across_interval_joint_continuum_band_covers_truth",243,254,0.956692913385827,0.0127717057578547,0.924129107809858,0.975648612426109
"ED1_003_TANGENCY_SV_POWER_n4000_depth6_reference","diagnostic","depth6_reference","TANGENCY_SV_POWER",4000,4000,"absolute","K1","across_interval_joint_any_primary_false_report",6,254,0.0236220472440945,0.00952907819324417,0.0108701341887398,0.0505686231513296
"ED1_004_TANGENCY_SV_POWER_n4000_depth8_refined","diagnostic","depth8_refined","TANGENCY_SV_POWER",4000,4000,"absolute","K1","band_covers_truth_on_grid",243,254,0.956692913385827,0.0127717057578547,0.924129107809858,0.975648612426109
"ED1_004_TANGENCY_SV_POWER_n4000_depth8_refined","diagnostic","depth8_refined","TANGENCY_SV_POWER",4000,4000,"absolute","K1","band_covers_truth_on_audit_grid",243,254,0.956692913385827,0.0127717057578547,0.924129107809858,0.975648612426109
"ED1_004_TANGENCY_SV_POWER_n4000_depth8_refined","diagnostic","depth8_refined","TANGENCY_SV_POWER",4000,4000,"absolute","K1","continuum_band_covers_truth",243,254,0.956692913385827,0.0127717057578547,0.924129107809858,0.975648612426109
"ED1_004_TANGENCY_SV_POWER_n4000_depth8_refined","diagnostic","depth8_refined","TANGENCY_SV_POWER",4000,4000,"absolute","K1","guard_failed",0,254,0,0,0,0.0148985304313125
"ED1_004_TANGENCY_SV_POWER_n4000_depth8_refined","diagnostic","depth8_refined","TANGENCY_SV_POWER",4000,4000,"absolute","K1","roundoff_inflation_requested",254,254,1,0,0.985101469568688,1
"ED1_004_TANGENCY_SV_POWER_n4000_depth8_refined","diagnostic","depth8_refined","TANGENCY_SV_POWER",4000,4000,"absolute","K1","roundoff_inflation_margin_applied",254,254,1,0,0.985101469568688,1
"ED1_004_TANGENCY_SV_POWER_n4000_depth8_refined","diagnostic","depth8_refined","TANGENCY_SV_POWER",4000,4000,"absolute","K1","continuum_truth_limit_hit",0,254,0,0,0,0.0148985304313125
"ED1_004_TANGENCY_SV_POWER_n4000_depth8_refined","diagnostic","depth8_refined","TANGENCY_SV_POWER",4000,4000,"absolute","K1","continuum_truth_endpoint_violation",11,254,0.0433070866141732,0.0127717057578547,0.0243513875738913,0.0758708921901421
"ED1_004_TANGENCY_SV_POWER_n4000_depth8_refined","diagnostic","depth8_refined","TANGENCY_SV_POWER",4000,4000,"absolute","K1","enclosure_limit_hit",32,254,0.125984251968504,0.0208209672697735,0.0906718133700323,0.17244126057465
"ED1_004_TANGENCY_SV_POWER_n4000_depth8_refined","diagnostic","depth8_refined","TANGENCY_SV_POWER",4000,4000,"absolute","K1","enclosure_depth_limit_hit",32,254,0.125984251968504,0.0208209672697735,0.0906718133700323,0.17244126057465
"ED1_004_TANGENCY_SV_POWER_n4000_depth8_refined","diagnostic","depth8_refined","TANGENCY_SV_POWER",4000,4000,"absolute","K1","enclosure_node_limit_hit",0,254,0,0,0,0.0148985304313125
"ED1_004_TANGENCY_SV_POWER_n4000_depth8_refined","diagnostic","depth8_refined","TANGENCY_SV_POWER",4000,4000,"absolute","K1","enclosure_variance_limit_hit",0,254,0,0,0,0.0148985304313125
"ED1_004_TANGENCY_SV_POWER_n4000_depth8_refined","diagnostic","depth8_refined","TANGENCY_SV_POWER",4000,4000,"absolute","K1","enclosure_statistical_limit_hit",32,254,0.125984251968504,0.0208209672697735,0.0906718133700323,0.17244126057465
"ED1_004_TANGENCY_SV_POWER_n4000_depth8_refined","diagnostic","depth8_refined","TANGENCY_SV_POWER",4000,4000,"absolute","K1","continuum_no_root_certified",2,254,0.0078740157480315,0.00554580625551822,0.00216200169738765,0.0282499377035105
"ED1_004_TANGENCY_SV_POWER_n4000_depth8_refined","diagnostic","depth8_refined","TANGENCY_SV_POWER",4000,4000,"absolute","K1","grid_only_no_root",0,0,,,,
"ED1_004_TANGENCY_SV_POWER_n4000_depth8_refined","diagnostic","depth8_refined","TANGENCY_SV_POWER",4000,4000,"absolute","K1","grid_continuum_no_root_disagreement",0,0,,,,
"ED1_004_TANGENCY_SV_POWER_n4000_depth8_refined","diagnostic","depth8_refined","TANGENCY_SV_POWER",4000,4000,"absolute","K1","reversal_certified",4,254,0.015748031496063,0.00781176958791875,0.0061407018670732,0.0397846465034106
"ED1_004_TANGENCY_SV_POWER_n4000_depth8_refined","diagnostic","depth8_refined","TANGENCY_SV_POWER",4000,4000,"absolute","K1","grid_only_reversal_certified",0,0,,,,
"ED1_004_TANGENCY_SV_POWER_n4000_depth8_refined","diagnostic","depth8_refined","TANGENCY_SV_POWER",4000,4000,"absolute","K1","direction_correct",0,4,0,0,0,0.489890836454597
"ED1_004_TANGENCY_SV_POWER_n4000_depth8_refined","diagnostic","depth8_refined","TANGENCY_SV_POWER",4000,4000,"absolute","K1","false_direction_report",4,254,0.015748031496063,0.00781176958791875,0.0061407018670732,0.0397846465034106
"ED1_004_TANGENCY_SV_POWER_n4000_depth8_refined","diagnostic","depth8_refined","TANGENCY_SV_POWER",4000,4000,"absolute","K1","false_sign_report",6,254,0.0236220472440945,0.00952907819324417,0.0108701341887398,0.0505686231513296
"ED1_004_TANGENCY_SV_POWER_n4000_depth8_refined","diagnostic","depth8_refined","TANGENCY_SV_POWER",4000,4000,"absolute","K1","false_reversal_report",4,254,0.015748031496063,0.00781176958791875,0.0061407018670732,0.0397846465034106
"ED1_004_TANGENCY_SV_POWER_n4000_depth8_refined","diagnostic","depth8_refined","TANGENCY_SV_POWER",4000,4000,"absolute","K1","false_no_root_report",2,254,0.0078740157480315,0.00554580625551822,0.00216200169738765,0.0282499377035105
"ED1_004_TANGENCY_SV_POWER_n4000_depth8_refined","diagnostic","depth8_refined","TANGENCY_SV_POWER",4000,4000,"absolute","K1","budget_rejected",0,254,0,0,0,0.0148985304313125
"ED1_004_TANGENCY_SV_POWER_n4000_depth8_refined","diagnostic","depth8_refined","TANGENCY_SV_POWER",4000,4000,"absolute","K1","false_budget_rejection",0,254,0,0,0,0.0148985304313125
"ED1_004_TANGENCY_SV_POWER_n4000_depth8_refined","diagnostic","depth8_refined","TANGENCY_SV_POWER",4000,4000,"absolute","K1","zero_budget_diagnostic_applicable",0,254,0,0,0,0.0148985304313125
"ED1_004_TANGENCY_SV_POWER_n4000_depth8_refined","diagnostic","depth8_refined","TANGENCY_SV_POWER",4000,4000,"absolute","K1","zero_budget_rejected",4,254,0.015748031496063,0.00781176958791875,0.0061407018670732,0.0397846465034106
"ED1_004_TANGENCY_SV_POWER_n4000_depth8_refined","diagnostic","depth8_refined","TANGENCY_SV_POWER",4000,4000,"absolute","K1","exact_count_certified",0,254,0,0,0,0.0148985304313125
"ED1_004_TANGENCY_SV_POWER_n4000_depth8_refined","diagnostic","depth8_refined","TANGENCY_SV_POWER",4000,4000,"absolute","K1","simplicity_certified",0,254,0,0,0,0.0148985304313125
"ED1_004_TANGENCY_SV_POWER_n4000_depth8_refined","diagnostic","depth8_refined","TANGENCY_SV_POWER",4000,4000,"absolute","K1","exact_count_statement_true",0,254,0,0,0,0.0148985304313125
"ED1_004_TANGENCY_SV_POWER_n4000_depth8_refined","diagnostic","depth8_refined","TANGENCY_SV_POWER",4000,4000,"absolute","K1","false_exact_count_report",0,254,0,0,0,0.0148985304313125
"ED1_004_TANGENCY_SV_POWER_n4000_depth8_refined","diagnostic","depth8_refined","TANGENCY_SV_POWER",4000,4000,"absolute","K1","bracket_covers_root",4,4,1,0,0.510109163545403,1
"ED1_004_TANGENCY_SV_POWER_n4000_depth8_refined","diagnostic","depth8_refined","TANGENCY_SV_POWER",4000,4000,"absolute","K1","brackets_cover_all_distinct_roots",4,4,1,0,0.510109163545403,1
"ED1_004_TANGENCY_SV_POWER_n4000_depth8_refined","diagnostic","depth8_refined","TANGENCY_SV_POWER",4000,4000,"absolute","K1","false_bracket_report",0,254,0,0,0,0.0148985304313125
"ED1_004_TANGENCY_SV_POWER_n4000_depth8_refined","diagnostic","depth8_refined","TANGENCY_SV_POWER",4000,4000,"absolute","K1","outer_band_contains_root",248,254,0.976377952755906,0.00952907819324417,0.949431376848671,0.98912986581126
"ED1_004_TANGENCY_SV_POWER_n4000_depth8_refined","diagnostic","depth8_refined","TANGENCY_SV_POWER",4000,4000,"absolute","K1","outer_set_covers_truth",248,254,0.976377952755906,0.00952907819324417,0.949431376848671,0.98912986581126
"ED1_004_TANGENCY_SV_POWER_n4000_depth8_refined","diagnostic","depth8_refined","TANGENCY_SV_POWER",4000,4000,"absolute","K1","numerical_outer_contains_root",248,254,0.976377952755906,0.00952907819324417,0.949431376848671,0.98912986581126
"ED1_004_TANGENCY_SV_POWER_n4000_depth8_refined","diagnostic","depth8_refined","TANGENCY_SV_POWER",4000,4000,"absolute","K1","numerical_outer_contains_all_roots",248,254,0.976377952755906,0.00952907819324417,0.949431376848671,0.98912986581126
"ED1_004_TANGENCY_SV_POWER_n4000_depth8_refined","diagnostic","depth8_refined","TANGENCY_SV_POWER",4000,4000,"absolute","K1","false_outer_report",6,254,0.0236220472440945,0.00952907819324417,0.0108701341887398,0.0505686231513296
"ED1_004_TANGENCY_SV_POWER_n4000_depth8_refined","diagnostic","depth8_refined","TANGENCY_SV_POWER",4000,4000,"absolute","K1","tangency_localization_applicable",254,254,1,0,0.985101469568688,1
"ED1_004_TANGENCY_SV_POWER_n4000_depth8_refined","diagnostic","depth8_refined","TANGENCY_SV_POWER",4000,4000,"absolute","K1","tangency_local_outer_nonempty",252,254,0.992125984251969,0.00554580625551822,0.97175006229649,0.997837998302612
"ED1_004_TANGENCY_SV_POWER_n4000_depth8_refined","diagnostic","depth8_refined","TANGENCY_SV_POWER",4000,4000,"absolute","K1","tangency_truncated_local_outer_nonempty",252,254,0.992125984251969,0.00554580625551822,0.97175006229649,0.997837998302612
"ED1_004_TANGENCY_SV_POWER_n4000_depth8_refined","diagnostic","depth8_refined","TANGENCY_SV_POWER",4000,4000,"absolute","K1","tangency_truncated_local_touches_left_boundary",203,254,0.799212598425197,0.0251352108129764,0.745656231358302,0.843853309485952
"ED1_004_TANGENCY_SV_POWER_n4000_depth8_refined","diagnostic","depth8_refined","TANGENCY_SV_POWER",4000,4000,"absolute","K1","tangency_truncated_local_touches_right_boundary",224,254,0.881889763779528,0.0202504212380039,0.83639808793015,0.916002247094754
"ED1_004_TANGENCY_SV_POWER_n4000_depth8_refined","diagnostic","depth8_refined","TANGENCY_SV_POWER",4000,4000,"absolute","K1","tangency_truncated_local_censored_by_window",225,254,0.885826771653543,0.0199544463771393,0.840837654129916,0.91931938537978
"ED1_004_TANGENCY_SV_POWER_n4000_depth8_refined","diagnostic","depth8_refined","TANGENCY_SV_POWER",4000,4000,"absolute","K1","tangency_global_geometry_applicable",254,254,1,0,0.985101469568688,1
"ED1_004_TANGENCY_SV_POWER_n4000_depth8_refined","diagnostic","depth8_refined","TANGENCY_SV_POWER",4000,4000,"absolute","K1","tangency_global_geometry_conditioned_on_continuum_band_coverage",243,254,0.956692913385827,0.0127717057578547,0.924129107809858,0.975648612426109
"ED1_004_TANGENCY_SV_POWER_n4000_depth8_refined","diagnostic","depth8_refined","TANGENCY_SV_POWER",4000,4000,"absolute","K1","tangency_global_outer_nonempty_conditional_on_continuum_band_coverage",243,243,1,0,0.984437546111391,1
"ED1_004_TANGENCY_SV_POWER_n4000_depth8_refined","diagnostic","depth8_refined","TANGENCY_SV_POWER",4000,4000,"absolute","K1","tangency_global_outer_contains_root_conditional_on_continuum_band_coverage",243,243,1,0,0.984437546111391,1
"ED1_004_TANGENCY_SV_POWER_n4000_depth8_refined","diagnostic","depth8_refined","TANGENCY_SV_POWER",4000,4000,"absolute","K1","tangency_global_outer_touches_K_left_conditional_on_continuum_band_coverage",100,243,0.411522633744856,0.031568838861771,0.35149367375696,0.474305443597815
"ED1_004_TANGENCY_SV_POWER_n4000_depth8_refined","diagnostic","depth8_refined","TANGENCY_SV_POWER",4000,4000,"absolute","K1","tangency_global_outer_touches_K_right_conditional_on_continuum_band_coverage",0,243,0,0,1.73472347597681e-18,0.0155624538886094
"ED1_004_TANGENCY_SV_POWER_n4000_depth8_refined","diagnostic","depth8_refined","TANGENCY_SV_POWER",4000,4000,"absolute","K1","tangency_global_outer_touches_K_boundary_conditional_on_continuum_band_coverage",100,243,0.411522633744856,0.031568838861771,0.35149367375696,0.474305443597815
"ED1_004_TANGENCY_SV_POWER_n4000_depth8_refined","diagnostic","depth8_refined","TANGENCY_SV_POWER",4000,4000,"absolute","K1","tangency_global_root_component_present_conditional_on_continuum_band_coverage",243,243,1,0,0.984437546111391,1
"ED1_004_TANGENCY_SV_POWER_n4000_depth8_refined","diagnostic","depth8_refined","TANGENCY_SV_POWER",4000,4000,"absolute","K1","tangency_global_root_component_touches_K_left_conditional_on_continuum_band_coverage",100,243,0.411522633744856,0.031568838861771,0.35149367375696,0.474305443597815
"ED1_004_TANGENCY_SV_POWER_n4000_depth8_refined","diagnostic","depth8_refined","TANGENCY_SV_POWER",4000,4000,"absolute","K1","tangency_global_root_component_touches_K_right_conditional_on_continuum_band_coverage",0,243,0,0,1.73472347597681e-18,0.0155624538886094
"ED1_004_TANGENCY_SV_POWER_n4000_depth8_refined","diagnostic","depth8_refined","TANGENCY_SV_POWER",4000,4000,"absolute","K1","tangency_global_root_component_touches_K_boundary_conditional_on_continuum_band_coverage",100,243,0.411522633744856,0.031568838861771,0.35149367375696,0.474305443597815
"ED1_004_TANGENCY_SV_POWER_n4000_depth8_refined","diagnostic","depth8_refined","TANGENCY_SV_POWER",4000,4000,"absolute","K1","root_isolation_applicable",0,254,0,0,0,0.0148985304313125
"ED1_004_TANGENCY_SV_POWER_n4000_depth8_refined","diagnostic","depth8_refined","TANGENCY_SV_POWER",4000,4000,"absolute","K1","root_isolation_success",0,0,,,,
"ED1_004_TANGENCY_SV_POWER_n4000_depth8_refined","diagnostic","depth8_refined","TANGENCY_SV_POWER",4000,4000,"absolute","K1","root_isolation_limit_hit",0,0,,,,
"ED1_004_TANGENCY_SV_POWER_n4000_depth8_refined","diagnostic","depth8_refined","TANGENCY_SV_POWER",4000,4000,"absolute","K1","root_isolation_all_tolerances_met",0,0,,,,
"ED1_004_TANGENCY_SV_POWER_n4000_depth8_refined","diagnostic","depth8_refined","TANGENCY_SV_POWER",4000,4000,"absolute","K1","wald_reported",0,0,,,,
"ED1_004_TANGENCY_SV_POWER_n4000_depth8_refined","diagnostic","depth8_refined","TANGENCY_SV_POWER",4000,4000,"absolute","K1","wald_conditional_cover",0,0,,,,
"ED1_004_TANGENCY_SV_POWER_n4000_depth8_refined","diagnostic","depth8_refined","TANGENCY_SV_POWER",4000,4000,"absolute","K1","wald_formal_unconditional_cover",0,0,,,,
"ED1_004_TANGENCY_SV_POWER_n4000_depth8_refined","diagnostic","depth8_refined","TANGENCY_SV_POWER",4000,4000,"absolute","K1","wald_report_and_cover",0,0,,,,
"ED1_004_TANGENCY_SV_POWER_n4000_depth8_refined","diagnostic","depth8_refined","TANGENCY_SV_POWER",4000,4000,"absolute","K1","root_multiplier_applicable",0,254,0,0,0,0.0148985304313125
"ED1_004_TANGENCY_SV_POWER_n4000_depth8_refined","diagnostic","depth8_refined","TANGENCY_SV_POWER",4000,4000,"absolute","K1","root_multiplier_reported",0,0,,,,
"ED1_004_TANGENCY_SV_POWER_n4000_depth8_refined","diagnostic","depth8_refined","TANGENCY_SV_POWER",4000,4000,"absolute","K1","root_multiplier_conditional_cover",0,0,,,,
"ED1_004_TANGENCY_SV_POWER_n4000_depth8_refined","diagnostic","depth8_refined","TANGENCY_SV_POWER",4000,4000,"absolute","K1","root_multiplier_formal_unconditional_cover",0,0,,,,
"ED1_004_TANGENCY_SV_POWER_n4000_depth8_refined","diagnostic","depth8_refined","TANGENCY_SV_POWER",4000,4000,"absolute","K1","root_multiplier_report_and_cover",0,0,,,,
"ED1_004_TANGENCY_SV_POWER_n4000_depth8_refined","diagnostic","depth8_refined","TANGENCY_SV_POWER",4000,4000,"absolute","K1","derivative_assisted_requested",0,254,0,0,0,0.0148985304313125
"ED1_004_TANGENCY_SV_POWER_n4000_depth8_refined","diagnostic","depth8_refined","TANGENCY_SV_POWER",4000,4000,"absolute","K1","derivative_assisted_implemented",254,254,1,0,0.985101469568688,1
"ED1_004_TANGENCY_SV_POWER_n4000_depth8_refined","diagnostic","depth8_refined","TANGENCY_SV_POWER",4000,4000,"absolute","K1","derivative_assisted_applicable",0,254,0,0,0,0.0148985304313125
"ED1_004_TANGENCY_SV_POWER_n4000_depth8_refined","diagnostic","depth8_refined","TANGENCY_SV_POWER",4000,4000,"absolute","K1","derivative_assisted_reported",0,0,,,,
"ED1_004_TANGENCY_SV_POWER_n4000_depth8_refined","diagnostic","depth8_refined","TANGENCY_SV_POWER",4000,4000,"absolute","K1","derivative_assisted_failure",0,0,,,,
"ED1_004_TANGENCY_SV_POWER_n4000_depth8_refined","diagnostic","depth8_refined","TANGENCY_SV_POWER",4000,4000,"absolute","K1","derivative_assisted_same_multiplier_seed",0,0,,,,
"ED1_004_TANGENCY_SV_POWER_n4000_depth8_refined","diagnostic","depth8_refined","TANGENCY_SV_POWER",4000,4000,"absolute","K1","derivative_assisted_guard_failed",0,0,,,,
"ED1_004_TANGENCY_SV_POWER_n4000_depth8_refined","diagnostic","depth8_refined","TANGENCY_SV_POWER",4000,4000,"absolute","K1","derivative_assisted_enclosure_limit_hit",0,0,,,,
"ED1_004_TANGENCY_SV_POWER_n4000_depth8_refined","diagnostic","depth8_refined","TANGENCY_SV_POWER",4000,4000,"absolute","K1","derivative_assisted_derivative_positive_throughout_K",0,0,,,,
"ED1_004_TANGENCY_SV_POWER_n4000_depth8_refined","diagnostic","depth8_refined","TANGENCY_SV_POWER",4000,4000,"absolute","K1","derivative_assisted_derivative_negative_throughout_K",0,0,,,,
"ED1_004_TANGENCY_SV_POWER_n4000_depth8_refined","diagnostic","depth8_refined","TANGENCY_SV_POWER",4000,4000,"absolute","K1","derivative_assisted_exact_root_certified",0,0,,,,
"ED1_004_TANGENCY_SV_POWER_n4000_depth8_refined","diagnostic","depth8_refined","TANGENCY_SV_POWER",4000,4000,"absolute","K1","derivative_assisted_local_exact_root_certified",0,0,,,,
"ED1_004_TANGENCY_SV_POWER_n4000_depth8_refined","diagnostic","depth8_refined","TANGENCY_SV_POWER",4000,4000,"absolute","K1","derivative_assisted_exact_root_on_K_certified",0,0,,,,
"ED1_004_TANGENCY_SV_POWER_n4000_depth8_refined","diagnostic","depth8_refined","TANGENCY_SV_POWER",4000,4000,"absolute","K1","derivative_assisted_exact_root_on_K_statement_true",0,0,,,,
"ED1_004_TANGENCY_SV_POWER_n4000_depth8_refined","diagnostic","depth8_refined","TANGENCY_SV_POWER",4000,4000,"absolute","K1","derivative_assisted_false_exact_root_on_K_report",0,0,,,,
"ED1_004_TANGENCY_SV_POWER_n4000_depth8_refined","diagnostic","depth8_refined","TANGENCY_SV_POWER",4000,4000,"absolute","K1","derivative_assisted_certificate_reported",0,0,,,,
"ED1_004_TANGENCY_SV_POWER_n4000_depth8_refined","diagnostic","depth8_refined","TANGENCY_SV_POWER",4000,4000,"absolute","K1","derivative_assisted_certificate_statement_true",0,0,,,,
"ED1_004_TANGENCY_SV_POWER_n4000_depth8_refined","diagnostic","depth8_refined","TANGENCY_SV_POWER",4000,4000,"absolute","K1","derivative_assisted_false_exact_root_report",0,0,,,,
"ED1_004_TANGENCY_SV_POWER_n4000_depth8_refined","diagnostic","depth8_refined","TANGENCY_SV_POWER",4000,4000,"absolute","K1","derivative_assisted_value_grid_coverage",0,0,,,,
"ED1_004_TANGENCY_SV_POWER_n4000_depth8_refined","diagnostic","depth8_refined","TANGENCY_SV_POWER",4000,4000,"absolute","K1","derivative_assisted_derivative_grid_coverage",0,0,,,,
"ED1_004_TANGENCY_SV_POWER_n4000_depth8_refined","diagnostic","depth8_refined","TANGENCY_SV_POWER",4000,4000,"absolute","K1","derivative_assisted_joint_grid_coverage",0,0,,,,
"ED1_004_TANGENCY_SV_POWER_n4000_depth8_refined","diagnostic","depth8_refined","TANGENCY_SV_POWER",4000,4000,"absolute","K1","pointwise_grid_curve_coverage",0,0,,,,
"ED1_004_TANGENCY_SV_POWER_n4000_depth8_refined","diagnostic","depth8_refined","TANGENCY_SV_POWER",4000,4000,"absolute","K1","pointwise_root_coverage",0,0,,,,
"ED1_004_TANGENCY_SV_POWER_n4000_depth8_refined","diagnostic","depth8_refined","TANGENCY_SV_POWER",4000,4000,"absolute","K1","pointwise_false_sign_report",0,0,,,,
"ED1_004_TANGENCY_SV_POWER_n4000_depth8_refined","diagnostic","depth8_refined","TANGENCY_SV_POWER",4000,4000,"absolute","K1","pointwise_reversal_report",0,0,,,,
"ED1_004_TANGENCY_SV_POWER_n4000_depth8_refined","diagnostic","depth8_refined","TANGENCY_SV_POWER",4000,4000,"absolute","K1","pointwise_no_root_report",0,0,,,,
"ED1_004_TANGENCY_SV_POWER_n4000_depth8_refined","diagnostic","depth8_refined","TANGENCY_SV_POWER",4000,4000,"absolute","K1","any_primary_false_report",6,254,0.0236220472440945,0.00952907819324417,0.0108701341887398,0.0505686231513296
"ED1_004_TANGENCY_SV_POWER_n4000_depth8_refined","diagnostic","depth8_refined","TANGENCY_SV_POWER",4000,4000,"absolute","K1","joint_band_covers_truth_on_grid",243,254,0.956692913385827,0.0127717057578547,0.924129107809858,0.975648612426109
"ED1_004_TANGENCY_SV_POWER_n4000_depth8_refined","diagnostic","depth8_refined","TANGENCY_SV_POWER",4000,4000,"absolute","K1","joint_band_covers_truth_on_audit_grid",243,254,0.956692913385827,0.0127717057578547,0.924129107809858,0.975648612426109
"ED1_004_TANGENCY_SV_POWER_n4000_depth8_refined","diagnostic","depth8_refined","TANGENCY_SV_POWER",4000,4000,"absolute","K1","joint_continuum_band_covers_truth",243,254,0.956692913385827,0.0127717057578547,0.924129107809858,0.975648612426109
"ED1_004_TANGENCY_SV_POWER_n4000_depth8_refined","diagnostic","depth8_refined","TANGENCY_SV_POWER",4000,4000,"absolute","K1","joint_any_primary_false_report",6,254,0.0236220472440945,0.00952907819324417,0.0108701341887398,0.0505686231513296
"ED1_004_TANGENCY_SV_POWER_n4000_depth8_refined","diagnostic","depth8_refined","TANGENCY_SV_POWER",4000,4000,"absolute","K1","joint_pointwise_grid_curve_coverage",0,0,,,,
"ED1_004_TANGENCY_SV_POWER_n4000_depth8_refined","diagnostic","depth8_refined","TANGENCY_SV_POWER",4000,4000,"absolute","K1","joint_derivative_assisted_grid_coverage",0,0,,,,
"ED1_004_TANGENCY_SV_POWER_n4000_depth8_refined","diagnostic","depth8_refined","TANGENCY_SV_POWER",4000,4000,"absolute","K1","joint_derivative_assisted_false_exact_root_report",0,0,,,,
"ED1_004_TANGENCY_SV_POWER_n4000_depth8_refined","diagnostic","depth8_refined","TANGENCY_SV_POWER",4000,4000,"absolute","K1","across_interval_joint_band_covers_truth_on_grid",243,254,0.956692913385827,0.0127717057578547,0.924129107809858,0.975648612426109
"ED1_004_TANGENCY_SV_POWER_n4000_depth8_refined","diagnostic","depth8_refined","TANGENCY_SV_POWER",4000,4000,"absolute","K1","across_interval_joint_band_covers_truth_on_audit_grid",243,254,0.956692913385827,0.0127717057578547,0.924129107809858,0.975648612426109
"ED1_004_TANGENCY_SV_POWER_n4000_depth8_refined","diagnostic","depth8_refined","TANGENCY_SV_POWER",4000,4000,"absolute","K1","across_interval_joint_continuum_band_covers_truth",243,254,0.956692913385827,0.0127717057578547,0.924129107809858,0.975648612426109
"ED1_004_TANGENCY_SV_POWER_n4000_depth8_refined","diagnostic","depth8_refined","TANGENCY_SV_POWER",4000,4000,"absolute","K1","across_interval_joint_any_primary_false_report",6,254,0.0236220472440945,0.00952907819324417,0.0108701341887398,0.0505686231513296
"ED1_005_TANGENCY_SV_POWER_n8000_depth6_reference","diagnostic","depth6_reference","TANGENCY_SV_POWER",8000,8000,"absolute","K1","band_covers_truth_on_grid",241,254,0.948818897637795,0.0138270528403126,0.914415573030546,0.969848738235835
"ED1_005_TANGENCY_SV_POWER_n8000_depth6_reference","diagnostic","depth6_reference","TANGENCY_SV_POWER",8000,8000,"absolute","K1","band_covers_truth_on_audit_grid",241,254,0.948818897637795,0.0138270528403126,0.914415573030546,0.969848738235835
"ED1_005_TANGENCY_SV_POWER_n8000_depth6_reference","diagnostic","depth6_reference","TANGENCY_SV_POWER",8000,8000,"absolute","K1","continuum_band_covers_truth",240,254,0.94488188976378,0.0143192101792767,0.909620805893771,0.966886800887817
"ED1_005_TANGENCY_SV_POWER_n8000_depth6_reference","diagnostic","depth6_reference","TANGENCY_SV_POWER",8000,8000,"absolute","K1","guard_failed",0,254,0,0,0,0.0148985304313125
"ED1_005_TANGENCY_SV_POWER_n8000_depth6_reference","diagnostic","depth6_reference","TANGENCY_SV_POWER",8000,8000,"absolute","K1","roundoff_inflation_requested",254,254,1,0,0.985101469568688,1
"ED1_005_TANGENCY_SV_POWER_n8000_depth6_reference","diagnostic","depth6_reference","TANGENCY_SV_POWER",8000,8000,"absolute","K1","roundoff_inflation_margin_applied",254,254,1,0,0.985101469568688,1
"ED1_005_TANGENCY_SV_POWER_n8000_depth6_reference","diagnostic","depth6_reference","TANGENCY_SV_POWER",8000,8000,"absolute","K1","continuum_truth_limit_hit",1,254,0.00393700787401575,0.00392925021549497,0.000695316956305255,0.0219599179598001
"ED1_005_TANGENCY_SV_POWER_n8000_depth6_reference","diagnostic","depth6_reference","TANGENCY_SV_POWER",8000,8000,"absolute","K1","continuum_truth_endpoint_violation",13,254,0.0511811023622047,0.0138270528403126,0.0301512617641654,0.0855844269694537
"ED1_005_TANGENCY_SV_POWER_n8000_depth6_reference","diagnostic","depth6_reference","TANGENCY_SV_POWER",8000,8000,"absolute","K1","enclosure_limit_hit",148,254,0.582677165354331,0.0309409194652997,0.521243148357882,0.641647645822767
"ED1_005_TANGENCY_SV_POWER_n8000_depth6_reference","diagnostic","depth6_reference","TANGENCY_SV_POWER",8000,8000,"absolute","K1","enclosure_depth_limit_hit",148,254,0.582677165354331,0.0309409194652997,0.521243148357882,0.641647645822767
"ED1_005_TANGENCY_SV_POWER_n8000_depth6_reference","diagnostic","depth6_reference","TANGENCY_SV_POWER",8000,8000,"absolute","K1","enclosure_node_limit_hit",0,254,0,0,0,0.0148985304313125
"ED1_005_TANGENCY_SV_POWER_n8000_depth6_reference","diagnostic","depth6_reference","TANGENCY_SV_POWER",8000,8000,"absolute","K1","enclosure_variance_limit_hit",0,254,0,0,0,0.0148985304313125
"ED1_005_TANGENCY_SV_POWER_n8000_depth6_reference","diagnostic","depth6_reference","TANGENCY_SV_POWER",8000,8000,"absolute","K1","enclosure_statistical_limit_hit",148,254,0.582677165354331,0.0309409194652997,0.521243148357882,0.641647645822767
"ED1_005_TANGENCY_SV_POWER_n8000_depth6_reference","diagnostic","depth6_reference","TANGENCY_SV_POWER",8000,8000,"absolute","K1","continuum_no_root_certified",4,254,0.015748031496063,0.00781176958791875,0.0061407018670732,0.0397846465034106
"ED1_005_TANGENCY_SV_POWER_n8000_depth6_reference","diagnostic","depth6_reference","TANGENCY_SV_POWER",8000,8000,"absolute","K1","grid_only_no_root",0,0,,,,
"ED1_005_TANGENCY_SV_POWER_n8000_depth6_reference","diagnostic","depth6_reference","TANGENCY_SV_POWER",8000,8000,"absolute","K1","grid_continuum_no_root_disagreement",0,0,,,,
"ED1_005_TANGENCY_SV_POWER_n8000_depth6_reference","diagnostic","depth6_reference","TANGENCY_SV_POWER",8000,8000,"absolute","K1","reversal_certified",6,254,0.0236220472440945,0.00952907819324417,0.0108701341887398,0.0505686231513296
"ED1_005_TANGENCY_SV_POWER_n8000_depth6_reference","diagnostic","depth6_reference","TANGENCY_SV_POWER",8000,8000,"absolute","K1","grid_only_reversal_certified",0,0,,,,
"ED1_005_TANGENCY_SV_POWER_n8000_depth6_reference","diagnostic","depth6_reference","TANGENCY_SV_POWER",8000,8000,"absolute","K1","direction_correct",0,6,0,0,0,0.390334287902165
"ED1_005_TANGENCY_SV_POWER_n8000_depth6_reference","diagnostic","depth6_reference","TANGENCY_SV_POWER",8000,8000,"absolute","K1","false_direction_report",6,254,0.0236220472440945,0.00952907819324417,0.0108701341887398,0.0505686231513296
"ED1_005_TANGENCY_SV_POWER_n8000_depth6_reference","diagnostic","depth6_reference","TANGENCY_SV_POWER",8000,8000,"absolute","K1","false_sign_report",10,254,0.0393700787401575,0.01220237417846,0.0215232688001508,0.0709423064790899
"ED1_005_TANGENCY_SV_POWER_n8000_depth6_reference","diagnostic","depth6_reference","TANGENCY_SV_POWER",8000,8000,"absolute","K1","false_reversal_report",6,254,0.0236220472440945,0.00952907819324417,0.0108701341887398,0.0505686231513296
"ED1_005_TANGENCY_SV_POWER_n8000_depth6_reference","diagnostic","depth6_reference","TANGENCY_SV_POWER",8000,8000,"absolute","K1","false_no_root_report",4,254,0.015748031496063,0.00781176958791875,0.0061407018670732,0.0397846465034106
"ED1_005_TANGENCY_SV_POWER_n8000_depth6_reference","diagnostic","depth6_reference","TANGENCY_SV_POWER",8000,8000,"absolute","K1","budget_rejected",0,254,0,0,0,0.0148985304313125
"ED1_005_TANGENCY_SV_POWER_n8000_depth6_reference","diagnostic","depth6_reference","TANGENCY_SV_POWER",8000,8000,"absolute","K1","false_budget_rejection",0,254,0,0,0,0.0148985304313125
"ED1_005_TANGENCY_SV_POWER_n8000_depth6_reference","diagnostic","depth6_reference","TANGENCY_SV_POWER",8000,8000,"absolute","K1","zero_budget_diagnostic_applicable",0,254,0,0,0,0.0148985304313125
"ED1_005_TANGENCY_SV_POWER_n8000_depth6_reference","diagnostic","depth6_reference","TANGENCY_SV_POWER",8000,8000,"absolute","K1","zero_budget_rejected",6,254,0.0236220472440945,0.00952907819324417,0.0108701341887398,0.0505686231513296
"ED1_005_TANGENCY_SV_POWER_n8000_depth6_reference","diagnostic","depth6_reference","TANGENCY_SV_POWER",8000,8000,"absolute","K1","exact_count_certified",0,254,0,0,0,0.0148985304313125
"ED1_005_TANGENCY_SV_POWER_n8000_depth6_reference","diagnostic","depth6_reference","TANGENCY_SV_POWER",8000,8000,"absolute","K1","simplicity_certified",0,254,0,0,0,0.0148985304313125
"ED1_005_TANGENCY_SV_POWER_n8000_depth6_reference","diagnostic","depth6_reference","TANGENCY_SV_POWER",8000,8000,"absolute","K1","exact_count_statement_true",0,254,0,0,0,0.0148985304313125
"ED1_005_TANGENCY_SV_POWER_n8000_depth6_reference","diagnostic","depth6_reference","TANGENCY_SV_POWER",8000,8000,"absolute","K1","false_exact_count_report",0,254,0,0,0,0.0148985304313125
"ED1_005_TANGENCY_SV_POWER_n8000_depth6_reference","diagnostic","depth6_reference","TANGENCY_SV_POWER",8000,8000,"absolute","K1","bracket_covers_root",6,6,1,0,0.609665712097835,1
"ED1_005_TANGENCY_SV_POWER_n8000_depth6_reference","diagnostic","depth6_reference","TANGENCY_SV_POWER",8000,8000,"absolute","K1","brackets_cover_all_distinct_roots",6,6,1,0,0.609665712097835,1
"ED1_005_TANGENCY_SV_POWER_n8000_depth6_reference","diagnostic","depth6_reference","TANGENCY_SV_POWER",8000,8000,"absolute","K1","false_bracket_report",0,254,0,0,0,0.0148985304313125
"ED1_005_TANGENCY_SV_POWER_n8000_depth6_reference","diagnostic","depth6_reference","TANGENCY_SV_POWER",8000,8000,"absolute","K1","outer_band_contains_root",244,254,0.960629921259842,0.01220237417846,0.92905769352091,0.978476731199849
"ED1_005_TANGENCY_SV_POWER_n8000_depth6_reference","diagnostic","depth6_reference","TANGENCY_SV_POWER",8000,8000,"absolute","K1","outer_set_covers_truth",244,254,0.960629921259842,0.01220237417846,0.92905769352091,0.978476731199849
"ED1_005_TANGENCY_SV_POWER_n8000_depth6_reference","diagnostic","depth6_reference","TANGENCY_SV_POWER",8000,8000,"absolute","K1","numerical_outer_contains_root",244,254,0.960629921259842,0.01220237417846,0.92905769352091,0.978476731199849
"ED1_005_TANGENCY_SV_POWER_n8000_depth6_reference","diagnostic","depth6_reference","TANGENCY_SV_POWER",8000,8000,"absolute","K1","numerical_outer_contains_all_roots",244,254,0.960629921259842,0.01220237417846,0.92905769352091,0.978476731199849
"ED1_005_TANGENCY_SV_POWER_n8000_depth6_reference","diagnostic","depth6_reference","TANGENCY_SV_POWER",8000,8000,"absolute","K1","false_outer_report",10,254,0.0393700787401575,0.01220237417846,0.0215232688001508,0.0709423064790899
"ED1_005_TANGENCY_SV_POWER_n8000_depth6_reference","diagnostic","depth6_reference","TANGENCY_SV_POWER",8000,8000,"absolute","K1","tangency_localization_applicable",254,254,1,0,0.985101469568688,1
"ED1_005_TANGENCY_SV_POWER_n8000_depth6_reference","diagnostic","depth6_reference","TANGENCY_SV_POWER",8000,8000,"absolute","K1","tangency_local_outer_nonempty",250,254,0.984251968503937,0.00781176958791874,0.960215353496589,0.993859298132927
"ED1_005_TANGENCY_SV_POWER_n8000_depth6_reference","diagnostic","depth6_reference","TANGENCY_SV_POWER",8000,8000,"absolute","K1","tangency_truncated_local_outer_nonempty",250,254,0.984251968503937,0.00781176958791874,0.960215353496589,0.993859298132927
"ED1_005_TANGENCY_SV_POWER_n8000_depth6_reference","diagnostic","depth6_reference","TANGENCY_SV_POWER",8000,8000,"absolute","K1","tangency_truncated_local_touches_left_boundary",167,254,0.65748031496063,0.0297760638424955,0.597162949572895,0.713105229818818
"ED1_005_TANGENCY_SV_POWER_n8000_depth6_reference","diagnostic","depth6_reference","TANGENCY_SV_POWER",8000,8000,"absolute","K1","tangency_truncated_local_touches_right_boundary",199,254,0.783464566929134,0.025843855732395,0.728790009034092,0.829692713870991
"ED1_005_TANGENCY_SV_POWER_n8000_depth6_reference","diagnostic","depth6_reference","TANGENCY_SV_POWER",8000,8000,"absolute","K1","tangency_truncated_local_censored_by_window",200,254,0.78740157480315,0.0256720945040156,0.732996332755603,0.833243094634273
"ED1_005_TANGENCY_SV_POWER_n8000_depth6_reference","diagnostic","depth6_reference","TANGENCY_SV_POWER",8000,8000,"absolute","K1","tangency_global_geometry_applicable",254,254,1,0,0.985101469568688,1
"ED1_005_TANGENCY_SV_POWER_n8000_depth6_reference","diagnostic","depth6_reference","TANGENCY_SV_POWER",8000,8000,"absolute","K1","tangency_global_geometry_conditioned_on_continuum_band_coverage",240,254,0.94488188976378,0.0143192101792767,0.909620805893771,0.966886800887817
"ED1_005_TANGENCY_SV_POWER_n8000_depth6_reference","diagnostic","depth6_reference","TANGENCY_SV_POWER",8000,8000,"absolute","K1","tangency_global_outer_nonempty_conditional_on_continuum_band_coverage",240,240,1,0,0.984246080058441,1
"ED1_005_TANGENCY_SV_POWER_n8000_depth6_reference","diagnostic","depth6_reference","TANGENCY_SV_POWER",8000,8000,"absolute","K1","tangency_global_outer_contains_root_conditional_on_continuum_band_coverage",240,240,1,0,0.984246080058441,1
"ED1_005_TANGENCY_SV_POWER_n8000_depth6_reference","diagnostic","depth6_reference","TANGENCY_SV_POWER",8000,8000,"absolute","K1","tangency_global_outer_touches_K_left_conditional_on_continuum_band_coverage",16,240,0.0666666666666667,0.0161015297179883,0.041448900547079,0.105537830068939
"ED1_005_TANGENCY_SV_POWER_n8000_depth6_reference","diagnostic","depth6_reference","TANGENCY_SV_POWER",8000,8000,"absolute","K1","tangency_global_outer_touches_K_right_conditional_on_continuum_band_coverage",0,240,0,0,1.73472347597681e-18,0.0157539199415588
"ED1_005_TANGENCY_SV_POWER_n8000_depth6_reference","diagnostic","depth6_reference","TANGENCY_SV_POWER",8000,8000,"absolute","K1","tangency_global_outer_touches_K_boundary_conditional_on_continuum_band_coverage",16,240,0.0666666666666667,0.0161015297179883,0.041448900547079,0.105537830068939
"ED1_005_TANGENCY_SV_POWER_n8000_depth6_reference","diagnostic","depth6_reference","TANGENCY_SV_POWER",8000,8000,"absolute","K1","tangency_global_root_component_present_conditional_on_continuum_band_coverage",240,240,1,0,0.984246080058441,1
"ED1_005_TANGENCY_SV_POWER_n8000_depth6_reference","diagnostic","depth6_reference","TANGENCY_SV_POWER",8000,8000,"absolute","K1","tangency_global_root_component_touches_K_left_conditional_on_continuum_band_coverage",16,240,0.0666666666666667,0.0161015297179883,0.041448900547079,0.105537830068939
"ED1_005_TANGENCY_SV_POWER_n8000_depth6_reference","diagnostic","depth6_reference","TANGENCY_SV_POWER",8000,8000,"absolute","K1","tangency_global_root_component_touches_K_right_conditional_on_continuum_band_coverage",0,240,0,0,1.73472347597681e-18,0.0157539199415588
"ED1_005_TANGENCY_SV_POWER_n8000_depth6_reference","diagnostic","depth6_reference","TANGENCY_SV_POWER",8000,8000,"absolute","K1","tangency_global_root_component_touches_K_boundary_conditional_on_continuum_band_coverage",16,240,0.0666666666666667,0.0161015297179883,0.041448900547079,0.105537830068939
"ED1_005_TANGENCY_SV_POWER_n8000_depth6_reference","diagnostic","depth6_reference","TANGENCY_SV_POWER",8000,8000,"absolute","K1","root_isolation_applicable",0,254,0,0,0,0.0148985304313125
"ED1_005_TANGENCY_SV_POWER_n8000_depth6_reference","diagnostic","depth6_reference","TANGENCY_SV_POWER",8000,8000,"absolute","K1","root_isolation_success",0,0,,,,
"ED1_005_TANGENCY_SV_POWER_n8000_depth6_reference","diagnostic","depth6_reference","TANGENCY_SV_POWER",8000,8000,"absolute","K1","root_isolation_limit_hit",0,0,,,,
"ED1_005_TANGENCY_SV_POWER_n8000_depth6_reference","diagnostic","depth6_reference","TANGENCY_SV_POWER",8000,8000,"absolute","K1","root_isolation_all_tolerances_met",0,0,,,,
"ED1_005_TANGENCY_SV_POWER_n8000_depth6_reference","diagnostic","depth6_reference","TANGENCY_SV_POWER",8000,8000,"absolute","K1","wald_reported",0,0,,,,
"ED1_005_TANGENCY_SV_POWER_n8000_depth6_reference","diagnostic","depth6_reference","TANGENCY_SV_POWER",8000,8000,"absolute","K1","wald_conditional_cover",0,0,,,,
"ED1_005_TANGENCY_SV_POWER_n8000_depth6_reference","diagnostic","depth6_reference","TANGENCY_SV_POWER",8000,8000,"absolute","K1","wald_formal_unconditional_cover",0,0,,,,
"ED1_005_TANGENCY_SV_POWER_n8000_depth6_reference","diagnostic","depth6_reference","TANGENCY_SV_POWER",8000,8000,"absolute","K1","wald_report_and_cover",0,0,,,,
"ED1_005_TANGENCY_SV_POWER_n8000_depth6_reference","diagnostic","depth6_reference","TANGENCY_SV_POWER",8000,8000,"absolute","K1","root_multiplier_applicable",0,254,0,0,0,0.0148985304313125
"ED1_005_TANGENCY_SV_POWER_n8000_depth6_reference","diagnostic","depth6_reference","TANGENCY_SV_POWER",8000,8000,"absolute","K1","root_multiplier_reported",0,0,,,,
"ED1_005_TANGENCY_SV_POWER_n8000_depth6_reference","diagnostic","depth6_reference","TANGENCY_SV_POWER",8000,8000,"absolute","K1","root_multiplier_conditional_cover",0,0,,,,
"ED1_005_TANGENCY_SV_POWER_n8000_depth6_reference","diagnostic","depth6_reference","TANGENCY_SV_POWER",8000,8000,"absolute","K1","root_multiplier_formal_unconditional_cover",0,0,,,,
"ED1_005_TANGENCY_SV_POWER_n8000_depth6_reference","diagnostic","depth6_reference","TANGENCY_SV_POWER",8000,8000,"absolute","K1","root_multiplier_report_and_cover",0,0,,,,
"ED1_005_TANGENCY_SV_POWER_n8000_depth6_reference","diagnostic","depth6_reference","TANGENCY_SV_POWER",8000,8000,"absolute","K1","derivative_assisted_requested",0,254,0,0,0,0.0148985304313125
"ED1_005_TANGENCY_SV_POWER_n8000_depth6_reference","diagnostic","depth6_reference","TANGENCY_SV_POWER",8000,8000,"absolute","K1","derivative_assisted_implemented",254,254,1,0,0.985101469568688,1
"ED1_005_TANGENCY_SV_POWER_n8000_depth6_reference","diagnostic","depth6_reference","TANGENCY_SV_POWER",8000,8000,"absolute","K1","derivative_assisted_applicable",0,254,0,0,0,0.0148985304313125
"ED1_005_TANGENCY_SV_POWER_n8000_depth6_reference","diagnostic","depth6_reference","TANGENCY_SV_POWER",8000,8000,"absolute","K1","derivative_assisted_reported",0,0,,,,
"ED1_005_TANGENCY_SV_POWER_n8000_depth6_reference","diagnostic","depth6_reference","TANGENCY_SV_POWER",8000,8000,"absolute","K1","derivative_assisted_failure",0,0,,,,
"ED1_005_TANGENCY_SV_POWER_n8000_depth6_reference","diagnostic","depth6_reference","TANGENCY_SV_POWER",8000,8000,"absolute","K1","derivative_assisted_same_multiplier_seed",0,0,,,,
"ED1_005_TANGENCY_SV_POWER_n8000_depth6_reference","diagnostic","depth6_reference","TANGENCY_SV_POWER",8000,8000,"absolute","K1","derivative_assisted_guard_failed",0,0,,,,
"ED1_005_TANGENCY_SV_POWER_n8000_depth6_reference","diagnostic","depth6_reference","TANGENCY_SV_POWER",8000,8000,"absolute","K1","derivative_assisted_enclosure_limit_hit",0,0,,,,
"ED1_005_TANGENCY_SV_POWER_n8000_depth6_reference","diagnostic","depth6_reference","TANGENCY_SV_POWER",8000,8000,"absolute","K1","derivative_assisted_derivative_positive_throughout_K",0,0,,,,
"ED1_005_TANGENCY_SV_POWER_n8000_depth6_reference","diagnostic","depth6_reference","TANGENCY_SV_POWER",8000,8000,"absolute","K1","derivative_assisted_derivative_negative_throughout_K",0,0,,,,
"ED1_005_TANGENCY_SV_POWER_n8000_depth6_reference","diagnostic","depth6_reference","TANGENCY_SV_POWER",8000,8000,"absolute","K1","derivative_assisted_exact_root_certified",0,0,,,,
"ED1_005_TANGENCY_SV_POWER_n8000_depth6_reference","diagnostic","depth6_reference","TANGENCY_SV_POWER",8000,8000,"absolute","K1","derivative_assisted_local_exact_root_certified",0,0,,,,
"ED1_005_TANGENCY_SV_POWER_n8000_depth6_reference","diagnostic","depth6_reference","TANGENCY_SV_POWER",8000,8000,"absolute","K1","derivative_assisted_exact_root_on_K_certified",0,0,,,,
"ED1_005_TANGENCY_SV_POWER_n8000_depth6_reference","diagnostic","depth6_reference","TANGENCY_SV_POWER",8000,8000,"absolute","K1","derivative_assisted_exact_root_on_K_statement_true",0,0,,,,
"ED1_005_TANGENCY_SV_POWER_n8000_depth6_reference","diagnostic","depth6_reference","TANGENCY_SV_POWER",8000,8000,"absolute","K1","derivative_assisted_false_exact_root_on_K_report",0,0,,,,
"ED1_005_TANGENCY_SV_POWER_n8000_depth6_reference","diagnostic","depth6_reference","TANGENCY_SV_POWER",8000,8000,"absolute","K1","derivative_assisted_certificate_reported",0,0,,,,
"ED1_005_TANGENCY_SV_POWER_n8000_depth6_reference","diagnostic","depth6_reference","TANGENCY_SV_POWER",8000,8000,"absolute","K1","derivative_assisted_certificate_statement_true",0,0,,,,
"ED1_005_TANGENCY_SV_POWER_n8000_depth6_reference","diagnostic","depth6_reference","TANGENCY_SV_POWER",8000,8000,"absolute","K1","derivative_assisted_false_exact_root_report",0,0,,,,
"ED1_005_TANGENCY_SV_POWER_n8000_depth6_reference","diagnostic","depth6_reference","TANGENCY_SV_POWER",8000,8000,"absolute","K1","derivative_assisted_value_grid_coverage",0,0,,,,
"ED1_005_TANGENCY_SV_POWER_n8000_depth6_reference","diagnostic","depth6_reference","TANGENCY_SV_POWER",8000,8000,"absolute","K1","derivative_assisted_derivative_grid_coverage",0,0,,,,
"ED1_005_TANGENCY_SV_POWER_n8000_depth6_reference","diagnostic","depth6_reference","TANGENCY_SV_POWER",8000,8000,"absolute","K1","derivative_assisted_joint_grid_coverage",0,0,,,,
"ED1_005_TANGENCY_SV_POWER_n8000_depth6_reference","diagnostic","depth6_reference","TANGENCY_SV_POWER",8000,8000,"absolute","K1","pointwise_grid_curve_coverage",0,0,,,,
"ED1_005_TANGENCY_SV_POWER_n8000_depth6_reference","diagnostic","depth6_reference","TANGENCY_SV_POWER",8000,8000,"absolute","K1","pointwise_root_coverage",0,0,,,,
"ED1_005_TANGENCY_SV_POWER_n8000_depth6_reference","diagnostic","depth6_reference","TANGENCY_SV_POWER",8000,8000,"absolute","K1","pointwise_false_sign_report",0,0,,,,
"ED1_005_TANGENCY_SV_POWER_n8000_depth6_reference","diagnostic","depth6_reference","TANGENCY_SV_POWER",8000,8000,"absolute","K1","pointwise_reversal_report",0,0,,,,
"ED1_005_TANGENCY_SV_POWER_n8000_depth6_reference","diagnostic","depth6_reference","TANGENCY_SV_POWER",8000,8000,"absolute","K1","pointwise_no_root_report",0,0,,,,
"ED1_005_TANGENCY_SV_POWER_n8000_depth6_reference","diagnostic","depth6_reference","TANGENCY_SV_POWER",8000,8000,"absolute","K1","any_primary_false_report",10,254,0.0393700787401575,0.01220237417846,0.0215232688001508,0.0709423064790899
"ED1_005_TANGENCY_SV_POWER_n8000_depth6_reference","diagnostic","depth6_reference","TANGENCY_SV_POWER",8000,8000,"absolute","K1","joint_band_covers_truth_on_grid",241,254,0.948818897637795,0.0138270528403126,0.914415573030546,0.969848738235835
"ED1_005_TANGENCY_SV_POWER_n8000_depth6_reference","diagnostic","depth6_reference","TANGENCY_SV_POWER",8000,8000,"absolute","K1","joint_band_covers_truth_on_audit_grid",241,254,0.948818897637795,0.0138270528403126,0.914415573030546,0.969848738235835
"ED1_005_TANGENCY_SV_POWER_n8000_depth6_reference","diagnostic","depth6_reference","TANGENCY_SV_POWER",8000,8000,"absolute","K1","joint_continuum_band_covers_truth",240,254,0.94488188976378,0.0143192101792767,0.909620805893771,0.966886800887817
"ED1_005_TANGENCY_SV_POWER_n8000_depth6_reference","diagnostic","depth6_reference","TANGENCY_SV_POWER",8000,8000,"absolute","K1","joint_any_primary_false_report",10,254,0.0393700787401575,0.01220237417846,0.0215232688001508,0.0709423064790899
"ED1_005_TANGENCY_SV_POWER_n8000_depth6_reference","diagnostic","depth6_reference","TANGENCY_SV_POWER",8000,8000,"absolute","K1","joint_pointwise_grid_curve_coverage",0,0,,,,
"ED1_005_TANGENCY_SV_POWER_n8000_depth6_reference","diagnostic","depth6_reference","TANGENCY_SV_POWER",8000,8000,"absolute","K1","joint_derivative_assisted_grid_coverage",0,0,,,,
"ED1_005_TANGENCY_SV_POWER_n8000_depth6_reference","diagnostic","depth6_reference","TANGENCY_SV_POWER",8000,8000,"absolute","K1","joint_derivative_assisted_false_exact_root_report",0,0,,,,
"ED1_005_TANGENCY_SV_POWER_n8000_depth6_reference","diagnostic","depth6_reference","TANGENCY_SV_POWER",8000,8000,"absolute","K1","across_interval_joint_band_covers_truth_on_grid",241,254,0.948818897637795,0.0138270528403126,0.914415573030546,0.969848738235835
"ED1_005_TANGENCY_SV_POWER_n8000_depth6_reference","diagnostic","depth6_reference","TANGENCY_SV_POWER",8000,8000,"absolute","K1","across_interval_joint_band_covers_truth_on_audit_grid",241,254,0.948818897637795,0.0138270528403126,0.914415573030546,0.969848738235835
"ED1_005_TANGENCY_SV_POWER_n8000_depth6_reference","diagnostic","depth6_reference","TANGENCY_SV_POWER",8000,8000,"absolute","K1","across_interval_joint_continuum_band_covers_truth",240,254,0.94488188976378,0.0143192101792767,0.909620805893771,0.966886800887817
"ED1_005_TANGENCY_SV_POWER_n8000_depth6_reference","diagnostic","depth6_reference","TANGENCY_SV_POWER",8000,8000,"absolute","K1","across_interval_joint_any_primary_false_report",10,254,0.0393700787401575,0.01220237417846,0.0215232688001508,0.0709423064790899
"ED1_006_TANGENCY_SV_POWER_n8000_depth8_refined","diagnostic","depth8_refined","TANGENCY_SV_POWER",8000,8000,"absolute","K1","band_covers_truth_on_grid",241,254,0.948818897637795,0.0138270528403126,0.914415573030546,0.969848738235835
"ED1_006_TANGENCY_SV_POWER_n8000_depth8_refined","diagnostic","depth8_refined","TANGENCY_SV_POWER",8000,8000,"absolute","K1","band_covers_truth_on_audit_grid",241,254,0.948818897637795,0.0138270528403126,0.914415573030546,0.969848738235835
"ED1_006_TANGENCY_SV_POWER_n8000_depth8_refined","diagnostic","depth8_refined","TANGENCY_SV_POWER",8000,8000,"absolute","K1","continuum_band_covers_truth",240,254,0.94488188976378,0.0143192101792767,0.909620805893771,0.966886800887817
"ED1_006_TANGENCY_SV_POWER_n8000_depth8_refined","diagnostic","depth8_refined","TANGENCY_SV_POWER",8000,8000,"absolute","K1","guard_failed",0,254,0,0,0,0.0148985304313125
"ED1_006_TANGENCY_SV_POWER_n8000_depth8_refined","diagnostic","depth8_refined","TANGENCY_SV_POWER",8000,8000,"absolute","K1","roundoff_inflation_requested",254,254,1,0,0.985101469568688,1
"ED1_006_TANGENCY_SV_POWER_n8000_depth8_refined","diagnostic","depth8_refined","TANGENCY_SV_POWER",8000,8000,"absolute","K1","roundoff_inflation_margin_applied",254,254,1,0,0.985101469568688,1
"ED1_006_TANGENCY_SV_POWER_n8000_depth8_refined","diagnostic","depth8_refined","TANGENCY_SV_POWER",8000,8000,"absolute","K1","continuum_truth_limit_hit",1,254,0.00393700787401575,0.00392925021549497,0.000695316956305255,0.0219599179598001
"ED1_006_TANGENCY_SV_POWER_n8000_depth8_refined","diagnostic","depth8_refined","TANGENCY_SV_POWER",8000,8000,"absolute","K1","continuum_truth_endpoint_violation",13,254,0.0511811023622047,0.0138270528403126,0.0301512617641654,0.0855844269694537
"ED1_006_TANGENCY_SV_POWER_n8000_depth8_refined","diagnostic","depth8_refined","TANGENCY_SV_POWER",8000,8000,"absolute","K1","enclosure_limit_hit",40,254,0.15748031496063,0.022855267433371,0.117830902600507,0.207335807222518
"ED1_006_TANGENCY_SV_POWER_n8000_depth8_refined","diagnostic","depth8_refined","TANGENCY_SV_POWER",8000,8000,"absolute","K1","enclosure_depth_limit_hit",40,254,0.15748031496063,0.022855267433371,0.117830902600507,0.207335807222518
"ED1_006_TANGENCY_SV_POWER_n8000_depth8_refined","diagnostic","depth8_refined","TANGENCY_SV_POWER",8000,8000,"absolute","K1","enclosure_node_limit_hit",0,254,0,0,0,0.0148985304313125
"ED1_006_TANGENCY_SV_POWER_n8000_depth8_refined","diagnostic","depth8_refined","TANGENCY_SV_POWER",8000,8000,"absolute","K1","enclosure_variance_limit_hit",0,254,0,0,0,0.0148985304313125
"ED1_006_TANGENCY_SV_POWER_n8000_depth8_refined","diagnostic","depth8_refined","TANGENCY_SV_POWER",8000,8000,"absolute","K1","enclosure_statistical_limit_hit",40,254,0.15748031496063,0.022855267433371,0.117830902600507,0.207335807222518
"ED1_006_TANGENCY_SV_POWER_n8000_depth8_refined","diagnostic","depth8_refined","TANGENCY_SV_POWER",8000,8000,"absolute","K1","continuum_no_root_certified",4,254,0.015748031496063,0.00781176958791875,0.0061407018670732,0.0397846465034106
"ED1_006_TANGENCY_SV_POWER_n8000_depth8_refined","diagnostic","depth8_refined","TANGENCY_SV_POWER",8000,8000,"absolute","K1","grid_only_no_root",0,0,,,,
"ED1_006_TANGENCY_SV_POWER_n8000_depth8_refined","diagnostic","depth8_refined","TANGENCY_SV_POWER",8000,8000,"absolute","K1","grid_continuum_no_root_disagreement",0,0,,,,
"ED1_006_TANGENCY_SV_POWER_n8000_depth8_refined","diagnostic","depth8_refined","TANGENCY_SV_POWER",8000,8000,"absolute","K1","reversal_certified",6,254,0.0236220472440945,0.00952907819324417,0.0108701341887398,0.0505686231513296
"ED1_006_TANGENCY_SV_POWER_n8000_depth8_refined","diagnostic","depth8_refined","TANGENCY_SV_POWER",8000,8000,"absolute","K1","grid_only_reversal_certified",0,0,,,,
"ED1_006_TANGENCY_SV_POWER_n8000_depth8_refined","diagnostic","depth8_refined","TANGENCY_SV_POWER",8000,8000,"absolute","K1","direction_correct",0,6,0,0,0,0.390334287902165
"ED1_006_TANGENCY_SV_POWER_n8000_depth8_refined","diagnostic","depth8_refined","TANGENCY_SV_POWER",8000,8000,"absolute","K1","false_direction_report",6,254,0.0236220472440945,0.00952907819324417,0.0108701341887398,0.0505686231513296
"ED1_006_TANGENCY_SV_POWER_n8000_depth8_refined","diagnostic","depth8_refined","TANGENCY_SV_POWER",8000,8000,"absolute","K1","false_sign_report",10,254,0.0393700787401575,0.01220237417846,0.0215232688001508,0.0709423064790899
"ED1_006_TANGENCY_SV_POWER_n8000_depth8_refined","diagnostic","depth8_refined","TANGENCY_SV_POWER",8000,8000,"absolute","K1","false_reversal_report",6,254,0.0236220472440945,0.00952907819324417,0.0108701341887398,0.0505686231513296
"ED1_006_TANGENCY_SV_POWER_n8000_depth8_refined","diagnostic","depth8_refined","TANGENCY_SV_POWER",8000,8000,"absolute","K1","false_no_root_report",4,254,0.015748031496063,0.00781176958791875,0.0061407018670732,0.0397846465034106
"ED1_006_TANGENCY_SV_POWER_n8000_depth8_refined","diagnostic","depth8_refined","TANGENCY_SV_POWER",8000,8000,"absolute","K1","budget_rejected",0,254,0,0,0,0.0148985304313125
"ED1_006_TANGENCY_SV_POWER_n8000_depth8_refined","diagnostic","depth8_refined","TANGENCY_SV_POWER",8000,8000,"absolute","K1","false_budget_rejection",0,254,0,0,0,0.0148985304313125
"ED1_006_TANGENCY_SV_POWER_n8000_depth8_refined","diagnostic","depth8_refined","TANGENCY_SV_POWER",8000,8000,"absolute","K1","zero_budget_diagnostic_applicable",0,254,0,0,0,0.0148985304313125
"ED1_006_TANGENCY_SV_POWER_n8000_depth8_refined","diagnostic","depth8_refined","TANGENCY_SV_POWER",8000,8000,"absolute","K1","zero_budget_rejected",6,254,0.0236220472440945,0.00952907819324417,0.0108701341887398,0.0505686231513296
"ED1_006_TANGENCY_SV_POWER_n8000_depth8_refined","diagnostic","depth8_refined","TANGENCY_SV_POWER",8000,8000,"absolute","K1","exact_count_certified",0,254,0,0,0,0.0148985304313125
"ED1_006_TANGENCY_SV_POWER_n8000_depth8_refined","diagnostic","depth8_refined","TANGENCY_SV_POWER",8000,8000,"absolute","K1","simplicity_certified",0,254,0,0,0,0.0148985304313125
"ED1_006_TANGENCY_SV_POWER_n8000_depth8_refined","diagnostic","depth8_refined","TANGENCY_SV_POWER",8000,8000,"absolute","K1","exact_count_statement_true",0,254,0,0,0,0.0148985304313125
"ED1_006_TANGENCY_SV_POWER_n8000_depth8_refined","diagnostic","depth8_refined","TANGENCY_SV_POWER",8000,8000,"absolute","K1","false_exact_count_report",0,254,0,0,0,0.0148985304313125
"ED1_006_TANGENCY_SV_POWER_n8000_depth8_refined","diagnostic","depth8_refined","TANGENCY_SV_POWER",8000,8000,"absolute","K1","bracket_covers_root",6,6,1,0,0.609665712097835,1
"ED1_006_TANGENCY_SV_POWER_n8000_depth8_refined","diagnostic","depth8_refined","TANGENCY_SV_POWER",8000,8000,"absolute","K1","brackets_cover_all_distinct_roots",6,6,1,0,0.609665712097835,1
"ED1_006_TANGENCY_SV_POWER_n8000_depth8_refined","diagnostic","depth8_refined","TANGENCY_SV_POWER",8000,8000,"absolute","K1","false_bracket_report",0,254,0,0,0,0.0148985304313125
"ED1_006_TANGENCY_SV_POWER_n8000_depth8_refined","diagnostic","depth8_refined","TANGENCY_SV_POWER",8000,8000,"absolute","K1","outer_band_contains_root",244,254,0.960629921259842,0.01220237417846,0.92905769352091,0.978476731199849
"ED1_006_TANGENCY_SV_POWER_n8000_depth8_refined","diagnostic","depth8_refined","TANGENCY_SV_POWER",8000,8000,"absolute","K1","outer_set_covers_truth",244,254,0.960629921259842,0.01220237417846,0.92905769352091,0.978476731199849
"ED1_006_TANGENCY_SV_POWER_n8000_depth8_refined","diagnostic","depth8_refined","TANGENCY_SV_POWER",8000,8000,"absolute","K1","numerical_outer_contains_root",244,254,0.960629921259842,0.01220237417846,0.92905769352091,0.978476731199849
"ED1_006_TANGENCY_SV_POWER_n8000_depth8_refined","diagnostic","depth8_refined","TANGENCY_SV_POWER",8000,8000,"absolute","K1","numerical_outer_contains_all_roots",244,254,0.960629921259842,0.01220237417846,0.92905769352091,0.978476731199849
"ED1_006_TANGENCY_SV_POWER_n8000_depth8_refined","diagnostic","depth8_refined","TANGENCY_SV_POWER",8000,8000,"absolute","K1","false_outer_report",10,254,0.0393700787401575,0.01220237417846,0.0215232688001508,0.0709423064790899
"ED1_006_TANGENCY_SV_POWER_n8000_depth8_refined","diagnostic","depth8_refined","TANGENCY_SV_POWER",8000,8000,"absolute","K1","tangency_localization_applicable",254,254,1,0,0.985101469568688,1
"ED1_006_TANGENCY_SV_POWER_n8000_depth8_refined","diagnostic","depth8_refined","TANGENCY_SV_POWER",8000,8000,"absolute","K1","tangency_local_outer_nonempty",250,254,0.984251968503937,0.00781176958791874,0.960215353496589,0.993859298132927
"ED1_006_TANGENCY_SV_POWER_n8000_depth8_refined","diagnostic","depth8_refined","TANGENCY_SV_POWER",8000,8000,"absolute","K1","tangency_truncated_local_outer_nonempty",250,254,0.984251968503937,0.00781176958791874,0.960215353496589,0.993859298132927
"ED1_006_TANGENCY_SV_POWER_n8000_depth8_refined","diagnostic","depth8_refined","TANGENCY_SV_POWER",8000,8000,"absolute","K1","tangency_truncated_local_touches_left_boundary",167,254,0.65748031496063,0.0297760638424955,0.597162949572895,0.713105229818818
"ED1_006_TANGENCY_SV_POWER_n8000_depth8_refined","diagnostic","depth8_refined","TANGENCY_SV_POWER",8000,8000,"absolute","K1","tangency_truncated_local_touches_right_boundary",199,254,0.783464566929134,0.025843855732395,0.728790009034092,0.829692713870991
"ED1_006_TANGENCY_SV_POWER_n8000_depth8_refined","diagnostic","depth8_refined","TANGENCY_SV_POWER",8000,8000,"absolute","K1","tangency_truncated_local_censored_by_window",200,254,0.78740157480315,0.0256720945040156,0.732996332755603,0.833243094634273
"ED1_006_TANGENCY_SV_POWER_n8000_depth8_refined","diagnostic","depth8_refined","TANGENCY_SV_POWER",8000,8000,"absolute","K1","tangency_global_geometry_applicable",254,254,1,0,0.985101469568688,1
"ED1_006_TANGENCY_SV_POWER_n8000_depth8_refined","diagnostic","depth8_refined","TANGENCY_SV_POWER",8000,8000,"absolute","K1","tangency_global_geometry_conditioned_on_continuum_band_coverage",240,254,0.94488188976378,0.0143192101792767,0.909620805893771,0.966886800887817
"ED1_006_TANGENCY_SV_POWER_n8000_depth8_refined","diagnostic","depth8_refined","TANGENCY_SV_POWER",8000,8000,"absolute","K1","tangency_global_outer_nonempty_conditional_on_continuum_band_coverage",240,240,1,0,0.984246080058441,1
"ED1_006_TANGENCY_SV_POWER_n8000_depth8_refined","diagnostic","depth8_refined","TANGENCY_SV_POWER",8000,8000,"absolute","K1","tangency_global_outer_contains_root_conditional_on_continuum_band_coverage",240,240,1,0,0.984246080058441,1
"ED1_006_TANGENCY_SV_POWER_n8000_depth8_refined","diagnostic","depth8_refined","TANGENCY_SV_POWER",8000,8000,"absolute","K1","tangency_global_outer_touches_K_left_conditional_on_continuum_band_coverage",16,240,0.0666666666666667,0.0161015297179883,0.041448900547079,0.105537830068939
"ED1_006_TANGENCY_SV_POWER_n8000_depth8_refined","diagnostic","depth8_refined","TANGENCY_SV_POWER",8000,8000,"absolute","K1","tangency_global_outer_touches_K_right_conditional_on_continuum_band_coverage",0,240,0,0,1.73472347597681e-18,0.0157539199415588
"ED1_006_TANGENCY_SV_POWER_n8000_depth8_refined","diagnostic","depth8_refined","TANGENCY_SV_POWER",8000,8000,"absolute","K1","tangency_global_outer_touches_K_boundary_conditional_on_continuum_band_coverage",16,240,0.0666666666666667,0.0161015297179883,0.041448900547079,0.105537830068939
"ED1_006_TANGENCY_SV_POWER_n8000_depth8_refined","diagnostic","depth8_refined","TANGENCY_SV_POWER",8000,8000,"absolute","K1","tangency_global_root_component_present_conditional_on_continuum_band_coverage",240,240,1,0,0.984246080058441,1
"ED1_006_TANGENCY_SV_POWER_n8000_depth8_refined","diagnostic","depth8_refined","TANGENCY_SV_POWER",8000,8000,"absolute","K1","tangency_global_root_component_touches_K_left_conditional_on_continuum_band_coverage",16,240,0.0666666666666667,0.0161015297179883,0.041448900547079,0.105537830068939
"ED1_006_TANGENCY_SV_POWER_n8000_depth8_refined","diagnostic","depth8_refined","TANGENCY_SV_POWER",8000,8000,"absolute","K1","tangency_global_root_component_touches_K_right_conditional_on_continuum_band_coverage",0,240,0,0,1.73472347597681e-18,0.0157539199415588
"ED1_006_TANGENCY_SV_POWER_n8000_depth8_refined","diagnostic","depth8_refined","TANGENCY_SV_POWER",8000,8000,"absolute","K1","tangency_global_root_component_touches_K_boundary_conditional_on_continuum_band_coverage",16,240,0.0666666666666667,0.0161015297179883,0.041448900547079,0.105537830068939
"ED1_006_TANGENCY_SV_POWER_n8000_depth8_refined","diagnostic","depth8_refined","TANGENCY_SV_POWER",8000,8000,"absolute","K1","root_isolation_applicable",0,254,0,0,0,0.0148985304313125
"ED1_006_TANGENCY_SV_POWER_n8000_depth8_refined","diagnostic","depth8_refined","TANGENCY_SV_POWER",8000,8000,"absolute","K1","root_isolation_success",0,0,,,,
"ED1_006_TANGENCY_SV_POWER_n8000_depth8_refined","diagnostic","depth8_refined","TANGENCY_SV_POWER",8000,8000,"absolute","K1","root_isolation_limit_hit",0,0,,,,
"ED1_006_TANGENCY_SV_POWER_n8000_depth8_refined","diagnostic","depth8_refined","TANGENCY_SV_POWER",8000,8000,"absolute","K1","root_isolation_all_tolerances_met",0,0,,,,
"ED1_006_TANGENCY_SV_POWER_n8000_depth8_refined","diagnostic","depth8_refined","TANGENCY_SV_POWER",8000,8000,"absolute","K1","wald_reported",0,0,,,,
"ED1_006_TANGENCY_SV_POWER_n8000_depth8_refined","diagnostic","depth8_refined","TANGENCY_SV_POWER",8000,8000,"absolute","K1","wald_conditional_cover",0,0,,,,
"ED1_006_TANGENCY_SV_POWER_n8000_depth8_refined","diagnostic","depth8_refined","TANGENCY_SV_POWER",8000,8000,"absolute","K1","wald_formal_unconditional_cover",0,0,,,,
"ED1_006_TANGENCY_SV_POWER_n8000_depth8_refined","diagnostic","depth8_refined","TANGENCY_SV_POWER",8000,8000,"absolute","K1","wald_report_and_cover",0,0,,,,
"ED1_006_TANGENCY_SV_POWER_n8000_depth8_refined","diagnostic","depth8_refined","TANGENCY_SV_POWER",8000,8000,"absolute","K1","root_multiplier_applicable",0,254,0,0,0,0.0148985304313125
"ED1_006_TANGENCY_SV_POWER_n8000_depth8_refined","diagnostic","depth8_refined","TANGENCY_SV_POWER",8000,8000,"absolute","K1","root_multiplier_reported",0,0,,,,
"ED1_006_TANGENCY_SV_POWER_n8000_depth8_refined","diagnostic","depth8_refined","TANGENCY_SV_POWER",8000,8000,"absolute","K1","root_multiplier_conditional_cover",0,0,,,,
"ED1_006_TANGENCY_SV_POWER_n8000_depth8_refined","diagnostic","depth8_refined","TANGENCY_SV_POWER",8000,8000,"absolute","K1","root_multiplier_formal_unconditional_cover",0,0,,,,
"ED1_006_TANGENCY_SV_POWER_n8000_depth8_refined","diagnostic","depth8_refined","TANGENCY_SV_POWER",8000,8000,"absolute","K1","root_multiplier_report_and_cover",0,0,,,,
"ED1_006_TANGENCY_SV_POWER_n8000_depth8_refined","diagnostic","depth8_refined","TANGENCY_SV_POWER",8000,8000,"absolute","K1","derivative_assisted_requested",0,254,0,0,0,0.0148985304313125
"ED1_006_TANGENCY_SV_POWER_n8000_depth8_refined","diagnostic","depth8_refined","TANGENCY_SV_POWER",8000,8000,"absolute","K1","derivative_assisted_implemented",254,254,1,0,0.985101469568688,1
"ED1_006_TANGENCY_SV_POWER_n8000_depth8_refined","diagnostic","depth8_refined","TANGENCY_SV_POWER",8000,8000,"absolute","K1","derivative_assisted_applicable",0,254,0,0,0,0.0148985304313125
"ED1_006_TANGENCY_SV_POWER_n8000_depth8_refined","diagnostic","depth8_refined","TANGENCY_SV_POWER",8000,8000,"absolute","K1","derivative_assisted_reported",0,0,,,,
"ED1_006_TANGENCY_SV_POWER_n8000_depth8_refined","diagnostic","depth8_refined","TANGENCY_SV_POWER",8000,8000,"absolute","K1","derivative_assisted_failure",0,0,,,,
"ED1_006_TANGENCY_SV_POWER_n8000_depth8_refined","diagnostic","depth8_refined","TANGENCY_SV_POWER",8000,8000,"absolute","K1","derivative_assisted_same_multiplier_seed",0,0,,,,
"ED1_006_TANGENCY_SV_POWER_n8000_depth8_refined","diagnostic","depth8_refined","TANGENCY_SV_POWER",8000,8000,"absolute","K1","derivative_assisted_guard_failed",0,0,,,,
"ED1_006_TANGENCY_SV_POWER_n8000_depth8_refined","diagnostic","depth8_refined","TANGENCY_SV_POWER",8000,8000,"absolute","K1","derivative_assisted_enclosure_limit_hit",0,0,,,,
"ED1_006_TANGENCY_SV_POWER_n8000_depth8_refined","diagnostic","depth8_refined","TANGENCY_SV_POWER",8000,8000,"absolute","K1","derivative_assisted_derivative_positive_throughout_K",0,0,,,,
"ED1_006_TANGENCY_SV_POWER_n8000_depth8_refined","diagnostic","depth8_refined","TANGENCY_SV_POWER",8000,8000,"absolute","K1","derivative_assisted_derivative_negative_throughout_K",0,0,,,,
"ED1_006_TANGENCY_SV_POWER_n8000_depth8_refined","diagnostic","depth8_refined","TANGENCY_SV_POWER",8000,8000,"absolute","K1","derivative_assisted_exact_root_certified",0,0,,,,
"ED1_006_TANGENCY_SV_POWER_n8000_depth8_refined","diagnostic","depth8_refined","TANGENCY_SV_POWER",8000,8000,"absolute","K1","derivative_assisted_local_exact_root_certified",0,0,,,,
"ED1_006_TANGENCY_SV_POWER_n8000_depth8_refined","diagnostic","depth8_refined","TANGENCY_SV_POWER",8000,8000,"absolute","K1","derivative_assisted_exact_root_on_K_certified",0,0,,,,
"ED1_006_TANGENCY_SV_POWER_n8000_depth8_refined","diagnostic","depth8_refined","TANGENCY_SV_POWER",8000,8000,"absolute","K1","derivative_assisted_exact_root_on_K_statement_true",0,0,,,,
"ED1_006_TANGENCY_SV_POWER_n8000_depth8_refined","diagnostic","depth8_refined","TANGENCY_SV_POWER",8000,8000,"absolute","K1","derivative_assisted_false_exact_root_on_K_report",0,0,,,,
"ED1_006_TANGENCY_SV_POWER_n8000_depth8_refined","diagnostic","depth8_refined","TANGENCY_SV_POWER",8000,8000,"absolute","K1","derivative_assisted_certificate_reported",0,0,,,,
"ED1_006_TANGENCY_SV_POWER_n8000_depth8_refined","diagnostic","depth8_refined","TANGENCY_SV_POWER",8000,8000,"absolute","K1","derivative_assisted_certificate_statement_true",0,0,,,,
"ED1_006_TANGENCY_SV_POWER_n8000_depth8_refined","diagnostic","depth8_refined","TANGENCY_SV_POWER",8000,8000,"absolute","K1","derivative_assisted_false_exact_root_report",0,0,,,,
"ED1_006_TANGENCY_SV_POWER_n8000_depth8_refined","diagnostic","depth8_refined","TANGENCY_SV_POWER",8000,8000,"absolute","K1","derivative_assisted_value_grid_coverage",0,0,,,,
"ED1_006_TANGENCY_SV_POWER_n8000_depth8_refined","diagnostic","depth8_refined","TANGENCY_SV_POWER",8000,8000,"absolute","K1","derivative_assisted_derivative_grid_coverage",0,0,,,,
"ED1_006_TANGENCY_SV_POWER_n8000_depth8_refined","diagnostic","depth8_refined","TANGENCY_SV_POWER",8000,8000,"absolute","K1","derivative_assisted_joint_grid_coverage",0,0,,,,
"ED1_006_TANGENCY_SV_POWER_n8000_depth8_refined","diagnostic","depth8_refined","TANGENCY_SV_POWER",8000,8000,"absolute","K1","pointwise_grid_curve_coverage",0,0,,,,
"ED1_006_TANGENCY_SV_POWER_n8000_depth8_refined","diagnostic","depth8_refined","TANGENCY_SV_POWER",8000,8000,"absolute","K1","pointwise_root_coverage",0,0,,,,
"ED1_006_TANGENCY_SV_POWER_n8000_depth8_refined","diagnostic","depth8_refined","TANGENCY_SV_POWER",8000,8000,"absolute","K1","pointwise_false_sign_report",0,0,,,,
"ED1_006_TANGENCY_SV_POWER_n8000_depth8_refined","diagnostic","depth8_refined","TANGENCY_SV_POWER",8000,8000,"absolute","K1","pointwise_reversal_report",0,0,,,,
"ED1_006_TANGENCY_SV_POWER_n8000_depth8_refined","diagnostic","depth8_refined","TANGENCY_SV_POWER",8000,8000,"absolute","K1","pointwise_no_root_report",0,0,,,,
"ED1_006_TANGENCY_SV_POWER_n8000_depth8_refined","diagnostic","depth8_refined","TANGENCY_SV_POWER",8000,8000,"absolute","K1","any_primary_false_report",10,254,0.0393700787401575,0.01220237417846,0.0215232688001508,0.0709423064790899
"ED1_006_TANGENCY_SV_POWER_n8000_depth8_refined","diagnostic","depth8_refined","TANGENCY_SV_POWER",8000,8000,"absolute","K1","joint_band_covers_truth_on_grid",241,254,0.948818897637795,0.0138270528403126,0.914415573030546,0.969848738235835
"ED1_006_TANGENCY_SV_POWER_n8000_depth8_refined","diagnostic","depth8_refined","TANGENCY_SV_POWER",8000,8000,"absolute","K1","joint_band_covers_truth_on_audit_grid",241,254,0.948818897637795,0.0138270528403126,0.914415573030546,0.969848738235835
"ED1_006_TANGENCY_SV_POWER_n8000_depth8_refined","diagnostic","depth8_refined","TANGENCY_SV_POWER",8000,8000,"absolute","K1","joint_continuum_band_covers_truth",240,254,0.94488188976378,0.0143192101792767,0.909620805893771,0.966886800887817
"ED1_006_TANGENCY_SV_POWER_n8000_depth8_refined","diagnostic","depth8_refined","TANGENCY_SV_POWER",8000,8000,"absolute","K1","joint_any_primary_false_report",10,254,0.0393700787401575,0.01220237417846,0.0215232688001508,0.0709423064790899
"ED1_006_TANGENCY_SV_POWER_n8000_depth8_refined","diagnostic","depth8_refined","TANGENCY_SV_POWER",8000,8000,"absolute","K1","joint_pointwise_grid_curve_coverage",0,0,,,,
"ED1_006_TANGENCY_SV_POWER_n8000_depth8_refined","diagnostic","depth8_refined","TANGENCY_SV_POWER",8000,8000,"absolute","K1","joint_derivative_assisted_grid_coverage",0,0,,,,
"ED1_006_TANGENCY_SV_POWER_n8000_depth8_refined","diagnostic","depth8_refined","TANGENCY_SV_POWER",8000,8000,"absolute","K1","joint_derivative_assisted_false_exact_root_report",0,0,,,,
"ED1_006_TANGENCY_SV_POWER_n8000_depth8_refined","diagnostic","depth8_refined","TANGENCY_SV_POWER",8000,8000,"absolute","K1","across_interval_joint_band_covers_truth_on_grid",241,254,0.948818897637795,0.0138270528403126,0.914415573030546,0.969848738235835
"ED1_006_TANGENCY_SV_POWER_n8000_depth8_refined","diagnostic","depth8_refined","TANGENCY_SV_POWER",8000,8000,"absolute","K1","across_interval_joint_band_covers_truth_on_audit_grid",241,254,0.948818897637795,0.0138270528403126,0.914415573030546,0.969848738235835
"ED1_006_TANGENCY_SV_POWER_n8000_depth8_refined","diagnostic","depth8_refined","TANGENCY_SV_POWER",8000,8000,"absolute","K1","across_interval_joint_continuum_band_covers_truth",240,254,0.94488188976378,0.0143192101792767,0.909620805893771,0.966886800887817
"ED1_006_TANGENCY_SV_POWER_n8000_depth8_refined","diagnostic","depth8_refined","TANGENCY_SV_POWER",8000,8000,"absolute","K1","across_interval_joint_any_primary_false_report",10,254,0.0393700787401575,0.01220237417846,0.0215232688001508,0.0709423064790899
"ED1_007_TWO_ROOT_SV_POWER_n2000_depth6_reference","diagnostic","depth6_reference","TWO_ROOT_SV_POWER",2000,2000,"absolute","K3","band_covers_truth_on_grid",245,254,0.964566929133858,0.0115998860222368,0.934042581122305,0.981248548083247
"ED1_007_TWO_ROOT_SV_POWER_n2000_depth6_reference","diagnostic","depth6_reference","TWO_ROOT_SV_POWER",2000,2000,"absolute","K3","band_covers_truth_on_audit_grid",245,254,0.964566929133858,0.0115998860222368,0.934042581122305,0.981248548083247
"ED1_007_TWO_ROOT_SV_POWER_n2000_depth6_reference","diagnostic","depth6_reference","TWO_ROOT_SV_POWER",2000,2000,"absolute","K3","continuum_band_covers_truth",245,254,0.964566929133858,0.0115998860222368,0.934042581122305,0.981248548083247
"ED1_007_TWO_ROOT_SV_POWER_n2000_depth6_reference","diagnostic","depth6_reference","TWO_ROOT_SV_POWER",2000,2000,"absolute","K3","guard_failed",0,254,0,0,0,0.0148985304313125
"ED1_007_TWO_ROOT_SV_POWER_n2000_depth6_reference","diagnostic","depth6_reference","TWO_ROOT_SV_POWER",2000,2000,"absolute","K3","roundoff_inflation_requested",254,254,1,0,0.985101469568688,1
"ED1_007_TWO_ROOT_SV_POWER_n2000_depth6_reference","diagnostic","depth6_reference","TWO_ROOT_SV_POWER",2000,2000,"absolute","K3","roundoff_inflation_margin_applied",254,254,1,0,0.985101469568688,1
"ED1_007_TWO_ROOT_SV_POWER_n2000_depth6_reference","diagnostic","depth6_reference","TWO_ROOT_SV_POWER",2000,2000,"absolute","K3","continuum_truth_limit_hit",0,254,0,0,0,0.0148985304313125
"ED1_007_TWO_ROOT_SV_POWER_n2000_depth6_reference","diagnostic","depth6_reference","TWO_ROOT_SV_POWER",2000,2000,"absolute","K3","continuum_truth_endpoint_violation",9,254,0.0354330708661417,0.0115998860222368,0.0187514519167528,0.065957418877695
"ED1_007_TWO_ROOT_SV_POWER_n2000_depth6_reference","diagnostic","depth6_reference","TWO_ROOT_SV_POWER",2000,2000,"absolute","K3","enclosure_limit_hit",113,254,0.44488188976378,0.031181586147298,0.385039693193061,0.50636644401984
"ED1_007_TWO_ROOT_SV_POWER_n2000_depth6_reference","diagnostic","depth6_reference","TWO_ROOT_SV_POWER",2000,2000,"absolute","K3","enclosure_depth_limit_hit",113,254,0.44488188976378,0.031181586147298,0.385039693193061,0.50636644401984
"ED1_007_TWO_ROOT_SV_POWER_n2000_depth6_reference","diagnostic","depth6_reference","TWO_ROOT_SV_POWER",2000,2000,"absolute","K3","enclosure_node_limit_hit",0,254,0,0,0,0.0148985304313125
"ED1_007_TWO_ROOT_SV_POWER_n2000_depth6_reference","diagnostic","depth6_reference","TWO_ROOT_SV_POWER",2000,2000,"absolute","K3","enclosure_variance_limit_hit",0,254,0,0,0,0.0148985304313125
"ED1_007_TWO_ROOT_SV_POWER_n2000_depth6_reference","diagnostic","depth6_reference","TWO_ROOT_SV_POWER",2000,2000,"absolute","K3","enclosure_statistical_limit_hit",113,254,0.44488188976378,0.031181586147298,0.385039693193061,0.50636644401984
"ED1_007_TWO_ROOT_SV_POWER_n2000_depth6_reference","diagnostic","depth6_reference","TWO_ROOT_SV_POWER",2000,2000,"absolute","K3","continuum_no_root_certified",0,254,0,0,0,0.0148985304313125
"ED1_007_TWO_ROOT_SV_POWER_n2000_depth6_reference","diagnostic","depth6_reference","TWO_ROOT_SV_POWER",2000,2000,"absolute","K3","grid_only_no_root",0,0,,,,
"ED1_007_TWO_ROOT_SV_POWER_n2000_depth6_reference","diagnostic","depth6_reference","TWO_ROOT_SV_POWER",2000,2000,"absolute","K3","grid_continuum_no_root_disagreement",0,0,,,,
"ED1_007_TWO_ROOT_SV_POWER_n2000_depth6_reference","diagnostic","depth6_reference","TWO_ROOT_SV_POWER",2000,2000,"absolute","K3","reversal_certified",95,254,0.374015748031496,0.0303605608405202,0.316802240729689,0.434983215756941
"ED1_007_TWO_ROOT_SV_POWER_n2000_depth6_reference","diagnostic","depth6_reference","TWO_ROOT_SV_POWER",2000,2000,"absolute","K3","grid_only_reversal_certified",0,0,,,,
"ED1_007_TWO_ROOT_SV_POWER_n2000_depth6_reference","diagnostic","depth6_reference","TWO_ROOT_SV_POWER",2000,2000,"absolute","K3","direction_correct",93,95,0.978947368421053,0.0147289254556963,0.92645880505291,0.994207493135595
"ED1_007_TWO_ROOT_SV_POWER_n2000_depth6_reference","diagnostic","depth6_reference","TWO_ROOT_SV_POWER",2000,2000,"absolute","K3","false_direction_report",2,254,0.0078740157480315,0.00554580625551822,0.00216200169738765,0.0282499377035105
"ED1_007_TWO_ROOT_SV_POWER_n2000_depth6_reference","diagnostic","depth6_reference","TWO_ROOT_SV_POWER",2000,2000,"absolute","K3","false_sign_report",7,254,0.0275590551181102,0.0102718086790882,0.0134124312501783,0.0557830305746839
"ED1_007_TWO_ROOT_SV_POWER_n2000_depth6_reference","diagnostic","depth6_reference","TWO_ROOT_SV_POWER",2000,2000,"absolute","K3","false_reversal_report",2,254,0.0078740157480315,0.00554580625551822,0.00216200169738765,0.0282499377035105
"ED1_007_TWO_ROOT_SV_POWER_n2000_depth6_reference","diagnostic","depth6_reference","TWO_ROOT_SV_POWER",2000,2000,"absolute","K3","false_no_root_report",0,254,0,0,0,0.0148985304313125
"ED1_007_TWO_ROOT_SV_POWER_n2000_depth6_reference","diagnostic","depth6_reference","TWO_ROOT_SV_POWER",2000,2000,"absolute","K3","budget_rejected",0,254,0,0,0,0.0148985304313125
"ED1_007_TWO_ROOT_SV_POWER_n2000_depth6_reference","diagnostic","depth6_reference","TWO_ROOT_SV_POWER",2000,2000,"absolute","K3","false_budget_rejection",0,254,0,0,0,0.0148985304313125
"ED1_007_TWO_ROOT_SV_POWER_n2000_depth6_reference","diagnostic","depth6_reference","TWO_ROOT_SV_POWER",2000,2000,"absolute","K3","zero_budget_diagnostic_applicable",254,254,1,0,0.985101469568688,1
"ED1_007_TWO_ROOT_SV_POWER_n2000_depth6_reference","diagnostic","depth6_reference","TWO_ROOT_SV_POWER",2000,2000,"absolute","K3","zero_budget_rejected",95,254,0.374015748031496,0.0303605608405202,0.316802240729689,0.434983215756941
"ED1_007_TWO_ROOT_SV_POWER_n2000_depth6_reference","diagnostic","depth6_reference","TWO_ROOT_SV_POWER",2000,2000,"absolute","K3","exact_count_certified",92,254,0.362204724409449,0.0301578825846227,0.305555365025549,0.422959978006702
"ED1_007_TWO_ROOT_SV_POWER_n2000_depth6_reference","diagnostic","depth6_reference","TWO_ROOT_SV_POWER",2000,2000,"absolute","K3","simplicity_certified",92,254,0.362204724409449,0.0301578825846227,0.305555365025549,0.422959978006702
"ED1_007_TWO_ROOT_SV_POWER_n2000_depth6_reference","diagnostic","depth6_reference","TWO_ROOT_SV_POWER",2000,2000,"absolute","K3","exact_count_statement_true",254,254,1,0,0.985101469568688,1
"ED1_007_TWO_ROOT_SV_POWER_n2000_depth6_reference","diagnostic","depth6_reference","TWO_ROOT_SV_POWER",2000,2000,"absolute","K3","false_exact_count_report",0,254,0,0,0,0.0148985304313125
"ED1_007_TWO_ROOT_SV_POWER_n2000_depth6_reference","diagnostic","depth6_reference","TWO_ROOT_SV_POWER",2000,2000,"absolute","K3","bracket_covers_root",93,95,0.978947368421053,0.0147289254556963,0.92645880505291,0.994207493135595
"ED1_007_TWO_ROOT_SV_POWER_n2000_depth6_reference","diagnostic","depth6_reference","TWO_ROOT_SV_POWER",2000,2000,"absolute","K3","brackets_cover_all_distinct_roots",90,95,0.947368421052632,0.0229097763192635,0.882651138829621,0.97731188695085
"ED1_007_TWO_ROOT_SV_POWER_n2000_depth6_reference","diagnostic","depth6_reference","TWO_ROOT_SV_POWER",2000,2000,"absolute","K3","false_bracket_report",2,254,0.0078740157480315,0.00554580625551822,0.00216200169738765,0.0282499377035105
"ED1_007_TWO_ROOT_SV_POWER_n2000_depth6_reference","diagnostic","depth6_reference","TWO_ROOT_SV_POWER",2000,2000,"absolute","K3","outer_band_contains_root",0,0,,,,
"ED1_007_TWO_ROOT_SV_POWER_n2000_depth6_reference","diagnostic","depth6_reference","TWO_ROOT_SV_POWER",2000,2000,"absolute","K3","outer_set_covers_truth",247,254,0.97244094488189,0.0102718086790882,0.944216969425316,0.986587568749822
"ED1_007_TWO_ROOT_SV_POWER_n2000_depth6_reference","diagnostic","depth6_reference","TWO_ROOT_SV_POWER",2000,2000,"absolute","K3","numerical_outer_contains_root",0,0,,,,
"ED1_007_TWO_ROOT_SV_POWER_n2000_depth6_reference","diagnostic","depth6_reference","TWO_ROOT_SV_POWER",2000,2000,"absolute","K3","numerical_outer_contains_all_roots",247,254,0.97244094488189,0.0102718086790882,0.944216969425316,0.986587568749822
"ED1_007_TWO_ROOT_SV_POWER_n2000_depth6_reference","diagnostic","depth6_reference","TWO_ROOT_SV_POWER",2000,2000,"absolute","K3","false_outer_report",7,254,0.0275590551181102,0.0102718086790882,0.0134124312501783,0.0557830305746839
"ED1_007_TWO_ROOT_SV_POWER_n2000_depth6_reference","diagnostic","depth6_reference","TWO_ROOT_SV_POWER",2000,2000,"absolute","K3","tangency_localization_applicable",0,254,0,0,0,0.0148985304313125
"ED1_007_TWO_ROOT_SV_POWER_n2000_depth6_reference","diagnostic","depth6_reference","TWO_ROOT_SV_POWER",2000,2000,"absolute","K3","tangency_local_outer_nonempty",0,0,,,,
"ED1_007_TWO_ROOT_SV_POWER_n2000_depth6_reference","diagnostic","depth6_reference","TWO_ROOT_SV_POWER",2000,2000,"absolute","K3","tangency_truncated_local_outer_nonempty",0,0,,,,
"ED1_007_TWO_ROOT_SV_POWER_n2000_depth6_reference","diagnostic","depth6_reference","TWO_ROOT_SV_POWER",2000,2000,"absolute","K3","tangency_truncated_local_touches_left_boundary",0,0,,,,
"ED1_007_TWO_ROOT_SV_POWER_n2000_depth6_reference","diagnostic","depth6_reference","TWO_ROOT_SV_POWER",2000,2000,"absolute","K3","tangency_truncated_local_touches_right_boundary",0,0,,,,
"ED1_007_TWO_ROOT_SV_POWER_n2000_depth6_reference","diagnostic","depth6_reference","TWO_ROOT_SV_POWER",2000,2000,"absolute","K3","tangency_truncated_local_censored_by_window",0,0,,,,
"ED1_007_TWO_ROOT_SV_POWER_n2000_depth6_reference","diagnostic","depth6_reference","TWO_ROOT_SV_POWER",2000,2000,"absolute","K3","tangency_global_geometry_applicable",0,254,0,0,0,0.0148985304313125
"ED1_007_TWO_ROOT_SV_POWER_n2000_depth6_reference","diagnostic","depth6_reference","TWO_ROOT_SV_POWER",2000,2000,"absolute","K3","tangency_global_geometry_conditioned_on_continuum_band_coverage",0,254,0,0,0,0.0148985304313125
"ED1_007_TWO_ROOT_SV_POWER_n2000_depth6_reference","diagnostic","depth6_reference","TWO_ROOT_SV_POWER",2000,2000,"absolute","K3","tangency_global_outer_nonempty_conditional_on_continuum_band_coverage",0,0,,,,
"ED1_007_TWO_ROOT_SV_POWER_n2000_depth6_reference","diagnostic","depth6_reference","TWO_ROOT_SV_POWER",2000,2000,"absolute","K3","tangency_global_outer_contains_root_conditional_on_continuum_band_coverage",0,0,,,,
"ED1_007_TWO_ROOT_SV_POWER_n2000_depth6_reference","diagnostic","depth6_reference","TWO_ROOT_SV_POWER",2000,2000,"absolute","K3","tangency_global_outer_touches_K_left_conditional_on_continuum_band_coverage",0,0,,,,
"ED1_007_TWO_ROOT_SV_POWER_n2000_depth6_reference","diagnostic","depth6_reference","TWO_ROOT_SV_POWER",2000,2000,"absolute","K3","tangency_global_outer_touches_K_right_conditional_on_continuum_band_coverage",0,0,,,,
"ED1_007_TWO_ROOT_SV_POWER_n2000_depth6_reference","diagnostic","depth6_reference","TWO_ROOT_SV_POWER",2000,2000,"absolute","K3","tangency_global_outer_touches_K_boundary_conditional_on_continuum_band_coverage",0,0,,,,
"ED1_007_TWO_ROOT_SV_POWER_n2000_depth6_reference","diagnostic","depth6_reference","TWO_ROOT_SV_POWER",2000,2000,"absolute","K3","tangency_global_root_component_present_conditional_on_continuum_band_coverage",0,0,,,,
"ED1_007_TWO_ROOT_SV_POWER_n2000_depth6_reference","diagnostic","depth6_reference","TWO_ROOT_SV_POWER",2000,2000,"absolute","K3","tangency_global_root_component_touches_K_left_conditional_on_continuum_band_coverage",0,0,,,,
"ED1_007_TWO_ROOT_SV_POWER_n2000_depth6_reference","diagnostic","depth6_reference","TWO_ROOT_SV_POWER",2000,2000,"absolute","K3","tangency_global_root_component_touches_K_right_conditional_on_continuum_band_coverage",0,0,,,,
"ED1_007_TWO_ROOT_SV_POWER_n2000_depth6_reference","diagnostic","depth6_reference","TWO_ROOT_SV_POWER",2000,2000,"absolute","K3","tangency_global_root_component_touches_K_boundary_conditional_on_continuum_band_coverage",0,0,,,,
"ED1_007_TWO_ROOT_SV_POWER_n2000_depth6_reference","diagnostic","depth6_reference","TWO_ROOT_SV_POWER",2000,2000,"absolute","K3","root_isolation_applicable",254,254,1,0,0.985101469568688,1
"ED1_007_TWO_ROOT_SV_POWER_n2000_depth6_reference","diagnostic","depth6_reference","TWO_ROOT_SV_POWER",2000,2000,"absolute","K3","root_isolation_success",238,254,0.937007874015748,0.0152439633138085,0.900136551950244,0.960857645861758
"ED1_007_TWO_ROOT_SV_POWER_n2000_depth6_reference","diagnostic","depth6_reference","TWO_ROOT_SV_POWER",2000,2000,"absolute","K3","root_isolation_limit_hit",0,254,0,0,0,0.0148985304313125
"ED1_007_TWO_ROOT_SV_POWER_n2000_depth6_reference","diagnostic","depth6_reference","TWO_ROOT_SV_POWER",2000,2000,"absolute","K3","root_isolation_all_tolerances_met",238,254,0.937007874015748,0.0152439633138085,0.900136551950244,0.960857645861758
"ED1_007_TWO_ROOT_SV_POWER_n2000_depth6_reference","diagnostic","depth6_reference","TWO_ROOT_SV_POWER",2000,2000,"absolute","K3","wald_reported",238,254,0.937007874015748,0.0152439633138085,0.900136551950244,0.960857645861758
"ED1_007_TWO_ROOT_SV_POWER_n2000_depth6_reference","diagnostic","depth6_reference","TWO_ROOT_SV_POWER",2000,2000,"absolute","K3","wald_conditional_cover",231,238,0.970588235294118,0.0109519026401901,0.940545281431705,0.985681351058458
"ED1_007_TWO_ROOT_SV_POWER_n2000_depth6_reference","diagnostic","depth6_reference","TWO_ROOT_SV_POWER",2000,2000,"absolute","K3","wald_formal_unconditional_cover",245,254,0.964566929133858,0.0115998860222368,0.934042581122305,0.981248548083247
"ED1_007_TWO_ROOT_SV_POWER_n2000_depth6_reference","diagnostic","depth6_reference","TWO_ROOT_SV_POWER",2000,2000,"absolute","K3","wald_report_and_cover",231,254,0.909448818897638,0.0180060865369272,0.867794012580047,0.938903253838406
"ED1_007_TWO_ROOT_SV_POWER_n2000_depth6_reference","diagnostic","depth6_reference","TWO_ROOT_SV_POWER",2000,2000,"absolute","K3","root_multiplier_applicable",254,254,1,0,0.985101469568688,1
"ED1_007_TWO_ROOT_SV_POWER_n2000_depth6_reference","diagnostic","depth6_reference","TWO_ROOT_SV_POWER",2000,2000,"absolute","K3","root_multiplier_reported",238,254,0.937007874015748,0.0152439633138085,0.900136551950244,0.960857645861758
"ED1_007_TWO_ROOT_SV_POWER_n2000_depth6_reference","diagnostic","depth6_reference","TWO_ROOT_SV_POWER",2000,2000,"absolute","K3","root_multiplier_conditional_cover",235,238,0.987394957983193,0.00723151219484603,0.963602097380597,0.995704057698501
"ED1_007_TWO_ROOT_SV_POWER_n2000_depth6_reference","diagnostic","depth6_reference","TWO_ROOT_SV_POWER",2000,2000,"absolute","K3","root_multiplier_formal_unconditional_cover",251,254,0.988188976377953,0.0067787077900831,0.965856149041628,0.995975207072681
"ED1_007_TWO_ROOT_SV_POWER_n2000_depth6_reference","diagnostic","depth6_reference","TWO_ROOT_SV_POWER",2000,2000,"absolute","K3","root_multiplier_report_and_cover",235,254,0.925196850393701,0.0165066961377188,0.886132515721365,0.951591568636259
"ED1_007_TWO_ROOT_SV_POWER_n2000_depth6_reference","diagnostic","depth6_reference","TWO_ROOT_SV_POWER",2000,2000,"absolute","K3","derivative_assisted_requested",0,254,0,0,0,0.0148985304313125
"ED1_007_TWO_ROOT_SV_POWER_n2000_depth6_reference","diagnostic","depth6_reference","TWO_ROOT_SV_POWER",2000,2000,"absolute","K3","derivative_assisted_implemented",254,254,1,0,0.985101469568688,1
"ED1_007_TWO_ROOT_SV_POWER_n2000_depth6_reference","diagnostic","depth6_reference","TWO_ROOT_SV_POWER",2000,2000,"absolute","K3","derivative_assisted_applicable",0,254,0,0,0,0.0148985304313125
"ED1_007_TWO_ROOT_SV_POWER_n2000_depth6_reference","diagnostic","depth6_reference","TWO_ROOT_SV_POWER",2000,2000,"absolute","K3","derivative_assisted_reported",0,0,,,,
"ED1_007_TWO_ROOT_SV_POWER_n2000_depth6_reference","diagnostic","depth6_reference","TWO_ROOT_SV_POWER",2000,2000,"absolute","K3","derivative_assisted_failure",0,0,,,,
"ED1_007_TWO_ROOT_SV_POWER_n2000_depth6_reference","diagnostic","depth6_reference","TWO_ROOT_SV_POWER",2000,2000,"absolute","K3","derivative_assisted_same_multiplier_seed",0,0,,,,
"ED1_007_TWO_ROOT_SV_POWER_n2000_depth6_reference","diagnostic","depth6_reference","TWO_ROOT_SV_POWER",2000,2000,"absolute","K3","derivative_assisted_guard_failed",0,0,,,,
"ED1_007_TWO_ROOT_SV_POWER_n2000_depth6_reference","diagnostic","depth6_reference","TWO_ROOT_SV_POWER",2000,2000,"absolute","K3","derivative_assisted_enclosure_limit_hit",0,0,,,,
"ED1_007_TWO_ROOT_SV_POWER_n2000_depth6_reference","diagnostic","depth6_reference","TWO_ROOT_SV_POWER",2000,2000,"absolute","K3","derivative_assisted_derivative_positive_throughout_K",0,0,,,,
"ED1_007_TWO_ROOT_SV_POWER_n2000_depth6_reference","diagnostic","depth6_reference","TWO_ROOT_SV_POWER",2000,2000,"absolute","K3","derivative_assisted_derivative_negative_throughout_K",0,0,,,,
"ED1_007_TWO_ROOT_SV_POWER_n2000_depth6_reference","diagnostic","depth6_reference","TWO_ROOT_SV_POWER",2000,2000,"absolute","K3","derivative_assisted_exact_root_certified",0,0,,,,
"ED1_007_TWO_ROOT_SV_POWER_n2000_depth6_reference","diagnostic","depth6_reference","TWO_ROOT_SV_POWER",2000,2000,"absolute","K3","derivative_assisted_local_exact_root_certified",0,0,,,,
"ED1_007_TWO_ROOT_SV_POWER_n2000_depth6_reference","diagnostic","depth6_reference","TWO_ROOT_SV_POWER",2000,2000,"absolute","K3","derivative_assisted_exact_root_on_K_certified",0,0,,,,
"ED1_007_TWO_ROOT_SV_POWER_n2000_depth6_reference","diagnostic","depth6_reference","TWO_ROOT_SV_POWER",2000,2000,"absolute","K3","derivative_assisted_exact_root_on_K_statement_true",0,0,,,,
"ED1_007_TWO_ROOT_SV_POWER_n2000_depth6_reference","diagnostic","depth6_reference","TWO_ROOT_SV_POWER",2000,2000,"absolute","K3","derivative_assisted_false_exact_root_on_K_report",0,0,,,,
"ED1_007_TWO_ROOT_SV_POWER_n2000_depth6_reference","diagnostic","depth6_reference","TWO_ROOT_SV_POWER",2000,2000,"absolute","K3","derivative_assisted_certificate_reported",0,0,,,,
"ED1_007_TWO_ROOT_SV_POWER_n2000_depth6_reference","diagnostic","depth6_reference","TWO_ROOT_SV_POWER",2000,2000,"absolute","K3","derivative_assisted_certificate_statement_true",0,0,,,,
"ED1_007_TWO_ROOT_SV_POWER_n2000_depth6_reference","diagnostic","depth6_reference","TWO_ROOT_SV_POWER",2000,2000,"absolute","K3","derivative_assisted_false_exact_root_report",0,0,,,,
"ED1_007_TWO_ROOT_SV_POWER_n2000_depth6_reference","diagnostic","depth6_reference","TWO_ROOT_SV_POWER",2000,2000,"absolute","K3","derivative_assisted_value_grid_coverage",0,0,,,,
"ED1_007_TWO_ROOT_SV_POWER_n2000_depth6_reference","diagnostic","depth6_reference","TWO_ROOT_SV_POWER",2000,2000,"absolute","K3","derivative_assisted_derivative_grid_coverage",0,0,,,,
"ED1_007_TWO_ROOT_SV_POWER_n2000_depth6_reference","diagnostic","depth6_reference","TWO_ROOT_SV_POWER",2000,2000,"absolute","K3","derivative_assisted_joint_grid_coverage",0,0,,,,
"ED1_007_TWO_ROOT_SV_POWER_n2000_depth6_reference","diagnostic","depth6_reference","TWO_ROOT_SV_POWER",2000,2000,"absolute","K3","pointwise_grid_curve_coverage",0,0,,,,
"ED1_007_TWO_ROOT_SV_POWER_n2000_depth6_reference","diagnostic","depth6_reference","TWO_ROOT_SV_POWER",2000,2000,"absolute","K3","pointwise_root_coverage",0,0,,,,
"ED1_007_TWO_ROOT_SV_POWER_n2000_depth6_reference","diagnostic","depth6_reference","TWO_ROOT_SV_POWER",2000,2000,"absolute","K3","pointwise_false_sign_report",0,0,,,,
"ED1_007_TWO_ROOT_SV_POWER_n2000_depth6_reference","diagnostic","depth6_reference","TWO_ROOT_SV_POWER",2000,2000,"absolute","K3","pointwise_reversal_report",0,0,,,,
"ED1_007_TWO_ROOT_SV_POWER_n2000_depth6_reference","diagnostic","depth6_reference","TWO_ROOT_SV_POWER",2000,2000,"absolute","K3","pointwise_no_root_report",0,0,,,,
"ED1_007_TWO_ROOT_SV_POWER_n2000_depth6_reference","diagnostic","depth6_reference","TWO_ROOT_SV_POWER",2000,2000,"absolute","K3","any_primary_false_report",7,254,0.0275590551181102,0.0102718086790882,0.0134124312501783,0.0557830305746839
"ED1_007_TWO_ROOT_SV_POWER_n2000_depth6_reference","diagnostic","depth6_reference","TWO_ROOT_SV_POWER",2000,2000,"absolute","K3","joint_band_covers_truth_on_grid",245,254,0.964566929133858,0.0115998860222368,0.934042581122305,0.981248548083247
"ED1_007_TWO_ROOT_SV_POWER_n2000_depth6_reference","diagnostic","depth6_reference","TWO_ROOT_SV_POWER",2000,2000,"absolute","K3","joint_band_covers_truth_on_audit_grid",245,254,0.964566929133858,0.0115998860222368,0.934042581122305,0.981248548083247
"ED1_007_TWO_ROOT_SV_POWER_n2000_depth6_reference","diagnostic","depth6_reference","TWO_ROOT_SV_POWER",2000,2000,"absolute","K3","joint_continuum_band_covers_truth",245,254,0.964566929133858,0.0115998860222368,0.934042581122305,0.981248548083247
"ED1_007_TWO_ROOT_SV_POWER_n2000_depth6_reference","diagnostic","depth6_reference","TWO_ROOT_SV_POWER",2000,2000,"absolute","K3","joint_any_primary_false_report",7,254,0.0275590551181102,0.0102718086790882,0.0134124312501783,0.0557830305746839
"ED1_007_TWO_ROOT_SV_POWER_n2000_depth6_reference","diagnostic","depth6_reference","TWO_ROOT_SV_POWER",2000,2000,"absolute","K3","joint_pointwise_grid_curve_coverage",0,0,,,,
"ED1_007_TWO_ROOT_SV_POWER_n2000_depth6_reference","diagnostic","depth6_reference","TWO_ROOT_SV_POWER",2000,2000,"absolute","K3","joint_derivative_assisted_grid_coverage",0,0,,,,
"ED1_007_TWO_ROOT_SV_POWER_n2000_depth6_reference","diagnostic","depth6_reference","TWO_ROOT_SV_POWER",2000,2000,"absolute","K3","joint_derivative_assisted_false_exact_root_report",0,0,,,,
"ED1_007_TWO_ROOT_SV_POWER_n2000_depth6_reference","diagnostic","depth6_reference","TWO_ROOT_SV_POWER",2000,2000,"absolute","K3","across_interval_joint_band_covers_truth_on_grid",245,254,0.964566929133858,0.0115998860222368,0.934042581122305,0.981248548083247
"ED1_007_TWO_ROOT_SV_POWER_n2000_depth6_reference","diagnostic","depth6_reference","TWO_ROOT_SV_POWER",2000,2000,"absolute","K3","across_interval_joint_band_covers_truth_on_audit_grid",245,254,0.964566929133858,0.0115998860222368,0.934042581122305,0.981248548083247
"ED1_007_TWO_ROOT_SV_POWER_n2000_depth6_reference","diagnostic","depth6_reference","TWO_ROOT_SV_POWER",2000,2000,"absolute","K3","across_interval_joint_continuum_band_covers_truth",245,254,0.964566929133858,0.0115998860222368,0.934042581122305,0.981248548083247
"ED1_007_TWO_ROOT_SV_POWER_n2000_depth6_reference","diagnostic","depth6_reference","TWO_ROOT_SV_POWER",2000,2000,"absolute","K3","across_interval_joint_any_primary_false_report",7,254,0.0275590551181102,0.0102718086790882,0.0134124312501783,0.0557830305746839
"ED1_008_TWO_ROOT_SV_POWER_n2000_depth8_refined","diagnostic","depth8_refined","TWO_ROOT_SV_POWER",2000,2000,"absolute","K3","band_covers_truth_on_grid",245,254,0.964566929133858,0.0115998860222368,0.934042581122305,0.981248548083247
"ED1_008_TWO_ROOT_SV_POWER_n2000_depth8_refined","diagnostic","depth8_refined","TWO_ROOT_SV_POWER",2000,2000,"absolute","K3","band_covers_truth_on_audit_grid",245,254,0.964566929133858,0.0115998860222368,0.934042581122305,0.981248548083247
"ED1_008_TWO_ROOT_SV_POWER_n2000_depth8_refined","diagnostic","depth8_refined","TWO_ROOT_SV_POWER",2000,2000,"absolute","K3","continuum_band_covers_truth",245,254,0.964566929133858,0.0115998860222368,0.934042581122305,0.981248548083247
"ED1_008_TWO_ROOT_SV_POWER_n2000_depth8_refined","diagnostic","depth8_refined","TWO_ROOT_SV_POWER",2000,2000,"absolute","K3","guard_failed",0,254,0,0,0,0.0148985304313125
"ED1_008_TWO_ROOT_SV_POWER_n2000_depth8_refined","diagnostic","depth8_refined","TWO_ROOT_SV_POWER",2000,2000,"absolute","K3","roundoff_inflation_requested",254,254,1,0,0.985101469568688,1
"ED1_008_TWO_ROOT_SV_POWER_n2000_depth8_refined","diagnostic","depth8_refined","TWO_ROOT_SV_POWER",2000,2000,"absolute","K3","roundoff_inflation_margin_applied",254,254,1,0,0.985101469568688,1
"ED1_008_TWO_ROOT_SV_POWER_n2000_depth8_refined","diagnostic","depth8_refined","TWO_ROOT_SV_POWER",2000,2000,"absolute","K3","continuum_truth_limit_hit",0,254,0,0,0,0.0148985304313125
"ED1_008_TWO_ROOT_SV_POWER_n2000_depth8_refined","diagnostic","depth8_refined","TWO_ROOT_SV_POWER",2000,2000,"absolute","K3","continuum_truth_endpoint_violation",9,254,0.0354330708661417,0.0115998860222368,0.0187514519167528,0.065957418877695
"ED1_008_TWO_ROOT_SV_POWER_n2000_depth8_refined","diagnostic","depth8_refined","TWO_ROOT_SV_POWER",2000,2000,"absolute","K3","enclosure_limit_hit",26,254,0.102362204724409,0.019019693872236,0.0708159594650154,0.14575688757091
"ED1_008_TWO_ROOT_SV_POWER_n2000_depth8_refined","diagnostic","depth8_refined","TWO_ROOT_SV_POWER",2000,2000,"absolute","K3","enclosure_depth_limit_hit",26,254,0.102362204724409,0.019019693872236,0.0708159594650154,0.14575688757091
"ED1_008_TWO_ROOT_SV_POWER_n2000_depth8_refined","diagnostic","depth8_refined","TWO_ROOT_SV_POWER",2000,2000,"absolute","K3","enclosure_node_limit_hit",0,254,0,0,0,0.0148985304313125
"ED1_008_TWO_ROOT_SV_POWER_n2000_depth8_refined","diagnostic","depth8_refined","TWO_ROOT_SV_POWER",2000,2000,"absolute","K3","enclosure_variance_limit_hit",0,254,0,0,0,0.0148985304313125
"ED1_008_TWO_ROOT_SV_POWER_n2000_depth8_refined","diagnostic","depth8_refined","TWO_ROOT_SV_POWER",2000,2000,"absolute","K3","enclosure_statistical_limit_hit",26,254,0.102362204724409,0.019019693872236,0.0708159594650154,0.14575688757091
"ED1_008_TWO_ROOT_SV_POWER_n2000_depth8_refined","diagnostic","depth8_refined","TWO_ROOT_SV_POWER",2000,2000,"absolute","K3","continuum_no_root_certified",0,254,0,0,0,0.0148985304313125
"ED1_008_TWO_ROOT_SV_POWER_n2000_depth8_refined","diagnostic","depth8_refined","TWO_ROOT_SV_POWER",2000,2000,"absolute","K3","grid_only_no_root",0,0,,,,
"ED1_008_TWO_ROOT_SV_POWER_n2000_depth8_refined","diagnostic","depth8_refined","TWO_ROOT_SV_POWER",2000,2000,"absolute","K3","grid_continuum_no_root_disagreement",0,0,,,,
"ED1_008_TWO_ROOT_SV_POWER_n2000_depth8_refined","diagnostic","depth8_refined","TWO_ROOT_SV_POWER",2000,2000,"absolute","K3","reversal_certified",95,254,0.374015748031496,0.0303605608405202,0.316802240729689,0.434983215756941
"ED1_008_TWO_ROOT_SV_POWER_n2000_depth8_refined","diagnostic","depth8_refined","TWO_ROOT_SV_POWER",2000,2000,"absolute","K3","grid_only_reversal_certified",0,0,,,,
"ED1_008_TWO_ROOT_SV_POWER_n2000_depth8_refined","diagnostic","depth8_refined","TWO_ROOT_SV_POWER",2000,2000,"absolute","K3","direction_correct",93,95,0.978947368421053,0.0147289254556963,0.92645880505291,0.994207493135595
"ED1_008_TWO_ROOT_SV_POWER_n2000_depth8_refined","diagnostic","depth8_refined","TWO_ROOT_SV_POWER",2000,2000,"absolute","K3","false_direction_report",2,254,0.0078740157480315,0.00554580625551822,0.00216200169738765,0.0282499377035105
"ED1_008_TWO_ROOT_SV_POWER_n2000_depth8_refined","diagnostic","depth8_refined","TWO_ROOT_SV_POWER",2000,2000,"absolute","K3","false_sign_report",7,254,0.0275590551181102,0.0102718086790882,0.0134124312501783,0.0557830305746839
"ED1_008_TWO_ROOT_SV_POWER_n2000_depth8_refined","diagnostic","depth8_refined","TWO_ROOT_SV_POWER",2000,2000,"absolute","K3","false_reversal_report",2,254,0.0078740157480315,0.00554580625551822,0.00216200169738765,0.0282499377035105
"ED1_008_TWO_ROOT_SV_POWER_n2000_depth8_refined","diagnostic","depth8_refined","TWO_ROOT_SV_POWER",2000,2000,"absolute","K3","false_no_root_report",0,254,0,0,0,0.0148985304313125
"ED1_008_TWO_ROOT_SV_POWER_n2000_depth8_refined","diagnostic","depth8_refined","TWO_ROOT_SV_POWER",2000,2000,"absolute","K3","budget_rejected",0,254,0,0,0,0.0148985304313125
"ED1_008_TWO_ROOT_SV_POWER_n2000_depth8_refined","diagnostic","depth8_refined","TWO_ROOT_SV_POWER",2000,2000,"absolute","K3","false_budget_rejection",0,254,0,0,0,0.0148985304313125
"ED1_008_TWO_ROOT_SV_POWER_n2000_depth8_refined","diagnostic","depth8_refined","TWO_ROOT_SV_POWER",2000,2000,"absolute","K3","zero_budget_diagnostic_applicable",254,254,1,0,0.985101469568688,1
"ED1_008_TWO_ROOT_SV_POWER_n2000_depth8_refined","diagnostic","depth8_refined","TWO_ROOT_SV_POWER",2000,2000,"absolute","K3","zero_budget_rejected",95,254,0.374015748031496,0.0303605608405202,0.316802240729689,0.434983215756941
"ED1_008_TWO_ROOT_SV_POWER_n2000_depth8_refined","diagnostic","depth8_refined","TWO_ROOT_SV_POWER",2000,2000,"absolute","K3","exact_count_certified",92,254,0.362204724409449,0.0301578825846227,0.305555365025549,0.422959978006702
"ED1_008_TWO_ROOT_SV_POWER_n2000_depth8_refined","diagnostic","depth8_refined","TWO_ROOT_SV_POWER",2000,2000,"absolute","K3","simplicity_certified",92,254,0.362204724409449,0.0301578825846227,0.305555365025549,0.422959978006702
"ED1_008_TWO_ROOT_SV_POWER_n2000_depth8_refined","diagnostic","depth8_refined","TWO_ROOT_SV_POWER",2000,2000,"absolute","K3","exact_count_statement_true",254,254,1,0,0.985101469568688,1
"ED1_008_TWO_ROOT_SV_POWER_n2000_depth8_refined","diagnostic","depth8_refined","TWO_ROOT_SV_POWER",2000,2000,"absolute","K3","false_exact_count_report",0,254,0,0,0,0.0148985304313125
"ED1_008_TWO_ROOT_SV_POWER_n2000_depth8_refined","diagnostic","depth8_refined","TWO_ROOT_SV_POWER",2000,2000,"absolute","K3","bracket_covers_root",93,95,0.978947368421053,0.0147289254556963,0.92645880505291,0.994207493135595
"ED1_008_TWO_ROOT_SV_POWER_n2000_depth8_refined","diagnostic","depth8_refined","TWO_ROOT_SV_POWER",2000,2000,"absolute","K3","brackets_cover_all_distinct_roots",90,95,0.947368421052632,0.0229097763192635,0.882651138829621,0.97731188695085
"ED1_008_TWO_ROOT_SV_POWER_n2000_depth8_refined","diagnostic","depth8_refined","TWO_ROOT_SV_POWER",2000,2000,"absolute","K3","false_bracket_report",2,254,0.0078740157480315,0.00554580625551822,0.00216200169738765,0.0282499377035105
"ED1_008_TWO_ROOT_SV_POWER_n2000_depth8_refined","diagnostic","depth8_refined","TWO_ROOT_SV_POWER",2000,2000,"absolute","K3","outer_band_contains_root",0,0,,,,
"ED1_008_TWO_ROOT_SV_POWER_n2000_depth8_refined","diagnostic","depth8_refined","TWO_ROOT_SV_POWER",2000,2000,"absolute","K3","outer_set_covers_truth",247,254,0.97244094488189,0.0102718086790882,0.944216969425316,0.986587568749822
"ED1_008_TWO_ROOT_SV_POWER_n2000_depth8_refined","diagnostic","depth8_refined","TWO_ROOT_SV_POWER",2000,2000,"absolute","K3","numerical_outer_contains_root",0,0,,,,
"ED1_008_TWO_ROOT_SV_POWER_n2000_depth8_refined","diagnostic","depth8_refined","TWO_ROOT_SV_POWER",2000,2000,"absolute","K3","numerical_outer_contains_all_roots",247,254,0.97244094488189,0.0102718086790882,0.944216969425316,0.986587568749822
"ED1_008_TWO_ROOT_SV_POWER_n2000_depth8_refined","diagnostic","depth8_refined","TWO_ROOT_SV_POWER",2000,2000,"absolute","K3","false_outer_report",7,254,0.0275590551181102,0.0102718086790882,0.0134124312501783,0.0557830305746839
"ED1_008_TWO_ROOT_SV_POWER_n2000_depth8_refined","diagnostic","depth8_refined","TWO_ROOT_SV_POWER",2000,2000,"absolute","K3","tangency_localization_applicable",0,254,0,0,0,0.0148985304313125
"ED1_008_TWO_ROOT_SV_POWER_n2000_depth8_refined","diagnostic","depth8_refined","TWO_ROOT_SV_POWER",2000,2000,"absolute","K3","tangency_local_outer_nonempty",0,0,,,,
"ED1_008_TWO_ROOT_SV_POWER_n2000_depth8_refined","diagnostic","depth8_refined","TWO_ROOT_SV_POWER",2000,2000,"absolute","K3","tangency_truncated_local_outer_nonempty",0,0,,,,
"ED1_008_TWO_ROOT_SV_POWER_n2000_depth8_refined","diagnostic","depth8_refined","TWO_ROOT_SV_POWER",2000,2000,"absolute","K3","tangency_truncated_local_touches_left_boundary",0,0,,,,
"ED1_008_TWO_ROOT_SV_POWER_n2000_depth8_refined","diagnostic","depth8_refined","TWO_ROOT_SV_POWER",2000,2000,"absolute","K3","tangency_truncated_local_touches_right_boundary",0,0,,,,
"ED1_008_TWO_ROOT_SV_POWER_n2000_depth8_refined","diagnostic","depth8_refined","TWO_ROOT_SV_POWER",2000,2000,"absolute","K3","tangency_truncated_local_censored_by_window",0,0,,,,
"ED1_008_TWO_ROOT_SV_POWER_n2000_depth8_refined","diagnostic","depth8_refined","TWO_ROOT_SV_POWER",2000,2000,"absolute","K3","tangency_global_geometry_applicable",0,254,0,0,0,0.0148985304313125
"ED1_008_TWO_ROOT_SV_POWER_n2000_depth8_refined","diagnostic","depth8_refined","TWO_ROOT_SV_POWER",2000,2000,"absolute","K3","tangency_global_geometry_conditioned_on_continuum_band_coverage",0,254,0,0,0,0.0148985304313125
"ED1_008_TWO_ROOT_SV_POWER_n2000_depth8_refined","diagnostic","depth8_refined","TWO_ROOT_SV_POWER",2000,2000,"absolute","K3","tangency_global_outer_nonempty_conditional_on_continuum_band_coverage",0,0,,,,
"ED1_008_TWO_ROOT_SV_POWER_n2000_depth8_refined","diagnostic","depth8_refined","TWO_ROOT_SV_POWER",2000,2000,"absolute","K3","tangency_global_outer_contains_root_conditional_on_continuum_band_coverage",0,0,,,,
"ED1_008_TWO_ROOT_SV_POWER_n2000_depth8_refined","diagnostic","depth8_refined","TWO_ROOT_SV_POWER",2000,2000,"absolute","K3","tangency_global_outer_touches_K_left_conditional_on_continuum_band_coverage",0,0,,,,
"ED1_008_TWO_ROOT_SV_POWER_n2000_depth8_refined","diagnostic","depth8_refined","TWO_ROOT_SV_POWER",2000,2000,"absolute","K3","tangency_global_outer_touches_K_right_conditional_on_continuum_band_coverage",0,0,,,,
"ED1_008_TWO_ROOT_SV_POWER_n2000_depth8_refined","diagnostic","depth8_refined","TWO_ROOT_SV_POWER",2000,2000,"absolute","K3","tangency_global_outer_touches_K_boundary_conditional_on_continuum_band_coverage",0,0,,,,
"ED1_008_TWO_ROOT_SV_POWER_n2000_depth8_refined","diagnostic","depth8_refined","TWO_ROOT_SV_POWER",2000,2000,"absolute","K3","tangency_global_root_component_present_conditional_on_continuum_band_coverage",0,0,,,,
"ED1_008_TWO_ROOT_SV_POWER_n2000_depth8_refined","diagnostic","depth8_refined","TWO_ROOT_SV_POWER",2000,2000,"absolute","K3","tangency_global_root_component_touches_K_left_conditional_on_continuum_band_coverage",0,0,,,,
"ED1_008_TWO_ROOT_SV_POWER_n2000_depth8_refined","diagnostic","depth8_refined","TWO_ROOT_SV_POWER",2000,2000,"absolute","K3","tangency_global_root_component_touches_K_right_conditional_on_continuum_band_coverage",0,0,,,,
"ED1_008_TWO_ROOT_SV_POWER_n2000_depth8_refined","diagnostic","depth8_refined","TWO_ROOT_SV_POWER",2000,2000,"absolute","K3","tangency_global_root_component_touches_K_boundary_conditional_on_continuum_band_coverage",0,0,,,,
"ED1_008_TWO_ROOT_SV_POWER_n2000_depth8_refined","diagnostic","depth8_refined","TWO_ROOT_SV_POWER",2000,2000,"absolute","K3","root_isolation_applicable",254,254,1,0,0.985101469568688,1
"ED1_008_TWO_ROOT_SV_POWER_n2000_depth8_refined","diagnostic","depth8_refined","TWO_ROOT_SV_POWER",2000,2000,"absolute","K3","root_isolation_success",238,254,0.937007874015748,0.0152439633138085,0.900136551950244,0.960857645861758
"ED1_008_TWO_ROOT_SV_POWER_n2000_depth8_refined","diagnostic","depth8_refined","TWO_ROOT_SV_POWER",2000,2000,"absolute","K3","root_isolation_limit_hit",0,254,0,0,0,0.0148985304313125
"ED1_008_TWO_ROOT_SV_POWER_n2000_depth8_refined","diagnostic","depth8_refined","TWO_ROOT_SV_POWER",2000,2000,"absolute","K3","root_isolation_all_tolerances_met",238,254,0.937007874015748,0.0152439633138085,0.900136551950244,0.960857645861758
"ED1_008_TWO_ROOT_SV_POWER_n2000_depth8_refined","diagnostic","depth8_refined","TWO_ROOT_SV_POWER",2000,2000,"absolute","K3","wald_reported",238,254,0.937007874015748,0.0152439633138085,0.900136551950244,0.960857645861758
"ED1_008_TWO_ROOT_SV_POWER_n2000_depth8_refined","diagnostic","depth8_refined","TWO_ROOT_SV_POWER",2000,2000,"absolute","K3","wald_conditional_cover",231,238,0.970588235294118,0.0109519026401901,0.940545281431705,0.985681351058458
"ED1_008_TWO_ROOT_SV_POWER_n2000_depth8_refined","diagnostic","depth8_refined","TWO_ROOT_SV_POWER",2000,2000,"absolute","K3","wald_formal_unconditional_cover",245,254,0.964566929133858,0.0115998860222368,0.934042581122305,0.981248548083247
"ED1_008_TWO_ROOT_SV_POWER_n2000_depth8_refined","diagnostic","depth8_refined","TWO_ROOT_SV_POWER",2000,2000,"absolute","K3","wald_report_and_cover",231,254,0.909448818897638,0.0180060865369272,0.867794012580047,0.938903253838406
"ED1_008_TWO_ROOT_SV_POWER_n2000_depth8_refined","diagnostic","depth8_refined","TWO_ROOT_SV_POWER",2000,2000,"absolute","K3","root_multiplier_applicable",254,254,1,0,0.985101469568688,1
"ED1_008_TWO_ROOT_SV_POWER_n2000_depth8_refined","diagnostic","depth8_refined","TWO_ROOT_SV_POWER",2000,2000,"absolute","K3","root_multiplier_reported",238,254,0.937007874015748,0.0152439633138085,0.900136551950244,0.960857645861758
"ED1_008_TWO_ROOT_SV_POWER_n2000_depth8_refined","diagnostic","depth8_refined","TWO_ROOT_SV_POWER",2000,2000,"absolute","K3","root_multiplier_conditional_cover",235,238,0.987394957983193,0.00723151219484603,0.963602097380597,0.995704057698501
"ED1_008_TWO_ROOT_SV_POWER_n2000_depth8_refined","diagnostic","depth8_refined","TWO_ROOT_SV_POWER",2000,2000,"absolute","K3","root_multiplier_formal_unconditional_cover",251,254,0.988188976377953,0.0067787077900831,0.965856149041628,0.995975207072681
"ED1_008_TWO_ROOT_SV_POWER_n2000_depth8_refined","diagnostic","depth8_refined","TWO_ROOT_SV_POWER",2000,2000,"absolute","K3","root_multiplier_report_and_cover",235,254,0.925196850393701,0.0165066961377188,0.886132515721365,0.951591568636259
"ED1_008_TWO_ROOT_SV_POWER_n2000_depth8_refined","diagnostic","depth8_refined","TWO_ROOT_SV_POWER",2000,2000,"absolute","K3","derivative_assisted_requested",0,254,0,0,0,0.0148985304313125
"ED1_008_TWO_ROOT_SV_POWER_n2000_depth8_refined","diagnostic","depth8_refined","TWO_ROOT_SV_POWER",2000,2000,"absolute","K3","derivative_assisted_implemented",254,254,1,0,0.985101469568688,1
"ED1_008_TWO_ROOT_SV_POWER_n2000_depth8_refined","diagnostic","depth8_refined","TWO_ROOT_SV_POWER",2000,2000,"absolute","K3","derivative_assisted_applicable",0,254,0,0,0,0.0148985304313125
"ED1_008_TWO_ROOT_SV_POWER_n2000_depth8_refined","diagnostic","depth8_refined","TWO_ROOT_SV_POWER",2000,2000,"absolute","K3","derivative_assisted_reported",0,0,,,,
"ED1_008_TWO_ROOT_SV_POWER_n2000_depth8_refined","diagnostic","depth8_refined","TWO_ROOT_SV_POWER",2000,2000,"absolute","K3","derivative_assisted_failure",0,0,,,,
"ED1_008_TWO_ROOT_SV_POWER_n2000_depth8_refined","diagnostic","depth8_refined","TWO_ROOT_SV_POWER",2000,2000,"absolute","K3","derivative_assisted_same_multiplier_seed",0,0,,,,
"ED1_008_TWO_ROOT_SV_POWER_n2000_depth8_refined","diagnostic","depth8_refined","TWO_ROOT_SV_POWER",2000,2000,"absolute","K3","derivative_assisted_guard_failed",0,0,,,,
"ED1_008_TWO_ROOT_SV_POWER_n2000_depth8_refined","diagnostic","depth8_refined","TWO_ROOT_SV_POWER",2000,2000,"absolute","K3","derivative_assisted_enclosure_limit_hit",0,0,,,,
"ED1_008_TWO_ROOT_SV_POWER_n2000_depth8_refined","diagnostic","depth8_refined","TWO_ROOT_SV_POWER",2000,2000,"absolute","K3","derivative_assisted_derivative_positive_throughout_K",0,0,,,,
"ED1_008_TWO_ROOT_SV_POWER_n2000_depth8_refined","diagnostic","depth8_refined","TWO_ROOT_SV_POWER",2000,2000,"absolute","K3","derivative_assisted_derivative_negative_throughout_K",0,0,,,,
"ED1_008_TWO_ROOT_SV_POWER_n2000_depth8_refined","diagnostic","depth8_refined","TWO_ROOT_SV_POWER",2000,2000,"absolute","K3","derivative_assisted_exact_root_certified",0,0,,,,
"ED1_008_TWO_ROOT_SV_POWER_n2000_depth8_refined","diagnostic","depth8_refined","TWO_ROOT_SV_POWER",2000,2000,"absolute","K3","derivative_assisted_local_exact_root_certified",0,0,,,,
"ED1_008_TWO_ROOT_SV_POWER_n2000_depth8_refined","diagnostic","depth8_refined","TWO_ROOT_SV_POWER",2000,2000,"absolute","K3","derivative_assisted_exact_root_on_K_certified",0,0,,,,
"ED1_008_TWO_ROOT_SV_POWER_n2000_depth8_refined","diagnostic","depth8_refined","TWO_ROOT_SV_POWER",2000,2000,"absolute","K3","derivative_assisted_exact_root_on_K_statement_true",0,0,,,,
"ED1_008_TWO_ROOT_SV_POWER_n2000_depth8_refined","diagnostic","depth8_refined","TWO_ROOT_SV_POWER",2000,2000,"absolute","K3","derivative_assisted_false_exact_root_on_K_report",0,0,,,,
"ED1_008_TWO_ROOT_SV_POWER_n2000_depth8_refined","diagnostic","depth8_refined","TWO_ROOT_SV_POWER",2000,2000,"absolute","K3","derivative_assisted_certificate_reported",0,0,,,,
"ED1_008_TWO_ROOT_SV_POWER_n2000_depth8_refined","diagnostic","depth8_refined","TWO_ROOT_SV_POWER",2000,2000,"absolute","K3","derivative_assisted_certificate_statement_true",0,0,,,,
"ED1_008_TWO_ROOT_SV_POWER_n2000_depth8_refined","diagnostic","depth8_refined","TWO_ROOT_SV_POWER",2000,2000,"absolute","K3","derivative_assisted_false_exact_root_report",0,0,,,,
"ED1_008_TWO_ROOT_SV_POWER_n2000_depth8_refined","diagnostic","depth8_refined","TWO_ROOT_SV_POWER",2000,2000,"absolute","K3","derivative_assisted_value_grid_coverage",0,0,,,,
"ED1_008_TWO_ROOT_SV_POWER_n2000_depth8_refined","diagnostic","depth8_refined","TWO_ROOT_SV_POWER",2000,2000,"absolute","K3","derivative_assisted_derivative_grid_coverage",0,0,,,,
"ED1_008_TWO_ROOT_SV_POWER_n2000_depth8_refined","diagnostic","depth8_refined","TWO_ROOT_SV_POWER",2000,2000,"absolute","K3","derivative_assisted_joint_grid_coverage",0,0,,,,
"ED1_008_TWO_ROOT_SV_POWER_n2000_depth8_refined","diagnostic","depth8_refined","TWO_ROOT_SV_POWER",2000,2000,"absolute","K3","pointwise_grid_curve_coverage",0,0,,,,
"ED1_008_TWO_ROOT_SV_POWER_n2000_depth8_refined","diagnostic","depth8_refined","TWO_ROOT_SV_POWER",2000,2000,"absolute","K3","pointwise_root_coverage",0,0,,,,
"ED1_008_TWO_ROOT_SV_POWER_n2000_depth8_refined","diagnostic","depth8_refined","TWO_ROOT_SV_POWER",2000,2000,"absolute","K3","pointwise_false_sign_report",0,0,,,,
"ED1_008_TWO_ROOT_SV_POWER_n2000_depth8_refined","diagnostic","depth8_refined","TWO_ROOT_SV_POWER",2000,2000,"absolute","K3","pointwise_reversal_report",0,0,,,,
"ED1_008_TWO_ROOT_SV_POWER_n2000_depth8_refined","diagnostic","depth8_refined","TWO_ROOT_SV_POWER",2000,2000,"absolute","K3","pointwise_no_root_report",0,0,,,,
"ED1_008_TWO_ROOT_SV_POWER_n2000_depth8_refined","diagnostic","depth8_refined","TWO_ROOT_SV_POWER",2000,2000,"absolute","K3","any_primary_false_report",7,254,0.0275590551181102,0.0102718086790882,0.0134124312501783,0.0557830305746839
"ED1_008_TWO_ROOT_SV_POWER_n2000_depth8_refined","diagnostic","depth8_refined","TWO_ROOT_SV_POWER",2000,2000,"absolute","K3","joint_band_covers_truth_on_grid",245,254,0.964566929133858,0.0115998860222368,0.934042581122305,0.981248548083247
"ED1_008_TWO_ROOT_SV_POWER_n2000_depth8_refined","diagnostic","depth8_refined","TWO_ROOT_SV_POWER",2000,2000,"absolute","K3","joint_band_covers_truth_on_audit_grid",245,254,0.964566929133858,0.0115998860222368,0.934042581122305,0.981248548083247
"ED1_008_TWO_ROOT_SV_POWER_n2000_depth8_refined","diagnostic","depth8_refined","TWO_ROOT_SV_POWER",2000,2000,"absolute","K3","joint_continuum_band_covers_truth",245,254,0.964566929133858,0.0115998860222368,0.934042581122305,0.981248548083247
"ED1_008_TWO_ROOT_SV_POWER_n2000_depth8_refined","diagnostic","depth8_refined","TWO_ROOT_SV_POWER",2000,2000,"absolute","K3","joint_any_primary_false_report",7,254,0.0275590551181102,0.0102718086790882,0.0134124312501783,0.0557830305746839
"ED1_008_TWO_ROOT_SV_POWER_n2000_depth8_refined","diagnostic","depth8_refined","TWO_ROOT_SV_POWER",2000,2000,"absolute","K3","joint_pointwise_grid_curve_coverage",0,0,,,,
"ED1_008_TWO_ROOT_SV_POWER_n2000_depth8_refined","diagnostic","depth8_refined","TWO_ROOT_SV_POWER",2000,2000,"absolute","K3","joint_derivative_assisted_grid_coverage",0,0,,,,
"ED1_008_TWO_ROOT_SV_POWER_n2000_depth8_refined","diagnostic","depth8_refined","TWO_ROOT_SV_POWER",2000,2000,"absolute","K3","joint_derivative_assisted_false_exact_root_report",0,0,,,,
"ED1_008_TWO_ROOT_SV_POWER_n2000_depth8_refined","diagnostic","depth8_refined","TWO_ROOT_SV_POWER",2000,2000,"absolute","K3","across_interval_joint_band_covers_truth_on_grid",245,254,0.964566929133858,0.0115998860222368,0.934042581122305,0.981248548083247
"ED1_008_TWO_ROOT_SV_POWER_n2000_depth8_refined","diagnostic","depth8_refined","TWO_ROOT_SV_POWER",2000,2000,"absolute","K3","across_interval_joint_band_covers_truth_on_audit_grid",245,254,0.964566929133858,0.0115998860222368,0.934042581122305,0.981248548083247
"ED1_008_TWO_ROOT_SV_POWER_n2000_depth8_refined","diagnostic","depth8_refined","TWO_ROOT_SV_POWER",2000,2000,"absolute","K3","across_interval_joint_continuum_band_covers_truth",245,254,0.964566929133858,0.0115998860222368,0.934042581122305,0.981248548083247
"ED1_008_TWO_ROOT_SV_POWER_n2000_depth8_refined","diagnostic","depth8_refined","TWO_ROOT_SV_POWER",2000,2000,"absolute","K3","across_interval_joint_any_primary_false_report",7,254,0.0275590551181102,0.0102718086790882,0.0134124312501783,0.0557830305746839
"ED1_009_TWO_ROOT_SV_POWER_n4000_depth6_reference","diagnostic","depth6_reference","TWO_ROOT_SV_POWER",4000,4000,"absolute","K3","band_covers_truth_on_grid",242,254,0.952755905511811,0.0133121355481043,0.919250194307301,0.972770821443873
"ED1_009_TWO_ROOT_SV_POWER_n4000_depth6_reference","diagnostic","depth6_reference","TWO_ROOT_SV_POWER",4000,4000,"absolute","K3","band_covers_truth_on_audit_grid",242,254,0.952755905511811,0.0133121355481043,0.919250194307301,0.972770821443873
"ED1_009_TWO_ROOT_SV_POWER_n4000_depth6_reference","diagnostic","depth6_reference","TWO_ROOT_SV_POWER",4000,4000,"absolute","K3","continuum_band_covers_truth",242,254,0.952755905511811,0.0133121355481043,0.919250194307301,0.972770821443873
"ED1_009_TWO_ROOT_SV_POWER_n4000_depth6_reference","diagnostic","depth6_reference","TWO_ROOT_SV_POWER",4000,4000,"absolute","K3","guard_failed",0,254,0,0,0,0.0148985304313125
"ED1_009_TWO_ROOT_SV_POWER_n4000_depth6_reference","diagnostic","depth6_reference","TWO_ROOT_SV_POWER",4000,4000,"absolute","K3","roundoff_inflation_requested",254,254,1,0,0.985101469568688,1
"ED1_009_TWO_ROOT_SV_POWER_n4000_depth6_reference","diagnostic","depth6_reference","TWO_ROOT_SV_POWER",4000,4000,"absolute","K3","roundoff_inflation_margin_applied",254,254,1,0,0.985101469568688,1
"ED1_009_TWO_ROOT_SV_POWER_n4000_depth6_reference","diagnostic","depth6_reference","TWO_ROOT_SV_POWER",4000,4000,"absolute","K3","continuum_truth_limit_hit",0,254,0,0,0,0.0148985304313125
"ED1_009_TWO_ROOT_SV_POWER_n4000_depth6_reference","diagnostic","depth6_reference","TWO_ROOT_SV_POWER",4000,4000,"absolute","K3","continuum_truth_endpoint_violation",12,254,0.047244094488189,0.0133121355481043,0.0272291785561269,0.0807498056926994
"ED1_009_TWO_ROOT_SV_POWER_n4000_depth6_reference","diagnostic","depth6_reference","TWO_ROOT_SV_POWER",4000,4000,"absolute","K3","enclosure_limit_hit",156,254,0.614173228346457,0.0305439191938472,0.553030513571051,0.671913916487941
"ED1_009_TWO_ROOT_SV_POWER_n4000_depth6_reference","diagnostic","depth6_reference","TWO_ROOT_SV_POWER",4000,4000,"absolute","K3","enclosure_depth_limit_hit",156,254,0.614173228346457,0.0305439191938472,0.553030513571051,0.671913916487941
"ED1_009_TWO_ROOT_SV_POWER_n4000_depth6_reference","diagnostic","depth6_reference","TWO_ROOT_SV_POWER",4000,4000,"absolute","K3","enclosure_node_limit_hit",0,254,0,0,0,0.0148985304313125
"ED1_009_TWO_ROOT_SV_POWER_n4000_depth6_reference","diagnostic","depth6_reference","TWO_ROOT_SV_POWER",4000,4000,"absolute","K3","enclosure_variance_limit_hit",0,254,0,0,0,0.0148985304313125
"ED1_009_TWO_ROOT_SV_POWER_n4000_depth6_reference","diagnostic","depth6_reference","TWO_ROOT_SV_POWER",4000,4000,"absolute","K3","enclosure_statistical_limit_hit",156,254,0.614173228346457,0.0305439191938472,0.553030513571051,0.671913916487941
"ED1_009_TWO_ROOT_SV_POWER_n4000_depth6_reference","diagnostic","depth6_reference","TWO_ROOT_SV_POWER",4000,4000,"absolute","K3","continuum_no_root_certified",0,254,0,0,0,0.0148985304313125
"ED1_009_TWO_ROOT_SV_POWER_n4000_depth6_reference","diagnostic","depth6_reference","TWO_ROOT_SV_POWER",4000,4000,"absolute","K3","grid_only_no_root",0,0,,,,
"ED1_009_TWO_ROOT_SV_POWER_n4000_depth6_reference","diagnostic","depth6_reference","TWO_ROOT_SV_POWER",4000,4000,"absolute","K3","grid_continuum_no_root_disagreement",0,0,,,,
"ED1_009_TWO_ROOT_SV_POWER_n4000_depth6_reference","diagnostic","depth6_reference","TWO_ROOT_SV_POWER",4000,4000,"absolute","K3","reversal_certified",191,254,0.751968503937008,0.0270979466508426,0.695367168603091,0.801061918423649
"ED1_009_TWO_ROOT_SV_POWER_n4000_depth6_reference","diagnostic","depth6_reference","TWO_ROOT_SV_POWER",4000,4000,"absolute","K3","grid_only_reversal_certified",0,0,,,,
"ED1_009_TWO_ROOT_SV_POWER_n4000_depth6_reference","diagnostic","depth6_reference","TWO_ROOT_SV_POWER",4000,4000,"absolute","K3","direction_correct",190,191,0.994764397905759,0.00522187834299745,0.970944236730626,0.99907518903199
"ED1_009_TWO_ROOT_SV_POWER_n4000_depth6_reference","diagnostic","depth6_reference","TWO_ROOT_SV_POWER",4000,4000,"absolute","K3","false_direction_report",1,254,0.00393700787401575,0.00392925021549497,0.000695316956305255,0.0219599179598001
"ED1_009_TWO_ROOT_SV_POWER_n4000_depth6_reference","diagnostic","depth6_reference","TWO_ROOT_SV_POWER",4000,4000,"absolute","K3","false_sign_report",9,254,0.0354330708661417,0.0115998860222368,0.0187514519167528,0.065957418877695
"ED1_009_TWO_ROOT_SV_POWER_n4000_depth6_reference","diagnostic","depth6_reference","TWO_ROOT_SV_POWER",4000,4000,"absolute","K3","false_reversal_report",1,254,0.00393700787401575,0.00392925021549497,0.000695316956305255,0.0219599179598001
"ED1_009_TWO_ROOT_SV_POWER_n4000_depth6_reference","diagnostic","depth6_reference","TWO_ROOT_SV_POWER",4000,4000,"absolute","K3","false_no_root_report",0,254,0,0,0,0.0148985304313125
"ED1_009_TWO_ROOT_SV_POWER_n4000_depth6_reference","diagnostic","depth6_reference","TWO_ROOT_SV_POWER",4000,4000,"absolute","K3","budget_rejected",0,254,0,0,0,0.0148985304313125
"ED1_009_TWO_ROOT_SV_POWER_n4000_depth6_reference","diagnostic","depth6_reference","TWO_ROOT_SV_POWER",4000,4000,"absolute","K3","false_budget_rejection",0,254,0,0,0,0.0148985304313125
"ED1_009_TWO_ROOT_SV_POWER_n4000_depth6_reference","diagnostic","depth6_reference","TWO_ROOT_SV_POWER",4000,4000,"absolute","K3","zero_budget_diagnostic_applicable",254,254,1,0,0.985101469568688,1
"ED1_009_TWO_ROOT_SV_POWER_n4000_depth6_reference","diagnostic","depth6_reference","TWO_ROOT_SV_POWER",4000,4000,"absolute","K3","zero_budget_rejected",191,254,0.751968503937008,0.0270979466508426,0.695367168603091,0.801061918423649
"ED1_009_TWO_ROOT_SV_POWER_n4000_depth6_reference","diagnostic","depth6_reference","TWO_ROOT_SV_POWER",4000,4000,"absolute","K3","exact_count_certified",191,254,0.751968503937008,0.0270979466508426,0.695367168603091,0.801061918423649
"ED1_009_TWO_ROOT_SV_POWER_n4000_depth6_reference","diagnostic","depth6_reference","TWO_ROOT_SV_POWER",4000,4000,"absolute","K3","simplicity_certified",191,254,0.751968503937008,0.0270979466508426,0.695367168603091,0.801061918423649
"ED1_009_TWO_ROOT_SV_POWER_n4000_depth6_reference","diagnostic","depth6_reference","TWO_ROOT_SV_POWER",4000,4000,"absolute","K3","exact_count_statement_true",254,254,1,0,0.985101469568688,1
"ED1_009_TWO_ROOT_SV_POWER_n4000_depth6_reference","diagnostic","depth6_reference","TWO_ROOT_SV_POWER",4000,4000,"absolute","K3","false_exact_count_report",0,254,0,0,0,0.0148985304313125
"ED1_009_TWO_ROOT_SV_POWER_n4000_depth6_reference","diagnostic","depth6_reference","TWO_ROOT_SV_POWER",4000,4000,"absolute","K3","bracket_covers_root",190,191,0.994764397905759,0.00522187834299745,0.970944236730626,0.99907518903199
"ED1_009_TWO_ROOT_SV_POWER_n4000_depth6_reference","diagnostic","depth6_reference","TWO_ROOT_SV_POWER",4000,4000,"absolute","K3","brackets_cover_all_distinct_roots",190,191,0.994764397905759,0.00522187834299745,0.970944236730626,0.99907518903199
"ED1_009_TWO_ROOT_SV_POWER_n4000_depth6_reference","diagnostic","depth6_reference","TWO_ROOT_SV_POWER",4000,4000,"absolute","K3","false_bracket_report",1,254,0.00393700787401575,0.00392925021549497,0.000695316956305255,0.0219599179598001
"ED1_009_TWO_ROOT_SV_POWER_n4000_depth6_reference","diagnostic","depth6_reference","TWO_ROOT_SV_POWER",4000,4000,"absolute","K3","outer_band_contains_root",0,0,,,,
"ED1_009_TWO_ROOT_SV_POWER_n4000_depth6_reference","diagnostic","depth6_reference","TWO_ROOT_SV_POWER",4000,4000,"absolute","K3","outer_set_covers_truth",247,254,0.97244094488189,0.0102718086790882,0.944216969425316,0.986587568749822
"ED1_009_TWO_ROOT_SV_POWER_n4000_depth6_reference","diagnostic","depth6_reference","TWO_ROOT_SV_POWER",4000,4000,"absolute","K3","numerical_outer_contains_root",0,0,,,,
"ED1_009_TWO_ROOT_SV_POWER_n4000_depth6_reference","diagnostic","depth6_reference","TWO_ROOT_SV_POWER",4000,4000,"absolute","K3","numerical_outer_contains_all_roots",247,254,0.97244094488189,0.0102718086790882,0.944216969425316,0.986587568749822
"ED1_009_TWO_ROOT_SV_POWER_n4000_depth6_reference","diagnostic","depth6_reference","TWO_ROOT_SV_POWER",4000,4000,"absolute","K3","false_outer_report",7,254,0.0275590551181102,0.0102718086790882,0.0134124312501783,0.0557830305746839
"ED1_009_TWO_ROOT_SV_POWER_n4000_depth6_reference","diagnostic","depth6_reference","TWO_ROOT_SV_POWER",4000,4000,"absolute","K3","tangency_localization_applicable",0,254,0,0,0,0.0148985304313125
"ED1_009_TWO_ROOT_SV_POWER_n4000_depth6_reference","diagnostic","depth6_reference","TWO_ROOT_SV_POWER",4000,4000,"absolute","K3","tangency_local_outer_nonempty",0,0,,,,
"ED1_009_TWO_ROOT_SV_POWER_n4000_depth6_reference","diagnostic","depth6_reference","TWO_ROOT_SV_POWER",4000,4000,"absolute","K3","tangency_truncated_local_outer_nonempty",0,0,,,,
"ED1_009_TWO_ROOT_SV_POWER_n4000_depth6_reference","diagnostic","depth6_reference","TWO_ROOT_SV_POWER",4000,4000,"absolute","K3","tangency_truncated_local_touches_left_boundary",0,0,,,,
"ED1_009_TWO_ROOT_SV_POWER_n4000_depth6_reference","diagnostic","depth6_reference","TWO_ROOT_SV_POWER",4000,4000,"absolute","K3","tangency_truncated_local_touches_right_boundary",0,0,,,,
"ED1_009_TWO_ROOT_SV_POWER_n4000_depth6_reference","diagnostic","depth6_reference","TWO_ROOT_SV_POWER",4000,4000,"absolute","K3","tangency_truncated_local_censored_by_window",0,0,,,,
"ED1_009_TWO_ROOT_SV_POWER_n4000_depth6_reference","diagnostic","depth6_reference","TWO_ROOT_SV_POWER",4000,4000,"absolute","K3","tangency_global_geometry_applicable",0,254,0,0,0,0.0148985304313125
"ED1_009_TWO_ROOT_SV_POWER_n4000_depth6_reference","diagnostic","depth6_reference","TWO_ROOT_SV_POWER",4000,4000,"absolute","K3","tangency_global_geometry_conditioned_on_continuum_band_coverage",0,254,0,0,0,0.0148985304313125
"ED1_009_TWO_ROOT_SV_POWER_n4000_depth6_reference","diagnostic","depth6_reference","TWO_ROOT_SV_POWER",4000,4000,"absolute","K3","tangency_global_outer_nonempty_conditional_on_continuum_band_coverage",0,0,,,,
"ED1_009_TWO_ROOT_SV_POWER_n4000_depth6_reference","diagnostic","depth6_reference","TWO_ROOT_SV_POWER",4000,4000,"absolute","K3","tangency_global_outer_contains_root_conditional_on_continuum_band_coverage",0,0,,,,
"ED1_009_TWO_ROOT_SV_POWER_n4000_depth6_reference","diagnostic","depth6_reference","TWO_ROOT_SV_POWER",4000,4000,"absolute","K3","tangency_global_outer_touches_K_left_conditional_on_continuum_band_coverage",0,0,,,,
"ED1_009_TWO_ROOT_SV_POWER_n4000_depth6_reference","diagnostic","depth6_reference","TWO_ROOT_SV_POWER",4000,4000,"absolute","K3","tangency_global_outer_touches_K_right_conditional_on_continuum_band_coverage",0,0,,,,
"ED1_009_TWO_ROOT_SV_POWER_n4000_depth6_reference","diagnostic","depth6_reference","TWO_ROOT_SV_POWER",4000,4000,"absolute","K3","tangency_global_outer_touches_K_boundary_conditional_on_continuum_band_coverage",0,0,,,,
"ED1_009_TWO_ROOT_SV_POWER_n4000_depth6_reference","diagnostic","depth6_reference","TWO_ROOT_SV_POWER",4000,4000,"absolute","K3","tangency_global_root_component_present_conditional_on_continuum_band_coverage",0,0,,,,
"ED1_009_TWO_ROOT_SV_POWER_n4000_depth6_reference","diagnostic","depth6_reference","TWO_ROOT_SV_POWER",4000,4000,"absolute","K3","tangency_global_root_component_touches_K_left_conditional_on_continuum_band_coverage",0,0,,,,
"ED1_009_TWO_ROOT_SV_POWER_n4000_depth6_reference","diagnostic","depth6_reference","TWO_ROOT_SV_POWER",4000,4000,"absolute","K3","tangency_global_root_component_touches_K_right_conditional_on_continuum_band_coverage",0,0,,,,
"ED1_009_TWO_ROOT_SV_POWER_n4000_depth6_reference","diagnostic","depth6_reference","TWO_ROOT_SV_POWER",4000,4000,"absolute","K3","tangency_global_root_component_touches_K_boundary_conditional_on_continuum_band_coverage",0,0,,,,
"ED1_009_TWO_ROOT_SV_POWER_n4000_depth6_reference","diagnostic","depth6_reference","TWO_ROOT_SV_POWER",4000,4000,"absolute","K3","root_isolation_applicable",254,254,1,0,0.985101469568688,1
"ED1_009_TWO_ROOT_SV_POWER_n4000_depth6_reference","diagnostic","depth6_reference","TWO_ROOT_SV_POWER",4000,4000,"absolute","K3","root_isolation_success",251,254,0.988188976377953,0.0067787077900831,0.965856149041628,0.995975207072681
"ED1_009_TWO_ROOT_SV_POWER_n4000_depth6_reference","diagnostic","depth6_reference","TWO_ROOT_SV_POWER",4000,4000,"absolute","K3","root_isolation_limit_hit",0,254,0,0,0,0.0148985304313125
"ED1_009_TWO_ROOT_SV_POWER_n4000_depth6_reference","diagnostic","depth6_reference","TWO_ROOT_SV_POWER",4000,4000,"absolute","K3","root_isolation_all_tolerances_met",251,254,0.988188976377953,0.0067787077900831,0.965856149041628,0.995975207072681
"ED1_009_TWO_ROOT_SV_POWER_n4000_depth6_reference","diagnostic","depth6_reference","TWO_ROOT_SV_POWER",4000,4000,"absolute","K3","wald_reported",251,254,0.988188976377953,0.0067787077900831,0.965856149041628,0.995975207072681
"ED1_009_TWO_ROOT_SV_POWER_n4000_depth6_reference","diagnostic","depth6_reference","TWO_ROOT_SV_POWER",4000,4000,"absolute","K3","wald_conditional_cover",245,251,0.97609561752988,0.00964157724794314,0.948838576597353,0.988999407481053
"ED1_009_TWO_ROOT_SV_POWER_n4000_depth6_reference","diagnostic","depth6_reference","TWO_ROOT_SV_POWER",4000,4000,"absolute","K3","wald_formal_unconditional_cover",248,254,0.976377952755906,0.00952907819324417,0.949431376848671,0.98912986581126
"ED1_009_TWO_ROOT_SV_POWER_n4000_depth6_reference","diagnostic","depth6_reference","TWO_ROOT_SV_POWER",4000,4000,"absolute","K3","wald_report_and_cover",245,254,0.964566929133858,0.0115998860222368,0.934042581122305,0.981248548083247
"ED1_009_TWO_ROOT_SV_POWER_n4000_depth6_reference","diagnostic","depth6_reference","TWO_ROOT_SV_POWER",4000,4000,"absolute","K3","root_multiplier_applicable",254,254,1,0,0.985101469568688,1
"ED1_009_TWO_ROOT_SV_POWER_n4000_depth6_reference","diagnostic","depth6_reference","TWO_ROOT_SV_POWER",4000,4000,"absolute","K3","root_multiplier_reported",251,254,0.988188976377953,0.0067787077900831,0.965856149041628,0.995975207072681
"ED1_009_TWO_ROOT_SV_POWER_n4000_depth6_reference","diagnostic","depth6_reference","TWO_ROOT_SV_POWER",4000,4000,"absolute","K3","root_multiplier_conditional_cover",248,251,0.98804780876494,0.00685923821160826,0.965455028831157,0.995927005056749
"ED1_009_TWO_ROOT_SV_POWER_n4000_depth6_reference","diagnostic","depth6_reference","TWO_ROOT_SV_POWER",4000,4000,"absolute","K3","root_multiplier_formal_unconditional_cover",251,254,0.988188976377953,0.0067787077900831,0.965856149041628,0.995975207072681
"ED1_009_TWO_ROOT_SV_POWER_n4000_depth6_reference","diagnostic","depth6_reference","TWO_ROOT_SV_POWER",4000,4000,"absolute","K3","root_multiplier_report_and_cover",248,254,0.976377952755906,0.00952907819324417,0.949431376848671,0.98912986581126
"ED1_009_TWO_ROOT_SV_POWER_n4000_depth6_reference","diagnostic","depth6_reference","TWO_ROOT_SV_POWER",4000,4000,"absolute","K3","derivative_assisted_requested",0,254,0,0,0,0.0148985304313125
"ED1_009_TWO_ROOT_SV_POWER_n4000_depth6_reference","diagnostic","depth6_reference","TWO_ROOT_SV_POWER",4000,4000,"absolute","K3","derivative_assisted_implemented",254,254,1,0,0.985101469568688,1
"ED1_009_TWO_ROOT_SV_POWER_n4000_depth6_reference","diagnostic","depth6_reference","TWO_ROOT_SV_POWER",4000,4000,"absolute","K3","derivative_assisted_applicable",0,254,0,0,0,0.0148985304313125
"ED1_009_TWO_ROOT_SV_POWER_n4000_depth6_reference","diagnostic","depth6_reference","TWO_ROOT_SV_POWER",4000,4000,"absolute","K3","derivative_assisted_reported",0,0,,,,
"ED1_009_TWO_ROOT_SV_POWER_n4000_depth6_reference","diagnostic","depth6_reference","TWO_ROOT_SV_POWER",4000,4000,"absolute","K3","derivative_assisted_failure",0,0,,,,
"ED1_009_TWO_ROOT_SV_POWER_n4000_depth6_reference","diagnostic","depth6_reference","TWO_ROOT_SV_POWER",4000,4000,"absolute","K3","derivative_assisted_same_multiplier_seed",0,0,,,,
"ED1_009_TWO_ROOT_SV_POWER_n4000_depth6_reference","diagnostic","depth6_reference","TWO_ROOT_SV_POWER",4000,4000,"absolute","K3","derivative_assisted_guard_failed",0,0,,,,
"ED1_009_TWO_ROOT_SV_POWER_n4000_depth6_reference","diagnostic","depth6_reference","TWO_ROOT_SV_POWER",4000,4000,"absolute","K3","derivative_assisted_enclosure_limit_hit",0,0,,,,
"ED1_009_TWO_ROOT_SV_POWER_n4000_depth6_reference","diagnostic","depth6_reference","TWO_ROOT_SV_POWER",4000,4000,"absolute","K3","derivative_assisted_derivative_positive_throughout_K",0,0,,,,
"ED1_009_TWO_ROOT_SV_POWER_n4000_depth6_reference","diagnostic","depth6_reference","TWO_ROOT_SV_POWER",4000,4000,"absolute","K3","derivative_assisted_derivative_negative_throughout_K",0,0,,,,
"ED1_009_TWO_ROOT_SV_POWER_n4000_depth6_reference","diagnostic","depth6_reference","TWO_ROOT_SV_POWER",4000,4000,"absolute","K3","derivative_assisted_exact_root_certified",0,0,,,,
"ED1_009_TWO_ROOT_SV_POWER_n4000_depth6_reference","diagnostic","depth6_reference","TWO_ROOT_SV_POWER",4000,4000,"absolute","K3","derivative_assisted_local_exact_root_certified",0,0,,,,
"ED1_009_TWO_ROOT_SV_POWER_n4000_depth6_reference","diagnostic","depth6_reference","TWO_ROOT_SV_POWER",4000,4000,"absolute","K3","derivative_assisted_exact_root_on_K_certified",0,0,,,,
"ED1_009_TWO_ROOT_SV_POWER_n4000_depth6_reference","diagnostic","depth6_reference","TWO_ROOT_SV_POWER",4000,4000,"absolute","K3","derivative_assisted_exact_root_on_K_statement_true",0,0,,,,
"ED1_009_TWO_ROOT_SV_POWER_n4000_depth6_reference","diagnostic","depth6_reference","TWO_ROOT_SV_POWER",4000,4000,"absolute","K3","derivative_assisted_false_exact_root_on_K_report",0,0,,,,
"ED1_009_TWO_ROOT_SV_POWER_n4000_depth6_reference","diagnostic","depth6_reference","TWO_ROOT_SV_POWER",4000,4000,"absolute","K3","derivative_assisted_certificate_reported",0,0,,,,
"ED1_009_TWO_ROOT_SV_POWER_n4000_depth6_reference","diagnostic","depth6_reference","TWO_ROOT_SV_POWER",4000,4000,"absolute","K3","derivative_assisted_certificate_statement_true",0,0,,,,
"ED1_009_TWO_ROOT_SV_POWER_n4000_depth6_reference","diagnostic","depth6_reference","TWO_ROOT_SV_POWER",4000,4000,"absolute","K3","derivative_assisted_false_exact_root_report",0,0,,,,
"ED1_009_TWO_ROOT_SV_POWER_n4000_depth6_reference","diagnostic","depth6_reference","TWO_ROOT_SV_POWER",4000,4000,"absolute","K3","derivative_assisted_value_grid_coverage",0,0,,,,
"ED1_009_TWO_ROOT_SV_POWER_n4000_depth6_reference","diagnostic","depth6_reference","TWO_ROOT_SV_POWER",4000,4000,"absolute","K3","derivative_assisted_derivative_grid_coverage",0,0,,,,
"ED1_009_TWO_ROOT_SV_POWER_n4000_depth6_reference","diagnostic","depth6_reference","TWO_ROOT_SV_POWER",4000,4000,"absolute","K3","derivative_assisted_joint_grid_coverage",0,0,,,,
"ED1_009_TWO_ROOT_SV_POWER_n4000_depth6_reference","diagnostic","depth6_reference","TWO_ROOT_SV_POWER",4000,4000,"absolute","K3","pointwise_grid_curve_coverage",0,0,,,,
"ED1_009_TWO_ROOT_SV_POWER_n4000_depth6_reference","diagnostic","depth6_reference","TWO_ROOT_SV_POWER",4000,4000,"absolute","K3","pointwise_root_coverage",0,0,,,,
"ED1_009_TWO_ROOT_SV_POWER_n4000_depth6_reference","diagnostic","depth6_reference","TWO_ROOT_SV_POWER",4000,4000,"absolute","K3","pointwise_false_sign_report",0,0,,,,
"ED1_009_TWO_ROOT_SV_POWER_n4000_depth6_reference","diagnostic","depth6_reference","TWO_ROOT_SV_POWER",4000,4000,"absolute","K3","pointwise_reversal_report",0,0,,,,
"ED1_009_TWO_ROOT_SV_POWER_n4000_depth6_reference","diagnostic","depth6_reference","TWO_ROOT_SV_POWER",4000,4000,"absolute","K3","pointwise_no_root_report",0,0,,,,
"ED1_009_TWO_ROOT_SV_POWER_n4000_depth6_reference","diagnostic","depth6_reference","TWO_ROOT_SV_POWER",4000,4000,"absolute","K3","any_primary_false_report",9,254,0.0354330708661417,0.0115998860222368,0.0187514519167528,0.065957418877695
"ED1_009_TWO_ROOT_SV_POWER_n4000_depth6_reference","diagnostic","depth6_reference","TWO_ROOT_SV_POWER",4000,4000,"absolute","K3","joint_band_covers_truth_on_grid",242,254,0.952755905511811,0.0133121355481043,0.919250194307301,0.972770821443873
"ED1_009_TWO_ROOT_SV_POWER_n4000_depth6_reference","diagnostic","depth6_reference","TWO_ROOT_SV_POWER",4000,4000,"absolute","K3","joint_band_covers_truth_on_audit_grid",242,254,0.952755905511811,0.0133121355481043,0.919250194307301,0.972770821443873
"ED1_009_TWO_ROOT_SV_POWER_n4000_depth6_reference","diagnostic","depth6_reference","TWO_ROOT_SV_POWER",4000,4000,"absolute","K3","joint_continuum_band_covers_truth",242,254,0.952755905511811,0.0133121355481043,0.919250194307301,0.972770821443873
"ED1_009_TWO_ROOT_SV_POWER_n4000_depth6_reference","diagnostic","depth6_reference","TWO_ROOT_SV_POWER",4000,4000,"absolute","K3","joint_any_primary_false_report",9,254,0.0354330708661417,0.0115998860222368,0.0187514519167528,0.065957418877695
"ED1_009_TWO_ROOT_SV_POWER_n4000_depth6_reference","diagnostic","depth6_reference","TWO_ROOT_SV_POWER",4000,4000,"absolute","K3","joint_pointwise_grid_curve_coverage",0,0,,,,
"ED1_009_TWO_ROOT_SV_POWER_n4000_depth6_reference","diagnostic","depth6_reference","TWO_ROOT_SV_POWER",4000,4000,"absolute","K3","joint_derivative_assisted_grid_coverage",0,0,,,,
"ED1_009_TWO_ROOT_SV_POWER_n4000_depth6_reference","diagnostic","depth6_reference","TWO_ROOT_SV_POWER",4000,4000,"absolute","K3","joint_derivative_assisted_false_exact_root_report",0,0,,,,
"ED1_009_TWO_ROOT_SV_POWER_n4000_depth6_reference","diagnostic","depth6_reference","TWO_ROOT_SV_POWER",4000,4000,"absolute","K3","across_interval_joint_band_covers_truth_on_grid",242,254,0.952755905511811,0.0133121355481043,0.919250194307301,0.972770821443873
"ED1_009_TWO_ROOT_SV_POWER_n4000_depth6_reference","diagnostic","depth6_reference","TWO_ROOT_SV_POWER",4000,4000,"absolute","K3","across_interval_joint_band_covers_truth_on_audit_grid",242,254,0.952755905511811,0.0133121355481043,0.919250194307301,0.972770821443873
"ED1_009_TWO_ROOT_SV_POWER_n4000_depth6_reference","diagnostic","depth6_reference","TWO_ROOT_SV_POWER",4000,4000,"absolute","K3","across_interval_joint_continuum_band_covers_truth",242,254,0.952755905511811,0.0133121355481043,0.919250194307301,0.972770821443873
"ED1_009_TWO_ROOT_SV_POWER_n4000_depth6_reference","diagnostic","depth6_reference","TWO_ROOT_SV_POWER",4000,4000,"absolute","K3","across_interval_joint_any_primary_false_report",9,254,0.0354330708661417,0.0115998860222368,0.0187514519167528,0.065957418877695
"ED1_010_TWO_ROOT_SV_POWER_n4000_depth8_refined","diagnostic","depth8_refined","TWO_ROOT_SV_POWER",4000,4000,"absolute","K3","band_covers_truth_on_grid",242,254,0.952755905511811,0.0133121355481043,0.919250194307301,0.972770821443873
"ED1_010_TWO_ROOT_SV_POWER_n4000_depth8_refined","diagnostic","depth8_refined","TWO_ROOT_SV_POWER",4000,4000,"absolute","K3","band_covers_truth_on_audit_grid",242,254,0.952755905511811,0.0133121355481043,0.919250194307301,0.972770821443873
"ED1_010_TWO_ROOT_SV_POWER_n4000_depth8_refined","diagnostic","depth8_refined","TWO_ROOT_SV_POWER",4000,4000,"absolute","K3","continuum_band_covers_truth",242,254,0.952755905511811,0.0133121355481043,0.919250194307301,0.972770821443873
"ED1_010_TWO_ROOT_SV_POWER_n4000_depth8_refined","diagnostic","depth8_refined","TWO_ROOT_SV_POWER",4000,4000,"absolute","K3","guard_failed",0,254,0,0,0,0.0148985304313125
"ED1_010_TWO_ROOT_SV_POWER_n4000_depth8_refined","diagnostic","depth8_refined","TWO_ROOT_SV_POWER",4000,4000,"absolute","K3","roundoff_inflation_requested",254,254,1,0,0.985101469568688,1
"ED1_010_TWO_ROOT_SV_POWER_n4000_depth8_refined","diagnostic","depth8_refined","TWO_ROOT_SV_POWER",4000,4000,"absolute","K3","roundoff_inflation_margin_applied",254,254,1,0,0.985101469568688,1
"ED1_010_TWO_ROOT_SV_POWER_n4000_depth8_refined","diagnostic","depth8_refined","TWO_ROOT_SV_POWER",4000,4000,"absolute","K3","continuum_truth_limit_hit",0,254,0,0,0,0.0148985304313125
"ED1_010_TWO_ROOT_SV_POWER_n4000_depth8_refined","diagnostic","depth8_refined","TWO_ROOT_SV_POWER",4000,4000,"absolute","K3","continuum_truth_endpoint_violation",12,254,0.047244094488189,0.0133121355481043,0.0272291785561269,0.0807498056926994
"ED1_010_TWO_ROOT_SV_POWER_n4000_depth8_refined","diagnostic","depth8_refined","TWO_ROOT_SV_POWER",4000,4000,"absolute","K3","enclosure_limit_hit",62,254,0.244094488188976,0.0269523032355992,0.195338109712728,0.300476098775739
"ED1_010_TWO_ROOT_SV_POWER_n4000_depth8_refined","diagnostic","depth8_refined","TWO_ROOT_SV_POWER",4000,4000,"absolute","K3","enclosure_depth_limit_hit",62,254,0.244094488188976,0.0269523032355992,0.195338109712728,0.300476098775739
"ED1_010_TWO_ROOT_SV_POWER_n4000_depth8_refined","diagnostic","depth8_refined","TWO_ROOT_SV_POWER",4000,4000,"absolute","K3","enclosure_node_limit_hit",0,254,0,0,0,0.0148985304313125
"ED1_010_TWO_ROOT_SV_POWER_n4000_depth8_refined","diagnostic","depth8_refined","TWO_ROOT_SV_POWER",4000,4000,"absolute","K3","enclosure_variance_limit_hit",0,254,0,0,0,0.0148985304313125
"ED1_010_TWO_ROOT_SV_POWER_n4000_depth8_refined","diagnostic","depth8_refined","TWO_ROOT_SV_POWER",4000,4000,"absolute","K3","enclosure_statistical_limit_hit",62,254,0.244094488188976,0.0269523032355992,0.195338109712728,0.300476098775739
"ED1_010_TWO_ROOT_SV_POWER_n4000_depth8_refined","diagnostic","depth8_refined","TWO_ROOT_SV_POWER",4000,4000,"absolute","K3","continuum_no_root_certified",0,254,0,0,0,0.0148985304313125
"ED1_010_TWO_ROOT_SV_POWER_n4000_depth8_refined","diagnostic","depth8_refined","TWO_ROOT_SV_POWER",4000,4000,"absolute","K3","grid_only_no_root",0,0,,,,
"ED1_010_TWO_ROOT_SV_POWER_n4000_depth8_refined","diagnostic","depth8_refined","TWO_ROOT_SV_POWER",4000,4000,"absolute","K3","grid_continuum_no_root_disagreement",0,0,,,,
"ED1_010_TWO_ROOT_SV_POWER_n4000_depth8_refined","diagnostic","depth8_refined","TWO_ROOT_SV_POWER",4000,4000,"absolute","K3","reversal_certified",191,254,0.751968503937008,0.0270979466508426,0.695367168603091,0.801061918423649
"ED1_010_TWO_ROOT_SV_POWER_n4000_depth8_refined","diagnostic","depth8_refined","TWO_ROOT_SV_POWER",4000,4000,"absolute","K3","grid_only_reversal_certified",0,0,,,,
"ED1_010_TWO_ROOT_SV_POWER_n4000_depth8_refined","diagnostic","depth8_refined","TWO_ROOT_SV_POWER",4000,4000,"absolute","K3","direction_correct",190,191,0.994764397905759,0.00522187834299745,0.970944236730626,0.99907518903199
"ED1_010_TWO_ROOT_SV_POWER_n4000_depth8_refined","diagnostic","depth8_refined","TWO_ROOT_SV_POWER",4000,4000,"absolute","K3","false_direction_report",1,254,0.00393700787401575,0.00392925021549497,0.000695316956305255,0.0219599179598001
"ED1_010_TWO_ROOT_SV_POWER_n4000_depth8_refined","diagnostic","depth8_refined","TWO_ROOT_SV_POWER",4000,4000,"absolute","K3","false_sign_report",9,254,0.0354330708661417,0.0115998860222368,0.0187514519167528,0.065957418877695
"ED1_010_TWO_ROOT_SV_POWER_n4000_depth8_refined","diagnostic","depth8_refined","TWO_ROOT_SV_POWER",4000,4000,"absolute","K3","false_reversal_report",1,254,0.00393700787401575,0.00392925021549497,0.000695316956305255,0.0219599179598001
"ED1_010_TWO_ROOT_SV_POWER_n4000_depth8_refined","diagnostic","depth8_refined","TWO_ROOT_SV_POWER",4000,4000,"absolute","K3","false_no_root_report",0,254,0,0,0,0.0148985304313125
"ED1_010_TWO_ROOT_SV_POWER_n4000_depth8_refined","diagnostic","depth8_refined","TWO_ROOT_SV_POWER",4000,4000,"absolute","K3","budget_rejected",0,254,0,0,0,0.0148985304313125
"ED1_010_TWO_ROOT_SV_POWER_n4000_depth8_refined","diagnostic","depth8_refined","TWO_ROOT_SV_POWER",4000,4000,"absolute","K3","false_budget_rejection",0,254,0,0,0,0.0148985304313125
"ED1_010_TWO_ROOT_SV_POWER_n4000_depth8_refined","diagnostic","depth8_refined","TWO_ROOT_SV_POWER",4000,4000,"absolute","K3","zero_budget_diagnostic_applicable",254,254,1,0,0.985101469568688,1
"ED1_010_TWO_ROOT_SV_POWER_n4000_depth8_refined","diagnostic","depth8_refined","TWO_ROOT_SV_POWER",4000,4000,"absolute","K3","zero_budget_rejected",191,254,0.751968503937008,0.0270979466508426,0.695367168603091,0.801061918423649
"ED1_010_TWO_ROOT_SV_POWER_n4000_depth8_refined","diagnostic","depth8_refined","TWO_ROOT_SV_POWER",4000,4000,"absolute","K3","exact_count_certified",191,254,0.751968503937008,0.0270979466508426,0.695367168603091,0.801061918423649
"ED1_010_TWO_ROOT_SV_POWER_n4000_depth8_refined","diagnostic","depth8_refined","TWO_ROOT_SV_POWER",4000,4000,"absolute","K3","simplicity_certified",191,254,0.751968503937008,0.0270979466508426,0.695367168603091,0.801061918423649
"ED1_010_TWO_ROOT_SV_POWER_n4000_depth8_refined","diagnostic","depth8_refined","TWO_ROOT_SV_POWER",4000,4000,"absolute","K3","exact_count_statement_true",254,254,1,0,0.985101469568688,1
"ED1_010_TWO_ROOT_SV_POWER_n4000_depth8_refined","diagnostic","depth8_refined","TWO_ROOT_SV_POWER",4000,4000,"absolute","K3","false_exact_count_report",0,254,0,0,0,0.0148985304313125
"ED1_010_TWO_ROOT_SV_POWER_n4000_depth8_refined","diagnostic","depth8_refined","TWO_ROOT_SV_POWER",4000,4000,"absolute","K3","bracket_covers_root",190,191,0.994764397905759,0.00522187834299745,0.970944236730626,0.99907518903199
"ED1_010_TWO_ROOT_SV_POWER_n4000_depth8_refined","diagnostic","depth8_refined","TWO_ROOT_SV_POWER",4000,4000,"absolute","K3","brackets_cover_all_distinct_roots",190,191,0.994764397905759,0.00522187834299745,0.970944236730626,0.99907518903199
"ED1_010_TWO_ROOT_SV_POWER_n4000_depth8_refined","diagnostic","depth8_refined","TWO_ROOT_SV_POWER",4000,4000,"absolute","K3","false_bracket_report",1,254,0.00393700787401575,0.00392925021549497,0.000695316956305255,0.0219599179598001
"ED1_010_TWO_ROOT_SV_POWER_n4000_depth8_refined","diagnostic","depth8_refined","TWO_ROOT_SV_POWER",4000,4000,"absolute","K3","outer_band_contains_root",0,0,,,,
"ED1_010_TWO_ROOT_SV_POWER_n4000_depth8_refined","diagnostic","depth8_refined","TWO_ROOT_SV_POWER",4000,4000,"absolute","K3","outer_set_covers_truth",247,254,0.97244094488189,0.0102718086790882,0.944216969425316,0.986587568749822
"ED1_010_TWO_ROOT_SV_POWER_n4000_depth8_refined","diagnostic","depth8_refined","TWO_ROOT_SV_POWER",4000,4000,"absolute","K3","numerical_outer_contains_root",0,0,,,,
"ED1_010_TWO_ROOT_SV_POWER_n4000_depth8_refined","diagnostic","depth8_refined","TWO_ROOT_SV_POWER",4000,4000,"absolute","K3","numerical_outer_contains_all_roots",247,254,0.97244094488189,0.0102718086790882,0.944216969425316,0.986587568749822
"ED1_010_TWO_ROOT_SV_POWER_n4000_depth8_refined","diagnostic","depth8_refined","TWO_ROOT_SV_POWER",4000,4000,"absolute","K3","false_outer_report",7,254,0.0275590551181102,0.0102718086790882,0.0134124312501783,0.0557830305746839
"ED1_010_TWO_ROOT_SV_POWER_n4000_depth8_refined","diagnostic","depth8_refined","TWO_ROOT_SV_POWER",4000,4000,"absolute","K3","tangency_localization_applicable",0,254,0,0,0,0.0148985304313125
"ED1_010_TWO_ROOT_SV_POWER_n4000_depth8_refined","diagnostic","depth8_refined","TWO_ROOT_SV_POWER",4000,4000,"absolute","K3","tangency_local_outer_nonempty",0,0,,,,
"ED1_010_TWO_ROOT_SV_POWER_n4000_depth8_refined","diagnostic","depth8_refined","TWO_ROOT_SV_POWER",4000,4000,"absolute","K3","tangency_truncated_local_outer_nonempty",0,0,,,,
"ED1_010_TWO_ROOT_SV_POWER_n4000_depth8_refined","diagnostic","depth8_refined","TWO_ROOT_SV_POWER",4000,4000,"absolute","K3","tangency_truncated_local_touches_left_boundary",0,0,,,,
"ED1_010_TWO_ROOT_SV_POWER_n4000_depth8_refined","diagnostic","depth8_refined","TWO_ROOT_SV_POWER",4000,4000,"absolute","K3","tangency_truncated_local_touches_right_boundary",0,0,,,,
"ED1_010_TWO_ROOT_SV_POWER_n4000_depth8_refined","diagnostic","depth8_refined","TWO_ROOT_SV_POWER",4000,4000,"absolute","K3","tangency_truncated_local_censored_by_window",0,0,,,,
"ED1_010_TWO_ROOT_SV_POWER_n4000_depth8_refined","diagnostic","depth8_refined","TWO_ROOT_SV_POWER",4000,4000,"absolute","K3","tangency_global_geometry_applicable",0,254,0,0,0,0.0148985304313125
"ED1_010_TWO_ROOT_SV_POWER_n4000_depth8_refined","diagnostic","depth8_refined","TWO_ROOT_SV_POWER",4000,4000,"absolute","K3","tangency_global_geometry_conditioned_on_continuum_band_coverage",0,254,0,0,0,0.0148985304313125
"ED1_010_TWO_ROOT_SV_POWER_n4000_depth8_refined","diagnostic","depth8_refined","TWO_ROOT_SV_POWER",4000,4000,"absolute","K3","tangency_global_outer_nonempty_conditional_on_continuum_band_coverage",0,0,,,,
"ED1_010_TWO_ROOT_SV_POWER_n4000_depth8_refined","diagnostic","depth8_refined","TWO_ROOT_SV_POWER",4000,4000,"absolute","K3","tangency_global_outer_contains_root_conditional_on_continuum_band_coverage",0,0,,,,
"ED1_010_TWO_ROOT_SV_POWER_n4000_depth8_refined","diagnostic","depth8_refined","TWO_ROOT_SV_POWER",4000,4000,"absolute","K3","tangency_global_outer_touches_K_left_conditional_on_continuum_band_coverage",0,0,,,,
"ED1_010_TWO_ROOT_SV_POWER_n4000_depth8_refined","diagnostic","depth8_refined","TWO_ROOT_SV_POWER",4000,4000,"absolute","K3","tangency_global_outer_touches_K_right_conditional_on_continuum_band_coverage",0,0,,,,
"ED1_010_TWO_ROOT_SV_POWER_n4000_depth8_refined","diagnostic","depth8_refined","TWO_ROOT_SV_POWER",4000,4000,"absolute","K3","tangency_global_outer_touches_K_boundary_conditional_on_continuum_band_coverage",0,0,,,,
"ED1_010_TWO_ROOT_SV_POWER_n4000_depth8_refined","diagnostic","depth8_refined","TWO_ROOT_SV_POWER",4000,4000,"absolute","K3","tangency_global_root_component_present_conditional_on_continuum_band_coverage",0,0,,,,
"ED1_010_TWO_ROOT_SV_POWER_n4000_depth8_refined","diagnostic","depth8_refined","TWO_ROOT_SV_POWER",4000,4000,"absolute","K3","tangency_global_root_component_touches_K_left_conditional_on_continuum_band_coverage",0,0,,,,
"ED1_010_TWO_ROOT_SV_POWER_n4000_depth8_refined","diagnostic","depth8_refined","TWO_ROOT_SV_POWER",4000,4000,"absolute","K3","tangency_global_root_component_touches_K_right_conditional_on_continuum_band_coverage",0,0,,,,
"ED1_010_TWO_ROOT_SV_POWER_n4000_depth8_refined","diagnostic","depth8_refined","TWO_ROOT_SV_POWER",4000,4000,"absolute","K3","tangency_global_root_component_touches_K_boundary_conditional_on_continuum_band_coverage",0,0,,,,
"ED1_010_TWO_ROOT_SV_POWER_n4000_depth8_refined","diagnostic","depth8_refined","TWO_ROOT_SV_POWER",4000,4000,"absolute","K3","root_isolation_applicable",254,254,1,0,0.985101469568688,1
"ED1_010_TWO_ROOT_SV_POWER_n4000_depth8_refined","diagnostic","depth8_refined","TWO_ROOT_SV_POWER",4000,4000,"absolute","K3","root_isolation_success",251,254,0.988188976377953,0.0067787077900831,0.965856149041628,0.995975207072681
"ED1_010_TWO_ROOT_SV_POWER_n4000_depth8_refined","diagnostic","depth8_refined","TWO_ROOT_SV_POWER",4000,4000,"absolute","K3","root_isolation_limit_hit",0,254,0,0,0,0.0148985304313125
"ED1_010_TWO_ROOT_SV_POWER_n4000_depth8_refined","diagnostic","depth8_refined","TWO_ROOT_SV_POWER",4000,4000,"absolute","K3","root_isolation_all_tolerances_met",251,254,0.988188976377953,0.0067787077900831,0.965856149041628,0.995975207072681
"ED1_010_TWO_ROOT_SV_POWER_n4000_depth8_refined","diagnostic","depth8_refined","TWO_ROOT_SV_POWER",4000,4000,"absolute","K3","wald_reported",251,254,0.988188976377953,0.0067787077900831,0.965856149041628,0.995975207072681
"ED1_010_TWO_ROOT_SV_POWER_n4000_depth8_refined","diagnostic","depth8_refined","TWO_ROOT_SV_POWER",4000,4000,"absolute","K3","wald_conditional_cover",245,251,0.97609561752988,0.00964157724794314,0.948838576597353,0.988999407481053
"ED1_010_TWO_ROOT_SV_POWER_n4000_depth8_refined","diagnostic","depth8_refined","TWO_ROOT_SV_POWER",4000,4000,"absolute","K3","wald_formal_unconditional_cover",248,254,0.976377952755906,0.00952907819324417,0.949431376848671,0.98912986581126
"ED1_010_TWO_ROOT_SV_POWER_n4000_depth8_refined","diagnostic","depth8_refined","TWO_ROOT_SV_POWER",4000,4000,"absolute","K3","wald_report_and_cover",245,254,0.964566929133858,0.0115998860222368,0.934042581122305,0.981248548083247
"ED1_010_TWO_ROOT_SV_POWER_n4000_depth8_refined","diagnostic","depth8_refined","TWO_ROOT_SV_POWER",4000,4000,"absolute","K3","root_multiplier_applicable",254,254,1,0,0.985101469568688,1
"ED1_010_TWO_ROOT_SV_POWER_n4000_depth8_refined","diagnostic","depth8_refined","TWO_ROOT_SV_POWER",4000,4000,"absolute","K3","root_multiplier_reported",251,254,0.988188976377953,0.0067787077900831,0.965856149041628,0.995975207072681
"ED1_010_TWO_ROOT_SV_POWER_n4000_depth8_refined","diagnostic","depth8_refined","TWO_ROOT_SV_POWER",4000,4000,"absolute","K3","root_multiplier_conditional_cover",248,251,0.98804780876494,0.00685923821160826,0.965455028831157,0.995927005056749
"ED1_010_TWO_ROOT_SV_POWER_n4000_depth8_refined","diagnostic","depth8_refined","TWO_ROOT_SV_POWER",4000,4000,"absolute","K3","root_multiplier_formal_unconditional_cover",251,254,0.988188976377953,0.0067787077900831,0.965856149041628,0.995975207072681
"ED1_010_TWO_ROOT_SV_POWER_n4000_depth8_refined","diagnostic","depth8_refined","TWO_ROOT_SV_POWER",4000,4000,"absolute","K3","root_multiplier_report_and_cover",248,254,0.976377952755906,0.00952907819324417,0.949431376848671,0.98912986581126
"ED1_010_TWO_ROOT_SV_POWER_n4000_depth8_refined","diagnostic","depth8_refined","TWO_ROOT_SV_POWER",4000,4000,"absolute","K3","derivative_assisted_requested",0,254,0,0,0,0.0148985304313125
"ED1_010_TWO_ROOT_SV_POWER_n4000_depth8_refined","diagnostic","depth8_refined","TWO_ROOT_SV_POWER",4000,4000,"absolute","K3","derivative_assisted_implemented",254,254,1,0,0.985101469568688,1
"ED1_010_TWO_ROOT_SV_POWER_n4000_depth8_refined","diagnostic","depth8_refined","TWO_ROOT_SV_POWER",4000,4000,"absolute","K3","derivative_assisted_applicable",0,254,0,0,0,0.0148985304313125
"ED1_010_TWO_ROOT_SV_POWER_n4000_depth8_refined","diagnostic","depth8_refined","TWO_ROOT_SV_POWER",4000,4000,"absolute","K3","derivative_assisted_reported",0,0,,,,
"ED1_010_TWO_ROOT_SV_POWER_n4000_depth8_refined","diagnostic","depth8_refined","TWO_ROOT_SV_POWER",4000,4000,"absolute","K3","derivative_assisted_failure",0,0,,,,
"ED1_010_TWO_ROOT_SV_POWER_n4000_depth8_refined","diagnostic","depth8_refined","TWO_ROOT_SV_POWER",4000,4000,"absolute","K3","derivative_assisted_same_multiplier_seed",0,0,,,,
"ED1_010_TWO_ROOT_SV_POWER_n4000_depth8_refined","diagnostic","depth8_refined","TWO_ROOT_SV_POWER",4000,4000,"absolute","K3","derivative_assisted_guard_failed",0,0,,,,
"ED1_010_TWO_ROOT_SV_POWER_n4000_depth8_refined","diagnostic","depth8_refined","TWO_ROOT_SV_POWER",4000,4000,"absolute","K3","derivative_assisted_enclosure_limit_hit",0,0,,,,
"ED1_010_TWO_ROOT_SV_POWER_n4000_depth8_refined","diagnostic","depth8_refined","TWO_ROOT_SV_POWER",4000,4000,"absolute","K3","derivative_assisted_derivative_positive_throughout_K",0,0,,,,
"ED1_010_TWO_ROOT_SV_POWER_n4000_depth8_refined","diagnostic","depth8_refined","TWO_ROOT_SV_POWER",4000,4000,"absolute","K3","derivative_assisted_derivative_negative_throughout_K",0,0,,,,
"ED1_010_TWO_ROOT_SV_POWER_n4000_depth8_refined","diagnostic","depth8_refined","TWO_ROOT_SV_POWER",4000,4000,"absolute","K3","derivative_assisted_exact_root_certified",0,0,,,,
"ED1_010_TWO_ROOT_SV_POWER_n4000_depth8_refined","diagnostic","depth8_refined","TWO_ROOT_SV_POWER",4000,4000,"absolute","K3","derivative_assisted_local_exact_root_certified",0,0,,,,
"ED1_010_TWO_ROOT_SV_POWER_n4000_depth8_refined","diagnostic","depth8_refined","TWO_ROOT_SV_POWER",4000,4000,"absolute","K3","derivative_assisted_exact_root_on_K_certified",0,0,,,,
"ED1_010_TWO_ROOT_SV_POWER_n4000_depth8_refined","diagnostic","depth8_refined","TWO_ROOT_SV_POWER",4000,4000,"absolute","K3","derivative_assisted_exact_root_on_K_statement_true",0,0,,,,
"ED1_010_TWO_ROOT_SV_POWER_n4000_depth8_refined","diagnostic","depth8_refined","TWO_ROOT_SV_POWER",4000,4000,"absolute","K3","derivative_assisted_false_exact_root_on_K_report",0,0,,,,
"ED1_010_TWO_ROOT_SV_POWER_n4000_depth8_refined","diagnostic","depth8_refined","TWO_ROOT_SV_POWER",4000,4000,"absolute","K3","derivative_assisted_certificate_reported",0,0,,,,
"ED1_010_TWO_ROOT_SV_POWER_n4000_depth8_refined","diagnostic","depth8_refined","TWO_ROOT_SV_POWER",4000,4000,"absolute","K3","derivative_assisted_certificate_statement_true",0,0,,,,
"ED1_010_TWO_ROOT_SV_POWER_n4000_depth8_refined","diagnostic","depth8_refined","TWO_ROOT_SV_POWER",4000,4000,"absolute","K3","derivative_assisted_false_exact_root_report",0,0,,,,
"ED1_010_TWO_ROOT_SV_POWER_n4000_depth8_refined","diagnostic","depth8_refined","TWO_ROOT_SV_POWER",4000,4000,"absolute","K3","derivative_assisted_value_grid_coverage",0,0,,,,
"ED1_010_TWO_ROOT_SV_POWER_n4000_depth8_refined","diagnostic","depth8_refined","TWO_ROOT_SV_POWER",4000,4000,"absolute","K3","derivative_assisted_derivative_grid_coverage",0,0,,,,
"ED1_010_TWO_ROOT_SV_POWER_n4000_depth8_refined","diagnostic","depth8_refined","TWO_ROOT_SV_POWER",4000,4000,"absolute","K3","derivative_assisted_joint_grid_coverage",0,0,,,,
"ED1_010_TWO_ROOT_SV_POWER_n4000_depth8_refined","diagnostic","depth8_refined","TWO_ROOT_SV_POWER",4000,4000,"absolute","K3","pointwise_grid_curve_coverage",0,0,,,,
"ED1_010_TWO_ROOT_SV_POWER_n4000_depth8_refined","diagnostic","depth8_refined","TWO_ROOT_SV_POWER",4000,4000,"absolute","K3","pointwise_root_coverage",0,0,,,,
"ED1_010_TWO_ROOT_SV_POWER_n4000_depth8_refined","diagnostic","depth8_refined","TWO_ROOT_SV_POWER",4000,4000,"absolute","K3","pointwise_false_sign_report",0,0,,,,
"ED1_010_TWO_ROOT_SV_POWER_n4000_depth8_refined","diagnostic","depth8_refined","TWO_ROOT_SV_POWER",4000,4000,"absolute","K3","pointwise_reversal_report",0,0,,,,
"ED1_010_TWO_ROOT_SV_POWER_n4000_depth8_refined","diagnostic","depth8_refined","TWO_ROOT_SV_POWER",4000,4000,"absolute","K3","pointwise_no_root_report",0,0,,,,
"ED1_010_TWO_ROOT_SV_POWER_n4000_depth8_refined","diagnostic","depth8_refined","TWO_ROOT_SV_POWER",4000,4000,"absolute","K3","any_primary_false_report",9,254,0.0354330708661417,0.0115998860222368,0.0187514519167528,0.065957418877695
"ED1_010_TWO_ROOT_SV_POWER_n4000_depth8_refined","diagnostic","depth8_refined","TWO_ROOT_SV_POWER",4000,4000,"absolute","K3","joint_band_covers_truth_on_grid",242,254,0.952755905511811,0.0133121355481043,0.919250194307301,0.972770821443873
"ED1_010_TWO_ROOT_SV_POWER_n4000_depth8_refined","diagnostic","depth8_refined","TWO_ROOT_SV_POWER",4000,4000,"absolute","K3","joint_band_covers_truth_on_audit_grid",242,254,0.952755905511811,0.0133121355481043,0.919250194307301,0.972770821443873
"ED1_010_TWO_ROOT_SV_POWER_n4000_depth8_refined","diagnostic","depth8_refined","TWO_ROOT_SV_POWER",4000,4000,"absolute","K3","joint_continuum_band_covers_truth",242,254,0.952755905511811,0.0133121355481043,0.919250194307301,0.972770821443873
"ED1_010_TWO_ROOT_SV_POWER_n4000_depth8_refined","diagnostic","depth8_refined","TWO_ROOT_SV_POWER",4000,4000,"absolute","K3","joint_any_primary_false_report",9,254,0.0354330708661417,0.0115998860222368,0.0187514519167528,0.065957418877695
"ED1_010_TWO_ROOT_SV_POWER_n4000_depth8_refined","diagnostic","depth8_refined","TWO_ROOT_SV_POWER",4000,4000,"absolute","K3","joint_pointwise_grid_curve_coverage",0,0,,,,
"ED1_010_TWO_ROOT_SV_POWER_n4000_depth8_refined","diagnostic","depth8_refined","TWO_ROOT_SV_POWER",4000,4000,"absolute","K3","joint_derivative_assisted_grid_coverage",0,0,,,,
"ED1_010_TWO_ROOT_SV_POWER_n4000_depth8_refined","diagnostic","depth8_refined","TWO_ROOT_SV_POWER",4000,4000,"absolute","K3","joint_derivative_assisted_false_exact_root_report",0,0,,,,
"ED1_010_TWO_ROOT_SV_POWER_n4000_depth8_refined","diagnostic","depth8_refined","TWO_ROOT_SV_POWER",4000,4000,"absolute","K3","across_interval_joint_band_covers_truth_on_grid",242,254,0.952755905511811,0.0133121355481043,0.919250194307301,0.972770821443873
"ED1_010_TWO_ROOT_SV_POWER_n4000_depth8_refined","diagnostic","depth8_refined","TWO_ROOT_SV_POWER",4000,4000,"absolute","K3","across_interval_joint_band_covers_truth_on_audit_grid",242,254,0.952755905511811,0.0133121355481043,0.919250194307301,0.972770821443873
"ED1_010_TWO_ROOT_SV_POWER_n4000_depth8_refined","diagnostic","depth8_refined","TWO_ROOT_SV_POWER",4000,4000,"absolute","K3","across_interval_joint_continuum_band_covers_truth",242,254,0.952755905511811,0.0133121355481043,0.919250194307301,0.972770821443873
"ED1_010_TWO_ROOT_SV_POWER_n4000_depth8_refined","diagnostic","depth8_refined","TWO_ROOT_SV_POWER",4000,4000,"absolute","K3","across_interval_joint_any_primary_false_report",9,254,0.0354330708661417,0.0115998860222368,0.0187514519167528,0.065957418877695
"ED1_011_TWO_ROOT_SV_POWER_n8000_depth6_reference","diagnostic","depth6_reference","TWO_ROOT_SV_POWER",8000,8000,"absolute","K3","band_covers_truth_on_grid",244,254,0.960629921259842,0.01220237417846,0.92905769352091,0.978476731199849
"ED1_011_TWO_ROOT_SV_POWER_n8000_depth6_reference","diagnostic","depth6_reference","TWO_ROOT_SV_POWER",8000,8000,"absolute","K3","band_covers_truth_on_audit_grid",244,254,0.960629921259842,0.01220237417846,0.92905769352091,0.978476731199849
"ED1_011_TWO_ROOT_SV_POWER_n8000_depth6_reference","diagnostic","depth6_reference","TWO_ROOT_SV_POWER",8000,8000,"absolute","K3","continuum_band_covers_truth",244,254,0.960629921259842,0.01220237417846,0.92905769352091,0.978476731199849
"ED1_011_TWO_ROOT_SV_POWER_n8000_depth6_reference","diagnostic","depth6_reference","TWO_ROOT_SV_POWER",8000,8000,"absolute","K3","guard_failed",0,254,0,0,0,0.0148985304313125
"ED1_011_TWO_ROOT_SV_POWER_n8000_depth6_reference","diagnostic","depth6_reference","TWO_ROOT_SV_POWER",8000,8000,"absolute","K3","roundoff_inflation_requested",254,254,1,0,0.985101469568688,1
"ED1_011_TWO_ROOT_SV_POWER_n8000_depth6_reference","diagnostic","depth6_reference","TWO_ROOT_SV_POWER",8000,8000,"absolute","K3","roundoff_inflation_margin_applied",254,254,1,0,0.985101469568688,1
"ED1_011_TWO_ROOT_SV_POWER_n8000_depth6_reference","diagnostic","depth6_reference","TWO_ROOT_SV_POWER",8000,8000,"absolute","K3","continuum_truth_limit_hit",0,254,0,0,0,0.0148985304313125
"ED1_011_TWO_ROOT_SV_POWER_n8000_depth6_reference","diagnostic","depth6_reference","TWO_ROOT_SV_POWER",8000,8000,"absolute","K3","continuum_truth_endpoint_violation",10,254,0.0393700787401575,0.01220237417846,0.0215232688001508,0.0709423064790899
"ED1_011_TWO_ROOT_SV_POWER_n8000_depth6_reference","diagnostic","depth6_reference","TWO_ROOT_SV_POWER",8000,8000,"absolute","K3","enclosure_limit_hit",156,254,0.614173228346457,0.0305439191938472,0.553030513571051,0.671913916487941
"ED1_011_TWO_ROOT_SV_POWER_n8000_depth6_reference","diagnostic","depth6_reference","TWO_ROOT_SV_POWER",8000,8000,"absolute","K3","enclosure_depth_limit_hit",156,254,0.614173228346457,0.0305439191938472,0.553030513571051,0.671913916487941
"ED1_011_TWO_ROOT_SV_POWER_n8000_depth6_reference","diagnostic","depth6_reference","TWO_ROOT_SV_POWER",8000,8000,"absolute","K3","enclosure_node_limit_hit",0,254,0,0,0,0.0148985304313125
"ED1_011_TWO_ROOT_SV_POWER_n8000_depth6_reference","diagnostic","depth6_reference","TWO_ROOT_SV_POWER",8000,8000,"absolute","K3","enclosure_variance_limit_hit",0,254,0,0,0,0.0148985304313125
"ED1_011_TWO_ROOT_SV_POWER_n8000_depth6_reference","diagnostic","depth6_reference","TWO_ROOT_SV_POWER",8000,8000,"absolute","K3","enclosure_statistical_limit_hit",156,254,0.614173228346457,0.0305439191938472,0.553030513571051,0.671913916487941
"ED1_011_TWO_ROOT_SV_POWER_n8000_depth6_reference","diagnostic","depth6_reference","TWO_ROOT_SV_POWER",8000,8000,"absolute","K3","continuum_no_root_certified",0,254,0,0,0,0.0148985304313125
"ED1_011_TWO_ROOT_SV_POWER_n8000_depth6_reference","diagnostic","depth6_reference","TWO_ROOT_SV_POWER",8000,8000,"absolute","K3","grid_only_no_root",0,0,,,,
"ED1_011_TWO_ROOT_SV_POWER_n8000_depth6_reference","diagnostic","depth6_reference","TWO_ROOT_SV_POWER",8000,8000,"absolute","K3","grid_continuum_no_root_disagreement",0,0,,,,
"ED1_011_TWO_ROOT_SV_POWER_n8000_depth6_reference","diagnostic","depth6_reference","TWO_ROOT_SV_POWER",8000,8000,"absolute","K3","reversal_certified",246,254,0.968503937007874,0.0109587740362886,0.939092100987337,0.983955732703008
"ED1_011_TWO_ROOT_SV_POWER_n8000_depth6_reference","diagnostic","depth6_reference","TWO_ROOT_SV_POWER",8000,8000,"absolute","K3","grid_only_reversal_certified",0,0,,,,
"ED1_011_TWO_ROOT_SV_POWER_n8000_depth6_reference","diagnostic","depth6_reference","TWO_ROOT_SV_POWER",8000,8000,"absolute","K3","direction_correct",245,246,0.995934959349594,0.00405676995892824,0.97733727779002,0.999282059735997
"ED1_011_TWO_ROOT_SV_POWER_n8000_depth6_reference","diagnostic","depth6_reference","TWO_ROOT_SV_POWER",8000,8000,"absolute","K3","false_direction_report",1,254,0.00393700787401575,0.00392925021549497,0.000695316956305255,0.0219599179598001
"ED1_011_TWO_ROOT_SV_POWER_n8000_depth6_reference","diagnostic","depth6_reference","TWO_ROOT_SV_POWER",8000,8000,"absolute","K3","false_sign_report",6,254,0.0236220472440945,0.00952907819324417,0.0108701341887398,0.0505686231513296
"ED1_011_TWO_ROOT_SV_POWER_n8000_depth6_reference","diagnostic","depth6_reference","TWO_ROOT_SV_POWER",8000,8000,"absolute","K3","false_reversal_report",1,254,0.00393700787401575,0.00392925021549497,0.000695316956305255,0.0219599179598001
"ED1_011_TWO_ROOT_SV_POWER_n8000_depth6_reference","diagnostic","depth6_reference","TWO_ROOT_SV_POWER",8000,8000,"absolute","K3","false_no_root_report",0,254,0,0,0,0.0148985304313125
"ED1_011_TWO_ROOT_SV_POWER_n8000_depth6_reference","diagnostic","depth6_reference","TWO_ROOT_SV_POWER",8000,8000,"absolute","K3","budget_rejected",0,254,0,0,0,0.0148985304313125
"ED1_011_TWO_ROOT_SV_POWER_n8000_depth6_reference","diagnostic","depth6_reference","TWO_ROOT_SV_POWER",8000,8000,"absolute","K3","false_budget_rejection",0,254,0,0,0,0.0148985304313125
"ED1_011_TWO_ROOT_SV_POWER_n8000_depth6_reference","diagnostic","depth6_reference","TWO_ROOT_SV_POWER",8000,8000,"absolute","K3","zero_budget_diagnostic_applicable",254,254,1,0,0.985101469568688,1
"ED1_011_TWO_ROOT_SV_POWER_n8000_depth6_reference","diagnostic","depth6_reference","TWO_ROOT_SV_POWER",8000,8000,"absolute","K3","zero_budget_rejected",246,254,0.968503937007874,0.0109587740362886,0.939092100987337,0.983955732703008
"ED1_011_TWO_ROOT_SV_POWER_n8000_depth6_reference","diagnostic","depth6_reference","TWO_ROOT_SV_POWER",8000,8000,"absolute","K3","exact_count_certified",246,254,0.968503937007874,0.0109587740362886,0.939092100987337,0.983955732703008
"ED1_011_TWO_ROOT_SV_POWER_n8000_depth6_reference","diagnostic","depth6_reference","TWO_ROOT_SV_POWER",8000,8000,"absolute","K3","simplicity_certified",246,254,0.968503937007874,0.0109587740362886,0.939092100987337,0.983955732703008
"ED1_011_TWO_ROOT_SV_POWER_n8000_depth6_reference","diagnostic","depth6_reference","TWO_ROOT_SV_POWER",8000,8000,"absolute","K3","exact_count_statement_true",254,254,1,0,0.985101469568688,1
"ED1_011_TWO_ROOT_SV_POWER_n8000_depth6_reference","diagnostic","depth6_reference","TWO_ROOT_SV_POWER",8000,8000,"absolute","K3","false_exact_count_report",0,254,0,0,0,0.0148985304313125
"ED1_011_TWO_ROOT_SV_POWER_n8000_depth6_reference","diagnostic","depth6_reference","TWO_ROOT_SV_POWER",8000,8000,"absolute","K3","bracket_covers_root",245,246,0.995934959349594,0.00405676995892824,0.97733727779002,0.999282059735997
"ED1_011_TWO_ROOT_SV_POWER_n8000_depth6_reference","diagnostic","depth6_reference","TWO_ROOT_SV_POWER",8000,8000,"absolute","K3","brackets_cover_all_distinct_roots",245,246,0.995934959349594,0.00405676995892824,0.97733727779002,0.999282059735997
"ED1_011_TWO_ROOT_SV_POWER_n8000_depth6_reference","diagnostic","depth6_reference","TWO_ROOT_SV_POWER",8000,8000,"absolute","K3","false_bracket_report",1,254,0.00393700787401575,0.00392925021549497,0.000695316956305255,0.0219599179598001
"ED1_011_TWO_ROOT_SV_POWER_n8000_depth6_reference","diagnostic","depth6_reference","TWO_ROOT_SV_POWER",8000,8000,"absolute","K3","outer_band_contains_root",0,0,,,,
"ED1_011_TWO_ROOT_SV_POWER_n8000_depth6_reference","diagnostic","depth6_reference","TWO_ROOT_SV_POWER",8000,8000,"absolute","K3","outer_set_covers_truth",249,254,0.980314960629921,0.00871633876108206,0.954754813260733,0.991563133883991
"ED1_011_TWO_ROOT_SV_POWER_n8000_depth6_reference","diagnostic","depth6_reference","TWO_ROOT_SV_POWER",8000,8000,"absolute","K3","numerical_outer_contains_root",0,0,,,,
"ED1_011_TWO_ROOT_SV_POWER_n8000_depth6_reference","diagnostic","depth6_reference","TWO_ROOT_SV_POWER",8000,8000,"absolute","K3","numerical_outer_contains_all_roots",249,254,0.980314960629921,0.00871633876108206,0.954754813260733,0.991563133883991
"ED1_011_TWO_ROOT_SV_POWER_n8000_depth6_reference","diagnostic","depth6_reference","TWO_ROOT_SV_POWER",8000,8000,"absolute","K3","false_outer_report",5,254,0.0196850393700787,0.00871633876108207,0.00843686611600916,0.0452451867392674
"ED1_011_TWO_ROOT_SV_POWER_n8000_depth6_reference","diagnostic","depth6_reference","TWO_ROOT_SV_POWER",8000,8000,"absolute","K3","tangency_localization_applicable",0,254,0,0,0,0.0148985304313125
"ED1_011_TWO_ROOT_SV_POWER_n8000_depth6_reference","diagnostic","depth6_reference","TWO_ROOT_SV_POWER",8000,8000,"absolute","K3","tangency_local_outer_nonempty",0,0,,,,
"ED1_011_TWO_ROOT_SV_POWER_n8000_depth6_reference","diagnostic","depth6_reference","TWO_ROOT_SV_POWER",8000,8000,"absolute","K3","tangency_truncated_local_outer_nonempty",0,0,,,,
"ED1_011_TWO_ROOT_SV_POWER_n8000_depth6_reference","diagnostic","depth6_reference","TWO_ROOT_SV_POWER",8000,8000,"absolute","K3","tangency_truncated_local_touches_left_boundary",0,0,,,,
"ED1_011_TWO_ROOT_SV_POWER_n8000_depth6_reference","diagnostic","depth6_reference","TWO_ROOT_SV_POWER",8000,8000,"absolute","K3","tangency_truncated_local_touches_right_boundary",0,0,,,,
"ED1_011_TWO_ROOT_SV_POWER_n8000_depth6_reference","diagnostic","depth6_reference","TWO_ROOT_SV_POWER",8000,8000,"absolute","K3","tangency_truncated_local_censored_by_window",0,0,,,,
"ED1_011_TWO_ROOT_SV_POWER_n8000_depth6_reference","diagnostic","depth6_reference","TWO_ROOT_SV_POWER",8000,8000,"absolute","K3","tangency_global_geometry_applicable",0,254,0,0,0,0.0148985304313125
"ED1_011_TWO_ROOT_SV_POWER_n8000_depth6_reference","diagnostic","depth6_reference","TWO_ROOT_SV_POWER",8000,8000,"absolute","K3","tangency_global_geometry_conditioned_on_continuum_band_coverage",0,254,0,0,0,0.0148985304313125
"ED1_011_TWO_ROOT_SV_POWER_n8000_depth6_reference","diagnostic","depth6_reference","TWO_ROOT_SV_POWER",8000,8000,"absolute","K3","tangency_global_outer_nonempty_conditional_on_continuum_band_coverage",0,0,,,,
"ED1_011_TWO_ROOT_SV_POWER_n8000_depth6_reference","diagnostic","depth6_reference","TWO_ROOT_SV_POWER",8000,8000,"absolute","K3","tangency_global_outer_contains_root_conditional_on_continuum_band_coverage",0,0,,,,
"ED1_011_TWO_ROOT_SV_POWER_n8000_depth6_reference","diagnostic","depth6_reference","TWO_ROOT_SV_POWER",8000,8000,"absolute","K3","tangency_global_outer_touches_K_left_conditional_on_continuum_band_coverage",0,0,,,,
"ED1_011_TWO_ROOT_SV_POWER_n8000_depth6_reference","diagnostic","depth6_reference","TWO_ROOT_SV_POWER",8000,8000,"absolute","K3","tangency_global_outer_touches_K_right_conditional_on_continuum_band_coverage",0,0,,,,
"ED1_011_TWO_ROOT_SV_POWER_n8000_depth6_reference","diagnostic","depth6_reference","TWO_ROOT_SV_POWER",8000,8000,"absolute","K3","tangency_global_outer_touches_K_boundary_conditional_on_continuum_band_coverage",0,0,,,,
"ED1_011_TWO_ROOT_SV_POWER_n8000_depth6_reference","diagnostic","depth6_reference","TWO_ROOT_SV_POWER",8000,8000,"absolute","K3","tangency_global_root_component_present_conditional_on_continuum_band_coverage",0,0,,,,
"ED1_011_TWO_ROOT_SV_POWER_n8000_depth6_reference","diagnostic","depth6_reference","TWO_ROOT_SV_POWER",8000,8000,"absolute","K3","tangency_global_root_component_touches_K_left_conditional_on_continuum_band_coverage",0,0,,,,
"ED1_011_TWO_ROOT_SV_POWER_n8000_depth6_reference","diagnostic","depth6_reference","TWO_ROOT_SV_POWER",8000,8000,"absolute","K3","tangency_global_root_component_touches_K_right_conditional_on_continuum_band_coverage",0,0,,,,
"ED1_011_TWO_ROOT_SV_POWER_n8000_depth6_reference","diagnostic","depth6_reference","TWO_ROOT_SV_POWER",8000,8000,"absolute","K3","tangency_global_root_component_touches_K_boundary_conditional_on_continuum_band_coverage",0,0,,,,
"ED1_011_TWO_ROOT_SV_POWER_n8000_depth6_reference","diagnostic","depth6_reference","TWO_ROOT_SV_POWER",8000,8000,"absolute","K3","root_isolation_applicable",254,254,1,0,0.985101469568688,1
"ED1_011_TWO_ROOT_SV_POWER_n8000_depth6_reference","diagnostic","depth6_reference","TWO_ROOT_SV_POWER",8000,8000,"absolute","K3","root_isolation_success",253,254,0.996062992125984,0.00392925021549497,0.9780400820402,0.999304683043695
"ED1_011_TWO_ROOT_SV_POWER_n8000_depth6_reference","diagnostic","depth6_reference","TWO_ROOT_SV_POWER",8000,8000,"absolute","K3","root_isolation_limit_hit",0,254,0,0,0,0.0148985304313125
"ED1_011_TWO_ROOT_SV_POWER_n8000_depth6_reference","diagnostic","depth6_reference","TWO_ROOT_SV_POWER",8000,8000,"absolute","K3","root_isolation_all_tolerances_met",253,254,0.996062992125984,0.00392925021549497,0.9780400820402,0.999304683043695
"ED1_011_TWO_ROOT_SV_POWER_n8000_depth6_reference","diagnostic","depth6_reference","TWO_ROOT_SV_POWER",8000,8000,"absolute","K3","wald_reported",253,254,0.996062992125984,0.00392925021549497,0.9780400820402,0.999304683043695
"ED1_011_TWO_ROOT_SV_POWER_n8000_depth6_reference","diagnostic","depth6_reference","TWO_ROOT_SV_POWER",8000,8000,"absolute","K3","wald_conditional_cover",239,253,0.944664031620553,0.0143741504623285,0.909272008432933,0.966754786591139
"ED1_011_TWO_ROOT_SV_POWER_n8000_depth6_reference","diagnostic","depth6_reference","TWO_ROOT_SV_POWER",8000,8000,"absolute","K3","wald_formal_unconditional_cover",240,254,0.94488188976378,0.0143192101792767,0.909620805893771,0.966886800887817
"ED1_011_TWO_ROOT_SV_POWER_n8000_depth6_reference","diagnostic","depth6_reference","TWO_ROOT_SV_POWER",8000,8000,"absolute","K3","wald_report_and_cover",239,254,0.940944881889764,0.0147908797094566,0.904862180137562,0.963888722159234
"ED1_011_TWO_ROOT_SV_POWER_n8000_depth6_reference","diagnostic","depth6_reference","TWO_ROOT_SV_POWER",8000,8000,"absolute","K3","root_multiplier_applicable",254,254,1,0,0.985101469568688,1
"ED1_011_TWO_ROOT_SV_POWER_n8000_depth6_reference","diagnostic","depth6_reference","TWO_ROOT_SV_POWER",8000,8000,"absolute","K3","root_multiplier_reported",253,254,0.996062992125984,0.00392925021549497,0.9780400820402,0.999304683043695
"ED1_011_TWO_ROOT_SV_POWER_n8000_depth6_reference","diagnostic","depth6_reference","TWO_ROOT_SV_POWER",8000,8000,"absolute","K3","root_multiplier_conditional_cover",246,253,0.972332015810277,0.0103118311191583,0.944000824767349,0.986534304169333
"ED1_011_TWO_ROOT_SV_POWER_n8000_depth6_reference","diagnostic","depth6_reference","TWO_ROOT_SV_POWER",8000,8000,"absolute","K3","root_multiplier_formal_unconditional_cover",247,254,0.97244094488189,0.0102718086790882,0.944216969425316,0.986587568749822
"ED1_011_TWO_ROOT_SV_POWER_n8000_depth6_reference","diagnostic","depth6_reference","TWO_ROOT_SV_POWER",8000,8000,"absolute","K3","root_multiplier_report_and_cover",246,254,0.968503937007874,0.0109587740362886,0.939092100987337,0.983955732703008
"ED1_011_TWO_ROOT_SV_POWER_n8000_depth6_reference","diagnostic","depth6_reference","TWO_ROOT_SV_POWER",8000,8000,"absolute","K3","derivative_assisted_requested",0,254,0,0,0,0.0148985304313125
"ED1_011_TWO_ROOT_SV_POWER_n8000_depth6_reference","diagnostic","depth6_reference","TWO_ROOT_SV_POWER",8000,8000,"absolute","K3","derivative_assisted_implemented",254,254,1,0,0.985101469568688,1
"ED1_011_TWO_ROOT_SV_POWER_n8000_depth6_reference","diagnostic","depth6_reference","TWO_ROOT_SV_POWER",8000,8000,"absolute","K3","derivative_assisted_applicable",0,254,0,0,0,0.0148985304313125
"ED1_011_TWO_ROOT_SV_POWER_n8000_depth6_reference","diagnostic","depth6_reference","TWO_ROOT_SV_POWER",8000,8000,"absolute","K3","derivative_assisted_reported",0,0,,,,
"ED1_011_TWO_ROOT_SV_POWER_n8000_depth6_reference","diagnostic","depth6_reference","TWO_ROOT_SV_POWER",8000,8000,"absolute","K3","derivative_assisted_failure",0,0,,,,
"ED1_011_TWO_ROOT_SV_POWER_n8000_depth6_reference","diagnostic","depth6_reference","TWO_ROOT_SV_POWER",8000,8000,"absolute","K3","derivative_assisted_same_multiplier_seed",0,0,,,,
"ED1_011_TWO_ROOT_SV_POWER_n8000_depth6_reference","diagnostic","depth6_reference","TWO_ROOT_SV_POWER",8000,8000,"absolute","K3","derivative_assisted_guard_failed",0,0,,,,
"ED1_011_TWO_ROOT_SV_POWER_n8000_depth6_reference","diagnostic","depth6_reference","TWO_ROOT_SV_POWER",8000,8000,"absolute","K3","derivative_assisted_enclosure_limit_hit",0,0,,,,
"ED1_011_TWO_ROOT_SV_POWER_n8000_depth6_reference","diagnostic","depth6_reference","TWO_ROOT_SV_POWER",8000,8000,"absolute","K3","derivative_assisted_derivative_positive_throughout_K",0,0,,,,
"ED1_011_TWO_ROOT_SV_POWER_n8000_depth6_reference","diagnostic","depth6_reference","TWO_ROOT_SV_POWER",8000,8000,"absolute","K3","derivative_assisted_derivative_negative_throughout_K",0,0,,,,
"ED1_011_TWO_ROOT_SV_POWER_n8000_depth6_reference","diagnostic","depth6_reference","TWO_ROOT_SV_POWER",8000,8000,"absolute","K3","derivative_assisted_exact_root_certified",0,0,,,,
"ED1_011_TWO_ROOT_SV_POWER_n8000_depth6_reference","diagnostic","depth6_reference","TWO_ROOT_SV_POWER",8000,8000,"absolute","K3","derivative_assisted_local_exact_root_certified",0,0,,,,
"ED1_011_TWO_ROOT_SV_POWER_n8000_depth6_reference","diagnostic","depth6_reference","TWO_ROOT_SV_POWER",8000,8000,"absolute","K3","derivative_assisted_exact_root_on_K_certified",0,0,,,,
"ED1_011_TWO_ROOT_SV_POWER_n8000_depth6_reference","diagnostic","depth6_reference","TWO_ROOT_SV_POWER",8000,8000,"absolute","K3","derivative_assisted_exact_root_on_K_statement_true",0,0,,,,
"ED1_011_TWO_ROOT_SV_POWER_n8000_depth6_reference","diagnostic","depth6_reference","TWO_ROOT_SV_POWER",8000,8000,"absolute","K3","derivative_assisted_false_exact_root_on_K_report",0,0,,,,
"ED1_011_TWO_ROOT_SV_POWER_n8000_depth6_reference","diagnostic","depth6_reference","TWO_ROOT_SV_POWER",8000,8000,"absolute","K3","derivative_assisted_certificate_reported",0,0,,,,
"ED1_011_TWO_ROOT_SV_POWER_n8000_depth6_reference","diagnostic","depth6_reference","TWO_ROOT_SV_POWER",8000,8000,"absolute","K3","derivative_assisted_certificate_statement_true",0,0,,,,
"ED1_011_TWO_ROOT_SV_POWER_n8000_depth6_reference","diagnostic","depth6_reference","TWO_ROOT_SV_POWER",8000,8000,"absolute","K3","derivative_assisted_false_exact_root_report",0,0,,,,
"ED1_011_TWO_ROOT_SV_POWER_n8000_depth6_reference","diagnostic","depth6_reference","TWO_ROOT_SV_POWER",8000,8000,"absolute","K3","derivative_assisted_value_grid_coverage",0,0,,,,
"ED1_011_TWO_ROOT_SV_POWER_n8000_depth6_reference","diagnostic","depth6_reference","TWO_ROOT_SV_POWER",8000,8000,"absolute","K3","derivative_assisted_derivative_grid_coverage",0,0,,,,
"ED1_011_TWO_ROOT_SV_POWER_n8000_depth6_reference","diagnostic","depth6_reference","TWO_ROOT_SV_POWER",8000,8000,"absolute","K3","derivative_assisted_joint_grid_coverage",0,0,,,,
"ED1_011_TWO_ROOT_SV_POWER_n8000_depth6_reference","diagnostic","depth6_reference","TWO_ROOT_SV_POWER",8000,8000,"absolute","K3","pointwise_grid_curve_coverage",0,0,,,,
"ED1_011_TWO_ROOT_SV_POWER_n8000_depth6_reference","diagnostic","depth6_reference","TWO_ROOT_SV_POWER",8000,8000,"absolute","K3","pointwise_root_coverage",0,0,,,,
"ED1_011_TWO_ROOT_SV_POWER_n8000_depth6_reference","diagnostic","depth6_reference","TWO_ROOT_SV_POWER",8000,8000,"absolute","K3","pointwise_false_sign_report",0,0,,,,
"ED1_011_TWO_ROOT_SV_POWER_n8000_depth6_reference","diagnostic","depth6_reference","TWO_ROOT_SV_POWER",8000,8000,"absolute","K3","pointwise_reversal_report",0,0,,,,
"ED1_011_TWO_ROOT_SV_POWER_n8000_depth6_reference","diagnostic","depth6_reference","TWO_ROOT_SV_POWER",8000,8000,"absolute","K3","pointwise_no_root_report",0,0,,,,
"ED1_011_TWO_ROOT_SV_POWER_n8000_depth6_reference","diagnostic","depth6_reference","TWO_ROOT_SV_POWER",8000,8000,"absolute","K3","any_primary_false_report",6,254,0.0236220472440945,0.00952907819324417,0.0108701341887398,0.0505686231513296
"ED1_011_TWO_ROOT_SV_POWER_n8000_depth6_reference","diagnostic","depth6_reference","TWO_ROOT_SV_POWER",8000,8000,"absolute","K3","joint_band_covers_truth_on_grid",244,254,0.960629921259842,0.01220237417846,0.92905769352091,0.978476731199849
"ED1_011_TWO_ROOT_SV_POWER_n8000_depth6_reference","diagnostic","depth6_reference","TWO_ROOT_SV_POWER",8000,8000,"absolute","K3","joint_band_covers_truth_on_audit_grid",244,254,0.960629921259842,0.01220237417846,0.92905769352091,0.978476731199849
"ED1_011_TWO_ROOT_SV_POWER_n8000_depth6_reference","diagnostic","depth6_reference","TWO_ROOT_SV_POWER",8000,8000,"absolute","K3","joint_continuum_band_covers_truth",244,254,0.960629921259842,0.01220237417846,0.92905769352091,0.978476731199849
"ED1_011_TWO_ROOT_SV_POWER_n8000_depth6_reference","diagnostic","depth6_reference","TWO_ROOT_SV_POWER",8000,8000,"absolute","K3","joint_any_primary_false_report",6,254,0.0236220472440945,0.00952907819324417,0.0108701341887398,0.0505686231513296
"ED1_011_TWO_ROOT_SV_POWER_n8000_depth6_reference","diagnostic","depth6_reference","TWO_ROOT_SV_POWER",8000,8000,"absolute","K3","joint_pointwise_grid_curve_coverage",0,0,,,,
"ED1_011_TWO_ROOT_SV_POWER_n8000_depth6_reference","diagnostic","depth6_reference","TWO_ROOT_SV_POWER",8000,8000,"absolute","K3","joint_derivative_assisted_grid_coverage",0,0,,,,
"ED1_011_TWO_ROOT_SV_POWER_n8000_depth6_reference","diagnostic","depth6_reference","TWO_ROOT_SV_POWER",8000,8000,"absolute","K3","joint_derivative_assisted_false_exact_root_report",0,0,,,,
"ED1_011_TWO_ROOT_SV_POWER_n8000_depth6_reference","diagnostic","depth6_reference","TWO_ROOT_SV_POWER",8000,8000,"absolute","K3","across_interval_joint_band_covers_truth_on_grid",244,254,0.960629921259842,0.01220237417846,0.92905769352091,0.978476731199849
"ED1_011_TWO_ROOT_SV_POWER_n8000_depth6_reference","diagnostic","depth6_reference","TWO_ROOT_SV_POWER",8000,8000,"absolute","K3","across_interval_joint_band_covers_truth_on_audit_grid",244,254,0.960629921259842,0.01220237417846,0.92905769352091,0.978476731199849
"ED1_011_TWO_ROOT_SV_POWER_n8000_depth6_reference","diagnostic","depth6_reference","TWO_ROOT_SV_POWER",8000,8000,"absolute","K3","across_interval_joint_continuum_band_covers_truth",244,254,0.960629921259842,0.01220237417846,0.92905769352091,0.978476731199849
"ED1_011_TWO_ROOT_SV_POWER_n8000_depth6_reference","diagnostic","depth6_reference","TWO_ROOT_SV_POWER",8000,8000,"absolute","K3","across_interval_joint_any_primary_false_report",6,254,0.0236220472440945,0.00952907819324417,0.0108701341887398,0.0505686231513296
"ED1_012_TWO_ROOT_SV_POWER_n8000_depth8_refined","diagnostic","depth8_refined","TWO_ROOT_SV_POWER",8000,8000,"absolute","K3","band_covers_truth_on_grid",244,254,0.960629921259842,0.01220237417846,0.92905769352091,0.978476731199849
"ED1_012_TWO_ROOT_SV_POWER_n8000_depth8_refined","diagnostic","depth8_refined","TWO_ROOT_SV_POWER",8000,8000,"absolute","K3","band_covers_truth_on_audit_grid",244,254,0.960629921259842,0.01220237417846,0.92905769352091,0.978476731199849
"ED1_012_TWO_ROOT_SV_POWER_n8000_depth8_refined","diagnostic","depth8_refined","TWO_ROOT_SV_POWER",8000,8000,"absolute","K3","continuum_band_covers_truth",244,254,0.960629921259842,0.01220237417846,0.92905769352091,0.978476731199849
"ED1_012_TWO_ROOT_SV_POWER_n8000_depth8_refined","diagnostic","depth8_refined","TWO_ROOT_SV_POWER",8000,8000,"absolute","K3","guard_failed",0,254,0,0,0,0.0148985304313125
"ED1_012_TWO_ROOT_SV_POWER_n8000_depth8_refined","diagnostic","depth8_refined","TWO_ROOT_SV_POWER",8000,8000,"absolute","K3","roundoff_inflation_requested",254,254,1,0,0.985101469568688,1
"ED1_012_TWO_ROOT_SV_POWER_n8000_depth8_refined","diagnostic","depth8_refined","TWO_ROOT_SV_POWER",8000,8000,"absolute","K3","roundoff_inflation_margin_applied",254,254,1,0,0.985101469568688,1
"ED1_012_TWO_ROOT_SV_POWER_n8000_depth8_refined","diagnostic","depth8_refined","TWO_ROOT_SV_POWER",8000,8000,"absolute","K3","continuum_truth_limit_hit",0,254,0,0,0,0.0148985304313125
"ED1_012_TWO_ROOT_SV_POWER_n8000_depth8_refined","diagnostic","depth8_refined","TWO_ROOT_SV_POWER",8000,8000,"absolute","K3","continuum_truth_endpoint_violation",10,254,0.0393700787401575,0.01220237417846,0.0215232688001508,0.0709423064790899
"ED1_012_TWO_ROOT_SV_POWER_n8000_depth8_refined","diagnostic","depth8_refined","TWO_ROOT_SV_POWER",8000,8000,"absolute","K3","enclosure_limit_hit",51,254,0.200787401574803,0.0251352108129764,0.156146690514048,0.254343768641698
"ED1_012_TWO_ROOT_SV_POWER_n8000_depth8_refined","diagnostic","depth8_refined","TWO_ROOT_SV_POWER",8000,8000,"absolute","K3","enclosure_depth_limit_hit",51,254,0.200787401574803,0.0251352108129764,0.156146690514048,0.254343768641698
"ED1_012_TWO_ROOT_SV_POWER_n8000_depth8_refined","diagnostic","depth8_refined","TWO_ROOT_SV_POWER",8000,8000,"absolute","K3","enclosure_node_limit_hit",0,254,0,0,0,0.0148985304313125
"ED1_012_TWO_ROOT_SV_POWER_n8000_depth8_refined","diagnostic","depth8_refined","TWO_ROOT_SV_POWER",8000,8000,"absolute","K3","enclosure_variance_limit_hit",0,254,0,0,0,0.0148985304313125
"ED1_012_TWO_ROOT_SV_POWER_n8000_depth8_refined","diagnostic","depth8_refined","TWO_ROOT_SV_POWER",8000,8000,"absolute","K3","enclosure_statistical_limit_hit",51,254,0.200787401574803,0.0251352108129764,0.156146690514048,0.254343768641698
"ED1_012_TWO_ROOT_SV_POWER_n8000_depth8_refined","diagnostic","depth8_refined","TWO_ROOT_SV_POWER",8000,8000,"absolute","K3","continuum_no_root_certified",0,254,0,0,0,0.0148985304313125
"ED1_012_TWO_ROOT_SV_POWER_n8000_depth8_refined","diagnostic","depth8_refined","TWO_ROOT_SV_POWER",8000,8000,"absolute","K3","grid_only_no_root",0,0,,,,
"ED1_012_TWO_ROOT_SV_POWER_n8000_depth8_refined","diagnostic","depth8_refined","TWO_ROOT_SV_POWER",8000,8000,"absolute","K3","grid_continuum_no_root_disagreement",0,0,,,,
"ED1_012_TWO_ROOT_SV_POWER_n8000_depth8_refined","diagnostic","depth8_refined","TWO_ROOT_SV_POWER",8000,8000,"absolute","K3","reversal_certified",246,254,0.968503937007874,0.0109587740362886,0.939092100987337,0.983955732703008
"ED1_012_TWO_ROOT_SV_POWER_n8000_depth8_refined","diagnostic","depth8_refined","TWO_ROOT_SV_POWER",8000,8000,"absolute","K3","grid_only_reversal_certified",0,0,,,,
"ED1_012_TWO_ROOT_SV_POWER_n8000_depth8_refined","diagnostic","depth8_refined","TWO_ROOT_SV_POWER",8000,8000,"absolute","K3","direction_correct",245,246,0.995934959349594,0.00405676995892824,0.97733727779002,0.999282059735997
"ED1_012_TWO_ROOT_SV_POWER_n8000_depth8_refined","diagnostic","depth8_refined","TWO_ROOT_SV_POWER",8000,8000,"absolute","K3","false_direction_report",1,254,0.00393700787401575,0.00392925021549497,0.000695316956305255,0.0219599179598001
"ED1_012_TWO_ROOT_SV_POWER_n8000_depth8_refined","diagnostic","depth8_refined","TWO_ROOT_SV_POWER",8000,8000,"absolute","K3","false_sign_report",6,254,0.0236220472440945,0.00952907819324417,0.0108701341887398,0.0505686231513296
"ED1_012_TWO_ROOT_SV_POWER_n8000_depth8_refined","diagnostic","depth8_refined","TWO_ROOT_SV_POWER",8000,8000,"absolute","K3","false_reversal_report",1,254,0.00393700787401575,0.00392925021549497,0.000695316956305255,0.0219599179598001
"ED1_012_TWO_ROOT_SV_POWER_n8000_depth8_refined","diagnostic","depth8_refined","TWO_ROOT_SV_POWER",8000,8000,"absolute","K3","false_no_root_report",0,254,0,0,0,0.0148985304313125
"ED1_012_TWO_ROOT_SV_POWER_n8000_depth8_refined","diagnostic","depth8_refined","TWO_ROOT_SV_POWER",8000,8000,"absolute","K3","budget_rejected",0,254,0,0,0,0.0148985304313125
"ED1_012_TWO_ROOT_SV_POWER_n8000_depth8_refined","diagnostic","depth8_refined","TWO_ROOT_SV_POWER",8000,8000,"absolute","K3","false_budget_rejection",0,254,0,0,0,0.0148985304313125
"ED1_012_TWO_ROOT_SV_POWER_n8000_depth8_refined","diagnostic","depth8_refined","TWO_ROOT_SV_POWER",8000,8000,"absolute","K3","zero_budget_diagnostic_applicable",254,254,1,0,0.985101469568688,1
"ED1_012_TWO_ROOT_SV_POWER_n8000_depth8_refined","diagnostic","depth8_refined","TWO_ROOT_SV_POWER",8000,8000,"absolute","K3","zero_budget_rejected",246,254,0.968503937007874,0.0109587740362886,0.939092100987337,0.983955732703008
"ED1_012_TWO_ROOT_SV_POWER_n8000_depth8_refined","diagnostic","depth8_refined","TWO_ROOT_SV_POWER",8000,8000,"absolute","K3","exact_count_certified",246,254,0.968503937007874,0.0109587740362886,0.939092100987337,0.983955732703008
"ED1_012_TWO_ROOT_SV_POWER_n8000_depth8_refined","diagnostic","depth8_refined","TWO_ROOT_SV_POWER",8000,8000,"absolute","K3","simplicity_certified",246,254,0.968503937007874,0.0109587740362886,0.939092100987337,0.983955732703008
"ED1_012_TWO_ROOT_SV_POWER_n8000_depth8_refined","diagnostic","depth8_refined","TWO_ROOT_SV_POWER",8000,8000,"absolute","K3","exact_count_statement_true",254,254,1,0,0.985101469568688,1
"ED1_012_TWO_ROOT_SV_POWER_n8000_depth8_refined","diagnostic","depth8_refined","TWO_ROOT_SV_POWER",8000,8000,"absolute","K3","false_exact_count_report",0,254,0,0,0,0.0148985304313125
"ED1_012_TWO_ROOT_SV_POWER_n8000_depth8_refined","diagnostic","depth8_refined","TWO_ROOT_SV_POWER",8000,8000,"absolute","K3","bracket_covers_root",245,246,0.995934959349594,0.00405676995892824,0.97733727779002,0.999282059735997
"ED1_012_TWO_ROOT_SV_POWER_n8000_depth8_refined","diagnostic","depth8_refined","TWO_ROOT_SV_POWER",8000,8000,"absolute","K3","brackets_cover_all_distinct_roots",245,246,0.995934959349594,0.00405676995892824,0.97733727779002,0.999282059735997
"ED1_012_TWO_ROOT_SV_POWER_n8000_depth8_refined","diagnostic","depth8_refined","TWO_ROOT_SV_POWER",8000,8000,"absolute","K3","false_bracket_report",1,254,0.00393700787401575,0.00392925021549497,0.000695316956305255,0.0219599179598001
"ED1_012_TWO_ROOT_SV_POWER_n8000_depth8_refined","diagnostic","depth8_refined","TWO_ROOT_SV_POWER",8000,8000,"absolute","K3","outer_band_contains_root",0,0,,,,
"ED1_012_TWO_ROOT_SV_POWER_n8000_depth8_refined","diagnostic","depth8_refined","TWO_ROOT_SV_POWER",8000,8000,"absolute","K3","outer_set_covers_truth",249,254,0.980314960629921,0.00871633876108206,0.954754813260733,0.991563133883991
"ED1_012_TWO_ROOT_SV_POWER_n8000_depth8_refined","diagnostic","depth8_refined","TWO_ROOT_SV_POWER",8000,8000,"absolute","K3","numerical_outer_contains_root",0,0,,,,
"ED1_012_TWO_ROOT_SV_POWER_n8000_depth8_refined","diagnostic","depth8_refined","TWO_ROOT_SV_POWER",8000,8000,"absolute","K3","numerical_outer_contains_all_roots",249,254,0.980314960629921,0.00871633876108206,0.954754813260733,0.991563133883991
"ED1_012_TWO_ROOT_SV_POWER_n8000_depth8_refined","diagnostic","depth8_refined","TWO_ROOT_SV_POWER",8000,8000,"absolute","K3","false_outer_report",5,254,0.0196850393700787,0.00871633876108207,0.00843686611600916,0.0452451867392674
"ED1_012_TWO_ROOT_SV_POWER_n8000_depth8_refined","diagnostic","depth8_refined","TWO_ROOT_SV_POWER",8000,8000,"absolute","K3","tangency_localization_applicable",0,254,0,0,0,0.0148985304313125
"ED1_012_TWO_ROOT_SV_POWER_n8000_depth8_refined","diagnostic","depth8_refined","TWO_ROOT_SV_POWER",8000,8000,"absolute","K3","tangency_local_outer_nonempty",0,0,,,,
"ED1_012_TWO_ROOT_SV_POWER_n8000_depth8_refined","diagnostic","depth8_refined","TWO_ROOT_SV_POWER",8000,8000,"absolute","K3","tangency_truncated_local_outer_nonempty",0,0,,,,
"ED1_012_TWO_ROOT_SV_POWER_n8000_depth8_refined","diagnostic","depth8_refined","TWO_ROOT_SV_POWER",8000,8000,"absolute","K3","tangency_truncated_local_touches_left_boundary",0,0,,,,
"ED1_012_TWO_ROOT_SV_POWER_n8000_depth8_refined","diagnostic","depth8_refined","TWO_ROOT_SV_POWER",8000,8000,"absolute","K3","tangency_truncated_local_touches_right_boundary",0,0,,,,
"ED1_012_TWO_ROOT_SV_POWER_n8000_depth8_refined","diagnostic","depth8_refined","TWO_ROOT_SV_POWER",8000,8000,"absolute","K3","tangency_truncated_local_censored_by_window",0,0,,,,
"ED1_012_TWO_ROOT_SV_POWER_n8000_depth8_refined","diagnostic","depth8_refined","TWO_ROOT_SV_POWER",8000,8000,"absolute","K3","tangency_global_geometry_applicable",0,254,0,0,0,0.0148985304313125
"ED1_012_TWO_ROOT_SV_POWER_n8000_depth8_refined","diagnostic","depth8_refined","TWO_ROOT_SV_POWER",8000,8000,"absolute","K3","tangency_global_geometry_conditioned_on_continuum_band_coverage",0,254,0,0,0,0.0148985304313125
"ED1_012_TWO_ROOT_SV_POWER_n8000_depth8_refined","diagnostic","depth8_refined","TWO_ROOT_SV_POWER",8000,8000,"absolute","K3","tangency_global_outer_nonempty_conditional_on_continuum_band_coverage",0,0,,,,
"ED1_012_TWO_ROOT_SV_POWER_n8000_depth8_refined","diagnostic","depth8_refined","TWO_ROOT_SV_POWER",8000,8000,"absolute","K3","tangency_global_outer_contains_root_conditional_on_continuum_band_coverage",0,0,,,,
"ED1_012_TWO_ROOT_SV_POWER_n8000_depth8_refined","diagnostic","depth8_refined","TWO_ROOT_SV_POWER",8000,8000,"absolute","K3","tangency_global_outer_touches_K_left_conditional_on_continuum_band_coverage",0,0,,,,
"ED1_012_TWO_ROOT_SV_POWER_n8000_depth8_refined","diagnostic","depth8_refined","TWO_ROOT_SV_POWER",8000,8000,"absolute","K3","tangency_global_outer_touches_K_right_conditional_on_continuum_band_coverage",0,0,,,,
"ED1_012_TWO_ROOT_SV_POWER_n8000_depth8_refined","diagnostic","depth8_refined","TWO_ROOT_SV_POWER",8000,8000,"absolute","K3","tangency_global_outer_touches_K_boundary_conditional_on_continuum_band_coverage",0,0,,,,
"ED1_012_TWO_ROOT_SV_POWER_n8000_depth8_refined","diagnostic","depth8_refined","TWO_ROOT_SV_POWER",8000,8000,"absolute","K3","tangency_global_root_component_present_conditional_on_continuum_band_coverage",0,0,,,,
"ED1_012_TWO_ROOT_SV_POWER_n8000_depth8_refined","diagnostic","depth8_refined","TWO_ROOT_SV_POWER",8000,8000,"absolute","K3","tangency_global_root_component_touches_K_left_conditional_on_continuum_band_coverage",0,0,,,,
"ED1_012_TWO_ROOT_SV_POWER_n8000_depth8_refined","diagnostic","depth8_refined","TWO_ROOT_SV_POWER",8000,8000,"absolute","K3","tangency_global_root_component_touches_K_right_conditional_on_continuum_band_coverage",0,0,,,,
"ED1_012_TWO_ROOT_SV_POWER_n8000_depth8_refined","diagnostic","depth8_refined","TWO_ROOT_SV_POWER",8000,8000,"absolute","K3","tangency_global_root_component_touches_K_boundary_conditional_on_continuum_band_coverage",0,0,,,,
"ED1_012_TWO_ROOT_SV_POWER_n8000_depth8_refined","diagnostic","depth8_refined","TWO_ROOT_SV_POWER",8000,8000,"absolute","K3","root_isolation_applicable",254,254,1,0,0.985101469568688,1
"ED1_012_TWO_ROOT_SV_POWER_n8000_depth8_refined","diagnostic","depth8_refined","TWO_ROOT_SV_POWER",8000,8000,"absolute","K3","root_isolation_success",253,254,0.996062992125984,0.00392925021549497,0.9780400820402,0.999304683043695
"ED1_012_TWO_ROOT_SV_POWER_n8000_depth8_refined","diagnostic","depth8_refined","TWO_ROOT_SV_POWER",8000,8000,"absolute","K3","root_isolation_limit_hit",0,254,0,0,0,0.0148985304313125
"ED1_012_TWO_ROOT_SV_POWER_n8000_depth8_refined","diagnostic","depth8_refined","TWO_ROOT_SV_POWER",8000,8000,"absolute","K3","root_isolation_all_tolerances_met",253,254,0.996062992125984,0.00392925021549497,0.9780400820402,0.999304683043695
"ED1_012_TWO_ROOT_SV_POWER_n8000_depth8_refined","diagnostic","depth8_refined","TWO_ROOT_SV_POWER",8000,8000,"absolute","K3","wald_reported",253,254,0.996062992125984,0.00392925021549497,0.9780400820402,0.999304683043695
"ED1_012_TWO_ROOT_SV_POWER_n8000_depth8_refined","diagnostic","depth8_refined","TWO_ROOT_SV_POWER",8000,8000,"absolute","K3","wald_conditional_cover",239,253,0.944664031620553,0.0143741504623285,0.909272008432933,0.966754786591139
"ED1_012_TWO_ROOT_SV_POWER_n8000_depth8_refined","diagnostic","depth8_refined","TWO_ROOT_SV_POWER",8000,8000,"absolute","K3","wald_formal_unconditional_cover",240,254,0.94488188976378,0.0143192101792767,0.909620805893771,0.966886800887817
"ED1_012_TWO_ROOT_SV_POWER_n8000_depth8_refined","diagnostic","depth8_refined","TWO_ROOT_SV_POWER",8000,8000,"absolute","K3","wald_report_and_cover",239,254,0.940944881889764,0.0147908797094566,0.904862180137562,0.963888722159234
"ED1_012_TWO_ROOT_SV_POWER_n8000_depth8_refined","diagnostic","depth8_refined","TWO_ROOT_SV_POWER",8000,8000,"absolute","K3","root_multiplier_applicable",254,254,1,0,0.985101469568688,1
"ED1_012_TWO_ROOT_SV_POWER_n8000_depth8_refined","diagnostic","depth8_refined","TWO_ROOT_SV_POWER",8000,8000,"absolute","K3","root_multiplier_reported",253,254,0.996062992125984,0.00392925021549497,0.9780400820402,0.999304683043695
"ED1_012_TWO_ROOT_SV_POWER_n8000_depth8_refined","diagnostic","depth8_refined","TWO_ROOT_SV_POWER",8000,8000,"absolute","K3","root_multiplier_conditional_cover",246,253,0.972332015810277,0.0103118311191583,0.944000824767349,0.986534304169333
"ED1_012_TWO_ROOT_SV_POWER_n8000_depth8_refined","diagnostic","depth8_refined","TWO_ROOT_SV_POWER",8000,8000,"absolute","K3","root_multiplier_formal_unconditional_cover",247,254,0.97244094488189,0.0102718086790882,0.944216969425316,0.986587568749822
"ED1_012_TWO_ROOT_SV_POWER_n8000_depth8_refined","diagnostic","depth8_refined","TWO_ROOT_SV_POWER",8000,8000,"absolute","K3","root_multiplier_report_and_cover",246,254,0.968503937007874,0.0109587740362886,0.939092100987337,0.983955732703008
"ED1_012_TWO_ROOT_SV_POWER_n8000_depth8_refined","diagnostic","depth8_refined","TWO_ROOT_SV_POWER",8000,8000,"absolute","K3","derivative_assisted_requested",0,254,0,0,0,0.0148985304313125
"ED1_012_TWO_ROOT_SV_POWER_n8000_depth8_refined","diagnostic","depth8_refined","TWO_ROOT_SV_POWER",8000,8000,"absolute","K3","derivative_assisted_implemented",254,254,1,0,0.985101469568688,1
"ED1_012_TWO_ROOT_SV_POWER_n8000_depth8_refined","diagnostic","depth8_refined","TWO_ROOT_SV_POWER",8000,8000,"absolute","K3","derivative_assisted_applicable",0,254,0,0,0,0.0148985304313125
"ED1_012_TWO_ROOT_SV_POWER_n8000_depth8_refined","diagnostic","depth8_refined","TWO_ROOT_SV_POWER",8000,8000,"absolute","K3","derivative_assisted_reported",0,0,,,,
"ED1_012_TWO_ROOT_SV_POWER_n8000_depth8_refined","diagnostic","depth8_refined","TWO_ROOT_SV_POWER",8000,8000,"absolute","K3","derivative_assisted_failure",0,0,,,,
"ED1_012_TWO_ROOT_SV_POWER_n8000_depth8_refined","diagnostic","depth8_refined","TWO_ROOT_SV_POWER",8000,8000,"absolute","K3","derivative_assisted_same_multiplier_seed",0,0,,,,
"ED1_012_TWO_ROOT_SV_POWER_n8000_depth8_refined","diagnostic","depth8_refined","TWO_ROOT_SV_POWER",8000,8000,"absolute","K3","derivative_assisted_guard_failed",0,0,,,,
"ED1_012_TWO_ROOT_SV_POWER_n8000_depth8_refined","diagnostic","depth8_refined","TWO_ROOT_SV_POWER",8000,8000,"absolute","K3","derivative_assisted_enclosure_limit_hit",0,0,,,,
"ED1_012_TWO_ROOT_SV_POWER_n8000_depth8_refined","diagnostic","depth8_refined","TWO_ROOT_SV_POWER",8000,8000,"absolute","K3","derivative_assisted_derivative_positive_throughout_K",0,0,,,,
"ED1_012_TWO_ROOT_SV_POWER_n8000_depth8_refined","diagnostic","depth8_refined","TWO_ROOT_SV_POWER",8000,8000,"absolute","K3","derivative_assisted_derivative_negative_throughout_K",0,0,,,,
"ED1_012_TWO_ROOT_SV_POWER_n8000_depth8_refined","diagnostic","depth8_refined","TWO_ROOT_SV_POWER",8000,8000,"absolute","K3","derivative_assisted_exact_root_certified",0,0,,,,
"ED1_012_TWO_ROOT_SV_POWER_n8000_depth8_refined","diagnostic","depth8_refined","TWO_ROOT_SV_POWER",8000,8000,"absolute","K3","derivative_assisted_local_exact_root_certified",0,0,,,,
"ED1_012_TWO_ROOT_SV_POWER_n8000_depth8_refined","diagnostic","depth8_refined","TWO_ROOT_SV_POWER",8000,8000,"absolute","K3","derivative_assisted_exact_root_on_K_certified",0,0,,,,
"ED1_012_TWO_ROOT_SV_POWER_n8000_depth8_refined","diagnostic","depth8_refined","TWO_ROOT_SV_POWER",8000,8000,"absolute","K3","derivative_assisted_exact_root_on_K_statement_true",0,0,,,,
"ED1_012_TWO_ROOT_SV_POWER_n8000_depth8_refined","diagnostic","depth8_refined","TWO_ROOT_SV_POWER",8000,8000,"absolute","K3","derivative_assisted_false_exact_root_on_K_report",0,0,,,,
"ED1_012_TWO_ROOT_SV_POWER_n8000_depth8_refined","diagnostic","depth8_refined","TWO_ROOT_SV_POWER",8000,8000,"absolute","K3","derivative_assisted_certificate_reported",0,0,,,,
"ED1_012_TWO_ROOT_SV_POWER_n8000_depth8_refined","diagnostic","depth8_refined","TWO_ROOT_SV_POWER",8000,8000,"absolute","K3","derivative_assisted_certificate_statement_true",0,0,,,,
"ED1_012_TWO_ROOT_SV_POWER_n8000_depth8_refined","diagnostic","depth8_refined","TWO_ROOT_SV_POWER",8000,8000,"absolute","K3","derivative_assisted_false_exact_root_report",0,0,,,,
"ED1_012_TWO_ROOT_SV_POWER_n8000_depth8_refined","diagnostic","depth8_refined","TWO_ROOT_SV_POWER",8000,8000,"absolute","K3","derivative_assisted_value_grid_coverage",0,0,,,,
"ED1_012_TWO_ROOT_SV_POWER_n8000_depth8_refined","diagnostic","depth8_refined","TWO_ROOT_SV_POWER",8000,8000,"absolute","K3","derivative_assisted_derivative_grid_coverage",0,0,,,,
"ED1_012_TWO_ROOT_SV_POWER_n8000_depth8_refined","diagnostic","depth8_refined","TWO_ROOT_SV_POWER",8000,8000,"absolute","K3","derivative_assisted_joint_grid_coverage",0,0,,,,
"ED1_012_TWO_ROOT_SV_POWER_n8000_depth8_refined","diagnostic","depth8_refined","TWO_ROOT_SV_POWER",8000,8000,"absolute","K3","pointwise_grid_curve_coverage",0,0,,,,
"ED1_012_TWO_ROOT_SV_POWER_n8000_depth8_refined","diagnostic","depth8_refined","TWO_ROOT_SV_POWER",8000,8000,"absolute","K3","pointwise_root_coverage",0,0,,,,
"ED1_012_TWO_ROOT_SV_POWER_n8000_depth8_refined","diagnostic","depth8_refined","TWO_ROOT_SV_POWER",8000,8000,"absolute","K3","pointwise_false_sign_report",0,0,,,,
"ED1_012_TWO_ROOT_SV_POWER_n8000_depth8_refined","diagnostic","depth8_refined","TWO_ROOT_SV_POWER",8000,8000,"absolute","K3","pointwise_reversal_report",0,0,,,,
"ED1_012_TWO_ROOT_SV_POWER_n8000_depth8_refined","diagnostic","depth8_refined","TWO_ROOT_SV_POWER",8000,8000,"absolute","K3","pointwise_no_root_report",0,0,,,,
"ED1_012_TWO_ROOT_SV_POWER_n8000_depth8_refined","diagnostic","depth8_refined","TWO_ROOT_SV_POWER",8000,8000,"absolute","K3","any_primary_false_report",6,254,0.0236220472440945,0.00952907819324417,0.0108701341887398,0.0505686231513296
"ED1_012_TWO_ROOT_SV_POWER_n8000_depth8_refined","diagnostic","depth8_refined","TWO_ROOT_SV_POWER",8000,8000,"absolute","K3","joint_band_covers_truth_on_grid",244,254,0.960629921259842,0.01220237417846,0.92905769352091,0.978476731199849
"ED1_012_TWO_ROOT_SV_POWER_n8000_depth8_refined","diagnostic","depth8_refined","TWO_ROOT_SV_POWER",8000,8000,"absolute","K3","joint_band_covers_truth_on_audit_grid",244,254,0.960629921259842,0.01220237417846,0.92905769352091,0.978476731199849
"ED1_012_TWO_ROOT_SV_POWER_n8000_depth8_refined","diagnostic","depth8_refined","TWO_ROOT_SV_POWER",8000,8000,"absolute","K3","joint_continuum_band_covers_truth",244,254,0.960629921259842,0.01220237417846,0.92905769352091,0.978476731199849
"ED1_012_TWO_ROOT_SV_POWER_n8000_depth8_refined","diagnostic","depth8_refined","TWO_ROOT_SV_POWER",8000,8000,"absolute","K3","joint_any_primary_false_report",6,254,0.0236220472440945,0.00952907819324417,0.0108701341887398,0.0505686231513296
"ED1_012_TWO_ROOT_SV_POWER_n8000_depth8_refined","diagnostic","depth8_refined","TWO_ROOT_SV_POWER",8000,8000,"absolute","K3","joint_pointwise_grid_curve_coverage",0,0,,,,
"ED1_012_TWO_ROOT_SV_POWER_n8000_depth8_refined","diagnostic","depth8_refined","TWO_ROOT_SV_POWER",8000,8000,"absolute","K3","joint_derivative_assisted_grid_coverage",0,0,,,,
"ED1_012_TWO_ROOT_SV_POWER_n8000_depth8_refined","diagnostic","depth8_refined","TWO_ROOT_SV_POWER",8000,8000,"absolute","K3","joint_derivative_assisted_false_exact_root_report",0,0,,,,
"ED1_012_TWO_ROOT_SV_POWER_n8000_depth8_refined","diagnostic","depth8_refined","TWO_ROOT_SV_POWER",8000,8000,"absolute","K3","across_interval_joint_band_covers_truth_on_grid",244,254,0.960629921259842,0.01220237417846,0.92905769352091,0.978476731199849
"ED1_012_TWO_ROOT_SV_POWER_n8000_depth8_refined","diagnostic","depth8_refined","TWO_ROOT_SV_POWER",8000,8000,"absolute","K3","across_interval_joint_band_covers_truth_on_audit_grid",244,254,0.960629921259842,0.01220237417846,0.92905769352091,0.978476731199849
"ED1_012_TWO_ROOT_SV_POWER_n8000_depth8_refined","diagnostic","depth8_refined","TWO_ROOT_SV_POWER",8000,8000,"absolute","K3","across_interval_joint_continuum_band_covers_truth",244,254,0.960629921259842,0.01220237417846,0.92905769352091,0.978476731199849
"ED1_012_TWO_ROOT_SV_POWER_n8000_depth8_refined","diagnostic","depth8_refined","TWO_ROOT_SV_POWER",8000,8000,"absolute","K3","across_interval_joint_any_primary_false_report",6,254,0.0236220472440945,0.00952907819324417,0.0108701341887398,0.0505686231513296
