"cell_id","cell_class","variant_id","scenario_id","n_x","n_y","moment_type","interval_id","metric","rows","finite","missing","positive_infinite","negative_infinite","mean","sd","q05","q50","q95"
"ED1_001_TANGENCY_SV_POWER_n2000_depth6_reference","diagnostic","depth6_reference","TANGENCY_SV_POWER",2000,2000,"absolute","K1","bootstrap_grid_size",254,254,0,0,0,251,0,251,251,251
"ED1_001_TANGENCY_SV_POWER_n2000_depth6_reference","diagnostic","depth6_reference","TANGENCY_SV_POWER",2000,2000,"absolute","K1","bootstrap_grid_spacing",254,254,0,0,0,0.00500000000000012,0,0.00500000000000012,0.00500000000000012,0.00500000000000012
"ED1_001_TANGENCY_SV_POWER_n2000_depth6_reference","diagnostic","depth6_reference","TANGENCY_SV_POWER",2000,2000,"absolute","K1","enclosure_grid_size",254,254,0,0,0,501,0,501,501,501
"ED1_001_TANGENCY_SV_POWER_n2000_depth6_reference","diagnostic","depth6_reference","TANGENCY_SV_POWER",2000,2000,"absolute","K1","enclosure_grid_spacing",254,254,0,0,0,0.00250000000000017,0,0.00250000000000017,0.00250000000000017,0.00250000000000017
"ED1_001_TANGENCY_SV_POWER_n2000_depth6_reference","diagnostic","depth6_reference","TANGENCY_SV_POWER",2000,2000,"absolute","K1","configured_guard_maximum_levels",254,254,0,0,0,6,0,6,6,6
"ED1_001_TANGENCY_SV_POWER_n2000_depth6_reference","diagnostic","depth6_reference","TANGENCY_SV_POWER",2000,2000,"absolute","K1","configured_continuum_enclosure_maximum_levels",254,254,0,0,0,6,0,6,6,6
"ED1_001_TANGENCY_SV_POWER_n2000_depth6_reference","diagnostic","depth6_reference","TANGENCY_SV_POWER",2000,2000,"absolute","K1","guard_minimum_ratio",254,254,0,0,0,0.0585543822395624,0.00130262367131139,0.0564050563995621,0.0586183838927453,0.0606391842246853
"ED1_001_TANGENCY_SV_POWER_n2000_depth6_reference","diagnostic","depth6_reference","TANGENCY_SV_POWER",2000,2000,"absolute","K1","guard_nodes_used",254,254,0,0,0,251,0,251,251,251
"ED1_001_TANGENCY_SV_POWER_n2000_depth6_reference","diagnostic","depth6_reference","TANGENCY_SV_POWER",2000,2000,"absolute","K1","guard_maximum_level",254,254,0,0,0,0,0,0,0,0
"ED1_001_TANGENCY_SV_POWER_n2000_depth6_reference","diagnostic","depth6_reference","TANGENCY_SV_POWER",2000,2000,"absolute","K1","critical_value",254,254,0,0,0,2.15675492659583,0.0613590156392593,2.06239554539619,2.1577867199393,2.26570541307765
"ED1_001_TANGENCY_SV_POWER_n2000_depth6_reference","diagnostic","depth6_reference","TANGENCY_SV_POWER",2000,2000,"absolute","K1","maximum_half_width",254,254,0,0,0,10.2001791328493,0.333686257988655,9.64727184601587,10.2260896686596,10.722060593315
"ED1_001_TANGENCY_SV_POWER_n2000_depth6_reference","diagnostic","depth6_reference","TANGENCY_SV_POWER",2000,2000,"absolute","K1","integrated_half_width",254,254,0,0,0,2.42005491639205,0.0780477969186299,2.2909901000436,2.42432353972862,2.54355635244894
"ED1_001_TANGENCY_SV_POWER_n2000_depth6_reference","diagnostic","depth6_reference","TANGENCY_SV_POWER",2000,2000,"absolute","K1","continuum_truth_nodes_used",254,254,0,0,0,1043.82283464567,3120.23638827029,568.65,661.5,1753.95
"ED1_001_TANGENCY_SV_POWER_n2000_depth6_reference","diagnostic","depth6_reference","TANGENCY_SV_POWER",2000,2000,"absolute","K1","continuum_truth_maximum_level",254,254,0,0,0,1.75984251968504,1.05641348972262,0.65,2,3
"ED1_001_TANGENCY_SV_POWER_n2000_depth6_reference","diagnostic","depth6_reference","TANGENCY_SV_POWER",2000,2000,"absolute","K1","continuum_truth_unresolved_cells",254,254,0,0,0,43.4488188976378,692.460226550472,0,0,0
"ED1_001_TANGENCY_SV_POWER_n2000_depth6_reference","diagnostic","depth6_reference","TANGENCY_SV_POWER",2000,2000,"absolute","K1","enclosure_nodes_used",254,254,0,0,0,626.279527559055,127.73031052747,533,566,814.7
"ED1_001_TANGENCY_SV_POWER_n2000_depth6_reference","diagnostic","depth6_reference","TANGENCY_SV_POWER",2000,2000,"absolute","K1","enclosure_maximum_level",254,254,0,0,0,5.4251968503937,0.857606606511134,4,6,6
"ED1_001_TANGENCY_SV_POWER_n2000_depth6_reference","diagnostic","depth6_reference","TANGENCY_SV_POWER",2000,2000,"absolute","K1","enclosure_variance_unresolved_cells",254,254,0,0,0,0,0,0,0,0
"ED1_001_TANGENCY_SV_POWER_n2000_depth6_reference","diagnostic","depth6_reference","TANGENCY_SV_POWER",2000,2000,"absolute","K1","enclosure_unresolved_cells",254,254,0,0,0,316.433070866142,63.5143493856647,205.85,324.5,396.05
"ED1_001_TANGENCY_SV_POWER_n2000_depth6_reference","diagnostic","depth6_reference","TANGENCY_SV_POWER",2000,2000,"absolute","K1","enclosure_limit_hit_cells",254,254,0,0,0,5.5748031496063,12.2671318842121,0,0,27.35
"ED1_001_TANGENCY_SV_POWER_n2000_depth6_reference","diagnostic","depth6_reference","TANGENCY_SV_POWER",2000,2000,"absolute","K1","enclosure_limit_hit_total_width",254,254,0,0,0,0.00021776574803149,0.000479184839227037,0,0,0.00106835937500003
"ED1_001_TANGENCY_SV_POWER_n2000_depth6_reference","diagnostic","depth6_reference","TANGENCY_SV_POWER",2000,2000,"absolute","K1","enclosure_limit_hit_width_proportion",254,254,0,0,0,0.000174212598425192,0.00038334787138163,0,0,0.000854687500000022
"ED1_001_TANGENCY_SV_POWER_n2000_depth6_reference","diagnostic","depth6_reference","TANGENCY_SV_POWER",2000,2000,"absolute","K1","enclosure_limit_hit_maximum_cell_width",254,254,0,0,0,1.33796751968699e-05,1.85738005498723e-05,0,0,3.90625000001865e-05
"ED1_001_TANGENCY_SV_POWER_n2000_depth6_reference","diagnostic","depth6_reference","TANGENCY_SV_POWER",2000,2000,"absolute","K1","enclosure_depth_limit_cells",254,254,0,0,0,5.5748031496063,12.2671318842121,0,0,27.35
"ED1_001_TANGENCY_SV_POWER_n2000_depth6_reference","diagnostic","depth6_reference","TANGENCY_SV_POWER",2000,2000,"absolute","K1","enclosure_depth_limit_total_width",254,254,0,0,0,0.00021776574803149,0.000479184839227037,0,0,0.00106835937500003
"ED1_001_TANGENCY_SV_POWER_n2000_depth6_reference","diagnostic","depth6_reference","TANGENCY_SV_POWER",2000,2000,"absolute","K1","enclosure_depth_limit_width_proportion",254,254,0,0,0,0.000174212598425192,0.00038334787138163,0,0,0.000854687500000022
"ED1_001_TANGENCY_SV_POWER_n2000_depth6_reference","diagnostic","depth6_reference","TANGENCY_SV_POWER",2000,2000,"absolute","K1","enclosure_depth_limit_maximum_cell_width",254,254,0,0,0,1.33796751968699e-05,1.85738005498723e-05,0,0,3.90625000001865e-05
"ED1_001_TANGENCY_SV_POWER_n2000_depth6_reference","diagnostic","depth6_reference","TANGENCY_SV_POWER",2000,2000,"absolute","K1","enclosure_node_limit_cells",254,254,0,0,0,0,0,0,0,0
"ED1_001_TANGENCY_SV_POWER_n2000_depth6_reference","diagnostic","depth6_reference","TANGENCY_SV_POWER",2000,2000,"absolute","K1","enclosure_node_limit_total_width",254,254,0,0,0,0,0,0,0,0
"ED1_001_TANGENCY_SV_POWER_n2000_depth6_reference","diagnostic","depth6_reference","TANGENCY_SV_POWER",2000,2000,"absolute","K1","enclosure_node_limit_width_proportion",254,254,0,0,0,0,0,0,0,0
"ED1_001_TANGENCY_SV_POWER_n2000_depth6_reference","diagnostic","depth6_reference","TANGENCY_SV_POWER",2000,2000,"absolute","K1","enclosure_node_limit_maximum_cell_width",254,254,0,0,0,0,0,0,0,0
"ED1_001_TANGENCY_SV_POWER_n2000_depth6_reference","diagnostic","depth6_reference","TANGENCY_SV_POWER",2000,2000,"absolute","K1","enclosure_variance_limit_cells",254,254,0,0,0,0,0,0,0,0
"ED1_001_TANGENCY_SV_POWER_n2000_depth6_reference","diagnostic","depth6_reference","TANGENCY_SV_POWER",2000,2000,"absolute","K1","enclosure_variance_limit_total_width",254,254,0,0,0,0,0,0,0,0
"ED1_001_TANGENCY_SV_POWER_n2000_depth6_reference","diagnostic","depth6_reference","TANGENCY_SV_POWER",2000,2000,"absolute","K1","enclosure_variance_limit_width_proportion",254,254,0,0,0,0,0,0,0,0
"ED1_001_TANGENCY_SV_POWER_n2000_depth6_reference","diagnostic","depth6_reference","TANGENCY_SV_POWER",2000,2000,"absolute","K1","enclosure_variance_limit_maximum_cell_width",254,254,0,0,0,0,0,0,0,0
"ED1_001_TANGENCY_SV_POWER_n2000_depth6_reference","diagnostic","depth6_reference","TANGENCY_SV_POWER",2000,2000,"absolute","K1","enclosure_statistical_limit_cells",254,254,0,0,0,5.5748031496063,12.2671318842121,0,0,27.35
"ED1_001_TANGENCY_SV_POWER_n2000_depth6_reference","diagnostic","depth6_reference","TANGENCY_SV_POWER",2000,2000,"absolute","K1","enclosure_statistical_limit_total_width",254,254,0,0,0,0.00021776574803149,0.000479184839227037,0,0,0.00106835937500003
"ED1_001_TANGENCY_SV_POWER_n2000_depth6_reference","diagnostic","depth6_reference","TANGENCY_SV_POWER",2000,2000,"absolute","K1","enclosure_statistical_limit_width_proportion",254,254,0,0,0,0.000174212598425192,0.00038334787138163,0,0,0.000854687500000022
"ED1_001_TANGENCY_SV_POWER_n2000_depth6_reference","diagnostic","depth6_reference","TANGENCY_SV_POWER",2000,2000,"absolute","K1","enclosure_statistical_limit_maximum_cell_width",254,254,0,0,0,1.33796751968699e-05,1.85738005498723e-05,0,0,3.90625000001865e-05
"ED1_001_TANGENCY_SV_POWER_n2000_depth6_reference","diagnostic","depth6_reference","TANGENCY_SV_POWER",2000,2000,"absolute","K1","certified_alternation_count",254,254,0,0,0,0.031496062992126,0.174998944051732,0,0,0
"ED1_001_TANGENCY_SV_POWER_n2000_depth6_reference","diagnostic","depth6_reference","TANGENCY_SV_POWER",2000,2000,"absolute","K1","bracket_count",254,254,0,0,0,0.031496062992126,0.174998944051732,0,0,0
"ED1_001_TANGENCY_SV_POWER_n2000_depth6_reference","diagnostic","depth6_reference","TANGENCY_SV_POWER",2000,2000,"absolute","K1","bracket_length",254,8,246,0,0,0.86375,0.070089228844381,0.78675,0.8625,0.95725
"ED1_001_TANGENCY_SV_POWER_n2000_depth6_reference","diagnostic","depth6_reference","TANGENCY_SV_POWER",2000,2000,"absolute","K1","numerical_outer_component_count",254,254,0,0,0,1.02362204724409,0.197396770605789,1,1,1
"ED1_001_TANGENCY_SV_POWER_n2000_depth6_reference","diagnostic","depth6_reference","TANGENCY_SV_POWER",2000,2000,"absolute","K1","numerical_outer_total_length",254,254,0,0,0,0.77736343503937,0.165019394089611,0.486951171875,0.803359375,0.9875
"ED1_001_TANGENCY_SV_POWER_n2000_depth6_reference","diagnostic","depth6_reference","TANGENCY_SV_POWER",2000,2000,"absolute","K1","numerical_outer_retained_proportion",254,254,0,0,0,0.621890748031496,0.132015515271689,0.3895609375,0.6426875,0.79
"ED1_001_TANGENCY_SV_POWER_n2000_depth6_reference","diagnostic","depth6_reference","TANGENCY_SV_POWER",2000,2000,"absolute","K1","numerical_outer_hausdorff",254,252,0,2,0,0.465635075644841,0.121481858168015,0.280939453125,0.4625,0.6675
"ED1_001_TANGENCY_SV_POWER_n2000_depth6_reference","diagnostic","depth6_reference","TANGENCY_SV_POWER",2000,2000,"absolute","K1","tangency_local_outer_total_length",254,254,0,0,0,0.481004705954724,0.0753433858125465,0.37040625,0.5,0.5
"ED1_001_TANGENCY_SV_POWER_n2000_depth6_reference","diagnostic","depth6_reference","TANGENCY_SV_POWER",2000,2000,"absolute","K1","tangency_scaled_outer_radius",254,240,14,0,0,1.4003250877087,0.0378684161300733,1.40585331297587,1.40585331297587,1.40585331297587
"ED1_001_TANGENCY_SV_POWER_n2000_depth6_reference","diagnostic","depth6_reference","TANGENCY_SV_POWER",2000,2000,"absolute","K1","tangency_scaled_outer_hausdorff",254,240,12,2,0,1.4003250877087,0.0378684161300733,1.40585331297587,1.40585331297587,1.40585331297587
"ED1_001_TANGENCY_SV_POWER_n2000_depth6_reference","diagnostic","depth6_reference","TANGENCY_SV_POWER",2000,2000,"absolute","K1","tangency_truncated_local_outer_total_length",254,254,0,0,0,0.481004705954724,0.0753433858125465,0.37040625,0.5,0.5
"ED1_001_TANGENCY_SV_POWER_n2000_depth6_reference","diagnostic","depth6_reference","TANGENCY_SV_POWER",2000,2000,"absolute","K1","tangency_truncated_local_scaled_outer_radius",254,240,14,0,0,1.4003250877087,0.0378684161300733,1.40585331297587,1.40585331297587,1.40585331297587
"ED1_001_TANGENCY_SV_POWER_n2000_depth6_reference","diagnostic","depth6_reference","TANGENCY_SV_POWER",2000,2000,"absolute","K1","tangency_truncated_local_scaled_outer_hausdorff",254,240,12,2,0,1.4003250877087,0.0378684161300733,1.40585331297587,1.40585331297587,1.40585331297587
"ED1_001_TANGENCY_SV_POWER_n2000_depth6_reference","diagnostic","depth6_reference","TANGENCY_SV_POWER",2000,2000,"absolute","K1","tangency_global_outer_component_count_conditional_on_continuum_band_coverage",254,240,14,0,0,1,0,1,1,1
"ED1_001_TANGENCY_SV_POWER_n2000_depth6_reference","diagnostic","depth6_reference","TANGENCY_SV_POWER",2000,2000,"absolute","K1","tangency_global_outer_total_length_conditional_on_continuum_band_coverage",254,240,14,0,0,0.788866536458333,0.140847861833824,0.5360625,0.8075,0.9875
"ED1_001_TANGENCY_SV_POWER_n2000_depth6_reference","diagnostic","depth6_reference","TANGENCY_SV_POWER",2000,2000,"absolute","K1","tangency_global_outer_hausdorff_conditional_on_continuum_band_coverage",254,240,14,0,0,0.45979345703125,0.109318293224728,0.28994921875,0.45884765625,0.6375
"ED1_001_TANGENCY_SV_POWER_n2000_depth6_reference","diagnostic","depth6_reference","TANGENCY_SV_POWER",2000,2000,"absolute","K1","tangency_global_outer_left_radius_conditional_on_continuum_band_coverage",254,240,14,0,0,0.329818359375,0.0382161642137601,0.24453125,0.35,0.35
"ED1_001_TANGENCY_SV_POWER_n2000_depth6_reference","diagnostic","depth6_reference","TANGENCY_SV_POWER",2000,2000,"absolute","K1","tangency_global_outer_right_radius_conditional_on_continuum_band_coverage",254,240,14,0,0,0.459048177083333,0.110655462618184,0.287375,0.45884765625,0.6375
"ED1_001_TANGENCY_SV_POWER_n2000_depth6_reference","diagnostic","depth6_reference","TANGENCY_SV_POWER",2000,2000,"absolute","K1","tangency_global_scaled_outer_total_length_conditional_on_continuum_band_coverage",254,240,14,0,0,4.436122535103,0.792045732738597,3.01450096634852,4.54090620091207,5.5531205862547
"ED1_001_TANGENCY_SV_POWER_n2000_depth6_reference","diagnostic","depth6_reference","TANGENCY_SV_POWER",2000,2000,"absolute","K1","tangency_global_scaled_outer_hausdorff_conditional_on_continuum_band_coverage",254,240,14,0,0,2.58560861940805,0.614741938795408,1.63050427909781,2.58028999076111,3.58492594808848
"ED1_001_TANGENCY_SV_POWER_n2000_depth6_reference","diagnostic","depth6_reference","TANGENCY_SV_POWER",2000,2000,"absolute","K1","tangency_global_scaled_outer_left_radius_conditional_on_continuum_band_coverage",254,240,14,0,0,1.85470493283044,0.214905284276579,1.37510027175453,1.96819463816622,1.96819463816622
"ED1_001_TANGENCY_SV_POWER_n2000_depth6_reference","diagnostic","depth6_reference","TANGENCY_SV_POWER",2000,2000,"absolute","K1","tangency_global_scaled_outer_right_radius_conditional_on_continuum_band_coverage",254,240,14,0,0,2.58141760227256,0.622261394882606,1.61602838326577,2.58028999076111,3.58492594808848
"ED1_001_TANGENCY_SV_POWER_n2000_depth6_reference","diagnostic","depth6_reference","TANGENCY_SV_POWER",2000,2000,"absolute","K1","tangency_global_root_component_left_conditional_on_continuum_band_coverage",254,240,14,0,0,0.270181640625,0.0382161642137601,0.25,0.25,0.35546875
"ED1_001_TANGENCY_SV_POWER_n2000_depth6_reference","diagnostic","depth6_reference","TANGENCY_SV_POWER",2000,2000,"absolute","K1","tangency_global_root_component_right_conditional_on_continuum_band_coverage",254,240,14,0,0,1.05904817708333,0.110655462618184,0.887375,1.05884765625,1.2375
"ED1_001_TANGENCY_SV_POWER_n2000_depth6_reference","diagnostic","depth6_reference","TANGENCY_SV_POWER",2000,2000,"absolute","K1","tangency_global_root_component_length_conditional_on_continuum_band_coverage",254,240,14,0,0,0.788866536458333,0.140847861833824,0.5360625,0.8075,0.9875
"ED1_001_TANGENCY_SV_POWER_n2000_depth6_reference","diagnostic","depth6_reference","TANGENCY_SV_POWER",2000,2000,"absolute","K1","tangency_global_root_component_left_radius_conditional_on_continuum_band_coverage",254,240,14,0,0,0.329818359375,0.0382161642137601,0.24453125,0.35,0.35
"ED1_001_TANGENCY_SV_POWER_n2000_depth6_reference","diagnostic","depth6_reference","TANGENCY_SV_POWER",2000,2000,"absolute","K1","tangency_global_root_component_right_radius_conditional_on_continuum_band_coverage",254,240,14,0,0,0.459048177083333,0.110655462618184,0.287375,0.45884765625,0.6375
"ED1_001_TANGENCY_SV_POWER_n2000_depth6_reference","diagnostic","depth6_reference","TANGENCY_SV_POWER",2000,2000,"absolute","K1","tangency_global_scaled_root_component_length_conditional_on_continuum_band_coverage",254,240,14,0,0,4.436122535103,0.792045732738597,3.01450096634852,4.54090620091207,5.5531205862547
"ED1_001_TANGENCY_SV_POWER_n2000_depth6_reference","diagnostic","depth6_reference","TANGENCY_SV_POWER",2000,2000,"absolute","K1","tangency_global_scaled_root_component_left_radius_conditional_on_continuum_band_coverage",254,240,14,0,0,1.85470493283044,0.214905284276579,1.37510027175453,1.96819463816622,1.96819463816622
"ED1_001_TANGENCY_SV_POWER_n2000_depth6_reference","diagnostic","depth6_reference","TANGENCY_SV_POWER",2000,2000,"absolute","K1","tangency_global_scaled_root_component_right_radius_conditional_on_continuum_band_coverage",254,240,14,0,0,2.58141760227256,0.622261394882606,1.61602838326577,2.58028999076111,3.58492594808848
"ED1_001_TANGENCY_SV_POWER_n2000_depth6_reference","diagnostic","depth6_reference","TANGENCY_SV_POWER",2000,2000,"absolute","K1","empirical_root_count",254,254,0,0,0,0,0,0,0,0
"ED1_001_TANGENCY_SV_POWER_n2000_depth6_reference","diagnostic","depth6_reference","TANGENCY_SV_POWER",2000,2000,"absolute","K1","root_isolation_maximum_bisections",254,0,254,0,0,,,,,
"ED1_001_TANGENCY_SV_POWER_n2000_depth6_reference","diagnostic","depth6_reference","TANGENCY_SV_POWER",2000,2000,"absolute","K1","root_error_conditional_on_isolation",254,0,254,0,0,,,,,
"ED1_001_TANGENCY_SV_POWER_n2000_depth6_reference","diagnostic","depth6_reference","TANGENCY_SV_POWER",2000,2000,"absolute","K1","derivative_hat",254,0,254,0,0,,,,,
"ED1_001_TANGENCY_SV_POWER_n2000_depth6_reference","diagnostic","depth6_reference","TANGENCY_SV_POWER",2000,2000,"absolute","K1","variance_at_root_hat",254,0,254,0,0,,,,,
"ED1_001_TANGENCY_SV_POWER_n2000_depth6_reference","diagnostic","depth6_reference","TANGENCY_SV_POWER",2000,2000,"absolute","K1","root_standard_error",254,0,254,0,0,,,,,
"ED1_001_TANGENCY_SV_POWER_n2000_depth6_reference","diagnostic","depth6_reference","TANGENCY_SV_POWER",2000,2000,"absolute","K1","wald_length",254,0,254,0,0,,,,,
"ED1_001_TANGENCY_SV_POWER_n2000_depth6_reference","diagnostic","depth6_reference","TANGENCY_SV_POWER",2000,2000,"absolute","K1","wald_collection_bias_conditional_on_isolation",254,0,254,0,0,,,,,
"ED1_001_TANGENCY_SV_POWER_n2000_depth6_reference","diagnostic","depth6_reference","TANGENCY_SV_POWER",2000,2000,"absolute","K1","wald_collection_rmse_conditional_on_isolation",254,0,254,0,0,,,,,
"ED1_001_TANGENCY_SV_POWER_n2000_depth6_reference","diagnostic","depth6_reference","TANGENCY_SV_POWER",2000,2000,"absolute","K1","wald_collection_total_length",254,0,254,0,0,,,,,
"ED1_001_TANGENCY_SV_POWER_n2000_depth6_reference","diagnostic","depth6_reference","TANGENCY_SV_POWER",2000,2000,"absolute","K1","root_multiplier_critical_value",254,0,254,0,0,,,,,
"ED1_001_TANGENCY_SV_POWER_n2000_depth6_reference","diagnostic","depth6_reference","TANGENCY_SV_POWER",2000,2000,"absolute","K1","root_multiplier_total_length",254,0,254,0,0,,,,,
"ED1_001_TANGENCY_SV_POWER_n2000_depth6_reference","diagnostic","depth6_reference","TANGENCY_SV_POWER",2000,2000,"absolute","K1","derivative_assisted_critical_value",254,0,254,0,0,,,,,
"ED1_001_TANGENCY_SV_POWER_n2000_depth6_reference","diagnostic","depth6_reference","TANGENCY_SV_POWER",2000,2000,"absolute","K1","derivative_assisted_critical_value_ratio",254,0,254,0,0,,,,,
"ED1_001_TANGENCY_SV_POWER_n2000_depth6_reference","diagnostic","depth6_reference","TANGENCY_SV_POWER",2000,2000,"absolute","K1","derivative_assisted_value_maximum_half_width",254,0,254,0,0,,,,,
"ED1_001_TANGENCY_SV_POWER_n2000_depth6_reference","diagnostic","depth6_reference","TANGENCY_SV_POWER",2000,2000,"absolute","K1","derivative_assisted_derivative_maximum_half_width",254,0,254,0,0,,,,,
"ED1_001_TANGENCY_SV_POWER_n2000_depth6_reference","diagnostic","depth6_reference","TANGENCY_SV_POWER",2000,2000,"absolute","K1","derivative_assisted_value_width_inflation",254,0,254,0,0,,,,,
"ED1_001_TANGENCY_SV_POWER_n2000_depth6_reference","diagnostic","depth6_reference","TANGENCY_SV_POWER",2000,2000,"absolute","K1","derivative_assisted_guard_minimum_ratio",254,0,254,0,0,,,,,
"ED1_001_TANGENCY_SV_POWER_n2000_depth6_reference","diagnostic","depth6_reference","TANGENCY_SV_POWER",2000,2000,"absolute","K1","derivative_assisted_guard_minimum_ratio_d0",254,0,254,0,0,,,,,
"ED1_001_TANGENCY_SV_POWER_n2000_depth6_reference","diagnostic","depth6_reference","TANGENCY_SV_POWER",2000,2000,"absolute","K1","derivative_assisted_guard_minimum_ratio_d1",254,0,254,0,0,,,,,
"ED1_001_TANGENCY_SV_POWER_n2000_depth6_reference","diagnostic","depth6_reference","TANGENCY_SV_POWER",2000,2000,"absolute","K1","derivative_assisted_guard_nodes_used",254,0,254,0,0,,,,,
"ED1_001_TANGENCY_SV_POWER_n2000_depth6_reference","diagnostic","depth6_reference","TANGENCY_SV_POWER",2000,2000,"absolute","K1","derivative_assisted_guard_maximum_level",254,0,254,0,0,,,,,
"ED1_001_TANGENCY_SV_POWER_n2000_depth6_reference","diagnostic","depth6_reference","TANGENCY_SV_POWER",2000,2000,"absolute","K1","derivative_assisted_value_enclosure_nodes_used",254,0,254,0,0,,,,,
"ED1_001_TANGENCY_SV_POWER_n2000_depth6_reference","diagnostic","depth6_reference","TANGENCY_SV_POWER",2000,2000,"absolute","K1","derivative_assisted_derivative_enclosure_nodes_used",254,0,254,0,0,,,,,
"ED1_001_TANGENCY_SV_POWER_n2000_depth6_reference","diagnostic","depth6_reference","TANGENCY_SV_POWER",2000,2000,"absolute","K1","derivative_assisted_value_unresolved_cells",254,0,254,0,0,,,,,
"ED1_001_TANGENCY_SV_POWER_n2000_depth6_reference","diagnostic","depth6_reference","TANGENCY_SV_POWER",2000,2000,"absolute","K1","derivative_assisted_derivative_unresolved_cells",254,0,254,0,0,,,,,
"ED1_001_TANGENCY_SV_POWER_n2000_depth6_reference","diagnostic","depth6_reference","TANGENCY_SV_POWER",2000,2000,"absolute","K1","derivative_assisted_value_variance_unresolved_cells",254,0,254,0,0,,,,,
"ED1_001_TANGENCY_SV_POWER_n2000_depth6_reference","diagnostic","depth6_reference","TANGENCY_SV_POWER",2000,2000,"absolute","K1","derivative_assisted_derivative_variance_unresolved_cells",254,0,254,0,0,,,,,
"ED1_001_TANGENCY_SV_POWER_n2000_depth6_reference","diagnostic","depth6_reference","TANGENCY_SV_POWER",2000,2000,"absolute","K1","derivative_assisted_certificate_count",254,0,254,0,0,,,,,
"ED1_001_TANGENCY_SV_POWER_n2000_depth6_reference","diagnostic","depth6_reference","TANGENCY_SV_POWER",2000,2000,"absolute","K1","derivative_assisted_covariance_01_min",254,0,254,0,0,,,,,
"ED1_001_TANGENCY_SV_POWER_n2000_depth6_reference","diagnostic","depth6_reference","TANGENCY_SV_POWER",2000,2000,"absolute","K1","derivative_assisted_covariance_01_max",254,0,254,0,0,,,,,
"ED1_001_TANGENCY_SV_POWER_n2000_depth6_reference","diagnostic","depth6_reference","TANGENCY_SV_POWER",2000,2000,"absolute","K1","derivative_assisted_correlation_01_min",254,0,254,0,0,,,,,
"ED1_001_TANGENCY_SV_POWER_n2000_depth6_reference","diagnostic","depth6_reference","TANGENCY_SV_POWER",2000,2000,"absolute","K1","derivative_assisted_correlation_01_max",254,0,254,0,0,,,,,
"ED1_001_TANGENCY_SV_POWER_n2000_depth6_reference","diagnostic","depth6_reference","TANGENCY_SV_POWER",2000,2000,"absolute","K1","x_ess_ratio_p1",254,254,0,0,0,0.60353816725466,0.0105522556001745,0.586344532158114,0.60376171153459,0.620293529066129
"ED1_001_TANGENCY_SV_POWER_n2000_depth6_reference","diagnostic","depth6_reference","TANGENCY_SV_POWER",2000,2000,"absolute","K1","y_ess_ratio_p1",254,254,0,0,0,0.361176102523591,0.00569920429917759,0.351982316874069,0.361432207187581,0.369718567049087
"ED1_001_TANGENCY_SV_POWER_n2000_depth6_reference","diagnostic","depth6_reference","TANGENCY_SV_POWER",2000,2000,"absolute","K1","x_max_share_p1",254,254,0,0,0,0.00218413285546463,3.81462733329236e-05,0.00212387499609244,0.00218166165278115,0.00224803439767347
"ED1_001_TANGENCY_SV_POWER_n2000_depth6_reference","diagnostic","depth6_reference","TANGENCY_SV_POWER",2000,2000,"absolute","K1","y_max_share_p1",254,254,0,0,0,0.00206928064753763,6.18363225771625e-05,0.00198066850631896,0.00206783506144725,0.00217431884228814
"ED1_001_TANGENCY_SV_POWER_n2000_depth6_reference","diagnostic","depth6_reference","TANGENCY_SV_POWER",2000,2000,"absolute","K1","x_top1pct_share_p1",254,254,0,0,0,0.0417761410751737,0.000747669157302082,0.0404329356291126,0.0418007464027947,0.0429440249095595
"ED1_001_TANGENCY_SV_POWER_n2000_depth6_reference","diagnostic","depth6_reference","TANGENCY_SV_POWER",2000,2000,"absolute","K1","y_top1pct_share_p1",254,254,0,0,0,0.0411919556278641,0.00122475024266848,0.0394183208845661,0.041164662764049,0.0432745039857217
"ED1_001_TANGENCY_SV_POWER_n2000_depth6_reference","diagnostic","depth6_reference","TANGENCY_SV_POWER",2000,2000,"absolute","K1","x_ess_ratio_upper",254,254,0,0,0,0.483264278692821,0.0153727559180168,0.458491451201264,0.483640007462931,0.50994804507315
"ED1_001_TANGENCY_SV_POWER_n2000_depth6_reference","diagnostic","depth6_reference","TANGENCY_SV_POWER",2000,2000,"absolute","K1","y_ess_ratio_upper",254,254,0,0,0,0.239045334891767,0.00795830603874469,0.226295629539771,0.239346121860154,0.251003302019301
"ED1_001_TANGENCY_SV_POWER_n2000_depth6_reference","diagnostic","depth6_reference","TANGENCY_SV_POWER",2000,2000,"absolute","K1","x_max_share_upper",254,254,0,0,0,0.00362583584473763,8.11864793050665e-05,0.00350354812542625,0.00361793198385238,0.00375478322088957
"ED1_001_TANGENCY_SV_POWER_n2000_depth6_reference","diagnostic","depth6_reference","TANGENCY_SV_POWER",2000,2000,"absolute","K1","y_max_share_upper",254,254,0,0,0,0.00271526859506612,0.000109009759405977,0.00256033581403987,0.00271146826649924,0.00290073316738843
"ED1_001_TANGENCY_SV_POWER_n2000_depth6_reference","diagnostic","depth6_reference","TANGENCY_SV_POWER",2000,2000,"absolute","K1","x_top1pct_share_upper",254,254,0,0,0,0.0678400519257207,0.00144152804096308,0.0653855655325885,0.0678315785271625,0.0700732792606352
"ED1_001_TANGENCY_SV_POWER_n2000_depth6_reference","diagnostic","depth6_reference","TANGENCY_SV_POWER",2000,2000,"absolute","K1","y_top1pct_share_upper",254,254,0,0,0,0.0539246827970105,0.00215172751738054,0.0508677837887483,0.0538857542305178,0.0576366246492146
"ED1_001_TANGENCY_SV_POWER_n2000_depth6_reference","diagnostic","depth6_reference","TANGENCY_SV_POWER",2000,2000,"absolute","K1","x_count_above_q95",254,254,0,0,0,100.279527559055,10.1075547105376,82.65,101,118
"ED1_001_TANGENCY_SV_POWER_n2000_depth6_reference","diagnostic","depth6_reference","TANGENCY_SV_POWER",2000,2000,"absolute","K1","y_count_above_q95",254,254,0,0,0,100.712598425197,9.65164379803296,86,100,117
"ED1_001_TANGENCY_SV_POWER_n2000_depth6_reference","diagnostic","depth6_reference","TANGENCY_SV_POWER",2000,2000,"absolute","K1","x_count_above_q99",254,254,0,0,0,20.0590551181102,4.2705509513153,13,20,27
"ED1_001_TANGENCY_SV_POWER_n2000_depth6_reference","diagnostic","depth6_reference","TANGENCY_SV_POWER",2000,2000,"absolute","K1","y_count_above_q99",254,254,0,0,0,19.6102362204724,4.25771254895313,13,20,27
"ED1_001_TANGENCY_SV_POWER_n2000_depth6_reference","diagnostic","depth6_reference","TANGENCY_SV_POWER",2000,2000,"absolute","K1","x_latent_high_count",254,254,0,0,0,1270.7125984252,20.3933667124808,1237.65,1271.5,1307.35
"ED1_001_TANGENCY_SV_POWER_n2000_depth6_reference","diagnostic","depth6_reference","TANGENCY_SV_POWER",2000,2000,"absolute","K1","y_latent_high_count",254,254,0,0,0,1960.08661417323,6.35015622981352,1949,1960,1969.35
"ED1_001_TANGENCY_SV_POWER_n2000_depth6_reference","diagnostic","depth6_reference","TANGENCY_SV_POWER",2000,2000,"absolute","K1","elapsed_seconds",254,254,0,0,0,5.98242125984252,9.0541082566874,3.98889999999999,4.9065,8.59785
"ED1_001_TANGENCY_SV_POWER_n2000_depth6_reference","diagnostic","depth6_reference","TANGENCY_SV_POWER",2000,2000,"absolute","K1","peak_r_heap_mb",254,254,0,0,0,167.629133858268,12.5258411801583,162.3,167.15,172.5
"ED1_002_TANGENCY_SV_POWER_n2000_depth8_refined","diagnostic","depth8_refined","TANGENCY_SV_POWER",2000,2000,"absolute","K1","bootstrap_grid_size",254,254,0,0,0,251,0,251,251,251
"ED1_002_TANGENCY_SV_POWER_n2000_depth8_refined","diagnostic","depth8_refined","TANGENCY_SV_POWER",2000,2000,"absolute","K1","bootstrap_grid_spacing",254,254,0,0,0,0.00500000000000012,0,0.00500000000000012,0.00500000000000012,0.00500000000000012
"ED1_002_TANGENCY_SV_POWER_n2000_depth8_refined","diagnostic","depth8_refined","TANGENCY_SV_POWER",2000,2000,"absolute","K1","enclosure_grid_size",254,254,0,0,0,501,0,501,501,501
"ED1_002_TANGENCY_SV_POWER_n2000_depth8_refined","diagnostic","depth8_refined","TANGENCY_SV_POWER",2000,2000,"absolute","K1","enclosure_grid_spacing",254,254,0,0,0,0.00250000000000017,0,0.00250000000000017,0.00250000000000017,0.00250000000000017
"ED1_002_TANGENCY_SV_POWER_n2000_depth8_refined","diagnostic","depth8_refined","TANGENCY_SV_POWER",2000,2000,"absolute","K1","configured_guard_maximum_levels",254,254,0,0,0,6,0,6,6,6
"ED1_002_TANGENCY_SV_POWER_n2000_depth8_refined","diagnostic","depth8_refined","TANGENCY_SV_POWER",2000,2000,"absolute","K1","configured_continuum_enclosure_maximum_levels",254,254,0,0,0,8,0,8,8,8
"ED1_002_TANGENCY_SV_POWER_n2000_depth8_refined","diagnostic","depth8_refined","TANGENCY_SV_POWER",2000,2000,"absolute","K1","guard_minimum_ratio",254,254,0,0,0,0.0585543822395624,0.00130262367131139,0.0564050563995621,0.0586183838927453,0.0606391842246853
"ED1_002_TANGENCY_SV_POWER_n2000_depth8_refined","diagnostic","depth8_refined","TANGENCY_SV_POWER",2000,2000,"absolute","K1","guard_nodes_used",254,254,0,0,0,251,0,251,251,251
"ED1_002_TANGENCY_SV_POWER_n2000_depth8_refined","diagnostic","depth8_refined","TANGENCY_SV_POWER",2000,2000,"absolute","K1","guard_maximum_level",254,254,0,0,0,0,0,0,0,0
"ED1_002_TANGENCY_SV_POWER_n2000_depth8_refined","diagnostic","depth8_refined","TANGENCY_SV_POWER",2000,2000,"absolute","K1","critical_value",254,254,0,0,0,2.15675492659583,0.0613590156392593,2.06239554539619,2.1577867199393,2.26570541307765
"ED1_002_TANGENCY_SV_POWER_n2000_depth8_refined","diagnostic","depth8_refined","TANGENCY_SV_POWER",2000,2000,"absolute","K1","maximum_half_width",254,254,0,0,0,10.2001791328493,0.333686257988655,9.64727184601587,10.2260896686596,10.722060593315
"ED1_002_TANGENCY_SV_POWER_n2000_depth8_refined","diagnostic","depth8_refined","TANGENCY_SV_POWER",2000,2000,"absolute","K1","integrated_half_width",254,254,0,0,0,2.42005491639205,0.0780477969186299,2.2909901000436,2.42432353972862,2.54355635244894
"ED1_002_TANGENCY_SV_POWER_n2000_depth8_refined","diagnostic","depth8_refined","TANGENCY_SV_POWER",2000,2000,"absolute","K1","continuum_truth_nodes_used",254,254,0,0,0,1043.82283464567,3120.23638827029,568.65,661.5,1753.95
"ED1_002_TANGENCY_SV_POWER_n2000_depth8_refined","diagnostic","depth8_refined","TANGENCY_SV_POWER",2000,2000,"absolute","K1","continuum_truth_maximum_level",254,254,0,0,0,1.75984251968504,1.05641348972262,0.65,2,3
"ED1_002_TANGENCY_SV_POWER_n2000_depth8_refined","diagnostic","depth8_refined","TANGENCY_SV_POWER",2000,2000,"absolute","K1","continuum_truth_unresolved_cells",254,254,0,0,0,43.4488188976378,692.460226550472,0,0,0
"ED1_002_TANGENCY_SV_POWER_n2000_depth8_refined","diagnostic","depth8_refined","TANGENCY_SV_POWER",2000,2000,"absolute","K1","enclosure_nodes_used",254,254,0,0,0,634.791338582677,143.323922644315,533,567,849.05
"ED1_002_TANGENCY_SV_POWER_n2000_depth8_refined","diagnostic","depth8_refined","TANGENCY_SV_POWER",2000,2000,"absolute","K1","enclosure_maximum_level",254,254,0,0,0,5.96850393700787,1.4194415640453,4,6,8
"ED1_002_TANGENCY_SV_POWER_n2000_depth8_refined","diagnostic","depth8_refined","TANGENCY_SV_POWER",2000,2000,"absolute","K1","enclosure_variance_unresolved_cells",254,254,0,0,0,0,0,0,0,0
"ED1_002_TANGENCY_SV_POWER_n2000_depth8_refined","diagnostic","depth8_refined","TANGENCY_SV_POWER",2000,2000,"absolute","K1","enclosure_unresolved_cells",254,254,0,0,0,312.405511811024,65.6492425889577,194.45,323,396.05
"ED1_002_TANGENCY_SV_POWER_n2000_depth8_refined","diagnostic","depth8_refined","TANGENCY_SV_POWER",2000,2000,"absolute","K1","enclosure_limit_hit_cells",254,254,0,0,0,1.54724409448819,5.62565167796962,0,0,12
"ED1_002_TANGENCY_SV_POWER_n2000_depth8_refined","diagnostic","depth8_refined","TANGENCY_SV_POWER",2000,2000,"absolute","K1","enclosure_limit_hit_total_width",254,254,0,0,0,1.51098056102369e-05,5.49380046676689e-05,0,0,0.000117187500000004
"ED1_002_TANGENCY_SV_POWER_n2000_depth8_refined","diagnostic","depth8_refined","TANGENCY_SV_POWER",2000,2000,"absolute","K1","enclosure_limit_hit_width_proportion",254,254,0,0,0,1.20878444881895e-05,4.39504037341352e-05,0,0,9.37500000000036e-05
"ED1_002_TANGENCY_SV_POWER_n2000_depth8_refined","diagnostic","depth8_refined","TANGENCY_SV_POWER",2000,2000,"absolute","K1","enclosure_limit_hit_maximum_cell_width",254,254,0,0,0,1.07652559055894e-06,3.06447554321488e-06,0,0,9.76562500004663e-06
"ED1_002_TANGENCY_SV_POWER_n2000_depth8_refined","diagnostic","depth8_refined","TANGENCY_SV_POWER",2000,2000,"absolute","K1","enclosure_depth_limit_cells",254,254,0,0,0,1.54724409448819,5.62565167796962,0,0,12
"ED1_002_TANGENCY_SV_POWER_n2000_depth8_refined","diagnostic","depth8_refined","TANGENCY_SV_POWER",2000,2000,"absolute","K1","enclosure_depth_limit_total_width",254,254,0,0,0,1.51098056102369e-05,5.49380046676689e-05,0,0,0.000117187500000004
"ED1_002_TANGENCY_SV_POWER_n2000_depth8_refined","diagnostic","depth8_refined","TANGENCY_SV_POWER",2000,2000,"absolute","K1","enclosure_depth_limit_width_proportion",254,254,0,0,0,1.20878444881895e-05,4.39504037341352e-05,0,0,9.37500000000036e-05
"ED1_002_TANGENCY_SV_POWER_n2000_depth8_refined","diagnostic","depth8_refined","TANGENCY_SV_POWER",2000,2000,"absolute","K1","enclosure_depth_limit_maximum_cell_width",254,254,0,0,0,1.07652559055894e-06,3.06447554321488e-06,0,0,9.76562500004663e-06
"ED1_002_TANGENCY_SV_POWER_n2000_depth8_refined","diagnostic","depth8_refined","TANGENCY_SV_POWER",2000,2000,"absolute","K1","enclosure_node_limit_cells",254,254,0,0,0,0,0,0,0,0
"ED1_002_TANGENCY_SV_POWER_n2000_depth8_refined","diagnostic","depth8_refined","TANGENCY_SV_POWER",2000,2000,"absolute","K1","enclosure_node_limit_total_width",254,254,0,0,0,0,0,0,0,0
"ED1_002_TANGENCY_SV_POWER_n2000_depth8_refined","diagnostic","depth8_refined","TANGENCY_SV_POWER",2000,2000,"absolute","K1","enclosure_node_limit_width_proportion",254,254,0,0,0,0,0,0,0,0
"ED1_002_TANGENCY_SV_POWER_n2000_depth8_refined","diagnostic","depth8_refined","TANGENCY_SV_POWER",2000,2000,"absolute","K1","enclosure_node_limit_maximum_cell_width",254,254,0,0,0,0,0,0,0,0
"ED1_002_TANGENCY_SV_POWER_n2000_depth8_refined","diagnostic","depth8_refined","TANGENCY_SV_POWER",2000,2000,"absolute","K1","enclosure_variance_limit_cells",254,254,0,0,0,0,0,0,0,0
"ED1_002_TANGENCY_SV_POWER_n2000_depth8_refined","diagnostic","depth8_refined","TANGENCY_SV_POWER",2000,2000,"absolute","K1","enclosure_variance_limit_total_width",254,254,0,0,0,0,0,0,0,0
"ED1_002_TANGENCY_SV_POWER_n2000_depth8_refined","diagnostic","depth8_refined","TANGENCY_SV_POWER",2000,2000,"absolute","K1","enclosure_variance_limit_width_proportion",254,254,0,0,0,0,0,0,0,0
"ED1_002_TANGENCY_SV_POWER_n2000_depth8_refined","diagnostic","depth8_refined","TANGENCY_SV_POWER",2000,2000,"absolute","K1","enclosure_variance_limit_maximum_cell_width",254,254,0,0,0,0,0,0,0,0
"ED1_002_TANGENCY_SV_POWER_n2000_depth8_refined","diagnostic","depth8_refined","TANGENCY_SV_POWER",2000,2000,"absolute","K1","enclosure_statistical_limit_cells",254,254,0,0,0,1.54724409448819,5.62565167796962,0,0,12
"ED1_002_TANGENCY_SV_POWER_n2000_depth8_refined","diagnostic","depth8_refined","TANGENCY_SV_POWER",2000,2000,"absolute","K1","enclosure_statistical_limit_total_width",254,254,0,0,0,1.51098056102369e-05,5.49380046676689e-05,0,0,0.000117187500000004
"ED1_002_TANGENCY_SV_POWER_n2000_depth8_refined","diagnostic","depth8_refined","TANGENCY_SV_POWER",2000,2000,"absolute","K1","enclosure_statistical_limit_width_proportion",254,254,0,0,0,1.20878444881895e-05,4.39504037341352e-05,0,0,9.37500000000036e-05
"ED1_002_TANGENCY_SV_POWER_n2000_depth8_refined","diagnostic","depth8_refined","TANGENCY_SV_POWER",2000,2000,"absolute","K1","enclosure_statistical_limit_maximum_cell_width",254,254,0,0,0,1.07652559055894e-06,3.06447554321488e-06,0,0,9.76562500004663e-06
"ED1_002_TANGENCY_SV_POWER_n2000_depth8_refined","diagnostic","depth8_refined","TANGENCY_SV_POWER",2000,2000,"absolute","K1","certified_alternation_count",254,254,0,0,0,0.031496062992126,0.174998944051732,0,0,0
"ED1_002_TANGENCY_SV_POWER_n2000_depth8_refined","diagnostic","depth8_refined","TANGENCY_SV_POWER",2000,2000,"absolute","K1","bracket_count",254,254,0,0,0,0.031496062992126,0.174998944051732,0,0,0
"ED1_002_TANGENCY_SV_POWER_n2000_depth8_refined","diagnostic","depth8_refined","TANGENCY_SV_POWER",2000,2000,"absolute","K1","bracket_length",254,8,246,0,0,0.86375,0.070089228844381,0.78675,0.8625,0.95725
"ED1_002_TANGENCY_SV_POWER_n2000_depth8_refined","diagnostic","depth8_refined","TANGENCY_SV_POWER",2000,2000,"absolute","K1","numerical_outer_component_count",254,254,0,0,0,1.02362204724409,0.197396770605789,1,1,1
"ED1_002_TANGENCY_SV_POWER_n2000_depth8_refined","diagnostic","depth8_refined","TANGENCY_SV_POWER",2000,2000,"absolute","K1","numerical_outer_total_length",254,254,0,0,0,0.777160779096949,0.165154564760627,0.486125,0.8025634765625,0.9875
"ED1_002_TANGENCY_SV_POWER_n2000_depth8_refined","diagnostic","depth8_refined","TANGENCY_SV_POWER",2000,2000,"absolute","K1","numerical_outer_retained_proportion",254,254,0,0,0,0.621728623277559,0.132123651808502,0.3889,0.64205078125,0.79
"ED1_002_TANGENCY_SV_POWER_n2000_depth8_refined","diagnostic","depth8_refined","TANGENCY_SV_POWER",2000,2000,"absolute","K1","numerical_outer_hausdorff",254,252,0,2,0,0.465560244605655,0.121535644991575,0.2805,0.4625,0.6675
"ED1_002_TANGENCY_SV_POWER_n2000_depth8_refined","diagnostic","depth8_refined","TANGENCY_SV_POWER",2000,2000,"absolute","K1","tangency_local_outer_total_length",254,254,0,0,0,0.48092300535187,0.0755366326793665,0.36904248046875,0.5,0.5
"ED1_002_TANGENCY_SV_POWER_n2000_depth8_refined","diagnostic","depth8_refined","TANGENCY_SV_POWER",2000,2000,"absolute","K1","tangency_scaled_outer_radius",254,240,14,0,0,1.40028847694534,0.0381220155695291,1.40585331297587,1.40585331297587,1.40585331297587
"ED1_002_TANGENCY_SV_POWER_n2000_depth8_refined","diagnostic","depth8_refined","TANGENCY_SV_POWER",2000,2000,"absolute","K1","tangency_scaled_outer_hausdorff",254,240,12,2,0,1.40028847694534,0.0381220155695291,1.40585331297587,1.40585331297587,1.40585331297587
"ED1_002_TANGENCY_SV_POWER_n2000_depth8_refined","diagnostic","depth8_refined","TANGENCY_SV_POWER",2000,2000,"absolute","K1","tangency_truncated_local_outer_total_length",254,254,0,0,0,0.48092300535187,0.0755366326793665,0.36904248046875,0.5,0.5
"ED1_002_TANGENCY_SV_POWER_n2000_depth8_refined","diagnostic","depth8_refined","TANGENCY_SV_POWER",2000,2000,"absolute","K1","tangency_truncated_local_scaled_outer_radius",254,240,14,0,0,1.40028847694534,0.0381220155695291,1.40585331297587,1.40585331297587,1.40585331297587
"ED1_002_TANGENCY_SV_POWER_n2000_depth8_refined","diagnostic","depth8_refined","TANGENCY_SV_POWER",2000,2000,"absolute","K1","tangency_truncated_local_scaled_outer_hausdorff",254,240,12,2,0,1.40028847694534,0.0381220155695291,1.40585331297587,1.40585331297587,1.40585331297587
"ED1_002_TANGENCY_SV_POWER_n2000_depth8_refined","diagnostic","depth8_refined","TANGENCY_SV_POWER",2000,2000,"absolute","K1","tangency_global_outer_component_count_conditional_on_continuum_band_coverage",254,240,14,0,0,1,0,1,1,1
"ED1_002_TANGENCY_SV_POWER_n2000_depth8_refined","diagnostic","depth8_refined","TANGENCY_SV_POWER",2000,2000,"absolute","K1","tangency_global_outer_total_length_conditional_on_continuum_band_coverage",254,240,14,0,0,0.788718668619792,0.140985267229979,0.53504345703125,0.8075,0.9875
"ED1_002_TANGENCY_SV_POWER_n2000_depth8_refined","diagnostic","depth8_refined","TANGENCY_SV_POWER",2000,2000,"absolute","K1","tangency_global_outer_hausdorff_conditional_on_continuum_band_coverage",254,240,14,0,0,0.459723551432292,0.109360332354525,0.289875,0.45875,0.6375
"ED1_002_TANGENCY_SV_POWER_n2000_depth8_refined","diagnostic","depth8_refined","TANGENCY_SV_POWER",2000,2000,"absolute","K1","tangency_global_outer_left_radius_conditional_on_continuum_band_coverage",254,240,14,0,0,0.329725219726562,0.0383336543243661,0.2445,0.35,0.35
"ED1_002_TANGENCY_SV_POWER_n2000_depth8_refined","diagnostic","depth8_refined","TANGENCY_SV_POWER",2000,2000,"absolute","K1","tangency_global_outer_right_radius_conditional_on_continuum_band_coverage",254,240,14,0,0,0.458993448893229,0.110670088552928,0.287375,0.45875,0.6375
"ED1_002_TANGENCY_SV_POWER_n2000_depth8_refined","diagnostic","depth8_refined","TANGENCY_SV_POWER",2000,2000,"absolute","K1","tangency_global_scaled_outer_total_length_conditional_on_continuum_band_coverage",254,240,14,0,0,4.43529101314021,0.792818420064219,3.00877046661379,4.54090620091207,5.5531205862547
"ED1_002_TANGENCY_SV_POWER_n2000_depth8_refined","diagnostic","depth8_refined","TANGENCY_SV_POWER",2000,2000,"absolute","K1","tangency_global_scaled_outer_hausdorff_conditional_on_continuum_band_coverage",254,240,14,0,0,2.58521551133649,0.614978342195006,1.63008691639552,2.57974082931073,3.58492594808848
"ED1_002_TANGENCY_SV_POWER_n2000_depth8_refined","diagnostic","depth8_refined","TANGENCY_SV_POWER",2000,2000,"absolute","K1","tangency_global_scaled_outer_left_radius_conditional_on_continuum_band_coverage",254,240,14,0,0,1.85418117009714,0.215565979721528,1.3749245400904,1.96819463816622,1.96819463816622
"ED1_002_TANGENCY_SV_POWER_n2000_depth8_refined","diagnostic","depth8_refined","TANGENCY_SV_POWER",2000,2000,"absolute","K1","tangency_global_scaled_outer_right_radius_conditional_on_continuum_band_coverage",254,240,14,0,0,2.58110984304307,0.622343642557866,1.61602838326577,2.57974082931073,3.58492594808848
"ED1_002_TANGENCY_SV_POWER_n2000_depth8_refined","diagnostic","depth8_refined","TANGENCY_SV_POWER",2000,2000,"absolute","K1","tangency_global_root_component_left_conditional_on_continuum_band_coverage",254,240,14,0,0,0.270274780273437,0.0383336543243661,0.25,0.25,0.3555
"ED1_002_TANGENCY_SV_POWER_n2000_depth8_refined","diagnostic","depth8_refined","TANGENCY_SV_POWER",2000,2000,"absolute","K1","tangency_global_root_component_right_conditional_on_continuum_band_coverage",254,240,14,0,0,1.05899344889323,0.110670088552928,0.887375,1.05875,1.2375
"ED1_002_TANGENCY_SV_POWER_n2000_depth8_refined","diagnostic","depth8_refined","TANGENCY_SV_POWER",2000,2000,"absolute","K1","tangency_global_root_component_length_conditional_on_continuum_band_coverage",254,240,14,0,0,0.788718668619792,0.140985267229979,0.53504345703125,0.8075,0.9875
"ED1_002_TANGENCY_SV_POWER_n2000_depth8_refined","diagnostic","depth8_refined","TANGENCY_SV_POWER",2000,2000,"absolute","K1","tangency_global_root_component_left_radius_conditional_on_continuum_band_coverage",254,240,14,0,0,0.329725219726562,0.0383336543243661,0.2445,0.35,0.35
"ED1_002_TANGENCY_SV_POWER_n2000_depth8_refined","diagnostic","depth8_refined","TANGENCY_SV_POWER",2000,2000,"absolute","K1","tangency_global_root_component_right_radius_conditional_on_continuum_band_coverage",254,240,14,0,0,0.458993448893229,0.110670088552928,0.287375,0.45875,0.6375
"ED1_002_TANGENCY_SV_POWER_n2000_depth8_refined","diagnostic","depth8_refined","TANGENCY_SV_POWER",2000,2000,"absolute","K1","tangency_global_scaled_root_component_length_conditional_on_continuum_band_coverage",254,240,14,0,0,4.43529101314021,0.792818420064219,3.00877046661379,4.54090620091207,5.5531205862547
"ED1_002_TANGENCY_SV_POWER_n2000_depth8_refined","diagnostic","depth8_refined","TANGENCY_SV_POWER",2000,2000,"absolute","K1","tangency_global_scaled_root_component_left_radius_conditional_on_continuum_band_coverage",254,240,14,0,0,1.85418117009714,0.215565979721528,1.3749245400904,1.96819463816622,1.96819463816622
"ED1_002_TANGENCY_SV_POWER_n2000_depth8_refined","diagnostic","depth8_refined","TANGENCY_SV_POWER",2000,2000,"absolute","K1","tangency_global_scaled_root_component_right_radius_conditional_on_continuum_band_coverage",254,240,14,0,0,2.58110984304307,0.622343642557866,1.61602838326577,2.57974082931073,3.58492594808848
"ED1_002_TANGENCY_SV_POWER_n2000_depth8_refined","diagnostic","depth8_refined","TANGENCY_SV_POWER",2000,2000,"absolute","K1","empirical_root_count",254,254,0,0,0,0,0,0,0,0
"ED1_002_TANGENCY_SV_POWER_n2000_depth8_refined","diagnostic","depth8_refined","TANGENCY_SV_POWER",2000,2000,"absolute","K1","root_isolation_maximum_bisections",254,0,254,0,0,,,,,
"ED1_002_TANGENCY_SV_POWER_n2000_depth8_refined","diagnostic","depth8_refined","TANGENCY_SV_POWER",2000,2000,"absolute","K1","root_error_conditional_on_isolation",254,0,254,0,0,,,,,
"ED1_002_TANGENCY_SV_POWER_n2000_depth8_refined","diagnostic","depth8_refined","TANGENCY_SV_POWER",2000,2000,"absolute","K1","derivative_hat",254,0,254,0,0,,,,,
"ED1_002_TANGENCY_SV_POWER_n2000_depth8_refined","diagnostic","depth8_refined","TANGENCY_SV_POWER",2000,2000,"absolute","K1","variance_at_root_hat",254,0,254,0,0,,,,,
"ED1_002_TANGENCY_SV_POWER_n2000_depth8_refined","diagnostic","depth8_refined","TANGENCY_SV_POWER",2000,2000,"absolute","K1","root_standard_error",254,0,254,0,0,,,,,
"ED1_002_TANGENCY_SV_POWER_n2000_depth8_refined","diagnostic","depth8_refined","TANGENCY_SV_POWER",2000,2000,"absolute","K1","wald_length",254,0,254,0,0,,,,,
"ED1_002_TANGENCY_SV_POWER_n2000_depth8_refined","diagnostic","depth8_refined","TANGENCY_SV_POWER",2000,2000,"absolute","K1","wald_collection_bias_conditional_on_isolation",254,0,254,0,0,,,,,
"ED1_002_TANGENCY_SV_POWER_n2000_depth8_refined","diagnostic","depth8_refined","TANGENCY_SV_POWER",2000,2000,"absolute","K1","wald_collection_rmse_conditional_on_isolation",254,0,254,0,0,,,,,
"ED1_002_TANGENCY_SV_POWER_n2000_depth8_refined","diagnostic","depth8_refined","TANGENCY_SV_POWER",2000,2000,"absolute","K1","wald_collection_total_length",254,0,254,0,0,,,,,
"ED1_002_TANGENCY_SV_POWER_n2000_depth8_refined","diagnostic","depth8_refined","TANGENCY_SV_POWER",2000,2000,"absolute","K1","root_multiplier_critical_value",254,0,254,0,0,,,,,
"ED1_002_TANGENCY_SV_POWER_n2000_depth8_refined","diagnostic","depth8_refined","TANGENCY_SV_POWER",2000,2000,"absolute","K1","root_multiplier_total_length",254,0,254,0,0,,,,,
"ED1_002_TANGENCY_SV_POWER_n2000_depth8_refined","diagnostic","depth8_refined","TANGENCY_SV_POWER",2000,2000,"absolute","K1","derivative_assisted_critical_value",254,0,254,0,0,,,,,
"ED1_002_TANGENCY_SV_POWER_n2000_depth8_refined","diagnostic","depth8_refined","TANGENCY_SV_POWER",2000,2000,"absolute","K1","derivative_assisted_critical_value_ratio",254,0,254,0,0,,,,,
"ED1_002_TANGENCY_SV_POWER_n2000_depth8_refined","diagnostic","depth8_refined","TANGENCY_SV_POWER",2000,2000,"absolute","K1","derivative_assisted_value_maximum_half_width",254,0,254,0,0,,,,,
"ED1_002_TANGENCY_SV_POWER_n2000_depth8_refined","diagnostic","depth8_refined","TANGENCY_SV_POWER",2000,2000,"absolute","K1","derivative_assisted_derivative_maximum_half_width",254,0,254,0,0,,,,,
"ED1_002_TANGENCY_SV_POWER_n2000_depth8_refined","diagnostic","depth8_refined","TANGENCY_SV_POWER",2000,2000,"absolute","K1","derivative_assisted_value_width_inflation",254,0,254,0,0,,,,,
"ED1_002_TANGENCY_SV_POWER_n2000_depth8_refined","diagnostic","depth8_refined","TANGENCY_SV_POWER",2000,2000,"absolute","K1","derivative_assisted_guard_minimum_ratio",254,0,254,0,0,,,,,
"ED1_002_TANGENCY_SV_POWER_n2000_depth8_refined","diagnostic","depth8_refined","TANGENCY_SV_POWER",2000,2000,"absolute","K1","derivative_assisted_guard_minimum_ratio_d0",254,0,254,0,0,,,,,
"ED1_002_TANGENCY_SV_POWER_n2000_depth8_refined","diagnostic","depth8_refined","TANGENCY_SV_POWER",2000,2000,"absolute","K1","derivative_assisted_guard_minimum_ratio_d1",254,0,254,0,0,,,,,
"ED1_002_TANGENCY_SV_POWER_n2000_depth8_refined","diagnostic","depth8_refined","TANGENCY_SV_POWER",2000,2000,"absolute","K1","derivative_assisted_guard_nodes_used",254,0,254,0,0,,,,,
"ED1_002_TANGENCY_SV_POWER_n2000_depth8_refined","diagnostic","depth8_refined","TANGENCY_SV_POWER",2000,2000,"absolute","K1","derivative_assisted_guard_maximum_level",254,0,254,0,0,,,,,
"ED1_002_TANGENCY_SV_POWER_n2000_depth8_refined","diagnostic","depth8_refined","TANGENCY_SV_POWER",2000,2000,"absolute","K1","derivative_assisted_value_enclosure_nodes_used",254,0,254,0,0,,,,,
"ED1_002_TANGENCY_SV_POWER_n2000_depth8_refined","diagnostic","depth8_refined","TANGENCY_SV_POWER",2000,2000,"absolute","K1","derivative_assisted_derivative_enclosure_nodes_used",254,0,254,0,0,,,,,
"ED1_002_TANGENCY_SV_POWER_n2000_depth8_refined","diagnostic","depth8_refined","TANGENCY_SV_POWER",2000,2000,"absolute","K1","derivative_assisted_value_unresolved_cells",254,0,254,0,0,,,,,
"ED1_002_TANGENCY_SV_POWER_n2000_depth8_refined","diagnostic","depth8_refined","TANGENCY_SV_POWER",2000,2000,"absolute","K1","derivative_assisted_derivative_unresolved_cells",254,0,254,0,0,,,,,
"ED1_002_TANGENCY_SV_POWER_n2000_depth8_refined","diagnostic","depth8_refined","TANGENCY_SV_POWER",2000,2000,"absolute","K1","derivative_assisted_value_variance_unresolved_cells",254,0,254,0,0,,,,,
"ED1_002_TANGENCY_SV_POWER_n2000_depth8_refined","diagnostic","depth8_refined","TANGENCY_SV_POWER",2000,2000,"absolute","K1","derivative_assisted_derivative_variance_unresolved_cells",254,0,254,0,0,,,,,
"ED1_002_TANGENCY_SV_POWER_n2000_depth8_refined","diagnostic","depth8_refined","TANGENCY_SV_POWER",2000,2000,"absolute","K1","derivative_assisted_certificate_count",254,0,254,0,0,,,,,
"ED1_002_TANGENCY_SV_POWER_n2000_depth8_refined","diagnostic","depth8_refined","TANGENCY_SV_POWER",2000,2000,"absolute","K1","derivative_assisted_covariance_01_min",254,0,254,0,0,,,,,
"ED1_002_TANGENCY_SV_POWER_n2000_depth8_refined","diagnostic","depth8_refined","TANGENCY_SV_POWER",2000,2000,"absolute","K1","derivative_assisted_covariance_01_max",254,0,254,0,0,,,,,
"ED1_002_TANGENCY_SV_POWER_n2000_depth8_refined","diagnostic","depth8_refined","TANGENCY_SV_POWER",2000,2000,"absolute","K1","derivative_assisted_correlation_01_min",254,0,254,0,0,,,,,
"ED1_002_TANGENCY_SV_POWER_n2000_depth8_refined","diagnostic","depth8_refined","TANGENCY_SV_POWER",2000,2000,"absolute","K1","derivative_assisted_correlation_01_max",254,0,254,0,0,,,,,
"ED1_002_TANGENCY_SV_POWER_n2000_depth8_refined","diagnostic","depth8_refined","TANGENCY_SV_POWER",2000,2000,"absolute","K1","x_ess_ratio_p1",254,254,0,0,0,0.60353816725466,0.0105522556001745,0.586344532158114,0.60376171153459,0.620293529066129
"ED1_002_TANGENCY_SV_POWER_n2000_depth8_refined","diagnostic","depth8_refined","TANGENCY_SV_POWER",2000,2000,"absolute","K1","y_ess_ratio_p1",254,254,0,0,0,0.361176102523591,0.00569920429917759,0.351982316874069,0.361432207187581,0.369718567049087
"ED1_002_TANGENCY_SV_POWER_n2000_depth8_refined","diagnostic","depth8_refined","TANGENCY_SV_POWER",2000,2000,"absolute","K1","x_max_share_p1",254,254,0,0,0,0.00218413285546463,3.81462733329236e-05,0.00212387499609244,0.00218166165278115,0.00224803439767347
"ED1_002_TANGENCY_SV_POWER_n2000_depth8_refined","diagnostic","depth8_refined","TANGENCY_SV_POWER",2000,2000,"absolute","K1","y_max_share_p1",254,254,0,0,0,0.00206928064753763,6.18363225771625e-05,0.00198066850631896,0.00206783506144725,0.00217431884228814
"ED1_002_TANGENCY_SV_POWER_n2000_depth8_refined","diagnostic","depth8_refined","TANGENCY_SV_POWER",2000,2000,"absolute","K1","x_top1pct_share_p1",254,254,0,0,0,0.0417761410751737,0.000747669157302082,0.0404329356291126,0.0418007464027947,0.0429440249095595
"ED1_002_TANGENCY_SV_POWER_n2000_depth8_refined","diagnostic","depth8_refined","TANGENCY_SV_POWER",2000,2000,"absolute","K1","y_top1pct_share_p1",254,254,0,0,0,0.0411919556278641,0.00122475024266848,0.0394183208845661,0.041164662764049,0.0432745039857217
"ED1_002_TANGENCY_SV_POWER_n2000_depth8_refined","diagnostic","depth8_refined","TANGENCY_SV_POWER",2000,2000,"absolute","K1","x_ess_ratio_upper",254,254,0,0,0,0.483264278692821,0.0153727559180168,0.458491451201264,0.483640007462931,0.50994804507315
"ED1_002_TANGENCY_SV_POWER_n2000_depth8_refined","diagnostic","depth8_refined","TANGENCY_SV_POWER",2000,2000,"absolute","K1","y_ess_ratio_upper",254,254,0,0,0,0.239045334891767,0.00795830603874469,0.226295629539771,0.239346121860154,0.251003302019301
"ED1_002_TANGENCY_SV_POWER_n2000_depth8_refined","diagnostic","depth8_refined","TANGENCY_SV_POWER",2000,2000,"absolute","K1","x_max_share_upper",254,254,0,0,0,0.00362583584473763,8.11864793050665e-05,0.00350354812542625,0.00361793198385238,0.00375478322088957
"ED1_002_TANGENCY_SV_POWER_n2000_depth8_refined","diagnostic","depth8_refined","TANGENCY_SV_POWER",2000,2000,"absolute","K1","y_max_share_upper",254,254,0,0,0,0.00271526859506612,0.000109009759405977,0.00256033581403987,0.00271146826649924,0.00290073316738843
"ED1_002_TANGENCY_SV_POWER_n2000_depth8_refined","diagnostic","depth8_refined","TANGENCY_SV_POWER",2000,2000,"absolute","K1","x_top1pct_share_upper",254,254,0,0,0,0.0678400519257207,0.00144152804096308,0.0653855655325885,0.0678315785271625,0.0700732792606352
"ED1_002_TANGENCY_SV_POWER_n2000_depth8_refined","diagnostic","depth8_refined","TANGENCY_SV_POWER",2000,2000,"absolute","K1","y_top1pct_share_upper",254,254,0,0,0,0.0539246827970105,0.00215172751738054,0.0508677837887483,0.0538857542305178,0.0576366246492146
"ED1_002_TANGENCY_SV_POWER_n2000_depth8_refined","diagnostic","depth8_refined","TANGENCY_SV_POWER",2000,2000,"absolute","K1","x_count_above_q95",254,254,0,0,0,100.279527559055,10.1075547105376,82.65,101,118
"ED1_002_TANGENCY_SV_POWER_n2000_depth8_refined","diagnostic","depth8_refined","TANGENCY_SV_POWER",2000,2000,"absolute","K1","y_count_above_q95",254,254,0,0,0,100.712598425197,9.65164379803296,86,100,117
"ED1_002_TANGENCY_SV_POWER_n2000_depth8_refined","diagnostic","depth8_refined","TANGENCY_SV_POWER",2000,2000,"absolute","K1","x_count_above_q99",254,254,0,0,0,20.0590551181102,4.2705509513153,13,20,27
"ED1_002_TANGENCY_SV_POWER_n2000_depth8_refined","diagnostic","depth8_refined","TANGENCY_SV_POWER",2000,2000,"absolute","K1","y_count_above_q99",254,254,0,0,0,19.6102362204724,4.25771254895313,13,20,27
"ED1_002_TANGENCY_SV_POWER_n2000_depth8_refined","diagnostic","depth8_refined","TANGENCY_SV_POWER",2000,2000,"absolute","K1","x_latent_high_count",254,254,0,0,0,1270.7125984252,20.3933667124808,1237.65,1271.5,1307.35
"ED1_002_TANGENCY_SV_POWER_n2000_depth8_refined","diagnostic","depth8_refined","TANGENCY_SV_POWER",2000,2000,"absolute","K1","y_latent_high_count",254,254,0,0,0,1960.08661417323,6.35015622981352,1949,1960,1969.35
"ED1_002_TANGENCY_SV_POWER_n2000_depth8_refined","diagnostic","depth8_refined","TANGENCY_SV_POWER",2000,2000,"absolute","K1","elapsed_seconds",254,254,0,0,0,5.99512992125984,9.1235369295895,3.97385,4.86549999999998,8.6176
"ED1_002_TANGENCY_SV_POWER_n2000_depth8_refined","diagnostic","depth8_refined","TANGENCY_SV_POWER",2000,2000,"absolute","K1","peak_r_heap_mb",254,254,0,0,0,167.699606299213,12.532574151552,162.3,171.2,172.5
"ED1_003_TANGENCY_SV_POWER_n4000_depth6_reference","diagnostic","depth6_reference","TANGENCY_SV_POWER",4000,4000,"absolute","K1","bootstrap_grid_size",254,254,0,0,0,251,0,251,251,251
"ED1_003_TANGENCY_SV_POWER_n4000_depth6_reference","diagnostic","depth6_reference","TANGENCY_SV_POWER",4000,4000,"absolute","K1","bootstrap_grid_spacing",254,254,0,0,0,0.00500000000000012,0,0.00500000000000012,0.00500000000000012,0.00500000000000012
"ED1_003_TANGENCY_SV_POWER_n4000_depth6_reference","diagnostic","depth6_reference","TANGENCY_SV_POWER",4000,4000,"absolute","K1","enclosure_grid_size",254,254,0,0,0,501,0,501,501,501
"ED1_003_TANGENCY_SV_POWER_n4000_depth6_reference","diagnostic","depth6_reference","TANGENCY_SV_POWER",4000,4000,"absolute","K1","enclosure_grid_spacing",254,254,0,0,0,0.00250000000000017,0,0.00250000000000017,0.00250000000000017,0.00250000000000017
"ED1_003_TANGENCY_SV_POWER_n4000_depth6_reference","diagnostic","depth6_reference","TANGENCY_SV_POWER",4000,4000,"absolute","K1","configured_guard_maximum_levels",254,254,0,0,0,6,0,6,6,6
"ED1_003_TANGENCY_SV_POWER_n4000_depth6_reference","diagnostic","depth6_reference","TANGENCY_SV_POWER",4000,4000,"absolute","K1","configured_continuum_enclosure_maximum_levels",254,254,0,0,0,6,0,6,6,6
"ED1_003_TANGENCY_SV_POWER_n4000_depth6_reference","diagnostic","depth6_reference","TANGENCY_SV_POWER",4000,4000,"absolute","K1","guard_minimum_ratio",254,254,0,0,0,0.0585713551753278,0.000938355259781674,0.0570476333071753,0.0585419970687683,0.0602664976701131
"ED1_003_TANGENCY_SV_POWER_n4000_depth6_reference","diagnostic","depth6_reference","TANGENCY_SV_POWER",4000,4000,"absolute","K1","guard_nodes_used",254,254,0,0,0,251,0,251,251,251
"ED1_003_TANGENCY_SV_POWER_n4000_depth6_reference","diagnostic","depth6_reference","TANGENCY_SV_POWER",4000,4000,"absolute","K1","guard_maximum_level",254,254,0,0,0,0,0,0,0,0
"ED1_003_TANGENCY_SV_POWER_n4000_depth6_reference","diagnostic","depth6_reference","TANGENCY_SV_POWER",4000,4000,"absolute","K1","critical_value",254,254,0,0,0,2.15806739325092,0.055458883282344,2.07100143450969,2.15587781943262,2.25635011472099
"ED1_003_TANGENCY_SV_POWER_n4000_depth6_reference","diagnostic","depth6_reference","TANGENCY_SV_POWER",4000,4000,"absolute","K1","maximum_half_width",254,254,0,0,0,7.22700570581267,0.202752286352655,6.90430921149638,7.21953499466485,7.5823907211581
"ED1_003_TANGENCY_SV_POWER_n4000_depth6_reference","diagnostic","depth6_reference","TANGENCY_SV_POWER",4000,4000,"absolute","K1","integrated_half_width",254,254,0,0,0,1.71447836026381,0.0476754137326743,1.63724767451919,1.71302719170593,1.79720138366652
"ED1_003_TANGENCY_SV_POWER_n4000_depth6_reference","diagnostic","depth6_reference","TANGENCY_SV_POWER",4000,4000,"absolute","K1","continuum_truth_nodes_used",254,254,0,0,0,1354.13385826772,2109.89714400862,672,953,2778.6
"ED1_003_TANGENCY_SV_POWER_n4000_depth6_reference","diagnostic","depth6_reference","TANGENCY_SV_POWER",4000,4000,"absolute","K1","continuum_truth_maximum_level",254,254,0,0,0,2.33464566929134,0.890341494439241,2,2,4
"ED1_003_TANGENCY_SV_POWER_n4000_depth6_reference","diagnostic","depth6_reference","TANGENCY_SV_POWER",4000,4000,"absolute","K1","continuum_truth_unresolved_cells",254,254,0,0,0,0,0,0,0,0
"ED1_003_TANGENCY_SV_POWER_n4000_depth6_reference","diagnostic","depth6_reference","TANGENCY_SV_POWER",4000,4000,"absolute","K1","enclosure_nodes_used",254,254,0,0,0,668.665354330709,127.230775279932,537.65,665.5,868.2
"ED1_003_TANGENCY_SV_POWER_n4000_depth6_reference","diagnostic","depth6_reference","TANGENCY_SV_POWER",4000,4000,"absolute","K1","enclosure_maximum_level",254,254,0,0,0,5.60236220472441,0.724605883547056,4,6,6
"ED1_003_TANGENCY_SV_POWER_n4000_depth6_reference","diagnostic","depth6_reference","TANGENCY_SV_POWER",4000,4000,"absolute","K1","enclosure_variance_unresolved_cells",254,254,0,0,0,0,0,0,0,0
"ED1_003_TANGENCY_SV_POWER_n4000_depth6_reference","diagnostic","depth6_reference","TANGENCY_SV_POWER",4000,4000,"absolute","K1","enclosure_unresolved_cells",254,254,0,0,0,275.248031496063,60.7256961588362,170.65,292.5,348
"ED1_003_TANGENCY_SV_POWER_n4000_depth6_reference","diagnostic","depth6_reference","TANGENCY_SV_POWER",4000,4000,"absolute","K1","enclosure_limit_hit_cells",254,254,0,0,0,7.47244094488189,14.4617947112799,0,0,30.7
"ED1_003_TANGENCY_SV_POWER_n4000_depth6_reference","diagnostic","depth6_reference","TANGENCY_SV_POWER",4000,4000,"absolute","K1","enclosure_limit_hit_total_width",254,254,0,0,0,0.000291892224409448,0.000564913855909373,0,0,0.00119921875000002
"ED1_003_TANGENCY_SV_POWER_n4000_depth6_reference","diagnostic","depth6_reference","TANGENCY_SV_POWER",4000,4000,"absolute","K1","enclosure_limit_hit_width_proportion",254,254,0,0,0,0.000233513779527558,0.000451931084727499,0,0,0.000959375000000015
"ED1_003_TANGENCY_SV_POWER_n4000_depth6_reference","diagnostic","depth6_reference","TANGENCY_SV_POWER",4000,4000,"absolute","K1","enclosure_limit_hit_maximum_cell_width",254,254,0,0,0,1.70706200787635e-05,1.94138837128383e-05,0,0,3.90625000001865e-05
"ED1_003_TANGENCY_SV_POWER_n4000_depth6_reference","diagnostic","depth6_reference","TANGENCY_SV_POWER",4000,4000,"absolute","K1","enclosure_depth_limit_cells",254,254,0,0,0,7.47244094488189,14.4617947112799,0,0,30.7
"ED1_003_TANGENCY_SV_POWER_n4000_depth6_reference","diagnostic","depth6_reference","TANGENCY_SV_POWER",4000,4000,"absolute","K1","enclosure_depth_limit_total_width",254,254,0,0,0,0.000291892224409448,0.000564913855909373,0,0,0.00119921875000002
"ED1_003_TANGENCY_SV_POWER_n4000_depth6_reference","diagnostic","depth6_reference","TANGENCY_SV_POWER",4000,4000,"absolute","K1","enclosure_depth_limit_width_proportion",254,254,0,0,0,0.000233513779527558,0.000451931084727499,0,0,0.000959375000000015
"ED1_003_TANGENCY_SV_POWER_n4000_depth6_reference","diagnostic","depth6_reference","TANGENCY_SV_POWER",4000,4000,"absolute","K1","enclosure_depth_limit_maximum_cell_width",254,254,0,0,0,1.70706200787635e-05,1.94138837128383e-05,0,0,3.90625000001865e-05
"ED1_003_TANGENCY_SV_POWER_n4000_depth6_reference","diagnostic","depth6_reference","TANGENCY_SV_POWER",4000,4000,"absolute","K1","enclosure_node_limit_cells",254,254,0,0,0,0,0,0,0,0
"ED1_003_TANGENCY_SV_POWER_n4000_depth6_reference","diagnostic","depth6_reference","TANGENCY_SV_POWER",4000,4000,"absolute","K1","enclosure_node_limit_total_width",254,254,0,0,0,0,0,0,0,0
"ED1_003_TANGENCY_SV_POWER_n4000_depth6_reference","diagnostic","depth6_reference","TANGENCY_SV_POWER",4000,4000,"absolute","K1","enclosure_node_limit_width_proportion",254,254,0,0,0,0,0,0,0,0
"ED1_003_TANGENCY_SV_POWER_n4000_depth6_reference","diagnostic","depth6_reference","TANGENCY_SV_POWER",4000,4000,"absolute","K1","enclosure_node_limit_maximum_cell_width",254,254,0,0,0,0,0,0,0,0
"ED1_003_TANGENCY_SV_POWER_n4000_depth6_reference","diagnostic","depth6_reference","TANGENCY_SV_POWER",4000,4000,"absolute","K1","enclosure_variance_limit_cells",254,254,0,0,0,0,0,0,0,0
"ED1_003_TANGENCY_SV_POWER_n4000_depth6_reference","diagnostic","depth6_reference","TANGENCY_SV_POWER",4000,4000,"absolute","K1","enclosure_variance_limit_total_width",254,254,0,0,0,0,0,0,0,0
"ED1_003_TANGENCY_SV_POWER_n4000_depth6_reference","diagnostic","depth6_reference","TANGENCY_SV_POWER",4000,4000,"absolute","K1","enclosure_variance_limit_width_proportion",254,254,0,0,0,0,0,0,0,0
"ED1_003_TANGENCY_SV_POWER_n4000_depth6_reference","diagnostic","depth6_reference","TANGENCY_SV_POWER",4000,4000,"absolute","K1","enclosure_variance_limit_maximum_cell_width",254,254,0,0,0,0,0,0,0,0
"ED1_003_TANGENCY_SV_POWER_n4000_depth6_reference","diagnostic","depth6_reference","TANGENCY_SV_POWER",4000,4000,"absolute","K1","enclosure_statistical_limit_cells",254,254,0,0,0,7.47244094488189,14.4617947112799,0,0,30.7
"ED1_003_TANGENCY_SV_POWER_n4000_depth6_reference","diagnostic","depth6_reference","TANGENCY_SV_POWER",4000,4000,"absolute","K1","enclosure_statistical_limit_total_width",254,254,0,0,0,0.000291892224409448,0.000564913855909373,0,0,0.00119921875000002
"ED1_003_TANGENCY_SV_POWER_n4000_depth6_reference","diagnostic","depth6_reference","TANGENCY_SV_POWER",4000,4000,"absolute","K1","enclosure_statistical_limit_width_proportion",254,254,0,0,0,0.000233513779527558,0.000451931084727499,0,0,0.000959375000000015
"ED1_003_TANGENCY_SV_POWER_n4000_depth6_reference","diagnostic","depth6_reference","TANGENCY_SV_POWER",4000,4000,"absolute","K1","enclosure_statistical_limit_maximum_cell_width",254,254,0,0,0,1.70706200787635e-05,1.94138837128383e-05,0,0,3.90625000001865e-05
"ED1_003_TANGENCY_SV_POWER_n4000_depth6_reference","diagnostic","depth6_reference","TANGENCY_SV_POWER",4000,4000,"absolute","K1","certified_alternation_count",254,254,0,0,0,0.015748031496063,0.124744923522868,0,0,0
"ED1_003_TANGENCY_SV_POWER_n4000_depth6_reference","diagnostic","depth6_reference","TANGENCY_SV_POWER",4000,4000,"absolute","K1","bracket_count",254,254,0,0,0,0.015748031496063,0.124744923522868,0,0,0
"ED1_003_TANGENCY_SV_POWER_n4000_depth6_reference","diagnostic","depth6_reference","TANGENCY_SV_POWER",4000,4000,"absolute","K1","bracket_length",254,4,250,0,0,0.75875,0.0342478709800574,0.7175,0.77,0.78425
"ED1_003_TANGENCY_SV_POWER_n4000_depth6_reference","diagnostic","depth6_reference","TANGENCY_SV_POWER",4000,4000,"absolute","K1","numerical_outer_component_count",254,254,0,0,0,1.00787401574803,0.153795870672733,1,1,1
"ED1_003_TANGENCY_SV_POWER_n4000_depth6_reference","diagnostic","depth6_reference","TANGENCY_SV_POWER",4000,4000,"absolute","K1","numerical_outer_total_length",254,254,0,0,0,0.669730868602362,0.167430165611185,0.363142578125,0.71654296875,0.868451171875
"ED1_003_TANGENCY_SV_POWER_n4000_depth6_reference","diagnostic","depth6_reference","TANGENCY_SV_POWER",4000,4000,"absolute","K1","numerical_outer_retained_proportion",254,254,0,0,0,0.53578469488189,0.133944132488948,0.2905140625,0.573234375,0.6947609375
"ED1_003_TANGENCY_SV_POWER_n4000_depth6_reference","diagnostic","depth6_reference","TANGENCY_SV_POWER",4000,4000,"absolute","K1","numerical_outer_hausdorff",254,252,0,2,0,0.377830016121032,0.101639292956605,0.205515625,0.3939453125,0.528625
"ED1_003_TANGENCY_SV_POWER_n4000_depth6_reference","diagnostic","depth6_reference","TANGENCY_SV_POWER",4000,4000,"absolute","K1","tangency_local_outer_total_length",254,254,0,0,0,0.473784756397638,0.0789047621513046,0.334240234375,0.5,0.5
"ED1_003_TANGENCY_SV_POWER_n4000_depth6_reference","diagnostic","depth6_reference","TANGENCY_SV_POWER",4000,4000,"absolute","K1","tangency_scaled_outer_radius",254,243,11,0,0,1.64049603559684,0.122570570397089,1.40955305141495,1.67185076244106,1.67185076244106
"ED1_003_TANGENCY_SV_POWER_n4000_depth6_reference","diagnostic","depth6_reference","TANGENCY_SV_POWER",4000,4000,"absolute","K1","tangency_scaled_outer_hausdorff",254,243,9,2,0,1.64049603559684,0.122570570397089,1.40955305141495,1.67185076244106,1.67185076244106
"ED1_003_TANGENCY_SV_POWER_n4000_depth6_reference","diagnostic","depth6_reference","TANGENCY_SV_POWER",4000,4000,"absolute","K1","tangency_truncated_local_outer_total_length",254,254,0,0,0,0.473784756397638,0.0789047621513046,0.334240234375,0.5,0.5
"ED1_003_TANGENCY_SV_POWER_n4000_depth6_reference","diagnostic","depth6_reference","TANGENCY_SV_POWER",4000,4000,"absolute","K1","tangency_truncated_local_scaled_outer_radius",254,243,11,0,0,1.64049603559684,0.122570570397089,1.40955305141495,1.67185076244106,1.67185076244106
"ED1_003_TANGENCY_SV_POWER_n4000_depth6_reference","diagnostic","depth6_reference","TANGENCY_SV_POWER",4000,4000,"absolute","K1","tangency_truncated_local_scaled_outer_hausdorff",254,243,9,2,0,1.64049603559684,0.122570570397089,1.40955305141495,1.67185076244106,1.67185076244106
"ED1_003_TANGENCY_SV_POWER_n4000_depth6_reference","diagnostic","depth6_reference","TANGENCY_SV_POWER",4000,4000,"absolute","K1","tangency_global_outer_component_count_conditional_on_continuum_band_coverage",254,243,11,0,0,1,0,1,1,1
"ED1_003_TANGENCY_SV_POWER_n4000_depth6_reference","diagnostic","depth6_reference","TANGENCY_SV_POWER",4000,4000,"absolute","K1","tangency_global_outer_total_length_conditional_on_continuum_band_coverage",254,243,11,0,0,0.682538580246914,0.14685264745377,0.40637109375,0.7225390625,0.86685546875
"ED1_003_TANGENCY_SV_POWER_n4000_depth6_reference","diagnostic","depth6_reference","TANGENCY_SV_POWER",4000,4000,"absolute","K1","tangency_global_outer_hausdorff_conditional_on_continuum_band_coverage",254,243,11,0,0,0.377633262602881,0.0929443555538096,0.21077734375,0.392890625,0.51685546875
"ED1_003_TANGENCY_SV_POWER_n4000_depth6_reference","diagnostic","depth6_reference","TANGENCY_SV_POWER",4000,4000,"absolute","K1","tangency_global_outer_left_radius_conditional_on_continuum_band_coverage",254,243,11,0,0,0.305935892489712,0.0565026139693278,0.1828828125,0.3325,0.35
"ED1_003_TANGENCY_SV_POWER_n4000_depth6_reference","diagnostic","depth6_reference","TANGENCY_SV_POWER",4000,4000,"absolute","K1","tangency_global_outer_right_radius_conditional_on_continuum_band_coverage",254,243,11,0,0,0.376602687757202,0.0944548009136968,0.2005,0.392890625,0.51685546875
"ED1_003_TANGENCY_SV_POWER_n4000_depth6_reference","diagnostic","depth6_reference","TANGENCY_SV_POWER",4000,4000,"absolute","K1","tangency_global_scaled_outer_total_length_conditional_on_continuum_band_coverage",254,243,11,0,0,4.56441058312495,0.982062842448291,2.71756729167977,4.83190993013628,5.79701190542354
"ED1_003_TANGENCY_SV_POWER_n4000_depth6_reference","diagnostic","depth6_reference","TANGENCY_SV_POWER",4000,4000,"absolute","K1","tangency_global_scaled_outer_hausdorff_conditional_on_continuum_band_coverage",254,243,11,0,0,2.52538583202292,0.621556366788916,1.40955305141495,2.62741796384877,3.45642083800606
"ED1_003_TANGENCY_SV_POWER_n4000_depth6_reference","diagnostic","depth6_reference","TANGENCY_SV_POWER",4000,4000,"absolute","K1","tangency_global_scaled_outer_left_radius_conditional_on_continuum_band_coverage",254,243,11,0,0,2.04591662046804,0.377855752978133,1.22301107806196,2.2235615140466,2.34059106741748
"ED1_003_TANGENCY_SV_POWER_n4000_depth6_reference","diagnostic","depth6_reference","TANGENCY_SV_POWER",4000,4000,"absolute","K1","tangency_global_scaled_outer_right_radius_conditional_on_continuum_band_coverage",254,243,11,0,0,2.51849396265691,0.631657323695128,1.34082431147773,2.62741796384877,3.45642083800606
"ED1_003_TANGENCY_SV_POWER_n4000_depth6_reference","diagnostic","depth6_reference","TANGENCY_SV_POWER",4000,4000,"absolute","K1","tangency_global_root_component_left_conditional_on_continuum_band_coverage",254,243,11,0,0,0.294064107510288,0.0565026139693278,0.25,0.2675,0.4171171875
"ED1_003_TANGENCY_SV_POWER_n4000_depth6_reference","diagnostic","depth6_reference","TANGENCY_SV_POWER",4000,4000,"absolute","K1","tangency_global_root_component_right_conditional_on_continuum_band_coverage",254,243,11,0,0,0.976602687757202,0.0944548009136968,0.8005,0.992890625,1.11685546875
"ED1_003_TANGENCY_SV_POWER_n4000_depth6_reference","diagnostic","depth6_reference","TANGENCY_SV_POWER",4000,4000,"absolute","K1","tangency_global_root_component_length_conditional_on_continuum_band_coverage",254,243,11,0,0,0.682538580246914,0.14685264745377,0.40637109375,0.7225390625,0.86685546875
"ED1_003_TANGENCY_SV_POWER_n4000_depth6_reference","diagnostic","depth6_reference","TANGENCY_SV_POWER",4000,4000,"absolute","K1","tangency_global_root_component_left_radius_conditional_on_continuum_band_coverage",254,243,11,0,0,0.305935892489712,0.0565026139693278,0.1828828125,0.3325,0.35
"ED1_003_TANGENCY_SV_POWER_n4000_depth6_reference","diagnostic","depth6_reference","TANGENCY_SV_POWER",4000,4000,"absolute","K1","tangency_global_root_component_right_radius_conditional_on_continuum_band_coverage",254,243,11,0,0,0.376602687757202,0.0944548009136968,0.2005,0.392890625,0.51685546875
"ED1_003_TANGENCY_SV_POWER_n4000_depth6_reference","diagnostic","depth6_reference","TANGENCY_SV_POWER",4000,4000,"absolute","K1","tangency_global_scaled_root_component_length_conditional_on_continuum_band_coverage",254,243,11,0,0,4.56441058312495,0.982062842448291,2.71756729167977,4.83190993013628,5.79701190542354
"ED1_003_TANGENCY_SV_POWER_n4000_depth6_reference","diagnostic","depth6_reference","TANGENCY_SV_POWER",4000,4000,"absolute","K1","tangency_global_scaled_root_component_left_radius_conditional_on_continuum_band_coverage",254,243,11,0,0,2.04591662046804,0.377855752978133,1.22301107806196,2.2235615140466,2.34059106741748
"ED1_003_TANGENCY_SV_POWER_n4000_depth6_reference","diagnostic","depth6_reference","TANGENCY_SV_POWER",4000,4000,"absolute","K1","tangency_global_scaled_root_component_right_radius_conditional_on_continuum_band_coverage",254,243,11,0,0,2.51849396265691,0.631657323695128,1.34082431147773,2.62741796384877,3.45642083800606
"ED1_003_TANGENCY_SV_POWER_n4000_depth6_reference","diagnostic","depth6_reference","TANGENCY_SV_POWER",4000,4000,"absolute","K1","empirical_root_count",254,254,0,0,0,0,0,0,0,0
"ED1_003_TANGENCY_SV_POWER_n4000_depth6_reference","diagnostic","depth6_reference","TANGENCY_SV_POWER",4000,4000,"absolute","K1","root_isolation_maximum_bisections",254,0,254,0,0,,,,,
"ED1_003_TANGENCY_SV_POWER_n4000_depth6_reference","diagnostic","depth6_reference","TANGENCY_SV_POWER",4000,4000,"absolute","K1","root_error_conditional_on_isolation",254,0,254,0,0,,,,,
"ED1_003_TANGENCY_SV_POWER_n4000_depth6_reference","diagnostic","depth6_reference","TANGENCY_SV_POWER",4000,4000,"absolute","K1","derivative_hat",254,0,254,0,0,,,,,
"ED1_003_TANGENCY_SV_POWER_n4000_depth6_reference","diagnostic","depth6_reference","TANGENCY_SV_POWER",4000,4000,"absolute","K1","variance_at_root_hat",254,0,254,0,0,,,,,
"ED1_003_TANGENCY_SV_POWER_n4000_depth6_reference","diagnostic","depth6_reference","TANGENCY_SV_POWER",4000,4000,"absolute","K1","root_standard_error",254,0,254,0,0,,,,,
"ED1_003_TANGENCY_SV_POWER_n4000_depth6_reference","diagnostic","depth6_reference","TANGENCY_SV_POWER",4000,4000,"absolute","K1","wald_length",254,0,254,0,0,,,,,
"ED1_003_TANGENCY_SV_POWER_n4000_depth6_reference","diagnostic","depth6_reference","TANGENCY_SV_POWER",4000,4000,"absolute","K1","wald_collection_bias_conditional_on_isolation",254,0,254,0,0,,,,,
"ED1_003_TANGENCY_SV_POWER_n4000_depth6_reference","diagnostic","depth6_reference","TANGENCY_SV_POWER",4000,4000,"absolute","K1","wald_collection_rmse_conditional_on_isolation",254,0,254,0,0,,,,,
"ED1_003_TANGENCY_SV_POWER_n4000_depth6_reference","diagnostic","depth6_reference","TANGENCY_SV_POWER",4000,4000,"absolute","K1","wald_collection_total_length",254,0,254,0,0,,,,,
"ED1_003_TANGENCY_SV_POWER_n4000_depth6_reference","diagnostic","depth6_reference","TANGENCY_SV_POWER",4000,4000,"absolute","K1","root_multiplier_critical_value",254,0,254,0,0,,,,,
"ED1_003_TANGENCY_SV_POWER_n4000_depth6_reference","diagnostic","depth6_reference","TANGENCY_SV_POWER",4000,4000,"absolute","K1","root_multiplier_total_length",254,0,254,0,0,,,,,
"ED1_003_TANGENCY_SV_POWER_n4000_depth6_reference","diagnostic","depth6_reference","TANGENCY_SV_POWER",4000,4000,"absolute","K1","derivative_assisted_critical_value",254,0,254,0,0,,,,,
"ED1_003_TANGENCY_SV_POWER_n4000_depth6_reference","diagnostic","depth6_reference","TANGENCY_SV_POWER",4000,4000,"absolute","K1","derivative_assisted_critical_value_ratio",254,0,254,0,0,,,,,
"ED1_003_TANGENCY_SV_POWER_n4000_depth6_reference","diagnostic","depth6_reference","TANGENCY_SV_POWER",4000,4000,"absolute","K1","derivative_assisted_value_maximum_half_width",254,0,254,0,0,,,,,
"ED1_003_TANGENCY_SV_POWER_n4000_depth6_reference","diagnostic","depth6_reference","TANGENCY_SV_POWER",4000,4000,"absolute","K1","derivative_assisted_derivative_maximum_half_width",254,0,254,0,0,,,,,
"ED1_003_TANGENCY_SV_POWER_n4000_depth6_reference","diagnostic","depth6_reference","TANGENCY_SV_POWER",4000,4000,"absolute","K1","derivative_assisted_value_width_inflation",254,0,254,0,0,,,,,
"ED1_003_TANGENCY_SV_POWER_n4000_depth6_reference","diagnostic","depth6_reference","TANGENCY_SV_POWER",4000,4000,"absolute","K1","derivative_assisted_guard_minimum_ratio",254,0,254,0,0,,,,,
"ED1_003_TANGENCY_SV_POWER_n4000_depth6_reference","diagnostic","depth6_reference","TANGENCY_SV_POWER",4000,4000,"absolute","K1","derivative_assisted_guard_minimum_ratio_d0",254,0,254,0,0,,,,,
"ED1_003_TANGENCY_SV_POWER_n4000_depth6_reference","diagnostic","depth6_reference","TANGENCY_SV_POWER",4000,4000,"absolute","K1","derivative_assisted_guard_minimum_ratio_d1",254,0,254,0,0,,,,,
"ED1_003_TANGENCY_SV_POWER_n4000_depth6_reference","diagnostic","depth6_reference","TANGENCY_SV_POWER",4000,4000,"absolute","K1","derivative_assisted_guard_nodes_used",254,0,254,0,0,,,,,
"ED1_003_TANGENCY_SV_POWER_n4000_depth6_reference","diagnostic","depth6_reference","TANGENCY_SV_POWER",4000,4000,"absolute","K1","derivative_assisted_guard_maximum_level",254,0,254,0,0,,,,,
"ED1_003_TANGENCY_SV_POWER_n4000_depth6_reference","diagnostic","depth6_reference","TANGENCY_SV_POWER",4000,4000,"absolute","K1","derivative_assisted_value_enclosure_nodes_used",254,0,254,0,0,,,,,
"ED1_003_TANGENCY_SV_POWER_n4000_depth6_reference","diagnostic","depth6_reference","TANGENCY_SV_POWER",4000,4000,"absolute","K1","derivative_assisted_derivative_enclosure_nodes_used",254,0,254,0,0,,,,,
"ED1_003_TANGENCY_SV_POWER_n4000_depth6_reference","diagnostic","depth6_reference","TANGENCY_SV_POWER",4000,4000,"absolute","K1","derivative_assisted_value_unresolved_cells",254,0,254,0,0,,,,,
"ED1_003_TANGENCY_SV_POWER_n4000_depth6_reference","diagnostic","depth6_reference","TANGENCY_SV_POWER",4000,4000,"absolute","K1","derivative_assisted_derivative_unresolved_cells",254,0,254,0,0,,,,,
"ED1_003_TANGENCY_SV_POWER_n4000_depth6_reference","diagnostic","depth6_reference","TANGENCY_SV_POWER",4000,4000,"absolute","K1","derivative_assisted_value_variance_unresolved_cells",254,0,254,0,0,,,,,
"ED1_003_TANGENCY_SV_POWER_n4000_depth6_reference","diagnostic","depth6_reference","TANGENCY_SV_POWER",4000,4000,"absolute","K1","derivative_assisted_derivative_variance_unresolved_cells",254,0,254,0,0,,,,,
"ED1_003_TANGENCY_SV_POWER_n4000_depth6_reference","diagnostic","depth6_reference","TANGENCY_SV_POWER",4000,4000,"absolute","K1","derivative_assisted_certificate_count",254,0,254,0,0,,,,,
"ED1_003_TANGENCY_SV_POWER_n4000_depth6_reference","diagnostic","depth6_reference","TANGENCY_SV_POWER",4000,4000,"absolute","K1","derivative_assisted_covariance_01_min",254,0,254,0,0,,,,,
"ED1_003_TANGENCY_SV_POWER_n4000_depth6_reference","diagnostic","depth6_reference","TANGENCY_SV_POWER",4000,4000,"absolute","K1","derivative_assisted_covariance_01_max",254,0,254,0,0,,,,,
"ED1_003_TANGENCY_SV_POWER_n4000_depth6_reference","diagnostic","depth6_reference","TANGENCY_SV_POWER",4000,4000,"absolute","K1","derivative_assisted_correlation_01_min",254,0,254,0,0,,,,,
"ED1_003_TANGENCY_SV_POWER_n4000_depth6_reference","diagnostic","depth6_reference","TANGENCY_SV_POWER",4000,4000,"absolute","K1","derivative_assisted_correlation_01_max",254,0,254,0,0,,,,,
"ED1_003_TANGENCY_SV_POWER_n4000_depth6_reference","diagnostic","depth6_reference","TANGENCY_SV_POWER",4000,4000,"absolute","K1","x_ess_ratio_p1",254,254,0,0,0,0.603025547647453,0.00778098561221209,0.588630918472437,0.603556861644514,0.614750097648748
"ED1_003_TANGENCY_SV_POWER_n4000_depth6_reference","diagnostic","depth6_reference","TANGENCY_SV_POWER",4000,4000,"absolute","K1","y_ess_ratio_p1",254,254,0,0,0,0.361381440866463,0.0040989110291679,0.354583626449637,0.361147773663327,0.367468957146582
"ED1_003_TANGENCY_SV_POWER_n4000_depth6_reference","diagnostic","depth6_reference","TANGENCY_SV_POWER",4000,4000,"absolute","K1","x_max_share_p1",254,254,0,0,0,0.00109264056791423,1.36639087384013e-05,0.00106951903147843,0.00109242154651366,0.00111362416440871
"ED1_003_TANGENCY_SV_POWER_n4000_depth6_reference","diagnostic","depth6_reference","TANGENCY_SV_POWER",4000,4000,"absolute","K1","y_max_share_p1",254,254,0,0,0,0.00103318170372571,2.151887525424e-05,0.000999309290047596,0.00103398124619821,0.00106841044415891
"ED1_003_TANGENCY_SV_POWER_n4000_depth6_reference","diagnostic","depth6_reference","TANGENCY_SV_POWER",4000,4000,"absolute","K1","x_top1pct_share_p1",254,254,0,0,0,0.0418206759155703,0.000542871331206946,0.0409255548493151,0.0417688472984346,0.0426858314119643
"ED1_003_TANGENCY_SV_POWER_n4000_depth6_reference","diagnostic","depth6_reference","TANGENCY_SV_POWER",4000,4000,"absolute","K1","y_top1pct_share_p1",254,254,0,0,0,0.0411332364521829,0.000849104395663346,0.0398119632585421,0.041162212019916,0.0425544668760743
"ED1_003_TANGENCY_SV_POWER_n4000_depth6_reference","diagnostic","depth6_reference","TANGENCY_SV_POWER",4000,4000,"absolute","K1","x_ess_ratio_upper",254,254,0,0,0,0.481625212000072,0.0111540995551403,0.461634238291287,0.482368090735505,0.498610848958398
"ED1_003_TANGENCY_SV_POWER_n4000_depth6_reference","diagnostic","depth6_reference","TANGENCY_SV_POWER",4000,4000,"absolute","K1","y_ess_ratio_upper",254,254,0,0,0,0.239392055397799,0.00564830135824484,0.23031412556201,0.239005780350436,0.248229427805262
"ED1_003_TANGENCY_SV_POWER_n4000_depth6_reference","diagnostic","depth6_reference","TANGENCY_SV_POWER",4000,4000,"absolute","K1","x_max_share_upper",254,254,0,0,0,0.00181396954310289,2.87391786505856e-05,0.00176364149482263,0.00181319263082307,0.00185674926689963
"ED1_003_TANGENCY_SV_POWER_n4000_depth6_reference","diagnostic","depth6_reference","TANGENCY_SV_POWER",4000,4000,"absolute","K1","y_max_share_upper",254,254,0,0,0,0.00135486727257588,3.76614843129746e-05,0.00129532509094094,0.00135571067605155,0.00141741224379858
"ED1_003_TANGENCY_SV_POWER_n4000_depth6_reference","diagnostic","depth6_reference","TANGENCY_SV_POWER",4000,4000,"absolute","K1","x_top1pct_share_upper",254,254,0,0,0,0.0679341306398782,0.00104692475958203,0.0662201308128523,0.0679224978017269,0.0696153183112224
"ED1_003_TANGENCY_SV_POWER_n4000_depth6_reference","diagnostic","depth6_reference","TANGENCY_SV_POWER",4000,4000,"absolute","K1","y_top1pct_share_upper",254,254,0,0,0,0.0538135090257854,0.001479843752814,0.0514618003850937,0.0538447313800326,0.0562974381447915
"ED1_003_TANGENCY_SV_POWER_n4000_depth6_reference","diagnostic","depth6_reference","TANGENCY_SV_POWER",4000,4000,"absolute","K1","x_count_above_q95",254,254,0,0,0,200.685039370079,13.067898565697,179.65,200,223
"ED1_003_TANGENCY_SV_POWER_n4000_depth6_reference","diagnostic","depth6_reference","TANGENCY_SV_POWER",4000,4000,"absolute","K1","y_count_above_q95",254,254,0,0,0,201.011811023622,12.8326049294911,181,202,220.35
"ED1_003_TANGENCY_SV_POWER_n4000_depth6_reference","diagnostic","depth6_reference","TANGENCY_SV_POWER",4000,4000,"absolute","K1","x_count_above_q99",254,254,0,0,0,41.1259842519685,6.18935989460052,31,41,51.35
"ED1_003_TANGENCY_SV_POWER_n4000_depth6_reference","diagnostic","depth6_reference","TANGENCY_SV_POWER",4000,4000,"absolute","K1","y_count_above_q99",254,254,0,0,0,40.8503937007874,6.47778659821208,31,40,51.35
"ED1_003_TANGENCY_SV_POWER_n4000_depth6_reference","diagnostic","depth6_reference","TANGENCY_SV_POWER",4000,4000,"absolute","K1","x_latent_high_count",254,254,0,0,0,2543.17322834646,29.9323597117907,2495,2543,2589
"ED1_003_TANGENCY_SV_POWER_n4000_depth6_reference","diagnostic","depth6_reference","TANGENCY_SV_POWER",4000,4000,"absolute","K1","y_latent_high_count",254,254,0,0,0,3920.09842519685,9.04108745297417,3905,3921,3934.35
"ED1_003_TANGENCY_SV_POWER_n4000_depth6_reference","diagnostic","depth6_reference","TANGENCY_SV_POWER",4000,4000,"absolute","K1","elapsed_seconds",254,254,0,0,0,8.96229921259842,7.46531854281457,6.0786,7.397,14.5875
"ED1_003_TANGENCY_SV_POWER_n4000_depth6_reference","diagnostic","depth6_reference","TANGENCY_SV_POWER",4000,4000,"absolute","K1","peak_r_heap_mb",254,254,0,0,0,262.942913385827,7.08774543505565,258.9,262.4,268.8
"ED1_004_TANGENCY_SV_POWER_n4000_depth8_refined","diagnostic","depth8_refined","TANGENCY_SV_POWER",4000,4000,"absolute","K1","bootstrap_grid_size",254,254,0,0,0,251,0,251,251,251
"ED1_004_TANGENCY_SV_POWER_n4000_depth8_refined","diagnostic","depth8_refined","TANGENCY_SV_POWER",4000,4000,"absolute","K1","bootstrap_grid_spacing",254,254,0,0,0,0.00500000000000012,0,0.00500000000000012,0.00500000000000012,0.00500000000000012
"ED1_004_TANGENCY_SV_POWER_n4000_depth8_refined","diagnostic","depth8_refined","TANGENCY_SV_POWER",4000,4000,"absolute","K1","enclosure_grid_size",254,254,0,0,0,501,0,501,501,501
"ED1_004_TANGENCY_SV_POWER_n4000_depth8_refined","diagnostic","depth8_refined","TANGENCY_SV_POWER",4000,4000,"absolute","K1","enclosure_grid_spacing",254,254,0,0,0,0.00250000000000017,0,0.00250000000000017,0.00250000000000017,0.00250000000000017
"ED1_004_TANGENCY_SV_POWER_n4000_depth8_refined","diagnostic","depth8_refined","TANGENCY_SV_POWER",4000,4000,"absolute","K1","configured_guard_maximum_levels",254,254,0,0,0,6,0,6,6,6
"ED1_004_TANGENCY_SV_POWER_n4000_depth8_refined","diagnostic","depth8_refined","TANGENCY_SV_POWER",4000,4000,"absolute","K1","configured_continuum_enclosure_maximum_levels",254,254,0,0,0,8,0,8,8,8
"ED1_004_TANGENCY_SV_POWER_n4000_depth8_refined","diagnostic","depth8_refined","TANGENCY_SV_POWER",4000,4000,"absolute","K1","guard_minimum_ratio",254,254,0,0,0,0.0585713551753278,0.000938355259781674,0.0570476333071753,0.0585419970687683,0.0602664976701131
"ED1_004_TANGENCY_SV_POWER_n4000_depth8_refined","diagnostic","depth8_refined","TANGENCY_SV_POWER",4000,4000,"absolute","K1","guard_nodes_used",254,254,0,0,0,251,0,251,251,251
"ED1_004_TANGENCY_SV_POWER_n4000_depth8_refined","diagnostic","depth8_refined","TANGENCY_SV_POWER",4000,4000,"absolute","K1","guard_maximum_level",254,254,0,0,0,0,0,0,0,0
"ED1_004_TANGENCY_SV_POWER_n4000_depth8_refined","diagnostic","depth8_refined","TANGENCY_SV_POWER",4000,4000,"absolute","K1","critical_value",254,254,0,0,0,2.15806739325092,0.055458883282344,2.07100143450969,2.15587781943262,2.25635011472099
"ED1_004_TANGENCY_SV_POWER_n4000_depth8_refined","diagnostic","depth8_refined","TANGENCY_SV_POWER",4000,4000,"absolute","K1","maximum_half_width",254,254,0,0,0,7.22700570581267,0.202752286352655,6.90430921149638,7.21953499466485,7.5823907211581
"ED1_004_TANGENCY_SV_POWER_n4000_depth8_refined","diagnostic","depth8_refined","TANGENCY_SV_POWER",4000,4000,"absolute","K1","integrated_half_width",254,254,0,0,0,1.71447836026381,0.0476754137326743,1.63724767451919,1.71302719170593,1.79720138366652
"ED1_004_TANGENCY_SV_POWER_n4000_depth8_refined","diagnostic","depth8_refined","TANGENCY_SV_POWER",4000,4000,"absolute","K1","continuum_truth_nodes_used",254,254,0,0,0,1354.13385826772,2109.89714400862,672,953,2778.6
"ED1_004_TANGENCY_SV_POWER_n4000_depth8_refined","diagnostic","depth8_refined","TANGENCY_SV_POWER",4000,4000,"absolute","K1","continuum_truth_maximum_level",254,254,0,0,0,2.33464566929134,0.890341494439241,2,2,4
"ED1_004_TANGENCY_SV_POWER_n4000_depth8_refined","diagnostic","depth8_refined","TANGENCY_SV_POWER",4000,4000,"absolute","K1","continuum_truth_unresolved_cells",254,254,0,0,0,0,0,0,0,0
"ED1_004_TANGENCY_SV_POWER_n4000_depth8_refined","diagnostic","depth8_refined","TANGENCY_SV_POWER",4000,4000,"absolute","K1","enclosure_nodes_used",254,254,0,0,0,679.748031496063,143.226759512245,537.65,669.5,924.35
"ED1_004_TANGENCY_SV_POWER_n4000_depth8_refined","diagnostic","depth8_refined","TANGENCY_SV_POWER",4000,4000,"absolute","K1","enclosure_maximum_level",254,254,0,0,0,6.25984251968504,1.31102107522606,4,6,8
"ED1_004_TANGENCY_SV_POWER_n4000_depth8_refined","diagnostic","depth8_refined","TANGENCY_SV_POWER",4000,4000,"absolute","K1","enclosure_variance_unresolved_cells",254,254,0,0,0,0,0,0,0,0
"ED1_004_TANGENCY_SV_POWER_n4000_depth8_refined","diagnostic","depth8_refined","TANGENCY_SV_POWER",4000,4000,"absolute","K1","enclosure_unresolved_cells",254,254,0,0,0,269.736220472441,65.1907304078828,154.2,287.5,347.35
"ED1_004_TANGENCY_SV_POWER_n4000_depth8_refined","diagnostic","depth8_refined","TANGENCY_SV_POWER",4000,4000,"absolute","K1","enclosure_limit_hit_cells",254,254,0,0,0,1.96062992125984,6.38228969383388,0,0,17.35
"ED1_004_TANGENCY_SV_POWER_n4000_depth8_refined","diagnostic","depth8_refined","TANGENCY_SV_POWER",4000,4000,"absolute","K1","enclosure_limit_hit_total_width",254,254,0,0,0,1.91467765748023e-05,6.23270477913381e-05,0,0,0.000169433593749993
"ED1_004_TANGENCY_SV_POWER_n4000_depth8_refined","diagnostic","depth8_refined","TANGENCY_SV_POWER",4000,4000,"absolute","K1","enclosure_limit_hit_width_proportion",254,254,0,0,0,1.53174212598419e-05,4.98616382330705e-05,0,0,0.000135546874999994
"ED1_004_TANGENCY_SV_POWER_n4000_depth8_refined","diagnostic","depth8_refined","TANGENCY_SV_POWER",4000,4000,"absolute","K1","enclosure_limit_hit_maximum_cell_width",254,254,0,0,0,1.23031496063776e-06,3.24694102762981e-06,0,0,9.76562500004663e-06
"ED1_004_TANGENCY_SV_POWER_n4000_depth8_refined","diagnostic","depth8_refined","TANGENCY_SV_POWER",4000,4000,"absolute","K1","enclosure_depth_limit_cells",254,254,0,0,0,1.96062992125984,6.38228969383388,0,0,17.35
"ED1_004_TANGENCY_SV_POWER_n4000_depth8_refined","diagnostic","depth8_refined","TANGENCY_SV_POWER",4000,4000,"absolute","K1","enclosure_depth_limit_total_width",254,254,0,0,0,1.91467765748023e-05,6.23270477913381e-05,0,0,0.000169433593749993
"ED1_004_TANGENCY_SV_POWER_n4000_depth8_refined","diagnostic","depth8_refined","TANGENCY_SV_POWER",4000,4000,"absolute","K1","enclosure_depth_limit_width_proportion",254,254,0,0,0,1.53174212598419e-05,4.98616382330705e-05,0,0,0.000135546874999994
"ED1_004_TANGENCY_SV_POWER_n4000_depth8_refined","diagnostic","depth8_refined","TANGENCY_SV_POWER",4000,4000,"absolute","K1","enclosure_depth_limit_maximum_cell_width",254,254,0,0,0,1.23031496063776e-06,3.24694102762981e-06,0,0,9.76562500004663e-06
"ED1_004_TANGENCY_SV_POWER_n4000_depth8_refined","diagnostic","depth8_refined","TANGENCY_SV_POWER",4000,4000,"absolute","K1","enclosure_node_limit_cells",254,254,0,0,0,0,0,0,0,0
"ED1_004_TANGENCY_SV_POWER_n4000_depth8_refined","diagnostic","depth8_refined","TANGENCY_SV_POWER",4000,4000,"absolute","K1","enclosure_node_limit_total_width",254,254,0,0,0,0,0,0,0,0
"ED1_004_TANGENCY_SV_POWER_n4000_depth8_refined","diagnostic","depth8_refined","TANGENCY_SV_POWER",4000,4000,"absolute","K1","enclosure_node_limit_width_proportion",254,254,0,0,0,0,0,0,0,0
"ED1_004_TANGENCY_SV_POWER_n4000_depth8_refined","diagnostic","depth8_refined","TANGENCY_SV_POWER",4000,4000,"absolute","K1","enclosure_node_limit_maximum_cell_width",254,254,0,0,0,0,0,0,0,0
"ED1_004_TANGENCY_SV_POWER_n4000_depth8_refined","diagnostic","depth8_refined","TANGENCY_SV_POWER",4000,4000,"absolute","K1","enclosure_variance_limit_cells",254,254,0,0,0,0,0,0,0,0
"ED1_004_TANGENCY_SV_POWER_n4000_depth8_refined","diagnostic","depth8_refined","TANGENCY_SV_POWER",4000,4000,"absolute","K1","enclosure_variance_limit_total_width",254,254,0,0,0,0,0,0,0,0
"ED1_004_TANGENCY_SV_POWER_n4000_depth8_refined","diagnostic","depth8_refined","TANGENCY_SV_POWER",4000,4000,"absolute","K1","enclosure_variance_limit_width_proportion",254,254,0,0,0,0,0,0,0,0
"ED1_004_TANGENCY_SV_POWER_n4000_depth8_refined","diagnostic","depth8_refined","TANGENCY_SV_POWER",4000,4000,"absolute","K1","enclosure_variance_limit_maximum_cell_width",254,254,0,0,0,0,0,0,0,0
"ED1_004_TANGENCY_SV_POWER_n4000_depth8_refined","diagnostic","depth8_refined","TANGENCY_SV_POWER",4000,4000,"absolute","K1","enclosure_statistical_limit_cells",254,254,0,0,0,1.96062992125984,6.38228969383388,0,0,17.35
"ED1_004_TANGENCY_SV_POWER_n4000_depth8_refined","diagnostic","depth8_refined","TANGENCY_SV_POWER",4000,4000,"absolute","K1","enclosure_statistical_limit_total_width",254,254,0,0,0,1.91467765748023e-05,6.23270477913381e-05,0,0,0.000169433593749993
"ED1_004_TANGENCY_SV_POWER_n4000_depth8_refined","diagnostic","depth8_refined","TANGENCY_SV_POWER",4000,4000,"absolute","K1","enclosure_statistical_limit_width_proportion",254,254,0,0,0,1.53174212598419e-05,4.98616382330705e-05,0,0,0.000135546874999994
"ED1_004_TANGENCY_SV_POWER_n4000_depth8_refined","diagnostic","depth8_refined","TANGENCY_SV_POWER",4000,4000,"absolute","K1","enclosure_statistical_limit_maximum_cell_width",254,254,0,0,0,1.23031496063776e-06,3.24694102762981e-06,0,0,9.76562500004663e-06
"ED1_004_TANGENCY_SV_POWER_n4000_depth8_refined","diagnostic","depth8_refined","TANGENCY_SV_POWER",4000,4000,"absolute","K1","certified_alternation_count",254,254,0,0,0,0.015748031496063,0.124744923522868,0,0,0
"ED1_004_TANGENCY_SV_POWER_n4000_depth8_refined","diagnostic","depth8_refined","TANGENCY_SV_POWER",4000,4000,"absolute","K1","bracket_count",254,254,0,0,0,0.015748031496063,0.124744923522868,0,0,0
"ED1_004_TANGENCY_SV_POWER_n4000_depth8_refined","diagnostic","depth8_refined","TANGENCY_SV_POWER",4000,4000,"absolute","K1","bracket_length",254,4,250,0,0,0.75875,0.0342478709800574,0.7175,0.77,0.78425
"ED1_004_TANGENCY_SV_POWER_n4000_depth8_refined","diagnostic","depth8_refined","TANGENCY_SV_POWER",4000,4000,"absolute","K1","numerical_outer_component_count",254,254,0,0,0,1.00787401574803,0.153795870672733,1,1,1
"ED1_004_TANGENCY_SV_POWER_n4000_depth8_refined","diagnostic","depth8_refined","TANGENCY_SV_POWER",4000,4000,"absolute","K1","numerical_outer_total_length",254,254,0,0,0,0.669458123154528,0.167705960031874,0.36170849609375,0.71625,0.868375
"ED1_004_TANGENCY_SV_POWER_n4000_depth8_refined","diagnostic","depth8_refined","TANGENCY_SV_POWER",4000,4000,"absolute","K1","numerical_outer_retained_proportion",254,254,0,0,0,0.535566498523622,0.134164768025499,0.289366796875,0.573,0.6947
"ED1_004_TANGENCY_SV_POWER_n4000_depth8_refined","diagnostic","depth8_refined","TANGENCY_SV_POWER",4000,4000,"absolute","K1","numerical_outer_hausdorff",254,252,0,2,0,0.377717052641369,0.101751086586514,0.205,0.39375,0.528625
"ED1_004_TANGENCY_SV_POWER_n4000_depth8_refined","diagnostic","depth8_refined","TANGENCY_SV_POWER",4000,4000,"absolute","K1","tangency_local_outer_total_length",254,254,0,0,0,0.473650921198327,0.0792129092877787,0.33344677734375,0.5,0.5
"ED1_004_TANGENCY_SV_POWER_n4000_depth8_refined","diagnostic","depth8_refined","TANGENCY_SV_POWER",4000,4000,"absolute","K1","tangency_scaled_outer_radius",254,243,11,0,0,1.64028318422663,0.123464966309317,1.40602649121293,1.67185076244106,1.67185076244106
"ED1_004_TANGENCY_SV_POWER_n4000_depth8_refined","diagnostic","depth8_refined","TANGENCY_SV_POWER",4000,4000,"absolute","K1","tangency_scaled_outer_hausdorff",254,243,9,2,0,1.64028318422663,0.123464966309317,1.40602649121293,1.67185076244106,1.67185076244106
"ED1_004_TANGENCY_SV_POWER_n4000_depth8_refined","diagnostic","depth8_refined","TANGENCY_SV_POWER",4000,4000,"absolute","K1","tangency_truncated_local_outer_total_length",254,254,0,0,0,0.473650921198327,0.0792129092877787,0.33344677734375,0.5,0.5
"ED1_004_TANGENCY_SV_POWER_n4000_depth8_refined","diagnostic","depth8_refined","TANGENCY_SV_POWER",4000,4000,"absolute","K1","tangency_truncated_local_scaled_outer_radius",254,243,11,0,0,1.64028318422663,0.123464966309317,1.40602649121293,1.67185076244106,1.67185076244106
"ED1_004_TANGENCY_SV_POWER_n4000_depth8_refined","diagnostic","depth8_refined","TANGENCY_SV_POWER",4000,4000,"absolute","K1","tangency_truncated_local_scaled_outer_hausdorff",254,243,9,2,0,1.64028318422663,0.123464966309317,1.40602649121293,1.67185076244106,1.67185076244106
"ED1_004_TANGENCY_SV_POWER_n4000_depth8_refined","diagnostic","depth8_refined","TANGENCY_SV_POWER",4000,4000,"absolute","K1","tangency_global_outer_component_count_conditional_on_continuum_band_coverage",254,243,11,0,0,1,0,1,1,1
"ED1_004_TANGENCY_SV_POWER_n4000_depth8_refined","diagnostic","depth8_refined","TANGENCY_SV_POWER",4000,4000,"absolute","K1","tangency_global_outer_total_length_conditional_on_continuum_band_coverage",254,243,11,0,0,0.682301713605967,0.147069282130757,0.4055,0.7225,0.86675
"ED1_004_TANGENCY_SV_POWER_n4000_depth8_refined","diagnostic","depth8_refined","TANGENCY_SV_POWER",4000,4000,"absolute","K1","tangency_global_outer_hausdorff_conditional_on_continuum_band_coverage",254,243,11,0,0,0.377529618377058,0.0930307444520721,0.21025,0.3925,0.51675
"ED1_004_TANGENCY_SV_POWER_n4000_depth8_refined","diagnostic","depth8_refined","TANGENCY_SV_POWER",4000,4000,"absolute","K1","tangency_global_outer_left_radius_conditional_on_continuum_band_coverage",254,243,11,0,0,0.305774297518004,0.056673186448432,0.18174609375,0.3325,0.35
"ED1_004_TANGENCY_SV_POWER_n4000_depth8_refined","diagnostic","depth8_refined","TANGENCY_SV_POWER",4000,4000,"absolute","K1","tangency_global_outer_right_radius_conditional_on_continuum_band_coverage",254,243,11,0,0,0.376527416087963,0.0944985228724752,0.2005,0.3925,0.51675
"ED1_004_TANGENCY_SV_POWER_n4000_depth8_refined","diagnostic","depth8_refined","TANGENCY_SV_POWER",4000,4000,"absolute","K1","tangency_global_scaled_outer_total_length_conditional_on_continuum_band_coverage",254,243,11,0,0,4.5628265604279,0.983511565847859,2.71174193667939,4.83164870345465,5.79630659338314
"ED1_004_TANGENCY_SV_POWER_n4000_depth8_refined","diagnostic","depth8_refined","TANGENCY_SV_POWER",4000,4000,"absolute","K1","tangency_global_scaled_outer_hausdorff_conditional_on_continuum_band_coverage",254,243,11,0,0,2.52469272131106,0.622134084170623,1.40602649121293,2.62480569703246,3.45571552596566
"ED1_004_TANGENCY_SV_POWER_n4000_depth8_refined","diagnostic","depth8_refined","TANGENCY_SV_POWER",4000,4000,"absolute","K1","tangency_global_scaled_outer_left_radius_conditional_on_continuum_band_coverage",254,243,11,0,0,2.04483596976141,0.3789964398951,1.21540938162648,2.2235615140466,2.34059106741748
"ED1_004_TANGENCY_SV_POWER_n4000_depth8_refined","diagnostic","depth8_refined","TANGENCY_SV_POWER",4000,4000,"absolute","K1","tangency_global_scaled_outer_right_radius_conditional_on_continuum_band_coverage",254,243,11,0,0,2.51799059066649,0.631949710055605,1.34082431147773,2.62480569703246,3.45571552596566
"ED1_004_TANGENCY_SV_POWER_n4000_depth8_refined","diagnostic","depth8_refined","TANGENCY_SV_POWER",4000,4000,"absolute","K1","tangency_global_root_component_left_conditional_on_continuum_band_coverage",254,243,11,0,0,0.294225702481996,0.056673186448432,0.25,0.2675,0.41825390625
"ED1_004_TANGENCY_SV_POWER_n4000_depth8_refined","diagnostic","depth8_refined","TANGENCY_SV_POWER",4000,4000,"absolute","K1","tangency_global_root_component_right_conditional_on_continuum_band_coverage",254,243,11,0,0,0.976527416087963,0.0944985228724752,0.8005,0.9925,1.11675
"ED1_004_TANGENCY_SV_POWER_n4000_depth8_refined","diagnostic","depth8_refined","TANGENCY_SV_POWER",4000,4000,"absolute","K1","tangency_global_root_component_length_conditional_on_continuum_band_coverage",254,243,11,0,0,0.682301713605967,0.147069282130757,0.4055,0.7225,0.86675
"ED1_004_TANGENCY_SV_POWER_n4000_depth8_refined","diagnostic","depth8_refined","TANGENCY_SV_POWER",4000,4000,"absolute","K1","tangency_global_root_component_left_radius_conditional_on_continuum_band_coverage",254,243,11,0,0,0.305774297518004,0.056673186448432,0.18174609375,0.3325,0.35
"ED1_004_TANGENCY_SV_POWER_n4000_depth8_refined","diagnostic","depth8_refined","TANGENCY_SV_POWER",4000,4000,"absolute","K1","tangency_global_root_component_right_radius_conditional_on_continuum_band_coverage",254,243,11,0,0,0.376527416087963,0.0944985228724752,0.2005,0.3925,0.51675
"ED1_004_TANGENCY_SV_POWER_n4000_depth8_refined","diagnostic","depth8_refined","TANGENCY_SV_POWER",4000,4000,"absolute","K1","tangency_global_scaled_root_component_length_conditional_on_continuum_band_coverage",254,243,11,0,0,4.5628265604279,0.983511565847859,2.71174193667939,4.83164870345465,5.79630659338314
"ED1_004_TANGENCY_SV_POWER_n4000_depth8_refined","diagnostic","depth8_refined","TANGENCY_SV_POWER",4000,4000,"absolute","K1","tangency_global_scaled_root_component_left_radius_conditional_on_continuum_band_coverage",254,243,11,0,0,2.04483596976141,0.3789964398951,1.21540938162648,2.2235615140466,2.34059106741748
"ED1_004_TANGENCY_SV_POWER_n4000_depth8_refined","diagnostic","depth8_refined","TANGENCY_SV_POWER",4000,4000,"absolute","K1","tangency_global_scaled_root_component_right_radius_conditional_on_continuum_band_coverage",254,243,11,0,0,2.51799059066649,0.631949710055605,1.34082431147773,2.62480569703246,3.45571552596566
"ED1_004_TANGENCY_SV_POWER_n4000_depth8_refined","diagnostic","depth8_refined","TANGENCY_SV_POWER",4000,4000,"absolute","K1","empirical_root_count",254,254,0,0,0,0,0,0,0,0
"ED1_004_TANGENCY_SV_POWER_n4000_depth8_refined","diagnostic","depth8_refined","TANGENCY_SV_POWER",4000,4000,"absolute","K1","root_isolation_maximum_bisections",254,0,254,0,0,,,,,
"ED1_004_TANGENCY_SV_POWER_n4000_depth8_refined","diagnostic","depth8_refined","TANGENCY_SV_POWER",4000,4000,"absolute","K1","root_error_conditional_on_isolation",254,0,254,0,0,,,,,
"ED1_004_TANGENCY_SV_POWER_n4000_depth8_refined","diagnostic","depth8_refined","TANGENCY_SV_POWER",4000,4000,"absolute","K1","derivative_hat",254,0,254,0,0,,,,,
"ED1_004_TANGENCY_SV_POWER_n4000_depth8_refined","diagnostic","depth8_refined","TANGENCY_SV_POWER",4000,4000,"absolute","K1","variance_at_root_hat",254,0,254,0,0,,,,,
"ED1_004_TANGENCY_SV_POWER_n4000_depth8_refined","diagnostic","depth8_refined","TANGENCY_SV_POWER",4000,4000,"absolute","K1","root_standard_error",254,0,254,0,0,,,,,
"ED1_004_TANGENCY_SV_POWER_n4000_depth8_refined","diagnostic","depth8_refined","TANGENCY_SV_POWER",4000,4000,"absolute","K1","wald_length",254,0,254,0,0,,,,,
"ED1_004_TANGENCY_SV_POWER_n4000_depth8_refined","diagnostic","depth8_refined","TANGENCY_SV_POWER",4000,4000,"absolute","K1","wald_collection_bias_conditional_on_isolation",254,0,254,0,0,,,,,
"ED1_004_TANGENCY_SV_POWER_n4000_depth8_refined","diagnostic","depth8_refined","TANGENCY_SV_POWER",4000,4000,"absolute","K1","wald_collection_rmse_conditional_on_isolation",254,0,254,0,0,,,,,
"ED1_004_TANGENCY_SV_POWER_n4000_depth8_refined","diagnostic","depth8_refined","TANGENCY_SV_POWER",4000,4000,"absolute","K1","wald_collection_total_length",254,0,254,0,0,,,,,
"ED1_004_TANGENCY_SV_POWER_n4000_depth8_refined","diagnostic","depth8_refined","TANGENCY_SV_POWER",4000,4000,"absolute","K1","root_multiplier_critical_value",254,0,254,0,0,,,,,
"ED1_004_TANGENCY_SV_POWER_n4000_depth8_refined","diagnostic","depth8_refined","TANGENCY_SV_POWER",4000,4000,"absolute","K1","root_multiplier_total_length",254,0,254,0,0,,,,,
"ED1_004_TANGENCY_SV_POWER_n4000_depth8_refined","diagnostic","depth8_refined","TANGENCY_SV_POWER",4000,4000,"absolute","K1","derivative_assisted_critical_value",254,0,254,0,0,,,,,
"ED1_004_TANGENCY_SV_POWER_n4000_depth8_refined","diagnostic","depth8_refined","TANGENCY_SV_POWER",4000,4000,"absolute","K1","derivative_assisted_critical_value_ratio",254,0,254,0,0,,,,,
"ED1_004_TANGENCY_SV_POWER_n4000_depth8_refined","diagnostic","depth8_refined","TANGENCY_SV_POWER",4000,4000,"absolute","K1","derivative_assisted_value_maximum_half_width",254,0,254,0,0,,,,,
"ED1_004_TANGENCY_SV_POWER_n4000_depth8_refined","diagnostic","depth8_refined","TANGENCY_SV_POWER",4000,4000,"absolute","K1","derivative_assisted_derivative_maximum_half_width",254,0,254,0,0,,,,,
"ED1_004_TANGENCY_SV_POWER_n4000_depth8_refined","diagnostic","depth8_refined","TANGENCY_SV_POWER",4000,4000,"absolute","K1","derivative_assisted_value_width_inflation",254,0,254,0,0,,,,,
"ED1_004_TANGENCY_SV_POWER_n4000_depth8_refined","diagnostic","depth8_refined","TANGENCY_SV_POWER",4000,4000,"absolute","K1","derivative_assisted_guard_minimum_ratio",254,0,254,0,0,,,,,
"ED1_004_TANGENCY_SV_POWER_n4000_depth8_refined","diagnostic","depth8_refined","TANGENCY_SV_POWER",4000,4000,"absolute","K1","derivative_assisted_guard_minimum_ratio_d0",254,0,254,0,0,,,,,
"ED1_004_TANGENCY_SV_POWER_n4000_depth8_refined","diagnostic","depth8_refined","TANGENCY_SV_POWER",4000,4000,"absolute","K1","derivative_assisted_guard_minimum_ratio_d1",254,0,254,0,0,,,,,
"ED1_004_TANGENCY_SV_POWER_n4000_depth8_refined","diagnostic","depth8_refined","TANGENCY_SV_POWER",4000,4000,"absolute","K1","derivative_assisted_guard_nodes_used",254,0,254,0,0,,,,,
"ED1_004_TANGENCY_SV_POWER_n4000_depth8_refined","diagnostic","depth8_refined","TANGENCY_SV_POWER",4000,4000,"absolute","K1","derivative_assisted_guard_maximum_level",254,0,254,0,0,,,,,
"ED1_004_TANGENCY_SV_POWER_n4000_depth8_refined","diagnostic","depth8_refined","TANGENCY_SV_POWER",4000,4000,"absolute","K1","derivative_assisted_value_enclosure_nodes_used",254,0,254,0,0,,,,,
"ED1_004_TANGENCY_SV_POWER_n4000_depth8_refined","diagnostic","depth8_refined","TANGENCY_SV_POWER",4000,4000,"absolute","K1","derivative_assisted_derivative_enclosure_nodes_used",254,0,254,0,0,,,,,
"ED1_004_TANGENCY_SV_POWER_n4000_depth8_refined","diagnostic","depth8_refined","TANGENCY_SV_POWER",4000,4000,"absolute","K1","derivative_assisted_value_unresolved_cells",254,0,254,0,0,,,,,
"ED1_004_TANGENCY_SV_POWER_n4000_depth8_refined","diagnostic","depth8_refined","TANGENCY_SV_POWER",4000,4000,"absolute","K1","derivative_assisted_derivative_unresolved_cells",254,0,254,0,0,,,,,
"ED1_004_TANGENCY_SV_POWER_n4000_depth8_refined","diagnostic","depth8_refined","TANGENCY_SV_POWER",4000,4000,"absolute","K1","derivative_assisted_value_variance_unresolved_cells",254,0,254,0,0,,,,,
"ED1_004_TANGENCY_SV_POWER_n4000_depth8_refined","diagnostic","depth8_refined","TANGENCY_SV_POWER",4000,4000,"absolute","K1","derivative_assisted_derivative_variance_unresolved_cells",254,0,254,0,0,,,,,
"ED1_004_TANGENCY_SV_POWER_n4000_depth8_refined","diagnostic","depth8_refined","TANGENCY_SV_POWER",4000,4000,"absolute","K1","derivative_assisted_certificate_count",254,0,254,0,0,,,,,
"ED1_004_TANGENCY_SV_POWER_n4000_depth8_refined","diagnostic","depth8_refined","TANGENCY_SV_POWER",4000,4000,"absolute","K1","derivative_assisted_covariance_01_min",254,0,254,0,0,,,,,
"ED1_004_TANGENCY_SV_POWER_n4000_depth8_refined","diagnostic","depth8_refined","TANGENCY_SV_POWER",4000,4000,"absolute","K1","derivative_assisted_covariance_01_max",254,0,254,0,0,,,,,
"ED1_004_TANGENCY_SV_POWER_n4000_depth8_refined","diagnostic","depth8_refined","TANGENCY_SV_POWER",4000,4000,"absolute","K1","derivative_assisted_correlation_01_min",254,0,254,0,0,,,,,
"ED1_004_TANGENCY_SV_POWER_n4000_depth8_refined","diagnostic","depth8_refined","TANGENCY_SV_POWER",4000,4000,"absolute","K1","derivative_assisted_correlation_01_max",254,0,254,0,0,,,,,
"ED1_004_TANGENCY_SV_POWER_n4000_depth8_refined","diagnostic","depth8_refined","TANGENCY_SV_POWER",4000,4000,"absolute","K1","x_ess_ratio_p1",254,254,0,0,0,0.603025547647453,0.00778098561221209,0.588630918472437,0.603556861644514,0.614750097648748
"ED1_004_TANGENCY_SV_POWER_n4000_depth8_refined","diagnostic","depth8_refined","TANGENCY_SV_POWER",4000,4000,"absolute","K1","y_ess_ratio_p1",254,254,0,0,0,0.361381440866463,0.0040989110291679,0.354583626449637,0.361147773663327,0.367468957146582
"ED1_004_TANGENCY_SV_POWER_n4000_depth8_refined","diagnostic","depth8_refined","TANGENCY_SV_POWER",4000,4000,"absolute","K1","x_max_share_p1",254,254,0,0,0,0.00109264056791423,1.36639087384013e-05,0.00106951903147843,0.00109242154651366,0.00111362416440871
"ED1_004_TANGENCY_SV_POWER_n4000_depth8_refined","diagnostic","depth8_refined","TANGENCY_SV_POWER",4000,4000,"absolute","K1","y_max_share_p1",254,254,0,0,0,0.00103318170372571,2.151887525424e-05,0.000999309290047596,0.00103398124619821,0.00106841044415891
"ED1_004_TANGENCY_SV_POWER_n4000_depth8_refined","diagnostic","depth8_refined","TANGENCY_SV_POWER",4000,4000,"absolute","K1","x_top1pct_share_p1",254,254,0,0,0,0.0418206759155703,0.000542871331206946,0.0409255548493151,0.0417688472984346,0.0426858314119643
"ED1_004_TANGENCY_SV_POWER_n4000_depth8_refined","diagnostic","depth8_refined","TANGENCY_SV_POWER",4000,4000,"absolute","K1","y_top1pct_share_p1",254,254,0,0,0,0.0411332364521829,0.000849104395663346,0.0398119632585421,0.041162212019916,0.0425544668760743
"ED1_004_TANGENCY_SV_POWER_n4000_depth8_refined","diagnostic","depth8_refined","TANGENCY_SV_POWER",4000,4000,"absolute","K1","x_ess_ratio_upper",254,254,0,0,0,0.481625212000072,0.0111540995551403,0.461634238291287,0.482368090735505,0.498610848958398
"ED1_004_TANGENCY_SV_POWER_n4000_depth8_refined","diagnostic","depth8_refined","TANGENCY_SV_POWER",4000,4000,"absolute","K1","y_ess_ratio_upper",254,254,0,0,0,0.239392055397799,0.00564830135824484,0.23031412556201,0.239005780350436,0.248229427805262
"ED1_004_TANGENCY_SV_POWER_n4000_depth8_refined","diagnostic","depth8_refined","TANGENCY_SV_POWER",4000,4000,"absolute","K1","x_max_share_upper",254,254,0,0,0,0.00181396954310289,2.87391786505856e-05,0.00176364149482263,0.00181319263082307,0.00185674926689963
"ED1_004_TANGENCY_SV_POWER_n4000_depth8_refined","diagnostic","depth8_refined","TANGENCY_SV_POWER",4000,4000,"absolute","K1","y_max_share_upper",254,254,0,0,0,0.00135486727257588,3.76614843129746e-05,0.00129532509094094,0.00135571067605155,0.00141741224379858
"ED1_004_TANGENCY_SV_POWER_n4000_depth8_refined","diagnostic","depth8_refined","TANGENCY_SV_POWER",4000,4000,"absolute","K1","x_top1pct_share_upper",254,254,0,0,0,0.0679341306398782,0.00104692475958203,0.0662201308128523,0.0679224978017269,0.0696153183112224
"ED1_004_TANGENCY_SV_POWER_n4000_depth8_refined","diagnostic","depth8_refined","TANGENCY_SV_POWER",4000,4000,"absolute","K1","y_top1pct_share_upper",254,254,0,0,0,0.0538135090257854,0.001479843752814,0.0514618003850937,0.0538447313800326,0.0562974381447915
"ED1_004_TANGENCY_SV_POWER_n4000_depth8_refined","diagnostic","depth8_refined","TANGENCY_SV_POWER",4000,4000,"absolute","K1","x_count_above_q95",254,254,0,0,0,200.685039370079,13.067898565697,179.65,200,223
"ED1_004_TANGENCY_SV_POWER_n4000_depth8_refined","diagnostic","depth8_refined","TANGENCY_SV_POWER",4000,4000,"absolute","K1","y_count_above_q95",254,254,0,0,0,201.011811023622,12.8326049294911,181,202,220.35
"ED1_004_TANGENCY_SV_POWER_n4000_depth8_refined","diagnostic","depth8_refined","TANGENCY_SV_POWER",4000,4000,"absolute","K1","x_count_above_q99",254,254,0,0,0,41.1259842519685,6.18935989460052,31,41,51.35
"ED1_004_TANGENCY_SV_POWER_n4000_depth8_refined","diagnostic","depth8_refined","TANGENCY_SV_POWER",4000,4000,"absolute","K1","y_count_above_q99",254,254,0,0,0,40.8503937007874,6.47778659821208,31,40,51.35
"ED1_004_TANGENCY_SV_POWER_n4000_depth8_refined","diagnostic","depth8_refined","TANGENCY_SV_POWER",4000,4000,"absolute","K1","x_latent_high_count",254,254,0,0,0,2543.17322834646,29.9323597117907,2495,2543,2589
"ED1_004_TANGENCY_SV_POWER_n4000_depth8_refined","diagnostic","depth8_refined","TANGENCY_SV_POWER",4000,4000,"absolute","K1","y_latent_high_count",254,254,0,0,0,3920.09842519685,9.04108745297417,3905,3921,3934.35
"ED1_004_TANGENCY_SV_POWER_n4000_depth8_refined","diagnostic","depth8_refined","TANGENCY_SV_POWER",4000,4000,"absolute","K1","elapsed_seconds",254,254,0,0,0,9.01398031496063,7.49764003104871,6.09494999999999,7.499,14.5578
"ED1_004_TANGENCY_SV_POWER_n4000_depth8_refined","diagnostic","depth8_refined","TANGENCY_SV_POWER",4000,4000,"absolute","K1","peak_r_heap_mb",254,254,0,0,0,263.04842519685,7.20663242228134,258.9,262.4,268.8
"ED1_005_TANGENCY_SV_POWER_n8000_depth6_reference","diagnostic","depth6_reference","TANGENCY_SV_POWER",8000,8000,"absolute","K1","bootstrap_grid_size",254,254,0,0,0,251,0,251,251,251
"ED1_005_TANGENCY_SV_POWER_n8000_depth6_reference","diagnostic","depth6_reference","TANGENCY_SV_POWER",8000,8000,"absolute","K1","bootstrap_grid_spacing",254,254,0,0,0,0.00500000000000012,0,0.00500000000000012,0.00500000000000012,0.00500000000000012
"ED1_005_TANGENCY_SV_POWER_n8000_depth6_reference","diagnostic","depth6_reference","TANGENCY_SV_POWER",8000,8000,"absolute","K1","enclosure_grid_size",254,254,0,0,0,501,0,501,501,501
"ED1_005_TANGENCY_SV_POWER_n8000_depth6_reference","diagnostic","depth6_reference","TANGENCY_SV_POWER",8000,8000,"absolute","K1","enclosure_grid_spacing",254,254,0,0,0,0.00250000000000017,0,0.00250000000000017,0.00250000000000017,0.00250000000000017
"ED1_005_TANGENCY_SV_POWER_n8000_depth6_reference","diagnostic","depth6_reference","TANGENCY_SV_POWER",8000,8000,"absolute","K1","configured_guard_maximum_levels",254,254,0,0,0,6,0,6,6,6
"ED1_005_TANGENCY_SV_POWER_n8000_depth6_reference","diagnostic","depth6_reference","TANGENCY_SV_POWER",8000,8000,"absolute","K1","configured_continuum_enclosure_maximum_levels",254,254,0,0,0,6,0,6,6,6
"ED1_005_TANGENCY_SV_POWER_n8000_depth6_reference","diagnostic","depth6_reference","TANGENCY_SV_POWER",8000,8000,"absolute","K1","guard_minimum_ratio",254,254,0,0,0,0.058645143588226,0.000699260071691406,0.0575711448140298,0.058647712071359,0.0596631213063948
"ED1_005_TANGENCY_SV_POWER_n8000_depth6_reference","diagnostic","depth6_reference","TANGENCY_SV_POWER",8000,8000,"absolute","K1","guard_nodes_used",254,254,0,0,0,251,0,251,251,251
"ED1_005_TANGENCY_SV_POWER_n8000_depth6_reference","diagnostic","depth6_reference","TANGENCY_SV_POWER",8000,8000,"absolute","K1","guard_maximum_level",254,254,0,0,0,0,0,0,0,0
"ED1_005_TANGENCY_SV_POWER_n8000_depth6_reference","diagnostic","depth6_reference","TANGENCY_SV_POWER",8000,8000,"absolute","K1","critical_value",254,254,0,0,0,2.14754867987635,0.056637768590588,2.06549181411521,2.14362097263438,2.24741959842403
"ED1_005_TANGENCY_SV_POWER_n8000_depth6_reference","diagnostic","depth6_reference","TANGENCY_SV_POWER",8000,8000,"absolute","K1","maximum_half_width",254,254,0,0,0,5.08161084617086,0.138677927935287,4.86015843796266,5.07274234012224,5.33265504068453
"ED1_005_TANGENCY_SV_POWER_n8000_depth6_reference","diagnostic","depth6_reference","TANGENCY_SV_POWER",8000,8000,"absolute","K1","integrated_half_width",254,254,0,0,0,1.20565347226316,0.0327306671768161,1.15380131056755,1.20348153843368,1.26567322532021
"ED1_005_TANGENCY_SV_POWER_n8000_depth6_reference","diagnostic","depth6_reference","TANGENCY_SV_POWER",8000,8000,"absolute","K1","continuum_truth_nodes_used",254,254,0,0,0,2068.06692913386,3886.10930025475,897.2,1250,4637.95
"ED1_005_TANGENCY_SV_POWER_n8000_depth6_reference","diagnostic","depth6_reference","TANGENCY_SV_POWER",8000,8000,"absolute","K1","continuum_truth_maximum_level",254,254,0,0,0,2.68503937007874,1.19087961911294,1.3,3,4
"ED1_005_TANGENCY_SV_POWER_n8000_depth6_reference","diagnostic","depth6_reference","TANGENCY_SV_POWER",8000,8000,"absolute","K1","continuum_truth_unresolved_cells",254,254,0,0,0,43.9645669291339,700.679897597782,0,0,0
"ED1_005_TANGENCY_SV_POWER_n8000_depth6_reference","diagnostic","depth6_reference","TANGENCY_SV_POWER",8000,8000,"absolute","K1","enclosure_nodes_used",254,254,0,0,0,741.086614173228,129.335548740234,552.6,721,942.4
"ED1_005_TANGENCY_SV_POWER_n8000_depth6_reference","diagnostic","depth6_reference","TANGENCY_SV_POWER",8000,8000,"absolute","K1","enclosure_maximum_level",254,254,0,0,0,5.82283464566929,0.680117285441995,5,6,6
"ED1_005_TANGENCY_SV_POWER_n8000_depth6_reference","diagnostic","depth6_reference","TANGENCY_SV_POWER",8000,8000,"absolute","K1","enclosure_variance_unresolved_cells",254,254,0,0,0,0,0,0,0,0
"ED1_005_TANGENCY_SV_POWER_n8000_depth6_reference","diagnostic","depth6_reference","TANGENCY_SV_POWER",8000,8000,"absolute","K1","enclosure_unresolved_cells",254,254,0,0,0,234.295275590551,56.4405614220763,144.3,239,310.7
"ED1_005_TANGENCY_SV_POWER_n8000_depth6_reference","diagnostic","depth6_reference","TANGENCY_SV_POWER",8000,8000,"absolute","K1","enclosure_limit_hit_cells",254,254,0,0,0,12.5,23.0700514244609,0,5,40
"ED1_005_TANGENCY_SV_POWER_n8000_depth6_reference","diagnostic","depth6_reference","TANGENCY_SV_POWER",8000,8000,"absolute","K1","enclosure_limit_hit_total_width",254,254,0,0,0,0.000488281249999998,0.000901173883767996,0,0.000195312499999989,0.00156249999999995
"ED1_005_TANGENCY_SV_POWER_n8000_depth6_reference","diagnostic","depth6_reference","TANGENCY_SV_POWER",8000,8000,"absolute","K1","enclosure_limit_hit_width_proportion",254,254,0,0,0,0.000390624999999999,0.000720939107014397,0,0.000156249999999991,0.00124999999999996
"ED1_005_TANGENCY_SV_POWER_n8000_depth6_reference","diagnostic","depth6_reference","TANGENCY_SV_POWER",8000,8000,"absolute","K1","enclosure_limit_hit_maximum_cell_width",254,254,0,0,0,2.2760826771679e-05,1.93004176112009e-05,0,3.906250000002e-05,3.90625000000755e-05
"ED1_005_TANGENCY_SV_POWER_n8000_depth6_reference","diagnostic","depth6_reference","TANGENCY_SV_POWER",8000,8000,"absolute","K1","enclosure_depth_limit_cells",254,254,0,0,0,12.5,23.0700514244609,0,5,40
"ED1_005_TANGENCY_SV_POWER_n8000_depth6_reference","diagnostic","depth6_reference","TANGENCY_SV_POWER",8000,8000,"absolute","K1","enclosure_depth_limit_total_width",254,254,0,0,0,0.000488281249999998,0.000901173883767996,0,0.000195312499999989,0.00156249999999995
"ED1_005_TANGENCY_SV_POWER_n8000_depth6_reference","diagnostic","depth6_reference","TANGENCY_SV_POWER",8000,8000,"absolute","K1","enclosure_depth_limit_width_proportion",254,254,0,0,0,0.000390624999999999,0.000720939107014397,0,0.000156249999999991,0.00124999999999996
"ED1_005_TANGENCY_SV_POWER_n8000_depth6_reference","diagnostic","depth6_reference","TANGENCY_SV_POWER",8000,8000,"absolute","K1","enclosure_depth_limit_maximum_cell_width",254,254,0,0,0,2.2760826771679e-05,1.93004176112009e-05,0,3.906250000002e-05,3.90625000000755e-05
"ED1_005_TANGENCY_SV_POWER_n8000_depth6_reference","diagnostic","depth6_reference","TANGENCY_SV_POWER",8000,8000,"absolute","K1","enclosure_node_limit_cells",254,254,0,0,0,0,0,0,0,0
"ED1_005_TANGENCY_SV_POWER_n8000_depth6_reference","diagnostic","depth6_reference","TANGENCY_SV_POWER",8000,8000,"absolute","K1","enclosure_node_limit_total_width",254,254,0,0,0,0,0,0,0,0
"ED1_005_TANGENCY_SV_POWER_n8000_depth6_reference","diagnostic","depth6_reference","TANGENCY_SV_POWER",8000,8000,"absolute","K1","enclosure_node_limit_width_proportion",254,254,0,0,0,0,0,0,0,0
"ED1_005_TANGENCY_SV_POWER_n8000_depth6_reference","diagnostic","depth6_reference","TANGENCY_SV_POWER",8000,8000,"absolute","K1","enclosure_node_limit_maximum_cell_width",254,254,0,0,0,0,0,0,0,0
"ED1_005_TANGENCY_SV_POWER_n8000_depth6_reference","diagnostic","depth6_reference","TANGENCY_SV_POWER",8000,8000,"absolute","K1","enclosure_variance_limit_cells",254,254,0,0,0,0,0,0,0,0
"ED1_005_TANGENCY_SV_POWER_n8000_depth6_reference","diagnostic","depth6_reference","TANGENCY_SV_POWER",8000,8000,"absolute","K1","enclosure_variance_limit_total_width",254,254,0,0,0,0,0,0,0,0
"ED1_005_TANGENCY_SV_POWER_n8000_depth6_reference","diagnostic","depth6_reference","TANGENCY_SV_POWER",8000,8000,"absolute","K1","enclosure_variance_limit_width_proportion",254,254,0,0,0,0,0,0,0,0
"ED1_005_TANGENCY_SV_POWER_n8000_depth6_reference","diagnostic","depth6_reference","TANGENCY_SV_POWER",8000,8000,"absolute","K1","enclosure_variance_limit_maximum_cell_width",254,254,0,0,0,0,0,0,0,0
"ED1_005_TANGENCY_SV_POWER_n8000_depth6_reference","diagnostic","depth6_reference","TANGENCY_SV_POWER",8000,8000,"absolute","K1","enclosure_statistical_limit_cells",254,254,0,0,0,12.5,23.0700514244609,0,5,40
"ED1_005_TANGENCY_SV_POWER_n8000_depth6_reference","diagnostic","depth6_reference","TANGENCY_SV_POWER",8000,8000,"absolute","K1","enclosure_statistical_limit_total_width",254,254,0,0,0,0.000488281249999998,0.000901173883767996,0,0.000195312499999989,0.00156249999999995
"ED1_005_TANGENCY_SV_POWER_n8000_depth6_reference","diagnostic","depth6_reference","TANGENCY_SV_POWER",8000,8000,"absolute","K1","enclosure_statistical_limit_width_proportion",254,254,0,0,0,0.000390624999999999,0.000720939107014397,0,0.000156249999999991,0.00124999999999996
"ED1_005_TANGENCY_SV_POWER_n8000_depth6_reference","diagnostic","depth6_reference","TANGENCY_SV_POWER",8000,8000,"absolute","K1","enclosure_statistical_limit_maximum_cell_width",254,254,0,0,0,2.2760826771679e-05,1.93004176112009e-05,0,3.906250000002e-05,3.90625000000755e-05
"ED1_005_TANGENCY_SV_POWER_n8000_depth6_reference","diagnostic","depth6_reference","TANGENCY_SV_POWER",8000,8000,"absolute","K1","certified_alternation_count",254,254,0,0,0,0.0236220472440945,0.152168355336294,0,0,0
"ED1_005_TANGENCY_SV_POWER_n8000_depth6_reference","diagnostic","depth6_reference","TANGENCY_SV_POWER",8000,8000,"absolute","K1","bracket_count",254,254,0,0,0,0.0236220472440945,0.152168355336294,0,0,0
"ED1_005_TANGENCY_SV_POWER_n8000_depth6_reference","diagnostic","depth6_reference","TANGENCY_SV_POWER",8000,8000,"absolute","K1","bracket_length",254,6,248,0,0,0.595,0.0504975246918104,0.5425,0.5825,0.66375
"ED1_005_TANGENCY_SV_POWER_n8000_depth6_reference","diagnostic","depth6_reference","TANGENCY_SV_POWER",8000,8000,"absolute","K1","numerical_outer_component_count",254,254,0,0,0,1.00787401574803,0.19865408758902,1,1,1
"ED1_005_TANGENCY_SV_POWER_n8000_depth6_reference","diagnostic","depth6_reference","TANGENCY_SV_POWER",8000,8000,"absolute","K1","numerical_outer_total_length",254,254,0,0,0,0.554976470226378,0.15227611740868,0.265271484375,0.583359375,0.767625
"ED1_005_TANGENCY_SV_POWER_n8000_depth6_reference","diagnostic","depth6_reference","TANGENCY_SV_POWER",8000,8000,"absolute","K1","numerical_outer_retained_proportion",254,254,0,0,0,0.443981176181102,0.121820893926944,0.2122171875,0.4666875,0.6141
"ED1_005_TANGENCY_SV_POWER_n8000_depth6_reference","diagnostic","depth6_reference","TANGENCY_SV_POWER",8000,8000,"absolute","K1","numerical_outer_hausdorff",254,250,0,4,0,0.306256875,0.0804139711372785,0.167296875,0.31625,0.436375
"ED1_005_TANGENCY_SV_POWER_n8000_depth6_reference","diagnostic","depth6_reference","TANGENCY_SV_POWER",8000,8000,"absolute","K1","tangency_local_outer_total_length",254,254,0,0,0,0.455149637057087,0.0954367411237271,0.251771484375,0.5,0.5
"ED1_005_TANGENCY_SV_POWER_n8000_depth6_reference","diagnostic","depth6_reference","TANGENCY_SV_POWER",8000,8000,"absolute","K1","tangency_scaled_outer_radius",254,240,14,0,0,1.90638845678318,0.208169274733593,1.49257715116039,1.98817682191763,1.98817682191763
"ED1_005_TANGENCY_SV_POWER_n8000_depth6_reference","diagnostic","depth6_reference","TANGENCY_SV_POWER",8000,8000,"absolute","K1","tangency_scaled_outer_hausdorff",254,240,10,4,0,1.90638845678318,0.208169274733593,1.49257715116039,1.98817682191763,1.98817682191763
"ED1_005_TANGENCY_SV_POWER_n8000_depth6_reference","diagnostic","depth6_reference","TANGENCY_SV_POWER",8000,8000,"absolute","K1","tangency_truncated_local_outer_total_length",254,254,0,0,0,0.455149637057087,0.0954367411237271,0.251771484375,0.5,0.5
"ED1_005_TANGENCY_SV_POWER_n8000_depth6_reference","diagnostic","depth6_reference","TANGENCY_SV_POWER",8000,8000,"absolute","K1","tangency_truncated_local_scaled_outer_radius",254,240,14,0,0,1.90638845678318,0.208169274733593,1.49257715116039,1.98817682191763,1.98817682191763
"ED1_005_TANGENCY_SV_POWER_n8000_depth6_reference","diagnostic","depth6_reference","TANGENCY_SV_POWER",8000,8000,"absolute","K1","tangency_truncated_local_scaled_outer_hausdorff",254,240,10,4,0,1.90638845678318,0.208169274733593,1.49257715116039,1.98817682191763,1.98817682191763
"ED1_005_TANGENCY_SV_POWER_n8000_depth6_reference","diagnostic","depth6_reference","TANGENCY_SV_POWER",8000,8000,"absolute","K1","tangency_global_outer_component_count_conditional_on_continuum_band_coverage",254,240,14,0,0,1,0,1,1,1
"ED1_005_TANGENCY_SV_POWER_n8000_depth6_reference","diagnostic","depth6_reference","TANGENCY_SV_POWER",8000,8000,"absolute","K1","tangency_global_outer_total_length_conditional_on_continuum_band_coverage",254,240,14,0,0,0.5695322265625,0.128091506022368,0.33596484375,0.5875,0.772625
"ED1_005_TANGENCY_SV_POWER_n8000_depth6_reference","diagnostic","depth6_reference","TANGENCY_SV_POWER",8000,8000,"absolute","K1","tangency_global_outer_hausdorff_conditional_on_continuum_band_coverage",254,240,14,0,0,0.305395182291667,0.0718315374107566,0.187681640625,0.315,0.422625
"ED1_005_TANGENCY_SV_POWER_n8000_depth6_reference","diagnostic","depth6_reference","TANGENCY_SV_POWER",8000,8000,"absolute","K1","tangency_global_outer_left_radius_conditional_on_continuum_band_coverage",254,240,14,0,0,0.264972819010417,0.0573679761198004,0.154943359375,0.2725,0.35
"ED1_005_TANGENCY_SV_POWER_n8000_depth6_reference","diagnostic","depth6_reference","TANGENCY_SV_POWER",8000,8000,"absolute","K1","tangency_global_outer_right_radius_conditional_on_continuum_band_coverage",254,240,14,0,0,0.304559407552083,0.0727916059745828,0.1799140625,0.31390625,0.422625
"ED1_005_TANGENCY_SV_POWER_n8000_depth6_reference","diagnostic","depth6_reference","TANGENCY_SV_POWER",8000,8000,"absolute","K1","tangency_global_scaled_outer_total_length_conditional_on_continuum_band_coverage",254,240,14,0,0,4.5293230887468,1.01867425343278,2.67183006129171,4.67221553150642,6.14446046813642
"ED1_005_TANGENCY_SV_POWER_n8000_depth6_reference","diagnostic","depth6_reference","TANGENCY_SV_POWER",8000,8000,"absolute","K1","tangency_global_scaled_outer_hausdorff_conditional_on_continuum_band_coverage",254,240,14,0,0,2.4287184918304,0.571255191051101,1.49257715116039,2.50510279561621,3.36101291745175
"ED1_005_TANGENCY_SV_POWER_n8000_depth6_reference","diagnostic","depth6_reference","TANGENCY_SV_POWER",8000,8000,"absolute","K1","tangency_global_scaled_outer_left_radius_conditional_on_continuum_band_coverage",254,240,14,0,0,2.10725126877874,0.456230721766844,1.23221918327771,2.16711273589021,2.78344755068468
"ED1_005_TANGENCY_SV_POWER_n8000_depth6_reference","diagnostic","depth6_reference","TANGENCY_SV_POWER",8000,8000,"absolute","K1","tangency_global_scaled_outer_right_radius_conditional_on_continuum_band_coverage",254,240,14,0,0,2.42207181996807,0.578890335315304,1.43080387599816,2.49640452202032,3.36101291745175
"ED1_005_TANGENCY_SV_POWER_n8000_depth6_reference","diagnostic","depth6_reference","TANGENCY_SV_POWER",8000,8000,"absolute","K1","tangency_global_root_component_left_conditional_on_continuum_band_coverage",254,240,14,0,0,0.335027180989583,0.0573679761198004,0.25,0.3275,0.445056640625
"ED1_005_TANGENCY_SV_POWER_n8000_depth6_reference","diagnostic","depth6_reference","TANGENCY_SV_POWER",8000,8000,"absolute","K1","tangency_global_root_component_right_conditional_on_continuum_band_coverage",254,240,14,0,0,0.904559407552083,0.0727916059745828,0.7799140625,0.91390625,1.022625
"ED1_005_TANGENCY_SV_POWER_n8000_depth6_reference","diagnostic","depth6_reference","TANGENCY_SV_POWER",8000,8000,"absolute","K1","tangency_global_root_component_length_conditional_on_continuum_band_coverage",254,240,14,0,0,0.5695322265625,0.128091506022368,0.33596484375,0.5875,0.772625
"ED1_005_TANGENCY_SV_POWER_n8000_depth6_reference","diagnostic","depth6_reference","TANGENCY_SV_POWER",8000,8000,"absolute","K1","tangency_global_root_component_left_radius_conditional_on_continuum_band_coverage",254,240,14,0,0,0.264972819010417,0.0573679761198004,0.154943359375,0.2725,0.35
"ED1_005_TANGENCY_SV_POWER_n8000_depth6_reference","diagnostic","depth6_reference","TANGENCY_SV_POWER",8000,8000,"absolute","K1","tangency_global_root_component_right_radius_conditional_on_continuum_band_coverage",254,240,14,0,0,0.304559407552083,0.0727916059745828,0.1799140625,0.31390625,0.422625
"ED1_005_TANGENCY_SV_POWER_n8000_depth6_reference","diagnostic","depth6_reference","TANGENCY_SV_POWER",8000,8000,"absolute","K1","tangency_global_scaled_root_component_length_conditional_on_continuum_band_coverage",254,240,14,0,0,4.5293230887468,1.01867425343278,2.67183006129171,4.67221553150642,6.14446046813642
"ED1_005_TANGENCY_SV_POWER_n8000_depth6_reference","diagnostic","depth6_reference","TANGENCY_SV_POWER",8000,8000,"absolute","K1","tangency_global_scaled_root_component_left_radius_conditional_on_continuum_band_coverage",254,240,14,0,0,2.10725126877874,0.456230721766844,1.23221918327771,2.16711273589021,2.78344755068468
"ED1_005_TANGENCY_SV_POWER_n8000_depth6_reference","diagnostic","depth6_reference","TANGENCY_SV_POWER",8000,8000,"absolute","K1","tangency_global_scaled_root_component_right_radius_conditional_on_continuum_band_coverage",254,240,14,0,0,2.42207181996807,0.578890335315304,1.43080387599816,2.49640452202032,3.36101291745175
"ED1_005_TANGENCY_SV_POWER_n8000_depth6_reference","diagnostic","depth6_reference","TANGENCY_SV_POWER",8000,8000,"absolute","K1","empirical_root_count",254,254,0,0,0,0,0,0,0,0
"ED1_005_TANGENCY_SV_POWER_n8000_depth6_reference","diagnostic","depth6_reference","TANGENCY_SV_POWER",8000,8000,"absolute","K1","root_isolation_maximum_bisections",254,0,254,0,0,,,,,
"ED1_005_TANGENCY_SV_POWER_n8000_depth6_reference","diagnostic","depth6_reference","TANGENCY_SV_POWER",8000,8000,"absolute","K1","root_error_conditional_on_isolation",254,0,254,0,0,,,,,
"ED1_005_TANGENCY_SV_POWER_n8000_depth6_reference","diagnostic","depth6_reference","TANGENCY_SV_POWER",8000,8000,"absolute","K1","derivative_hat",254,0,254,0,0,,,,,
"ED1_005_TANGENCY_SV_POWER_n8000_depth6_reference","diagnostic","depth6_reference","TANGENCY_SV_POWER",8000,8000,"absolute","K1","variance_at_root_hat",254,0,254,0,0,,,,,
"ED1_005_TANGENCY_SV_POWER_n8000_depth6_reference","diagnostic","depth6_reference","TANGENCY_SV_POWER",8000,8000,"absolute","K1","root_standard_error",254,0,254,0,0,,,,,
"ED1_005_TANGENCY_SV_POWER_n8000_depth6_reference","diagnostic","depth6_reference","TANGENCY_SV_POWER",8000,8000,"absolute","K1","wald_length",254,0,254,0,0,,,,,
"ED1_005_TANGENCY_SV_POWER_n8000_depth6_reference","diagnostic","depth6_reference","TANGENCY_SV_POWER",8000,8000,"absolute","K1","wald_collection_bias_conditional_on_isolation",254,0,254,0,0,,,,,
"ED1_005_TANGENCY_SV_POWER_n8000_depth6_reference","diagnostic","depth6_reference","TANGENCY_SV_POWER",8000,8000,"absolute","K1","wald_collection_rmse_conditional_on_isolation",254,0,254,0,0,,,,,
"ED1_005_TANGENCY_SV_POWER_n8000_depth6_reference","diagnostic","depth6_reference","TANGENCY_SV_POWER",8000,8000,"absolute","K1","wald_collection_total_length",254,0,254,0,0,,,,,
"ED1_005_TANGENCY_SV_POWER_n8000_depth6_reference","diagnostic","depth6_reference","TANGENCY_SV_POWER",8000,8000,"absolute","K1","root_multiplier_critical_value",254,0,254,0,0,,,,,
"ED1_005_TANGENCY_SV_POWER_n8000_depth6_reference","diagnostic","depth6_reference","TANGENCY_SV_POWER",8000,8000,"absolute","K1","root_multiplier_total_length",254,0,254,0,0,,,,,
"ED1_005_TANGENCY_SV_POWER_n8000_depth6_reference","diagnostic","depth6_reference","TANGENCY_SV_POWER",8000,8000,"absolute","K1","derivative_assisted_critical_value",254,0,254,0,0,,,,,
"ED1_005_TANGENCY_SV_POWER_n8000_depth6_reference","diagnostic","depth6_reference","TANGENCY_SV_POWER",8000,8000,"absolute","K1","derivative_assisted_critical_value_ratio",254,0,254,0,0,,,,,
"ED1_005_TANGENCY_SV_POWER_n8000_depth6_reference","diagnostic","depth6_reference","TANGENCY_SV_POWER",8000,8000,"absolute","K1","derivative_assisted_value_maximum_half_width",254,0,254,0,0,,,,,
"ED1_005_TANGENCY_SV_POWER_n8000_depth6_reference","diagnostic","depth6_reference","TANGENCY_SV_POWER",8000,8000,"absolute","K1","derivative_assisted_derivative_maximum_half_width",254,0,254,0,0,,,,,
"ED1_005_TANGENCY_SV_POWER_n8000_depth6_reference","diagnostic","depth6_reference","TANGENCY_SV_POWER",8000,8000,"absolute","K1","derivative_assisted_value_width_inflation",254,0,254,0,0,,,,,
"ED1_005_TANGENCY_SV_POWER_n8000_depth6_reference","diagnostic","depth6_reference","TANGENCY_SV_POWER",8000,8000,"absolute","K1","derivative_assisted_guard_minimum_ratio",254,0,254,0,0,,,,,
"ED1_005_TANGENCY_SV_POWER_n8000_depth6_reference","diagnostic","depth6_reference","TANGENCY_SV_POWER",8000,8000,"absolute","K1","derivative_assisted_guard_minimum_ratio_d0",254,0,254,0,0,,,,,
"ED1_005_TANGENCY_SV_POWER_n8000_depth6_reference","diagnostic","depth6_reference","TANGENCY_SV_POWER",8000,8000,"absolute","K1","derivative_assisted_guard_minimum_ratio_d1",254,0,254,0,0,,,,,
"ED1_005_TANGENCY_SV_POWER_n8000_depth6_reference","diagnostic","depth6_reference","TANGENCY_SV_POWER",8000,8000,"absolute","K1","derivative_assisted_guard_nodes_used",254,0,254,0,0,,,,,
"ED1_005_TANGENCY_SV_POWER_n8000_depth6_reference","diagnostic","depth6_reference","TANGENCY_SV_POWER",8000,8000,"absolute","K1","derivative_assisted_guard_maximum_level",254,0,254,0,0,,,,,
"ED1_005_TANGENCY_SV_POWER_n8000_depth6_reference","diagnostic","depth6_reference","TANGENCY_SV_POWER",8000,8000,"absolute","K1","derivative_assisted_value_enclosure_nodes_used",254,0,254,0,0,,,,,
"ED1_005_TANGENCY_SV_POWER_n8000_depth6_reference","diagnostic","depth6_reference","TANGENCY_SV_POWER",8000,8000,"absolute","K1","derivative_assisted_derivative_enclosure_nodes_used",254,0,254,0,0,,,,,
"ED1_005_TANGENCY_SV_POWER_n8000_depth6_reference","diagnostic","depth6_reference","TANGENCY_SV_POWER",8000,8000,"absolute","K1","derivative_assisted_value_unresolved_cells",254,0,254,0,0,,,,,
"ED1_005_TANGENCY_SV_POWER_n8000_depth6_reference","diagnostic","depth6_reference","TANGENCY_SV_POWER",8000,8000,"absolute","K1","derivative_assisted_derivative_unresolved_cells",254,0,254,0,0,,,,,
"ED1_005_TANGENCY_SV_POWER_n8000_depth6_reference","diagnostic","depth6_reference","TANGENCY_SV_POWER",8000,8000,"absolute","K1","derivative_assisted_value_variance_unresolved_cells",254,0,254,0,0,,,,,
"ED1_005_TANGENCY_SV_POWER_n8000_depth6_reference","diagnostic","depth6_reference","TANGENCY_SV_POWER",8000,8000,"absolute","K1","derivative_assisted_derivative_variance_unresolved_cells",254,0,254,0,0,,,,,
"ED1_005_TANGENCY_SV_POWER_n8000_depth6_reference","diagnostic","depth6_reference","TANGENCY_SV_POWER",8000,8000,"absolute","K1","derivative_assisted_certificate_count",254,0,254,0,0,,,,,
"ED1_005_TANGENCY_SV_POWER_n8000_depth6_reference","diagnostic","depth6_reference","TANGENCY_SV_POWER",8000,8000,"absolute","K1","derivative_assisted_covariance_01_min",254,0,254,0,0,,,,,
"ED1_005_TANGENCY_SV_POWER_n8000_depth6_reference","diagnostic","depth6_reference","TANGENCY_SV_POWER",8000,8000,"absolute","K1","derivative_assisted_covariance_01_max",254,0,254,0,0,,,,,
"ED1_005_TANGENCY_SV_POWER_n8000_depth6_reference","diagnostic","depth6_reference","TANGENCY_SV_POWER",8000,8000,"absolute","K1","derivative_assisted_correlation_01_min",254,0,254,0,0,,,,,
"ED1_005_TANGENCY_SV_POWER_n8000_depth6_reference","diagnostic","depth6_reference","TANGENCY_SV_POWER",8000,8000,"absolute","K1","derivative_assisted_correlation_01_max",254,0,254,0,0,,,,,
"ED1_005_TANGENCY_SV_POWER_n8000_depth6_reference","diagnostic","depth6_reference","TANGENCY_SV_POWER",8000,8000,"absolute","K1","x_ess_ratio_p1",254,254,0,0,0,0.602645883807688,0.00577857847397956,0.59270413842948,0.60248431562224,0.611498464114635
"ED1_005_TANGENCY_SV_POWER_n8000_depth6_reference","diagnostic","depth6_reference","TANGENCY_SV_POWER",8000,8000,"absolute","K1","y_ess_ratio_p1",254,254,0,0,0,0.361280552724841,0.00277382145708541,0.356796264816695,0.361322411448654,0.366205544706399
"ED1_005_TANGENCY_SV_POWER_n8000_depth6_reference","diagnostic","depth6_reference","TANGENCY_SV_POWER",8000,8000,"absolute","K1","x_max_share_p1",254,254,0,0,0,0.000547873085023453,5.24318661538356e-06,0.000539092684182876,0.000547957237592797,0.00055574440391424
"ED1_005_TANGENCY_SV_POWER_n8000_depth6_reference","diagnostic","depth6_reference","TANGENCY_SV_POWER",8000,8000,"absolute","K1","y_max_share_p1",254,254,0,0,0,0.000516823108577793,7.32950750744163e-06,0.000503350658578947,0.000516668504299823,0.000528313522446816
"ED1_005_TANGENCY_SV_POWER_n8000_depth6_reference","diagnostic","depth6_reference","TANGENCY_SV_POWER",8000,8000,"absolute","K1","x_top1pct_share_p1",254,254,0,0,0,0.0418607134330194,0.000383278764798973,0.0412081547578738,0.0418642064594193,0.042526523684981
"ED1_005_TANGENCY_SV_POWER_n8000_depth6_reference","diagnostic","depth6_reference","TANGENCY_SV_POWER",8000,8000,"absolute","K1","y_top1pct_share_p1",254,254,0,0,0,0.0411457417685779,0.000582375048837899,0.0400889408502458,0.0411332328279562,0.0420577118040439
"ED1_005_TANGENCY_SV_POWER_n8000_depth6_reference","diagnostic","depth6_reference","TANGENCY_SV_POWER",8000,8000,"absolute","K1","x_ess_ratio_upper",254,254,0,0,0,0.481728759721383,0.00796760000641474,0.467742161058098,0.481599284755979,0.493385040722349
"ED1_005_TANGENCY_SV_POWER_n8000_depth6_reference","diagnostic","depth6_reference","TANGENCY_SV_POWER",8000,8000,"absolute","K1","y_ess_ratio_upper",254,254,0,0,0,0.239257118106594,0.00385886442040566,0.233234805673538,0.239330674910042,0.246368657259861
"ED1_005_TANGENCY_SV_POWER_n8000_depth6_reference","diagnostic","depth6_reference","TANGENCY_SV_POWER",8000,8000,"absolute","K1","x_max_share_upper",254,254,0,0,0,0.00091051775243721,1.0990367184145e-05,0.000893106831254708,0.000910861988623105,0.000927905811154861
"ED1_005_TANGENCY_SV_POWER_n8000_depth6_reference","diagnostic","depth6_reference","TANGENCY_SV_POWER",8000,8000,"absolute","K1","y_max_share_upper",254,254,0,0,0,0.000677806252993879,1.28679345951823e-05,0.000654219923571908,0.000677541268664644,0.000698046756190812
"ED1_005_TANGENCY_SV_POWER_n8000_depth6_reference","diagnostic","depth6_reference","TANGENCY_SV_POWER",8000,8000,"absolute","K1","x_top1pct_share_upper",254,254,0,0,0,0.0680072325667985,0.000727092209411633,0.0667661270462016,0.0680644647221985,0.0691522781328696
"ED1_005_TANGENCY_SV_POWER_n8000_depth6_reference","diagnostic","depth6_reference","TANGENCY_SV_POWER",8000,8000,"absolute","K1","y_top1pct_share_upper",254,254,0,0,0,0.0538314690659634,0.00101921508929807,0.0519909866356388,0.053788368697338,0.0554311975772402
"ED1_005_TANGENCY_SV_POWER_n8000_depth6_reference","diagnostic","depth6_reference","TANGENCY_SV_POWER",8000,8000,"absolute","K1","x_count_above_q95",254,254,0,0,0,398.232283464567,19.4774923591096,366,398,430.05
"ED1_005_TANGENCY_SV_POWER_n8000_depth6_reference","diagnostic","depth6_reference","TANGENCY_SV_POWER",8000,8000,"absolute","K1","y_count_above_q95",254,254,0,0,0,400.775590551181,18.0504572398282,371.3,401,429
"ED1_005_TANGENCY_SV_POWER_n8000_depth6_reference","diagnostic","depth6_reference","TANGENCY_SV_POWER",8000,8000,"absolute","K1","x_count_above_q99",254,254,0,0,0,80.0590551181102,9.05017069548986,66,80,95
"ED1_005_TANGENCY_SV_POWER_n8000_depth6_reference","diagnostic","depth6_reference","TANGENCY_SV_POWER",8000,8000,"absolute","K1","y_count_above_q99",254,254,0,0,0,79.7913385826772,8.57930706196979,67,80,94
"ED1_005_TANGENCY_SV_POWER_n8000_depth6_reference","diagnostic","depth6_reference","TANGENCY_SV_POWER",8000,8000,"absolute","K1","x_latent_high_count",254,254,0,0,0,5079.84251968504,45.8171180183511,5004.65,5078,5149.7
"ED1_005_TANGENCY_SV_POWER_n8000_depth6_reference","diagnostic","depth6_reference","TANGENCY_SV_POWER",8000,8000,"absolute","K1","y_latent_high_count",254,254,0,0,0,7840.53543307087,11.7451833710847,7820,7840,7858
"ED1_005_TANGENCY_SV_POWER_n8000_depth6_reference","diagnostic","depth6_reference","TANGENCY_SV_POWER",8000,8000,"absolute","K1","elapsed_seconds",254,254,0,0,0,16.1455472440945,19.9789547931866,9.8662,12.107,28.6999
"ED1_005_TANGENCY_SV_POWER_n8000_depth6_reference","diagnostic","depth6_reference","TANGENCY_SV_POWER",8000,8000,"absolute","K1","peak_r_heap_mb",254,254,0,0,0,418.855511811024,13.1280117618784,412.4,419.8,422
"ED1_006_TANGENCY_SV_POWER_n8000_depth8_refined","diagnostic","depth8_refined","TANGENCY_SV_POWER",8000,8000,"absolute","K1","bootstrap_grid_size",254,254,0,0,0,251,0,251,251,251
"ED1_006_TANGENCY_SV_POWER_n8000_depth8_refined","diagnostic","depth8_refined","TANGENCY_SV_POWER",8000,8000,"absolute","K1","bootstrap_grid_spacing",254,254,0,0,0,0.00500000000000012,0,0.00500000000000012,0.00500000000000012,0.00500000000000012
"ED1_006_TANGENCY_SV_POWER_n8000_depth8_refined","diagnostic","depth8_refined","TANGENCY_SV_POWER",8000,8000,"absolute","K1","enclosure_grid_size",254,254,0,0,0,501,0,501,501,501
"ED1_006_TANGENCY_SV_POWER_n8000_depth8_refined","diagnostic","depth8_refined","TANGENCY_SV_POWER",8000,8000,"absolute","K1","enclosure_grid_spacing",254,254,0,0,0,0.00250000000000017,0,0.00250000000000017,0.00250000000000017,0.00250000000000017
"ED1_006_TANGENCY_SV_POWER_n8000_depth8_refined","diagnostic","depth8_refined","TANGENCY_SV_POWER",8000,8000,"absolute","K1","configured_guard_maximum_levels",254,254,0,0,0,6,0,6,6,6
"ED1_006_TANGENCY_SV_POWER_n8000_depth8_refined","diagnostic","depth8_refined","TANGENCY_SV_POWER",8000,8000,"absolute","K1","configured_continuum_enclosure_maximum_levels",254,254,0,0,0,8,0,8,8,8
"ED1_006_TANGENCY_SV_POWER_n8000_depth8_refined","diagnostic","depth8_refined","TANGENCY_SV_POWER",8000,8000,"absolute","K1","guard_minimum_ratio",254,254,0,0,0,0.058645143588226,0.000699260071691406,0.0575711448140298,0.058647712071359,0.0596631213063948
"ED1_006_TANGENCY_SV_POWER_n8000_depth8_refined","diagnostic","depth8_refined","TANGENCY_SV_POWER",8000,8000,"absolute","K1","guard_nodes_used",254,254,0,0,0,251,0,251,251,251
"ED1_006_TANGENCY_SV_POWER_n8000_depth8_refined","diagnostic","depth8_refined","TANGENCY_SV_POWER",8000,8000,"absolute","K1","guard_maximum_level",254,254,0,0,0,0,0,0,0,0
"ED1_006_TANGENCY_SV_POWER_n8000_depth8_refined","diagnostic","depth8_refined","TANGENCY_SV_POWER",8000,8000,"absolute","K1","critical_value",254,254,0,0,0,2.14754867987635,0.056637768590588,2.06549181411521,2.14362097263438,2.24741959842403
"ED1_006_TANGENCY_SV_POWER_n8000_depth8_refined","diagnostic","depth8_refined","TANGENCY_SV_POWER",8000,8000,"absolute","K1","maximum_half_width",254,254,0,0,0,5.08161084617086,0.138677927935287,4.86015843796266,5.07274234012224,5.33265504068453
"ED1_006_TANGENCY_SV_POWER_n8000_depth8_refined","diagnostic","depth8_refined","TANGENCY_SV_POWER",8000,8000,"absolute","K1","integrated_half_width",254,254,0,0,0,1.20565347226316,0.0327306671768161,1.15380131056755,1.20348153843368,1.26567322532021
"ED1_006_TANGENCY_SV_POWER_n8000_depth8_refined","diagnostic","depth8_refined","TANGENCY_SV_POWER",8000,8000,"absolute","K1","continuum_truth_nodes_used",254,254,0,0,0,2068.06692913386,3886.10930025475,897.2,1250,4637.95
"ED1_006_TANGENCY_SV_POWER_n8000_depth8_refined","diagnostic","depth8_refined","TANGENCY_SV_POWER",8000,8000,"absolute","K1","continuum_truth_maximum_level",254,254,0,0,0,2.68503937007874,1.19087961911294,1.3,3,4
"ED1_006_TANGENCY_SV_POWER_n8000_depth8_refined","diagnostic","depth8_refined","TANGENCY_SV_POWER",8000,8000,"absolute","K1","continuum_truth_unresolved_cells",254,254,0,0,0,43.9645669291339,700.679897597782,0,0,0
"ED1_006_TANGENCY_SV_POWER_n8000_depth8_refined","diagnostic","depth8_refined","TANGENCY_SV_POWER",8000,8000,"absolute","K1","enclosure_nodes_used",254,254,0,0,0,760.01968503937,162.67738754139,552.6,725,1010.2
"ED1_006_TANGENCY_SV_POWER_n8000_depth8_refined","diagnostic","depth8_refined","TANGENCY_SV_POWER",8000,8000,"absolute","K1","enclosure_maximum_level",254,254,0,0,0,6.71653543307087,1.2248909787433,5,7,8
"ED1_006_TANGENCY_SV_POWER_n8000_depth8_refined","diagnostic","depth8_refined","TANGENCY_SV_POWER",8000,8000,"absolute","K1","enclosure_variance_unresolved_cells",254,254,0,0,0,0,0,0,0,0
"ED1_006_TANGENCY_SV_POWER_n8000_depth8_refined","diagnostic","depth8_refined","TANGENCY_SV_POWER",8000,8000,"absolute","K1","enclosure_unresolved_cells",254,254,0,0,0,225.161417322835,58.8552986015476,130.15,236,310
"ED1_006_TANGENCY_SV_POWER_n8000_depth8_refined","diagnostic","depth8_refined","TANGENCY_SV_POWER",8000,8000,"absolute","K1","enclosure_limit_hit_cells",254,254,0,0,0,3.36614173228346,12.4667064630226,0,0,22.35
"ED1_006_TANGENCY_SV_POWER_n8000_depth8_refined","diagnostic","depth8_refined","TANGENCY_SV_POWER",8000,8000,"absolute","K1","enclosure_limit_hit_total_width",254,254,0,0,0,3.28724778543292e-05,0.000121745180302947,0,0,0.000218261718749987
"ED1_006_TANGENCY_SV_POWER_n8000_depth8_refined","diagnostic","depth8_refined","TANGENCY_SV_POWER",8000,8000,"absolute","K1","enclosure_limit_hit_width_proportion",254,254,0,0,0,2.62979822834634e-05,9.73961442423579e-05,0,0,0.00017460937499999
"ED1_006_TANGENCY_SV_POWER_n8000_depth8_refined","diagnostic","depth8_refined","TANGENCY_SV_POWER",8000,8000,"absolute","K1","enclosure_limit_hit_maximum_cell_width",254,254,0,0,0,1.53789370079562e-06,3.56418146022064e-06,0,0,9.76562500010214e-06
"ED1_006_TANGENCY_SV_POWER_n8000_depth8_refined","diagnostic","depth8_refined","TANGENCY_SV_POWER",8000,8000,"absolute","K1","enclosure_depth_limit_cells",254,254,0,0,0,3.36614173228346,12.4667064630226,0,0,22.35
"ED1_006_TANGENCY_SV_POWER_n8000_depth8_refined","diagnostic","depth8_refined","TANGENCY_SV_POWER",8000,8000,"absolute","K1","enclosure_depth_limit_total_width",254,254,0,0,0,3.28724778543292e-05,0.000121745180302947,0,0,0.000218261718749987
"ED1_006_TANGENCY_SV_POWER_n8000_depth8_refined","diagnostic","depth8_refined","TANGENCY_SV_POWER",8000,8000,"absolute","K1","enclosure_depth_limit_width_proportion",254,254,0,0,0,2.62979822834634e-05,9.73961442423579e-05,0,0,0.00017460937499999
"ED1_006_TANGENCY_SV_POWER_n8000_depth8_refined","diagnostic","depth8_refined","TANGENCY_SV_POWER",8000,8000,"absolute","K1","enclosure_depth_limit_maximum_cell_width",254,254,0,0,0,1.53789370079562e-06,3.56418146022064e-06,0,0,9.76562500010214e-06
"ED1_006_TANGENCY_SV_POWER_n8000_depth8_refined","diagnostic","depth8_refined","TANGENCY_SV_POWER",8000,8000,"absolute","K1","enclosure_node_limit_cells",254,254,0,0,0,0,0,0,0,0
"ED1_006_TANGENCY_SV_POWER_n8000_depth8_refined","diagnostic","depth8_refined","TANGENCY_SV_POWER",8000,8000,"absolute","K1","enclosure_node_limit_total_width",254,254,0,0,0,0,0,0,0,0
"ED1_006_TANGENCY_SV_POWER_n8000_depth8_refined","diagnostic","depth8_refined","TANGENCY_SV_POWER",8000,8000,"absolute","K1","enclosure_node_limit_width_proportion",254,254,0,0,0,0,0,0,0,0
"ED1_006_TANGENCY_SV_POWER_n8000_depth8_refined","diagnostic","depth8_refined","TANGENCY_SV_POWER",8000,8000,"absolute","K1","enclosure_node_limit_maximum_cell_width",254,254,0,0,0,0,0,0,0,0
"ED1_006_TANGENCY_SV_POWER_n8000_depth8_refined","diagnostic","depth8_refined","TANGENCY_SV_POWER",8000,8000,"absolute","K1","enclosure_variance_limit_cells",254,254,0,0,0,0,0,0,0,0
"ED1_006_TANGENCY_SV_POWER_n8000_depth8_refined","diagnostic","depth8_refined","TANGENCY_SV_POWER",8000,8000,"absolute","K1","enclosure_variance_limit_total_width",254,254,0,0,0,0,0,0,0,0
"ED1_006_TANGENCY_SV_POWER_n8000_depth8_refined","diagnostic","depth8_refined","TANGENCY_SV_POWER",8000,8000,"absolute","K1","enclosure_variance_limit_width_proportion",254,254,0,0,0,0,0,0,0,0
"ED1_006_TANGENCY_SV_POWER_n8000_depth8_refined","diagnostic","depth8_refined","TANGENCY_SV_POWER",8000,8000,"absolute","K1","enclosure_variance_limit_maximum_cell_width",254,254,0,0,0,0,0,0,0,0
"ED1_006_TANGENCY_SV_POWER_n8000_depth8_refined","diagnostic","depth8_refined","TANGENCY_SV_POWER",8000,8000,"absolute","K1","enclosure_statistical_limit_cells",254,254,0,0,0,3.36614173228346,12.4667064630226,0,0,22.35
"ED1_006_TANGENCY_SV_POWER_n8000_depth8_refined","diagnostic","depth8_refined","TANGENCY_SV_POWER",8000,8000,"absolute","K1","enclosure_statistical_limit_total_width",254,254,0,0,0,3.28724778543292e-05,0.000121745180302947,0,0,0.000218261718749987
"ED1_006_TANGENCY_SV_POWER_n8000_depth8_refined","diagnostic","depth8_refined","TANGENCY_SV_POWER",8000,8000,"absolute","K1","enclosure_statistical_limit_width_proportion",254,254,0,0,0,2.62979822834634e-05,9.73961442423579e-05,0,0,0.00017460937499999
"ED1_006_TANGENCY_SV_POWER_n8000_depth8_refined","diagnostic","depth8_refined","TANGENCY_SV_POWER",8000,8000,"absolute","K1","enclosure_statistical_limit_maximum_cell_width",254,254,0,0,0,1.53789370079562e-06,3.56418146022064e-06,0,0,9.76562500010214e-06
"ED1_006_TANGENCY_SV_POWER_n8000_depth8_refined","diagnostic","depth8_refined","TANGENCY_SV_POWER",8000,8000,"absolute","K1","certified_alternation_count",254,254,0,0,0,0.0236220472440945,0.152168355336294,0,0,0
"ED1_006_TANGENCY_SV_POWER_n8000_depth8_refined","diagnostic","depth8_refined","TANGENCY_SV_POWER",8000,8000,"absolute","K1","bracket_count",254,254,0,0,0,0.0236220472440945,0.152168355336294,0,0,0
"ED1_006_TANGENCY_SV_POWER_n8000_depth8_refined","diagnostic","depth8_refined","TANGENCY_SV_POWER",8000,8000,"absolute","K1","bracket_length",254,6,248,0,0,0.595,0.0504975246918104,0.5425,0.5825,0.66375
"ED1_006_TANGENCY_SV_POWER_n8000_depth8_refined","diagnostic","depth8_refined","TANGENCY_SV_POWER",8000,8000,"absolute","K1","numerical_outer_component_count",254,254,0,0,0,1.00787401574803,0.19865408758902,1,1,1
"ED1_006_TANGENCY_SV_POWER_n8000_depth8_refined","diagnostic","depth8_refined","TANGENCY_SV_POWER",8000,8000,"absolute","K1","numerical_outer_total_length",254,254,0,0,0,0.554521061454232,0.152583860321679,0.264875,0.5825732421875,0.767625
"ED1_006_TANGENCY_SV_POWER_n8000_depth8_refined","diagnostic","depth8_refined","TANGENCY_SV_POWER",8000,8000,"absolute","K1","numerical_outer_retained_proportion",254,254,0,0,0,0.443616849163386,0.122067088257344,0.2119,0.46605859375,0.6141
"ED1_006_TANGENCY_SV_POWER_n8000_depth8_refined","diagnostic","depth8_refined","TANGENCY_SV_POWER",8000,8000,"absolute","K1","numerical_outer_hausdorff",254,250,0,4,0,0.306118359375,0.0805916356963423,0.16627001953125,0.31625,0.436375
"ED1_006_TANGENCY_SV_POWER_n8000_depth8_refined","diagnostic","depth8_refined","TANGENCY_SV_POWER",8000,8000,"absolute","K1","tangency_local_outer_total_length",254,254,0,0,0,0.454865242064468,0.0958714474608235,0.250626953125,0.5,0.5
"ED1_006_TANGENCY_SV_POWER_n8000_depth8_refined","diagnostic","depth8_refined","TANGENCY_SV_POWER",8000,8000,"absolute","K1","tangency_scaled_outer_radius",254,240,14,0,0,1.90595904424368,0.209525813898842,1.48815035120534,1.98817682191763,1.98817682191763
"ED1_006_TANGENCY_SV_POWER_n8000_depth8_refined","diagnostic","depth8_refined","TANGENCY_SV_POWER",8000,8000,"absolute","K1","tangency_scaled_outer_hausdorff",254,240,10,4,0,1.90595904424368,0.209525813898842,1.48815035120534,1.98817682191763,1.98817682191763
"ED1_006_TANGENCY_SV_POWER_n8000_depth8_refined","diagnostic","depth8_refined","TANGENCY_SV_POWER",8000,8000,"absolute","K1","tangency_truncated_local_outer_total_length",254,254,0,0,0,0.454865242064468,0.0958714474608235,0.250626953125,0.5,0.5
"ED1_006_TANGENCY_SV_POWER_n8000_depth8_refined","diagnostic","depth8_refined","TANGENCY_SV_POWER",8000,8000,"absolute","K1","tangency_truncated_local_scaled_outer_radius",254,240,14,0,0,1.90595904424368,0.209525813898842,1.48815035120534,1.98817682191763,1.98817682191763
"ED1_006_TANGENCY_SV_POWER_n8000_depth8_refined","diagnostic","depth8_refined","TANGENCY_SV_POWER",8000,8000,"absolute","K1","tangency_truncated_local_scaled_outer_hausdorff",254,240,10,4,0,1.90595904424368,0.209525813898842,1.48815035120534,1.98817682191763,1.98817682191763
"ED1_006_TANGENCY_SV_POWER_n8000_depth8_refined","diagnostic","depth8_refined","TANGENCY_SV_POWER",8000,8000,"absolute","K1","tangency_global_outer_component_count_conditional_on_continuum_band_coverage",254,240,14,0,0,1,0,1,1,1
"ED1_006_TANGENCY_SV_POWER_n8000_depth8_refined","diagnostic","depth8_refined","TANGENCY_SV_POWER",8000,8000,"absolute","K1","tangency_global_outer_total_length_conditional_on_continuum_band_coverage",254,240,14,0,0,0.56915234375,0.128342661057078,0.335,0.5875,0.772625
"ED1_006_TANGENCY_SV_POWER_n8000_depth8_refined","diagnostic","depth8_refined","TANGENCY_SV_POWER",8000,8000,"absolute","K1","tangency_global_outer_hausdorff_conditional_on_continuum_band_coverage",254,240,14,0,0,0.305279541015625,0.0719384354955151,0.187125,0.315,0.422625
"ED1_006_TANGENCY_SV_POWER_n8000_depth8_refined","diagnostic","depth8_refined","TANGENCY_SV_POWER",8000,8000,"absolute","K1","tangency_global_outer_left_radius_conditional_on_continuum_band_coverage",254,240,14,0,0,0.264705607096354,0.0575216601457668,0.1548837890625,0.2725,0.35
"ED1_006_TANGENCY_SV_POWER_n8000_depth8_refined","diagnostic","depth8_refined","TANGENCY_SV_POWER",8000,8000,"absolute","K1","tangency_global_outer_right_radius_conditional_on_continuum_band_coverage",254,240,14,0,0,0.304446736653646,0.0728907022489573,0.179875,0.31375,0.422625
"ED1_006_TANGENCY_SV_POWER_n8000_depth8_refined","diagnostic","depth8_refined","TANGENCY_SV_POWER",8000,8000,"absolute","K1","tangency_global_scaled_outer_total_length_conditional_on_continuum_band_coverage",254,240,14,0,0,4.52630199193537,1.02067161590765,2.66415694136962,4.67221553150642,6.14446046813642
"ED1_006_TANGENCY_SV_POWER_n8000_depth8_refined","diagnostic","depth8_refined","TANGENCY_SV_POWER",8000,8000,"absolute","K1","tangency_global_scaled_outer_hausdorff_conditional_on_continuum_band_coverage",254,240,14,0,0,2.42779883061167,0.572105320228797,1.48815035120534,2.50510279561621,3.36101291745175
"ED1_006_TANGENCY_SV_POWER_n8000_depth8_refined","diagnostic","depth8_refined","TANGENCY_SV_POWER",8000,8000,"absolute","K1","tangency_global_scaled_outer_left_radius_conditional_on_continuum_band_coverage",254,240,14,0,0,2.10512621064242,0.457452925840146,1.23174543801937,2.16711273589021,2.78344755068468
"ED1_006_TANGENCY_SV_POWER_n8000_depth8_refined","diagnostic","depth8_refined","TANGENCY_SV_POWER",8000,8000,"absolute","K1","tangency_global_scaled_outer_right_radius_conditional_on_continuum_band_coverage",254,240,14,0,0,2.42117578129295,0.579678418978703,1.43049322336973,2.49516191150662,3.36101291745175
"ED1_006_TANGENCY_SV_POWER_n8000_depth8_refined","diagnostic","depth8_refined","TANGENCY_SV_POWER",8000,8000,"absolute","K1","tangency_global_root_component_left_conditional_on_continuum_band_coverage",254,240,14,0,0,0.335294392903646,0.0575216601457668,0.25,0.3275,0.4451162109375
"ED1_006_TANGENCY_SV_POWER_n8000_depth8_refined","diagnostic","depth8_refined","TANGENCY_SV_POWER",8000,8000,"absolute","K1","tangency_global_root_component_right_conditional_on_continuum_band_coverage",254,240,14,0,0,0.904446736653646,0.0728907022489573,0.779875,0.91375,1.022625
"ED1_006_TANGENCY_SV_POWER_n8000_depth8_refined","diagnostic","depth8_refined","TANGENCY_SV_POWER",8000,8000,"absolute","K1","tangency_global_root_component_length_conditional_on_continuum_band_coverage",254,240,14,0,0,0.56915234375,0.128342661057078,0.335,0.5875,0.772625
"ED1_006_TANGENCY_SV_POWER_n8000_depth8_refined","diagnostic","depth8_refined","TANGENCY_SV_POWER",8000,8000,"absolute","K1","tangency_global_root_component_left_radius_conditional_on_continuum_band_coverage",254,240,14,0,0,0.264705607096354,0.0575216601457668,0.1548837890625,0.2725,0.35
"ED1_006_TANGENCY_SV_POWER_n8000_depth8_refined","diagnostic","depth8_refined","TANGENCY_SV_POWER",8000,8000,"absolute","K1","tangency_global_root_component_right_radius_conditional_on_continuum_band_coverage",254,240,14,0,0,0.304446736653646,0.0728907022489573,0.179875,0.31375,0.422625
"ED1_006_TANGENCY_SV_POWER_n8000_depth8_refined","diagnostic","depth8_refined","TANGENCY_SV_POWER",8000,8000,"absolute","K1","tangency_global_scaled_root_component_length_conditional_on_continuum_band_coverage",254,240,14,0,0,4.52630199193537,1.02067161590765,2.66415694136962,4.67221553150642,6.14446046813642
"ED1_006_TANGENCY_SV_POWER_n8000_depth8_refined","diagnostic","depth8_refined","TANGENCY_SV_POWER",8000,8000,"absolute","K1","tangency_global_scaled_root_component_left_radius_conditional_on_continuum_band_coverage",254,240,14,0,0,2.10512621064242,0.457452925840146,1.23174543801937,2.16711273589021,2.78344755068468
"ED1_006_TANGENCY_SV_POWER_n8000_depth8_refined","diagnostic","depth8_refined","TANGENCY_SV_POWER",8000,8000,"absolute","K1","tangency_global_scaled_root_component_right_radius_conditional_on_continuum_band_coverage",254,240,14,0,0,2.42117578129295,0.579678418978703,1.43049322336973,2.49516191150662,3.36101291745175
"ED1_006_TANGENCY_SV_POWER_n8000_depth8_refined","diagnostic","depth8_refined","TANGENCY_SV_POWER",8000,8000,"absolute","K1","empirical_root_count",254,254,0,0,0,0,0,0,0,0
"ED1_006_TANGENCY_SV_POWER_n8000_depth8_refined","diagnostic","depth8_refined","TANGENCY_SV_POWER",8000,8000,"absolute","K1","root_isolation_maximum_bisections",254,0,254,0,0,,,,,
"ED1_006_TANGENCY_SV_POWER_n8000_depth8_refined","diagnostic","depth8_refined","TANGENCY_SV_POWER",8000,8000,"absolute","K1","root_error_conditional_on_isolation",254,0,254,0,0,,,,,
"ED1_006_TANGENCY_SV_POWER_n8000_depth8_refined","diagnostic","depth8_refined","TANGENCY_SV_POWER",8000,8000,"absolute","K1","derivative_hat",254,0,254,0,0,,,,,
"ED1_006_TANGENCY_SV_POWER_n8000_depth8_refined","diagnostic","depth8_refined","TANGENCY_SV_POWER",8000,8000,"absolute","K1","variance_at_root_hat",254,0,254,0,0,,,,,
"ED1_006_TANGENCY_SV_POWER_n8000_depth8_refined","diagnostic","depth8_refined","TANGENCY_SV_POWER",8000,8000,"absolute","K1","root_standard_error",254,0,254,0,0,,,,,
"ED1_006_TANGENCY_SV_POWER_n8000_depth8_refined","diagnostic","depth8_refined","TANGENCY_SV_POWER",8000,8000,"absolute","K1","wald_length",254,0,254,0,0,,,,,
"ED1_006_TANGENCY_SV_POWER_n8000_depth8_refined","diagnostic","depth8_refined","TANGENCY_SV_POWER",8000,8000,"absolute","K1","wald_collection_bias_conditional_on_isolation",254,0,254,0,0,,,,,
"ED1_006_TANGENCY_SV_POWER_n8000_depth8_refined","diagnostic","depth8_refined","TANGENCY_SV_POWER",8000,8000,"absolute","K1","wald_collection_rmse_conditional_on_isolation",254,0,254,0,0,,,,,
"ED1_006_TANGENCY_SV_POWER_n8000_depth8_refined","diagnostic","depth8_refined","TANGENCY_SV_POWER",8000,8000,"absolute","K1","wald_collection_total_length",254,0,254,0,0,,,,,
"ED1_006_TANGENCY_SV_POWER_n8000_depth8_refined","diagnostic","depth8_refined","TANGENCY_SV_POWER",8000,8000,"absolute","K1","root_multiplier_critical_value",254,0,254,0,0,,,,,
"ED1_006_TANGENCY_SV_POWER_n8000_depth8_refined","diagnostic","depth8_refined","TANGENCY_SV_POWER",8000,8000,"absolute","K1","root_multiplier_total_length",254,0,254,0,0,,,,,
"ED1_006_TANGENCY_SV_POWER_n8000_depth8_refined","diagnostic","depth8_refined","TANGENCY_SV_POWER",8000,8000,"absolute","K1","derivative_assisted_critical_value",254,0,254,0,0,,,,,
"ED1_006_TANGENCY_SV_POWER_n8000_depth8_refined","diagnostic","depth8_refined","TANGENCY_SV_POWER",8000,8000,"absolute","K1","derivative_assisted_critical_value_ratio",254,0,254,0,0,,,,,
"ED1_006_TANGENCY_SV_POWER_n8000_depth8_refined","diagnostic","depth8_refined","TANGENCY_SV_POWER",8000,8000,"absolute","K1","derivative_assisted_value_maximum_half_width",254,0,254,0,0,,,,,
"ED1_006_TANGENCY_SV_POWER_n8000_depth8_refined","diagnostic","depth8_refined","TANGENCY_SV_POWER",8000,8000,"absolute","K1","derivative_assisted_derivative_maximum_half_width",254,0,254,0,0,,,,,
"ED1_006_TANGENCY_SV_POWER_n8000_depth8_refined","diagnostic","depth8_refined","TANGENCY_SV_POWER",8000,8000,"absolute","K1","derivative_assisted_value_width_inflation",254,0,254,0,0,,,,,
"ED1_006_TANGENCY_SV_POWER_n8000_depth8_refined","diagnostic","depth8_refined","TANGENCY_SV_POWER",8000,8000,"absolute","K1","derivative_assisted_guard_minimum_ratio",254,0,254,0,0,,,,,
"ED1_006_TANGENCY_SV_POWER_n8000_depth8_refined","diagnostic","depth8_refined","TANGENCY_SV_POWER",8000,8000,"absolute","K1","derivative_assisted_guard_minimum_ratio_d0",254,0,254,0,0,,,,,
"ED1_006_TANGENCY_SV_POWER_n8000_depth8_refined","diagnostic","depth8_refined","TANGENCY_SV_POWER",8000,8000,"absolute","K1","derivative_assisted_guard_minimum_ratio_d1",254,0,254,0,0,,,,,
"ED1_006_TANGENCY_SV_POWER_n8000_depth8_refined","diagnostic","depth8_refined","TANGENCY_SV_POWER",8000,8000,"absolute","K1","derivative_assisted_guard_nodes_used",254,0,254,0,0,,,,,
"ED1_006_TANGENCY_SV_POWER_n8000_depth8_refined","diagnostic","depth8_refined","TANGENCY_SV_POWER",8000,8000,"absolute","K1","derivative_assisted_guard_maximum_level",254,0,254,0,0,,,,,
"ED1_006_TANGENCY_SV_POWER_n8000_depth8_refined","diagnostic","depth8_refined","TANGENCY_SV_POWER",8000,8000,"absolute","K1","derivative_assisted_value_enclosure_nodes_used",254,0,254,0,0,,,,,
"ED1_006_TANGENCY_SV_POWER_n8000_depth8_refined","diagnostic","depth8_refined","TANGENCY_SV_POWER",8000,8000,"absolute","K1","derivative_assisted_derivative_enclosure_nodes_used",254,0,254,0,0,,,,,
"ED1_006_TANGENCY_SV_POWER_n8000_depth8_refined","diagnostic","depth8_refined","TANGENCY_SV_POWER",8000,8000,"absolute","K1","derivative_assisted_value_unresolved_cells",254,0,254,0,0,,,,,
"ED1_006_TANGENCY_SV_POWER_n8000_depth8_refined","diagnostic","depth8_refined","TANGENCY_SV_POWER",8000,8000,"absolute","K1","derivative_assisted_derivative_unresolved_cells",254,0,254,0,0,,,,,
"ED1_006_TANGENCY_SV_POWER_n8000_depth8_refined","diagnostic","depth8_refined","TANGENCY_SV_POWER",8000,8000,"absolute","K1","derivative_assisted_value_variance_unresolved_cells",254,0,254,0,0,,,,,
"ED1_006_TANGENCY_SV_POWER_n8000_depth8_refined","diagnostic","depth8_refined","TANGENCY_SV_POWER",8000,8000,"absolute","K1","derivative_assisted_derivative_variance_unresolved_cells",254,0,254,0,0,,,,,
"ED1_006_TANGENCY_SV_POWER_n8000_depth8_refined","diagnostic","depth8_refined","TANGENCY_SV_POWER",8000,8000,"absolute","K1","derivative_assisted_certificate_count",254,0,254,0,0,,,,,
"ED1_006_TANGENCY_SV_POWER_n8000_depth8_refined","diagnostic","depth8_refined","TANGENCY_SV_POWER",8000,8000,"absolute","K1","derivative_assisted_covariance_01_min",254,0,254,0,0,,,,,
"ED1_006_TANGENCY_SV_POWER_n8000_depth8_refined","diagnostic","depth8_refined","TANGENCY_SV_POWER",8000,8000,"absolute","K1","derivative_assisted_covariance_01_max",254,0,254,0,0,,,,,
"ED1_006_TANGENCY_SV_POWER_n8000_depth8_refined","diagnostic","depth8_refined","TANGENCY_SV_POWER",8000,8000,"absolute","K1","derivative_assisted_correlation_01_min",254,0,254,0,0,,,,,
"ED1_006_TANGENCY_SV_POWER_n8000_depth8_refined","diagnostic","depth8_refined","TANGENCY_SV_POWER",8000,8000,"absolute","K1","derivative_assisted_correlation_01_max",254,0,254,0,0,,,,,
"ED1_006_TANGENCY_SV_POWER_n8000_depth8_refined","diagnostic","depth8_refined","TANGENCY_SV_POWER",8000,8000,"absolute","K1","x_ess_ratio_p1",254,254,0,0,0,0.602645883807688,0.00577857847397956,0.59270413842948,0.60248431562224,0.611498464114635
"ED1_006_TANGENCY_SV_POWER_n8000_depth8_refined","diagnostic","depth8_refined","TANGENCY_SV_POWER",8000,8000,"absolute","K1","y_ess_ratio_p1",254,254,0,0,0,0.361280552724841,0.00277382145708541,0.356796264816695,0.361322411448654,0.366205544706399
"ED1_006_TANGENCY_SV_POWER_n8000_depth8_refined","diagnostic","depth8_refined","TANGENCY_SV_POWER",8000,8000,"absolute","K1","x_max_share_p1",254,254,0,0,0,0.000547873085023453,5.24318661538356e-06,0.000539092684182876,0.000547957237592797,0.00055574440391424
"ED1_006_TANGENCY_SV_POWER_n8000_depth8_refined","diagnostic","depth8_refined","TANGENCY_SV_POWER",8000,8000,"absolute","K1","y_max_share_p1",254,254,0,0,0,0.000516823108577793,7.32950750744163e-06,0.000503350658578947,0.000516668504299823,0.000528313522446816
"ED1_006_TANGENCY_SV_POWER_n8000_depth8_refined","diagnostic","depth8_refined","TANGENCY_SV_POWER",8000,8000,"absolute","K1","x_top1pct_share_p1",254,254,0,0,0,0.0418607134330194,0.000383278764798973,0.0412081547578738,0.0418642064594193,0.042526523684981
"ED1_006_TANGENCY_SV_POWER_n8000_depth8_refined","diagnostic","depth8_refined","TANGENCY_SV_POWER",8000,8000,"absolute","K1","y_top1pct_share_p1",254,254,0,0,0,0.0411457417685779,0.000582375048837899,0.0400889408502458,0.0411332328279562,0.0420577118040439
"ED1_006_TANGENCY_SV_POWER_n8000_depth8_refined","diagnostic","depth8_refined","TANGENCY_SV_POWER",8000,8000,"absolute","K1","x_ess_ratio_upper",254,254,0,0,0,0.481728759721383,0.00796760000641474,0.467742161058098,0.481599284755979,0.493385040722349
"ED1_006_TANGENCY_SV_POWER_n8000_depth8_refined","diagnostic","depth8_refined","TANGENCY_SV_POWER",8000,8000,"absolute","K1","y_ess_ratio_upper",254,254,0,0,0,0.239257118106594,0.00385886442040566,0.233234805673538,0.239330674910042,0.246368657259861
"ED1_006_TANGENCY_SV_POWER_n8000_depth8_refined","diagnostic","depth8_refined","TANGENCY_SV_POWER",8000,8000,"absolute","K1","x_max_share_upper",254,254,0,0,0,0.00091051775243721,1.0990367184145e-05,0.000893106831254708,0.000910861988623105,0.000927905811154861
"ED1_006_TANGENCY_SV_POWER_n8000_depth8_refined","diagnostic","depth8_refined","TANGENCY_SV_POWER",8000,8000,"absolute","K1","y_max_share_upper",254,254,0,0,0,0.000677806252993879,1.28679345951823e-05,0.000654219923571908,0.000677541268664644,0.000698046756190812
"ED1_006_TANGENCY_SV_POWER_n8000_depth8_refined","diagnostic","depth8_refined","TANGENCY_SV_POWER",8000,8000,"absolute","K1","x_top1pct_share_upper",254,254,0,0,0,0.0680072325667985,0.000727092209411633,0.0667661270462016,0.0680644647221985,0.0691522781328696
"ED1_006_TANGENCY_SV_POWER_n8000_depth8_refined","diagnostic","depth8_refined","TANGENCY_SV_POWER",8000,8000,"absolute","K1","y_top1pct_share_upper",254,254,0,0,0,0.0538314690659634,0.00101921508929807,0.0519909866356388,0.053788368697338,0.0554311975772402
"ED1_006_TANGENCY_SV_POWER_n8000_depth8_refined","diagnostic","depth8_refined","TANGENCY_SV_POWER",8000,8000,"absolute","K1","x_count_above_q95",254,254,0,0,0,398.232283464567,19.4774923591096,366,398,430.05
"ED1_006_TANGENCY_SV_POWER_n8000_depth8_refined","diagnostic","depth8_refined","TANGENCY_SV_POWER",8000,8000,"absolute","K1","y_count_above_q95",254,254,0,0,0,400.775590551181,18.0504572398282,371.3,401,429
"ED1_006_TANGENCY_SV_POWER_n8000_depth8_refined","diagnostic","depth8_refined","TANGENCY_SV_POWER",8000,8000,"absolute","K1","x_count_above_q99",254,254,0,0,0,80.0590551181102,9.05017069548986,66,80,95
"ED1_006_TANGENCY_SV_POWER_n8000_depth8_refined","diagnostic","depth8_refined","TANGENCY_SV_POWER",8000,8000,"absolute","K1","y_count_above_q99",254,254,0,0,0,79.7913385826772,8.57930706196979,67,80,94
"ED1_006_TANGENCY_SV_POWER_n8000_depth8_refined","diagnostic","depth8_refined","TANGENCY_SV_POWER",8000,8000,"absolute","K1","x_latent_high_count",254,254,0,0,0,5079.84251968504,45.8171180183511,5004.65,5078,5149.7
"ED1_006_TANGENCY_SV_POWER_n8000_depth8_refined","diagnostic","depth8_refined","TANGENCY_SV_POWER",8000,8000,"absolute","K1","y_latent_high_count",254,254,0,0,0,7840.53543307087,11.7451833710847,7820,7840,7858
"ED1_006_TANGENCY_SV_POWER_n8000_depth8_refined","diagnostic","depth8_refined","TANGENCY_SV_POWER",8000,8000,"absolute","K1","elapsed_seconds",254,254,0,0,0,16.1864251968504,20.0155125774845,9.9925,12.1405,29.1064
"ED1_006_TANGENCY_SV_POWER_n8000_depth8_refined","diagnostic","depth8_refined","TANGENCY_SV_POWER",8000,8000,"absolute","K1","peak_r_heap_mb",254,254,0,0,0,418.876377952756,12.0799998474787,412.4,421.9,422.245
"ED1_007_TWO_ROOT_SV_POWER_n2000_depth6_reference","diagnostic","depth6_reference","TWO_ROOT_SV_POWER",2000,2000,"absolute","K3","bootstrap_grid_size",254,254,0,0,0,451,0,451,451,451
"ED1_007_TWO_ROOT_SV_POWER_n2000_depth6_reference","diagnostic","depth6_reference","TWO_ROOT_SV_POWER",2000,2000,"absolute","K3","bootstrap_grid_spacing",254,254,0,0,0,0.00500000000000034,0,0.00500000000000034,0.00500000000000034,0.00500000000000034
"ED1_007_TWO_ROOT_SV_POWER_n2000_depth6_reference","diagnostic","depth6_reference","TWO_ROOT_SV_POWER",2000,2000,"absolute","K3","enclosure_grid_size",254,254,0,0,0,901,0,901,901,901
"ED1_007_TWO_ROOT_SV_POWER_n2000_depth6_reference","diagnostic","depth6_reference","TWO_ROOT_SV_POWER",2000,2000,"absolute","K3","enclosure_grid_spacing",254,254,0,0,0,0.00250000000000039,0,0.00250000000000039,0.00250000000000039,0.00250000000000039
"ED1_007_TWO_ROOT_SV_POWER_n2000_depth6_reference","diagnostic","depth6_reference","TWO_ROOT_SV_POWER",2000,2000,"absolute","K3","configured_guard_maximum_levels",254,254,0,0,0,6,0,6,6,6
"ED1_007_TWO_ROOT_SV_POWER_n2000_depth6_reference","diagnostic","depth6_reference","TWO_ROOT_SV_POWER",2000,2000,"absolute","K3","configured_continuum_enclosure_maximum_levels",254,254,0,0,0,6,0,6,6,6
"ED1_007_TWO_ROOT_SV_POWER_n2000_depth6_reference","diagnostic","depth6_reference","TWO_ROOT_SV_POWER",2000,2000,"absolute","K3","guard_minimum_ratio",254,254,0,0,0,0.060012494951019,0.000894736216159521,0.058532616188467,0.060008311929007,0.0614027676062046
"ED1_007_TWO_ROOT_SV_POWER_n2000_depth6_reference","diagnostic","depth6_reference","TWO_ROOT_SV_POWER",2000,2000,"absolute","K3","guard_nodes_used",254,254,0,0,0,451,0,451,451,451
"ED1_007_TWO_ROOT_SV_POWER_n2000_depth6_reference","diagnostic","depth6_reference","TWO_ROOT_SV_POWER",2000,2000,"absolute","K3","guard_maximum_level",254,254,0,0,0,0,0,0,0,0
"ED1_007_TWO_ROOT_SV_POWER_n2000_depth6_reference","diagnostic","depth6_reference","TWO_ROOT_SV_POWER",2000,2000,"absolute","K3","critical_value",254,254,0,0,0,2.21994011164994,0.0642583787160735,2.11554550384893,2.21964771654199,2.31837184864748
"ED1_007_TWO_ROOT_SV_POWER_n2000_depth6_reference","diagnostic","depth6_reference","TWO_ROOT_SV_POWER",2000,2000,"absolute","K3","maximum_half_width",254,254,0,0,0,553.209163053671,22.4651026241496,517.348047251577,553.260521085576,589.576614563523
"ED1_007_TWO_ROOT_SV_POWER_n2000_depth6_reference","diagnostic","depth6_reference","TWO_ROOT_SV_POWER",2000,2000,"absolute","K3","integrated_half_width",254,254,0,0,0,133.215997165243,5.32111645215123,124.648212932934,133.213041748214,141.916730359199
"ED1_007_TWO_ROOT_SV_POWER_n2000_depth6_reference","diagnostic","depth6_reference","TWO_ROOT_SV_POWER",2000,2000,"absolute","K3","continuum_truth_nodes_used",254,254,0,0,0,1293.32677165354,952.238120562697,954.65,1017,2252
"ED1_007_TWO_ROOT_SV_POWER_n2000_depth6_reference","diagnostic","depth6_reference","TWO_ROOT_SV_POWER",2000,2000,"absolute","K3","continuum_truth_maximum_level",254,254,0,0,0,1.63385826771654,0.921737530262395,1,1,3
"ED1_007_TWO_ROOT_SV_POWER_n2000_depth6_reference","diagnostic","depth6_reference","TWO_ROOT_SV_POWER",2000,2000,"absolute","K3","continuum_truth_unresolved_cells",254,254,0,0,0,0,0,0,0,0
"ED1_007_TWO_ROOT_SV_POWER_n2000_depth6_reference","diagnostic","depth6_reference","TWO_ROOT_SV_POWER",2000,2000,"absolute","K3","enclosure_nodes_used",254,254,0,0,0,1079.72047244094,162.573439209899,967,1003.5,1387.05
"ED1_007_TWO_ROOT_SV_POWER_n2000_depth6_reference","diagnostic","depth6_reference","TWO_ROOT_SV_POWER",2000,2000,"absolute","K3","enclosure_maximum_level",254,254,0,0,0,5.69291338582677,0.555416178021719,5,6,6
"ED1_007_TWO_ROOT_SV_POWER_n2000_depth6_reference","diagnostic","depth6_reference","TWO_ROOT_SV_POWER",2000,2000,"absolute","K3","enclosure_variance_unresolved_cells",254,254,0,0,0,0,0,0,0,0
"ED1_007_TWO_ROOT_SV_POWER_n2000_depth6_reference","diagnostic","depth6_reference","TWO_ROOT_SV_POWER",2000,2000,"absolute","K3","enclosure_unresolved_cells",254,254,0,0,0,547.858267716535,70.9859669268838,439.6,554,647.35
"ED1_007_TWO_ROOT_SV_POWER_n2000_depth6_reference","diagnostic","depth6_reference","TWO_ROOT_SV_POWER",2000,2000,"absolute","K3","enclosure_limit_hit_cells",254,254,0,0,0,6.09448818897638,15.6371570613814,0,0,25.35
"ED1_007_TWO_ROOT_SV_POWER_n2000_depth6_reference","diagnostic","depth6_reference","TWO_ROOT_SV_POWER",2000,2000,"absolute","K3","enclosure_limit_hit_total_width",254,254,0,0,0,0.000238065944881879,0.000610826447710201,0,0,0.000990234375000209
"ED1_007_TWO_ROOT_SV_POWER_n2000_depth6_reference","diagnostic","depth6_reference","TWO_ROOT_SV_POWER",2000,2000,"absolute","K3","enclosure_limit_hit_width_proportion",254,254,0,0,0,0.000105807086614168,0.000271478421204534,0,0,0.00044010416666676
"ED1_007_TWO_ROOT_SV_POWER_n2000_depth6_reference","diagnostic","depth6_reference","TWO_ROOT_SV_POWER",2000,2000,"absolute","K3","enclosure_limit_hit_maximum_cell_width",254,254,0,0,0,1.73781988189507e-05,1.94505413809242e-05,0,0,3.90625000001865e-05
"ED1_007_TWO_ROOT_SV_POWER_n2000_depth6_reference","diagnostic","depth6_reference","TWO_ROOT_SV_POWER",2000,2000,"absolute","K3","enclosure_depth_limit_cells",254,254,0,0,0,6.09448818897638,15.6371570613814,0,0,25.35
"ED1_007_TWO_ROOT_SV_POWER_n2000_depth6_reference","diagnostic","depth6_reference","TWO_ROOT_SV_POWER",2000,2000,"absolute","K3","enclosure_depth_limit_total_width",254,254,0,0,0,0.000238065944881879,0.000610826447710201,0,0,0.000990234375000209
"ED1_007_TWO_ROOT_SV_POWER_n2000_depth6_reference","diagnostic","depth6_reference","TWO_ROOT_SV_POWER",2000,2000,"absolute","K3","enclosure_depth_limit_width_proportion",254,254,0,0,0,0.000105807086614168,0.000271478421204534,0,0,0.00044010416666676
"ED1_007_TWO_ROOT_SV_POWER_n2000_depth6_reference","diagnostic","depth6_reference","TWO_ROOT_SV_POWER",2000,2000,"absolute","K3","enclosure_depth_limit_maximum_cell_width",254,254,0,0,0,1.73781988189507e-05,1.94505413809242e-05,0,0,3.90625000001865e-05
"ED1_007_TWO_ROOT_SV_POWER_n2000_depth6_reference","diagnostic","depth6_reference","TWO_ROOT_SV_POWER",2000,2000,"absolute","K3","enclosure_node_limit_cells",254,254,0,0,0,0,0,0,0,0
"ED1_007_TWO_ROOT_SV_POWER_n2000_depth6_reference","diagnostic","depth6_reference","TWO_ROOT_SV_POWER",2000,2000,"absolute","K3","enclosure_node_limit_total_width",254,254,0,0,0,0,0,0,0,0
"ED1_007_TWO_ROOT_SV_POWER_n2000_depth6_reference","diagnostic","depth6_reference","TWO_ROOT_SV_POWER",2000,2000,"absolute","K3","enclosure_node_limit_width_proportion",254,254,0,0,0,0,0,0,0,0
"ED1_007_TWO_ROOT_SV_POWER_n2000_depth6_reference","diagnostic","depth6_reference","TWO_ROOT_SV_POWER",2000,2000,"absolute","K3","enclosure_node_limit_maximum_cell_width",254,254,0,0,0,0,0,0,0,0
"ED1_007_TWO_ROOT_SV_POWER_n2000_depth6_reference","diagnostic","depth6_reference","TWO_ROOT_SV_POWER",2000,2000,"absolute","K3","enclosure_variance_limit_cells",254,254,0,0,0,0,0,0,0,0
"ED1_007_TWO_ROOT_SV_POWER_n2000_depth6_reference","diagnostic","depth6_reference","TWO_ROOT_SV_POWER",2000,2000,"absolute","K3","enclosure_variance_limit_total_width",254,254,0,0,0,0,0,0,0,0
"ED1_007_TWO_ROOT_SV_POWER_n2000_depth6_reference","diagnostic","depth6_reference","TWO_ROOT_SV_POWER",2000,2000,"absolute","K3","enclosure_variance_limit_width_proportion",254,254,0,0,0,0,0,0,0,0
"ED1_007_TWO_ROOT_SV_POWER_n2000_depth6_reference","diagnostic","depth6_reference","TWO_ROOT_SV_POWER",2000,2000,"absolute","K3","enclosure_variance_limit_maximum_cell_width",254,254,0,0,0,0,0,0,0,0
"ED1_007_TWO_ROOT_SV_POWER_n2000_depth6_reference","diagnostic","depth6_reference","TWO_ROOT_SV_POWER",2000,2000,"absolute","K3","enclosure_statistical_limit_cells",254,254,0,0,0,6.09448818897638,15.6371570613814,0,0,25.35
"ED1_007_TWO_ROOT_SV_POWER_n2000_depth6_reference","diagnostic","depth6_reference","TWO_ROOT_SV_POWER",2000,2000,"absolute","K3","enclosure_statistical_limit_total_width",254,254,0,0,0,0.000238065944881879,0.000610826447710201,0,0,0.000990234375000209
"ED1_007_TWO_ROOT_SV_POWER_n2000_depth6_reference","diagnostic","depth6_reference","TWO_ROOT_SV_POWER",2000,2000,"absolute","K3","enclosure_statistical_limit_width_proportion",254,254,0,0,0,0.000105807086614168,0.000271478421204534,0,0,0.00044010416666676
"ED1_007_TWO_ROOT_SV_POWER_n2000_depth6_reference","diagnostic","depth6_reference","TWO_ROOT_SV_POWER",2000,2000,"absolute","K3","enclosure_statistical_limit_maximum_cell_width",254,254,0,0,0,1.73781988189507e-05,1.94505413809242e-05,0,0,3.90625000001865e-05
"ED1_007_TWO_ROOT_SV_POWER_n2000_depth6_reference","diagnostic","depth6_reference","TWO_ROOT_SV_POWER",2000,2000,"absolute","K3","certified_alternation_count",254,254,0,0,0,0.736220472440945,0.960333381781662,0,0,2
"ED1_007_TWO_ROOT_SV_POWER_n2000_depth6_reference","diagnostic","depth6_reference","TWO_ROOT_SV_POWER",2000,2000,"absolute","K3","bracket_count",254,254,0,0,0,0.736220472440945,0.960333381781662,0,0,2
"ED1_007_TWO_ROOT_SV_POWER_n2000_depth6_reference","diagnostic","depth6_reference","TWO_ROOT_SV_POWER",2000,2000,"absolute","K3","bracket_length",254,95,159,0,0,1.99405263157895,0.273034849635246,1.889,2.03,2.1845
"ED1_007_TWO_ROOT_SV_POWER_n2000_depth6_reference","diagnostic","depth6_reference","TWO_ROOT_SV_POWER",2000,2000,"absolute","K3","numerical_outer_component_count",254,254,0,0,0,1.3740157480315,0.484823034977805,1,1,2
"ED1_007_TWO_ROOT_SV_POWER_n2000_depth6_reference","diagnostic","depth6_reference","TWO_ROOT_SV_POWER",2000,2000,"absolute","K3","numerical_outer_total_length",254,254,0,0,0,1.35464751476378,0.173404543071933,1.086552734375,1.35423828125,1.60175
"ED1_007_TWO_ROOT_SV_POWER_n2000_depth6_reference","diagnostic","depth6_reference","TWO_ROOT_SV_POWER",2000,2000,"absolute","K3","numerical_outer_retained_proportion",254,254,0,0,0,0.602065562117235,0.0770686858097481,0.482912326388889,0.601883680555555,0.711888888888889
"ED1_007_TWO_ROOT_SV_POWER_n2000_depth6_reference","diagnostic","depth6_reference","TWO_ROOT_SV_POWER",2000,2000,"absolute","K3","numerical_outer_hausdorff",254,254,0,0,0,0.520221764271654,0.0581491786583967,0.471625,0.5,0.655
"ED1_007_TWO_ROOT_SV_POWER_n2000_depth6_reference","diagnostic","depth6_reference","TWO_ROOT_SV_POWER",2000,2000,"absolute","K3","tangency_local_outer_total_length",254,0,254,0,0,,,,,
"ED1_007_TWO_ROOT_SV_POWER_n2000_depth6_reference","diagnostic","depth6_reference","TWO_ROOT_SV_POWER",2000,2000,"absolute","K3","tangency_scaled_outer_radius",254,0,254,0,0,,,,,
"ED1_007_TWO_ROOT_SV_POWER_n2000_depth6_reference","diagnostic","depth6_reference","TWO_ROOT_SV_POWER",2000,2000,"absolute","K3","tangency_scaled_outer_hausdorff",254,0,254,0,0,,,,,
"ED1_007_TWO_ROOT_SV_POWER_n2000_depth6_reference","diagnostic","depth6_reference","TWO_ROOT_SV_POWER",2000,2000,"absolute","K3","tangency_truncated_local_outer_total_length",254,0,254,0,0,,,,,
"ED1_007_TWO_ROOT_SV_POWER_n2000_depth6_reference","diagnostic","depth6_reference","TWO_ROOT_SV_POWER",2000,2000,"absolute","K3","tangency_truncated_local_scaled_outer_radius",254,0,254,0,0,,,,,
"ED1_007_TWO_ROOT_SV_POWER_n2000_depth6_reference","diagnostic","depth6_reference","TWO_ROOT_SV_POWER",2000,2000,"absolute","K3","tangency_truncated_local_scaled_outer_hausdorff",254,0,254,0,0,,,,,
"ED1_007_TWO_ROOT_SV_POWER_n2000_depth6_reference","diagnostic","depth6_reference","TWO_ROOT_SV_POWER",2000,2000,"absolute","K3","tangency_global_outer_component_count_conditional_on_continuum_band_coverage",254,0,254,0,0,,,,,
"ED1_007_TWO_ROOT_SV_POWER_n2000_depth6_reference","diagnostic","depth6_reference","TWO_ROOT_SV_POWER",2000,2000,"absolute","K3","tangency_global_outer_total_length_conditional_on_continuum_band_coverage",254,0,254,0,0,,,,,
"ED1_007_TWO_ROOT_SV_POWER_n2000_depth6_reference","diagnostic","depth6_reference","TWO_ROOT_SV_POWER",2000,2000,"absolute","K3","tangency_global_outer_hausdorff_conditional_on_continuum_band_coverage",254,0,254,0,0,,,,,
"ED1_007_TWO_ROOT_SV_POWER_n2000_depth6_reference","diagnostic","depth6_reference","TWO_ROOT_SV_POWER",2000,2000,"absolute","K3","tangency_global_outer_left_radius_conditional_on_continuum_band_coverage",254,0,254,0,0,,,,,
"ED1_007_TWO_ROOT_SV_POWER_n2000_depth6_reference","diagnostic","depth6_reference","TWO_ROOT_SV_POWER",2000,2000,"absolute","K3","tangency_global_outer_right_radius_conditional_on_continuum_band_coverage",254,0,254,0,0,,,,,
"ED1_007_TWO_ROOT_SV_POWER_n2000_depth6_reference","diagnostic","depth6_reference","TWO_ROOT_SV_POWER",2000,2000,"absolute","K3","tangency_global_scaled_outer_total_length_conditional_on_continuum_band_coverage",254,0,254,0,0,,,,,
"ED1_007_TWO_ROOT_SV_POWER_n2000_depth6_reference","diagnostic","depth6_reference","TWO_ROOT_SV_POWER",2000,2000,"absolute","K3","tangency_global_scaled_outer_hausdorff_conditional_on_continuum_band_coverage",254,0,254,0,0,,,,,
"ED1_007_TWO_ROOT_SV_POWER_n2000_depth6_reference","diagnostic","depth6_reference","TWO_ROOT_SV_POWER",2000,2000,"absolute","K3","tangency_global_scaled_outer_left_radius_conditional_on_continuum_band_coverage",254,0,254,0,0,,,,,
"ED1_007_TWO_ROOT_SV_POWER_n2000_depth6_reference","diagnostic","depth6_reference","TWO_ROOT_SV_POWER",2000,2000,"absolute","K3","tangency_global_scaled_outer_right_radius_conditional_on_continuum_band_coverage",254,0,254,0,0,,,,,
"ED1_007_TWO_ROOT_SV_POWER_n2000_depth6_reference","diagnostic","depth6_reference","TWO_ROOT_SV_POWER",2000,2000,"absolute","K3","tangency_global_root_component_left_conditional_on_continuum_band_coverage",254,0,254,0,0,,,,,
"ED1_007_TWO_ROOT_SV_POWER_n2000_depth6_reference","diagnostic","depth6_reference","TWO_ROOT_SV_POWER",2000,2000,"absolute","K3","tangency_global_root_component_right_conditional_on_continuum_band_coverage",254,0,254,0,0,,,,,
"ED1_007_TWO_ROOT_SV_POWER_n2000_depth6_reference","diagnostic","depth6_reference","TWO_ROOT_SV_POWER",2000,2000,"absolute","K3","tangency_global_root_component_length_conditional_on_continuum_band_coverage",254,0,254,0,0,,,,,
"ED1_007_TWO_ROOT_SV_POWER_n2000_depth6_reference","diagnostic","depth6_reference","TWO_ROOT_SV_POWER",2000,2000,"absolute","K3","tangency_global_root_component_left_radius_conditional_on_continuum_band_coverage",254,0,254,0,0,,,,,
"ED1_007_TWO_ROOT_SV_POWER_n2000_depth6_reference","diagnostic","depth6_reference","TWO_ROOT_SV_POWER",2000,2000,"absolute","K3","tangency_global_root_component_right_radius_conditional_on_continuum_band_coverage",254,0,254,0,0,,,,,
"ED1_007_TWO_ROOT_SV_POWER_n2000_depth6_reference","diagnostic","depth6_reference","TWO_ROOT_SV_POWER",2000,2000,"absolute","K3","tangency_global_scaled_root_component_length_conditional_on_continuum_band_coverage",254,0,254,0,0,,,,,
"ED1_007_TWO_ROOT_SV_POWER_n2000_depth6_reference","diagnostic","depth6_reference","TWO_ROOT_SV_POWER",2000,2000,"absolute","K3","tangency_global_scaled_root_component_left_radius_conditional_on_continuum_band_coverage",254,0,254,0,0,,,,,
"ED1_007_TWO_ROOT_SV_POWER_n2000_depth6_reference","diagnostic","depth6_reference","TWO_ROOT_SV_POWER",2000,2000,"absolute","K3","tangency_global_scaled_root_component_right_radius_conditional_on_continuum_band_coverage",254,0,254,0,0,,,,,
"ED1_007_TWO_ROOT_SV_POWER_n2000_depth6_reference","diagnostic","depth6_reference","TWO_ROOT_SV_POWER",2000,2000,"absolute","K3","empirical_root_count",254,254,0,0,0,1.90944881889764,0.371501189410986,1,2,2
"ED1_007_TWO_ROOT_SV_POWER_n2000_depth6_reference","diagnostic","depth6_reference","TWO_ROOT_SV_POWER",2000,2000,"absolute","K3","root_isolation_maximum_bisections",254,254,0,0,0,21.3937007874016,3.60863584380593,22,22,22
"ED1_007_TWO_ROOT_SV_POWER_n2000_depth6_reference","diagnostic","depth6_reference","TWO_ROOT_SV_POWER",2000,2000,"absolute","K3","root_error_conditional_on_isolation",254,0,254,0,0,,,,,
"ED1_007_TWO_ROOT_SV_POWER_n2000_depth6_reference","diagnostic","depth6_reference","TWO_ROOT_SV_POWER",2000,2000,"absolute","K3","derivative_hat",254,0,254,0,0,,,,,
"ED1_007_TWO_ROOT_SV_POWER_n2000_depth6_reference","diagnostic","depth6_reference","TWO_ROOT_SV_POWER",2000,2000,"absolute","K3","variance_at_root_hat",254,0,254,0,0,,,,,
"ED1_007_TWO_ROOT_SV_POWER_n2000_depth6_reference","diagnostic","depth6_reference","TWO_ROOT_SV_POWER",2000,2000,"absolute","K3","root_standard_error",254,0,254,0,0,,,,,
"ED1_007_TWO_ROOT_SV_POWER_n2000_depth6_reference","diagnostic","depth6_reference","TWO_ROOT_SV_POWER",2000,2000,"absolute","K3","wald_length",254,0,254,0,0,,,,,
"ED1_007_TWO_ROOT_SV_POWER_n2000_depth6_reference","diagnostic","depth6_reference","TWO_ROOT_SV_POWER",2000,2000,"absolute","K3","wald_collection_bias_conditional_on_isolation",254,238,16,0,0,0.00175733120842144,0.043553065204945,-0.0677341704636813,-0.00275153524875643,0.0772220993426445
"ED1_007_TWO_ROOT_SV_POWER_n2000_depth6_reference","diagnostic","depth6_reference","TWO_ROOT_SV_POWER",2000,2000,"absolute","K3","wald_collection_rmse_conditional_on_isolation",254,238,16,0,0,0.104162343366471,0.0651272165559752,0.0187517287225258,0.0935117037451238,0.219253165140097
"ED1_007_TWO_ROOT_SV_POWER_n2000_depth6_reference","diagnostic","depth6_reference","TWO_ROOT_SV_POWER",2000,2000,"absolute","K3","wald_collection_total_length",254,238,16,0,0,1.17012567810234,0.226982146899221,0.932098049571195,1.10781181844732,1.59336942623513
"ED1_007_TWO_ROOT_SV_POWER_n2000_depth6_reference","diagnostic","depth6_reference","TWO_ROOT_SV_POWER",2000,2000,"absolute","K3","root_multiplier_critical_value",254,238,16,0,0,2.09949033665039,0.0706814334807401,1.98500242587217,2.09765739824396,2.22656917346741
"ED1_007_TWO_ROOT_SV_POWER_n2000_depth6_reference","diagnostic","depth6_reference","TWO_ROOT_SV_POWER",2000,2000,"absolute","K3","root_multiplier_total_length",254,238,16,0,0,1.25072821247159,0.229748546578231,1.00190948662612,1.19428441870363,1.65759345786221
"ED1_007_TWO_ROOT_SV_POWER_n2000_depth6_reference","diagnostic","depth6_reference","TWO_ROOT_SV_POWER",2000,2000,"absolute","K3","derivative_assisted_critical_value",254,0,254,0,0,,,,,
"ED1_007_TWO_ROOT_SV_POWER_n2000_depth6_reference","diagnostic","depth6_reference","TWO_ROOT_SV_POWER",2000,2000,"absolute","K3","derivative_assisted_critical_value_ratio",254,0,254,0,0,,,,,
"ED1_007_TWO_ROOT_SV_POWER_n2000_depth6_reference","diagnostic","depth6_reference","TWO_ROOT_SV_POWER",2000,2000,"absolute","K3","derivative_assisted_value_maximum_half_width",254,0,254,0,0,,,,,
"ED1_007_TWO_ROOT_SV_POWER_n2000_depth6_reference","diagnostic","depth6_reference","TWO_ROOT_SV_POWER",2000,2000,"absolute","K3","derivative_assisted_derivative_maximum_half_width",254,0,254,0,0,,,,,
"ED1_007_TWO_ROOT_SV_POWER_n2000_depth6_reference","diagnostic","depth6_reference","TWO_ROOT_SV_POWER",2000,2000,"absolute","K3","derivative_assisted_value_width_inflation",254,0,254,0,0,,,,,
"ED1_007_TWO_ROOT_SV_POWER_n2000_depth6_reference","diagnostic","depth6_reference","TWO_ROOT_SV_POWER",2000,2000,"absolute","K3","derivative_assisted_guard_minimum_ratio",254,0,254,0,0,,,,,
"ED1_007_TWO_ROOT_SV_POWER_n2000_depth6_reference","diagnostic","depth6_reference","TWO_ROOT_SV_POWER",2000,2000,"absolute","K3","derivative_assisted_guard_minimum_ratio_d0",254,0,254,0,0,,,,,
"ED1_007_TWO_ROOT_SV_POWER_n2000_depth6_reference","diagnostic","depth6_reference","TWO_ROOT_SV_POWER",2000,2000,"absolute","K3","derivative_assisted_guard_minimum_ratio_d1",254,0,254,0,0,,,,,
"ED1_007_TWO_ROOT_SV_POWER_n2000_depth6_reference","diagnostic","depth6_reference","TWO_ROOT_SV_POWER",2000,2000,"absolute","K3","derivative_assisted_guard_nodes_used",254,0,254,0,0,,,,,
"ED1_007_TWO_ROOT_SV_POWER_n2000_depth6_reference","diagnostic","depth6_reference","TWO_ROOT_SV_POWER",2000,2000,"absolute","K3","derivative_assisted_guard_maximum_level",254,0,254,0,0,,,,,
"ED1_007_TWO_ROOT_SV_POWER_n2000_depth6_reference","diagnostic","depth6_reference","TWO_ROOT_SV_POWER",2000,2000,"absolute","K3","derivative_assisted_value_enclosure_nodes_used",254,0,254,0,0,,,,,
"ED1_007_TWO_ROOT_SV_POWER_n2000_depth6_reference","diagnostic","depth6_reference","TWO_ROOT_SV_POWER",2000,2000,"absolute","K3","derivative_assisted_derivative_enclosure_nodes_used",254,0,254,0,0,,,,,
"ED1_007_TWO_ROOT_SV_POWER_n2000_depth6_reference","diagnostic","depth6_reference","TWO_ROOT_SV_POWER",2000,2000,"absolute","K3","derivative_assisted_value_unresolved_cells",254,0,254,0,0,,,,,
"ED1_007_TWO_ROOT_SV_POWER_n2000_depth6_reference","diagnostic","depth6_reference","TWO_ROOT_SV_POWER",2000,2000,"absolute","K3","derivative_assisted_derivative_unresolved_cells",254,0,254,0,0,,,,,
"ED1_007_TWO_ROOT_SV_POWER_n2000_depth6_reference","diagnostic","depth6_reference","TWO_ROOT_SV_POWER",2000,2000,"absolute","K3","derivative_assisted_value_variance_unresolved_cells",254,0,254,0,0,,,,,
"ED1_007_TWO_ROOT_SV_POWER_n2000_depth6_reference","diagnostic","depth6_reference","TWO_ROOT_SV_POWER",2000,2000,"absolute","K3","derivative_assisted_derivative_variance_unresolved_cells",254,0,254,0,0,,,,,
"ED1_007_TWO_ROOT_SV_POWER_n2000_depth6_reference","diagnostic","depth6_reference","TWO_ROOT_SV_POWER",2000,2000,"absolute","K3","derivative_assisted_certificate_count",254,0,254,0,0,,,,,
"ED1_007_TWO_ROOT_SV_POWER_n2000_depth6_reference","diagnostic","depth6_reference","TWO_ROOT_SV_POWER",2000,2000,"absolute","K3","derivative_assisted_covariance_01_min",254,0,254,0,0,,,,,
"ED1_007_TWO_ROOT_SV_POWER_n2000_depth6_reference","diagnostic","depth6_reference","TWO_ROOT_SV_POWER",2000,2000,"absolute","K3","derivative_assisted_covariance_01_max",254,0,254,0,0,,,,,
"ED1_007_TWO_ROOT_SV_POWER_n2000_depth6_reference","diagnostic","depth6_reference","TWO_ROOT_SV_POWER",2000,2000,"absolute","K3","derivative_assisted_correlation_01_min",254,0,254,0,0,,,,,
"ED1_007_TWO_ROOT_SV_POWER_n2000_depth6_reference","diagnostic","depth6_reference","TWO_ROOT_SV_POWER",2000,2000,"absolute","K3","derivative_assisted_correlation_01_max",254,0,254,0,0,,,,,
"ED1_007_TWO_ROOT_SV_POWER_n2000_depth6_reference","diagnostic","depth6_reference","TWO_ROOT_SV_POWER",2000,2000,"absolute","K3","x_ess_ratio_p1",254,254,0,0,0,0.493953512251731,0.00948081179013991,0.477563969242695,0.494479304087128,0.509574322152806
"ED1_007_TWO_ROOT_SV_POWER_n2000_depth6_reference","diagnostic","depth6_reference","TWO_ROOT_SV_POWER",2000,2000,"absolute","K3","y_ess_ratio_p1",254,254,0,0,0,0.398965015913786,0.00253453903375072,0.394616917476647,0.399001240482378,0.402929708778706
"ED1_007_TWO_ROOT_SV_POWER_n2000_depth6_reference","diagnostic","depth6_reference","TWO_ROOT_SV_POWER",2000,2000,"absolute","K3","x_max_share_p1",254,254,0,0,0,0.00236189289732878,5.29080311772198e-05,0.00228035801352477,0.00236123201137329,0.00244889728585319
"ED1_007_TWO_ROOT_SV_POWER_n2000_depth6_reference","diagnostic","depth6_reference","TWO_ROOT_SV_POWER",2000,2000,"absolute","K3","y_max_share_p1",254,254,0,0,0,0.00251315590509555,6.59342461135772e-05,0.00240398611506191,0.00251444791121812,0.00261762074067803
"ED1_007_TWO_ROOT_SV_POWER_n2000_depth6_reference","diagnostic","depth6_reference","TWO_ROOT_SV_POWER",2000,2000,"absolute","K3","x_top1pct_share_p1",254,254,0,0,0,0.0451570320857351,0.000968895302113668,0.0436595378728927,0.0451053697950514,0.046745352985211
"ED1_007_TWO_ROOT_SV_POWER_n2000_depth6_reference","diagnostic","depth6_reference","TWO_ROOT_SV_POWER",2000,2000,"absolute","K3","y_top1pct_share_p1",254,254,0,0,0,0.0498500266770731,0.00128868362040434,0.0477336822635018,0.0499139526744143,0.0518566575838302
"ED1_007_TWO_ROOT_SV_POWER_n2000_depth6_reference","diagnostic","depth6_reference","TWO_ROOT_SV_POWER",2000,2000,"absolute","K3","x_ess_ratio_upper",254,254,0,0,0,0.222574438044288,0.0109501896162687,0.205311519918594,0.222362772838995,0.242061561980582
"ED1_007_TWO_ROOT_SV_POWER_n2000_depth6_reference","diagnostic","depth6_reference","TWO_ROOT_SV_POWER",2000,2000,"absolute","K3","y_ess_ratio_upper",254,254,0,0,0,0.114834783196296,0.00633853827836824,0.105082265021618,0.114411948329858,0.125495714241875
"ED1_007_TWO_ROOT_SV_POWER_n2000_depth6_reference","diagnostic","depth6_reference","TWO_ROOT_SV_POWER",2000,2000,"absolute","K3","x_max_share_upper",254,254,0,0,0,0.00797066790607136,0.000325186008589242,0.0074453149837315,0.00797588960683133,0.00850864240992619
"ED1_007_TWO_ROOT_SV_POWER_n2000_depth6_reference","diagnostic","depth6_reference","TWO_ROOT_SV_POWER",2000,2000,"absolute","K3","y_max_share_upper",254,254,0,0,0,0.00575594044167497,0.000341407438860114,0.00520357382517911,0.00574558780158132,0.00633353634185608
"ED1_007_TWO_ROOT_SV_POWER_n2000_depth6_reference","diagnostic","depth6_reference","TWO_ROOT_SV_POWER",2000,2000,"absolute","K3","x_top1pct_share_upper",254,254,0,0,0,0.142627898857992,0.00461995168114176,0.1354148369945,0.142239454677346,0.150450487607204
"ED1_007_TWO_ROOT_SV_POWER_n2000_depth6_reference","diagnostic","depth6_reference","TWO_ROOT_SV_POWER",2000,2000,"absolute","K3","y_top1pct_share_upper",254,254,0,0,0,0.112769261046457,0.00656175695904483,0.102053011714927,0.112751767596374,0.123557690187282
"ED1_007_TWO_ROOT_SV_POWER_n2000_depth6_reference","diagnostic","depth6_reference","TWO_ROOT_SV_POWER",2000,2000,"absolute","K3","x_count_above_q95",254,254,0,0,0,99.5826771653543,9.98650547582517,84,99,115.35
"ED1_007_TWO_ROOT_SV_POWER_n2000_depth6_reference","diagnostic","depth6_reference","TWO_ROOT_SV_POWER",2000,2000,"absolute","K3","y_count_above_q95",254,254,0,0,0,99.7992125984252,9.08822802891804,85,99.5,115
"ED1_007_TWO_ROOT_SV_POWER_n2000_depth6_reference","diagnostic","depth6_reference","TWO_ROOT_SV_POWER",2000,2000,"absolute","K3","x_count_above_q99",254,254,0,0,0,19.5866141732283,4.18050930582422,13,20,26.35
"ED1_007_TWO_ROOT_SV_POWER_n2000_depth6_reference","diagnostic","depth6_reference","TWO_ROOT_SV_POWER",2000,2000,"absolute","K3","y_count_above_q99",254,254,0,0,0,20.4330708661417,4.04732977153371,14.65,20,28
"ED1_007_TWO_ROOT_SV_POWER_n2000_depth6_reference","diagnostic","depth6_reference","TWO_ROOT_SV_POWER",2000,2000,"absolute","K3","x_latent_high_count",254,254,0,0,0,1002.09448818898,21.1025851481434,968,1003,1034.35
"ED1_007_TWO_ROOT_SV_POWER_n2000_depth6_reference","diagnostic","depth6_reference","TWO_ROOT_SV_POWER",2000,2000,"absolute","K3","y_latent_high_count",254,254,0,0,0,1960.24409448819,6.28973256490864,1950,1960.5,1971
"ED1_007_TWO_ROOT_SV_POWER_n2000_depth6_reference","diagnostic","depth6_reference","TWO_ROOT_SV_POWER",2000,2000,"absolute","K3","elapsed_seconds",254,254,0,0,0,11.3564527559055,2.72852566780919,9.53405,10.8,14.2575
"ED1_007_TWO_ROOT_SV_POWER_n2000_depth6_reference","diagnostic","depth6_reference","TWO_ROOT_SV_POWER",2000,2000,"absolute","K3","peak_r_heap_mb",254,254,0,0,0,237.601968503937,22.0615998022128,215.9,216.1,259.5
"ED1_008_TWO_ROOT_SV_POWER_n2000_depth8_refined","diagnostic","depth8_refined","TWO_ROOT_SV_POWER",2000,2000,"absolute","K3","bootstrap_grid_size",254,254,0,0,0,451,0,451,451,451
"ED1_008_TWO_ROOT_SV_POWER_n2000_depth8_refined","diagnostic","depth8_refined","TWO_ROOT_SV_POWER",2000,2000,"absolute","K3","bootstrap_grid_spacing",254,254,0,0,0,0.00500000000000034,0,0.00500000000000034,0.00500000000000034,0.00500000000000034
"ED1_008_TWO_ROOT_SV_POWER_n2000_depth8_refined","diagnostic","depth8_refined","TWO_ROOT_SV_POWER",2000,2000,"absolute","K3","enclosure_grid_size",254,254,0,0,0,901,0,901,901,901
"ED1_008_TWO_ROOT_SV_POWER_n2000_depth8_refined","diagnostic","depth8_refined","TWO_ROOT_SV_POWER",2000,2000,"absolute","K3","enclosure_grid_spacing",254,254,0,0,0,0.00250000000000039,0,0.00250000000000039,0.00250000000000039,0.00250000000000039
"ED1_008_TWO_ROOT_SV_POWER_n2000_depth8_refined","diagnostic","depth8_refined","TWO_ROOT_SV_POWER",2000,2000,"absolute","K3","configured_guard_maximum_levels",254,254,0,0,0,6,0,6,6,6
"ED1_008_TWO_ROOT_SV_POWER_n2000_depth8_refined","diagnostic","depth8_refined","TWO_ROOT_SV_POWER",2000,2000,"absolute","K3","configured_continuum_enclosure_maximum_levels",254,254,0,0,0,8,0,8,8,8
"ED1_008_TWO_ROOT_SV_POWER_n2000_depth8_refined","diagnostic","depth8_refined","TWO_ROOT_SV_POWER",2000,2000,"absolute","K3","guard_minimum_ratio",254,254,0,0,0,0.060012494951019,0.000894736216159521,0.058532616188467,0.060008311929007,0.0614027676062046
"ED1_008_TWO_ROOT_SV_POWER_n2000_depth8_refined","diagnostic","depth8_refined","TWO_ROOT_SV_POWER",2000,2000,"absolute","K3","guard_nodes_used",254,254,0,0,0,451,0,451,451,451
"ED1_008_TWO_ROOT_SV_POWER_n2000_depth8_refined","diagnostic","depth8_refined","TWO_ROOT_SV_POWER",2000,2000,"absolute","K3","guard_maximum_level",254,254,0,0,0,0,0,0,0,0
"ED1_008_TWO_ROOT_SV_POWER_n2000_depth8_refined","diagnostic","depth8_refined","TWO_ROOT_SV_POWER",2000,2000,"absolute","K3","critical_value",254,254,0,0,0,2.21994011164994,0.0642583787160735,2.11554550384893,2.21964771654199,2.31837184864748
"ED1_008_TWO_ROOT_SV_POWER_n2000_depth8_refined","diagnostic","depth8_refined","TWO_ROOT_SV_POWER",2000,2000,"absolute","K3","maximum_half_width",254,254,0,0,0,553.209163053671,22.4651026241496,517.348047251577,553.260521085576,589.576614563523
"ED1_008_TWO_ROOT_SV_POWER_n2000_depth8_refined","diagnostic","depth8_refined","TWO_ROOT_SV_POWER",2000,2000,"absolute","K3","integrated_half_width",254,254,0,0,0,133.215997165243,5.32111645215123,124.648212932934,133.213041748214,141.916730359199
"ED1_008_TWO_ROOT_SV_POWER_n2000_depth8_refined","diagnostic","depth8_refined","TWO_ROOT_SV_POWER",2000,2000,"absolute","K3","continuum_truth_nodes_used",254,254,0,0,0,1293.32677165354,952.238120562697,954.65,1017,2252
"ED1_008_TWO_ROOT_SV_POWER_n2000_depth8_refined","diagnostic","depth8_refined","TWO_ROOT_SV_POWER",2000,2000,"absolute","K3","continuum_truth_maximum_level",254,254,0,0,0,1.63385826771654,0.921737530262395,1,1,3
"ED1_008_TWO_ROOT_SV_POWER_n2000_depth8_refined","diagnostic","depth8_refined","TWO_ROOT_SV_POWER",2000,2000,"absolute","K3","continuum_truth_unresolved_cells",254,254,0,0,0,0,0,0,0,0
"ED1_008_TWO_ROOT_SV_POWER_n2000_depth8_refined","diagnostic","depth8_refined","TWO_ROOT_SV_POWER",2000,2000,"absolute","K3","enclosure_nodes_used",254,254,0,0,0,1088.5905511811,180.853700371419,967,1009,1407.4
"ED1_008_TWO_ROOT_SV_POWER_n2000_depth8_refined","diagnostic","depth8_refined","TWO_ROOT_SV_POWER",2000,2000,"absolute","K3","enclosure_maximum_level",254,254,0,0,0,6.38582677165354,1.20307408683376,5,6,8
"ED1_008_TWO_ROOT_SV_POWER_n2000_depth8_refined","diagnostic","depth8_refined","TWO_ROOT_SV_POWER",2000,2000,"absolute","K3","enclosure_variance_unresolved_cells",254,254,0,0,0,0,0,0,0,0
"ED1_008_TWO_ROOT_SV_POWER_n2000_depth8_refined","diagnostic","depth8_refined","TWO_ROOT_SV_POWER",2000,2000,"absolute","K3","enclosure_unresolved_cells",254,254,0,0,0,542.937007874016,69.6869054486694,438.95,546.5,642
"ED1_008_TWO_ROOT_SV_POWER_n2000_depth8_refined","diagnostic","depth8_refined","TWO_ROOT_SV_POWER",2000,2000,"absolute","K3","enclosure_limit_hit_cells",254,254,0,0,0,1.17322834645669,5.47303051831169,0,0,7
"ED1_008_TWO_ROOT_SV_POWER_n2000_depth8_refined","diagnostic","depth8_refined","TWO_ROOT_SV_POWER",2000,2000,"absolute","K3","enclosure_limit_hit_total_width",254,254,0,0,0,1.14573080708653e-05,5.34475636553779e-05,0,0,6.83593750000877e-05
"ED1_008_TWO_ROOT_SV_POWER_n2000_depth8_refined","diagnostic","depth8_refined","TWO_ROOT_SV_POWER",2000,2000,"absolute","K3","enclosure_limit_hit_width_proportion",254,254,0,0,0,5.09213692038459e-06,2.37544727357235e-05,0,0,3.03819444444834e-05
"ED1_008_TWO_ROOT_SV_POWER_n2000_depth8_refined","diagnostic","depth8_refined","TWO_ROOT_SV_POWER",2000,2000,"absolute","K3","enclosure_limit_hit_maximum_cell_width",254,254,0,0,0,9.99630905522922e-07,2.96604012517076e-06,0,0,9.76562500010214e-06
"ED1_008_TWO_ROOT_SV_POWER_n2000_depth8_refined","diagnostic","depth8_refined","TWO_ROOT_SV_POWER",2000,2000,"absolute","K3","enclosure_depth_limit_cells",254,254,0,0,0,1.17322834645669,5.47303051831169,0,0,7
"ED1_008_TWO_ROOT_SV_POWER_n2000_depth8_refined","diagnostic","depth8_refined","TWO_ROOT_SV_POWER",2000,2000,"absolute","K3","enclosure_depth_limit_total_width",254,254,0,0,0,1.14573080708653e-05,5.34475636553779e-05,0,0,6.83593750000877e-05
"ED1_008_TWO_ROOT_SV_POWER_n2000_depth8_refined","diagnostic","depth8_refined","TWO_ROOT_SV_POWER",2000,2000,"absolute","K3","enclosure_depth_limit_width_proportion",254,254,0,0,0,5.09213692038459e-06,2.37544727357235e-05,0,0,3.03819444444834e-05
"ED1_008_TWO_ROOT_SV_POWER_n2000_depth8_refined","diagnostic","depth8_refined","TWO_ROOT_SV_POWER",2000,2000,"absolute","K3","enclosure_depth_limit_maximum_cell_width",254,254,0,0,0,9.99630905522922e-07,2.96604012517076e-06,0,0,9.76562500010214e-06
"ED1_008_TWO_ROOT_SV_POWER_n2000_depth8_refined","diagnostic","depth8_refined","TWO_ROOT_SV_POWER",2000,2000,"absolute","K3","enclosure_node_limit_cells",254,254,0,0,0,0,0,0,0,0
"ED1_008_TWO_ROOT_SV_POWER_n2000_depth8_refined","diagnostic","depth8_refined","TWO_ROOT_SV_POWER",2000,2000,"absolute","K3","enclosure_node_limit_total_width",254,254,0,0,0,0,0,0,0,0
"ED1_008_TWO_ROOT_SV_POWER_n2000_depth8_refined","diagnostic","depth8_refined","TWO_ROOT_SV_POWER",2000,2000,"absolute","K3","enclosure_node_limit_width_proportion",254,254,0,0,0,0,0,0,0,0
"ED1_008_TWO_ROOT_SV_POWER_n2000_depth8_refined","diagnostic","depth8_refined","TWO_ROOT_SV_POWER",2000,2000,"absolute","K3","enclosure_node_limit_maximum_cell_width",254,254,0,0,0,0,0,0,0,0
"ED1_008_TWO_ROOT_SV_POWER_n2000_depth8_refined","diagnostic","depth8_refined","TWO_ROOT_SV_POWER",2000,2000,"absolute","K3","enclosure_variance_limit_cells",254,254,0,0,0,0,0,0,0,0
"ED1_008_TWO_ROOT_SV_POWER_n2000_depth8_refined","diagnostic","depth8_refined","TWO_ROOT_SV_POWER",2000,2000,"absolute","K3","enclosure_variance_limit_total_width",254,254,0,0,0,0,0,0,0,0
"ED1_008_TWO_ROOT_SV_POWER_n2000_depth8_refined","diagnostic","depth8_refined","TWO_ROOT_SV_POWER",2000,2000,"absolute","K3","enclosure_variance_limit_width_proportion",254,254,0,0,0,0,0,0,0,0
"ED1_008_TWO_ROOT_SV_POWER_n2000_depth8_refined","diagnostic","depth8_refined","TWO_ROOT_SV_POWER",2000,2000,"absolute","K3","enclosure_variance_limit_maximum_cell_width",254,254,0,0,0,0,0,0,0,0
"ED1_008_TWO_ROOT_SV_POWER_n2000_depth8_refined","diagnostic","depth8_refined","TWO_ROOT_SV_POWER",2000,2000,"absolute","K3","enclosure_statistical_limit_cells",254,254,0,0,0,1.17322834645669,5.47303051831169,0,0,7
"ED1_008_TWO_ROOT_SV_POWER_n2000_depth8_refined","diagnostic","depth8_refined","TWO_ROOT_SV_POWER",2000,2000,"absolute","K3","enclosure_statistical_limit_total_width",254,254,0,0,0,1.14573080708653e-05,5.34475636553779e-05,0,0,6.83593750000877e-05
"ED1_008_TWO_ROOT_SV_POWER_n2000_depth8_refined","diagnostic","depth8_refined","TWO_ROOT_SV_POWER",2000,2000,"absolute","K3","enclosure_statistical_limit_width_proportion",254,254,0,0,0,5.09213692038459e-06,2.37544727357235e-05,0,0,3.03819444444834e-05
"ED1_008_TWO_ROOT_SV_POWER_n2000_depth8_refined","diagnostic","depth8_refined","TWO_ROOT_SV_POWER",2000,2000,"absolute","K3","enclosure_statistical_limit_maximum_cell_width",254,254,0,0,0,9.99630905522922e-07,2.96604012517076e-06,0,0,9.76562500010214e-06
"ED1_008_TWO_ROOT_SV_POWER_n2000_depth8_refined","diagnostic","depth8_refined","TWO_ROOT_SV_POWER",2000,2000,"absolute","K3","certified_alternation_count",254,254,0,0,0,0.736220472440945,0.960333381781662,0,0,2
"ED1_008_TWO_ROOT_SV_POWER_n2000_depth8_refined","diagnostic","depth8_refined","TWO_ROOT_SV_POWER",2000,2000,"absolute","K3","bracket_count",254,254,0,0,0,0.736220472440945,0.960333381781662,0,0,2
"ED1_008_TWO_ROOT_SV_POWER_n2000_depth8_refined","diagnostic","depth8_refined","TWO_ROOT_SV_POWER",2000,2000,"absolute","K3","bracket_length",254,95,159,0,0,1.99405263157895,0.273034849635246,1.889,2.03,2.1845
"ED1_008_TWO_ROOT_SV_POWER_n2000_depth8_refined","diagnostic","depth8_refined","TWO_ROOT_SV_POWER",2000,2000,"absolute","K3","numerical_outer_component_count",254,254,0,0,0,1.3740157480315,0.484823034977805,1,1,2
"ED1_008_TWO_ROOT_SV_POWER_n2000_depth8_refined","diagnostic","depth8_refined","TWO_ROOT_SV_POWER",2000,2000,"absolute","K3","numerical_outer_total_length",254,254,0,0,0,1.35442090612697,0.173409258876298,1.08641259765625,1.3537841796875,1.60175
"ED1_008_TWO_ROOT_SV_POWER_n2000_depth8_refined","diagnostic","depth8_refined","TWO_ROOT_SV_POWER",2000,2000,"absolute","K3","numerical_outer_retained_proportion",254,254,0,0,0,0.601964847167542,0.0770707817227991,0.482850043402778,0.601681857638889,0.711888888888889
"ED1_008_TWO_ROOT_SV_POWER_n2000_depth8_refined","diagnostic","depth8_refined","TWO_ROOT_SV_POWER",2000,2000,"absolute","K3","numerical_outer_hausdorff",254,254,0,0,0,0.520206962044783,0.058147337287004,0.471625,0.5,0.655
"ED1_008_TWO_ROOT_SV_POWER_n2000_depth8_refined","diagnostic","depth8_refined","TWO_ROOT_SV_POWER",2000,2000,"absolute","K3","tangency_local_outer_total_length",254,0,254,0,0,,,,,
"ED1_008_TWO_ROOT_SV_POWER_n2000_depth8_refined","diagnostic","depth8_refined","TWO_ROOT_SV_POWER",2000,2000,"absolute","K3","tangency_scaled_outer_radius",254,0,254,0,0,,,,,
"ED1_008_TWO_ROOT_SV_POWER_n2000_depth8_refined","diagnostic","depth8_refined","TWO_ROOT_SV_POWER",2000,2000,"absolute","K3","tangency_scaled_outer_hausdorff",254,0,254,0,0,,,,,
"ED1_008_TWO_ROOT_SV_POWER_n2000_depth8_refined","diagnostic","depth8_refined","TWO_ROOT_SV_POWER",2000,2000,"absolute","K3","tangency_truncated_local_outer_total_length",254,0,254,0,0,,,,,
"ED1_008_TWO_ROOT_SV_POWER_n2000_depth8_refined","diagnostic","depth8_refined","TWO_ROOT_SV_POWER",2000,2000,"absolute","K3","tangency_truncated_local_scaled_outer_radius",254,0,254,0,0,,,,,
"ED1_008_TWO_ROOT_SV_POWER_n2000_depth8_refined","diagnostic","depth8_refined","TWO_ROOT_SV_POWER",2000,2000,"absolute","K3","tangency_truncated_local_scaled_outer_hausdorff",254,0,254,0,0,,,,,
"ED1_008_TWO_ROOT_SV_POWER_n2000_depth8_refined","diagnostic","depth8_refined","TWO_ROOT_SV_POWER",2000,2000,"absolute","K3","tangency_global_outer_component_count_conditional_on_continuum_band_coverage",254,0,254,0,0,,,,,
"ED1_008_TWO_ROOT_SV_POWER_n2000_depth8_refined","diagnostic","depth8_refined","TWO_ROOT_SV_POWER",2000,2000,"absolute","K3","tangency_global_outer_total_length_conditional_on_continuum_band_coverage",254,0,254,0,0,,,,,
"ED1_008_TWO_ROOT_SV_POWER_n2000_depth8_refined","diagnostic","depth8_refined","TWO_ROOT_SV_POWER",2000,2000,"absolute","K3","tangency_global_outer_hausdorff_conditional_on_continuum_band_coverage",254,0,254,0,0,,,,,
"ED1_008_TWO_ROOT_SV_POWER_n2000_depth8_refined","diagnostic","depth8_refined","TWO_ROOT_SV_POWER",2000,2000,"absolute","K3","tangency_global_outer_left_radius_conditional_on_continuum_band_coverage",254,0,254,0,0,,,,,
"ED1_008_TWO_ROOT_SV_POWER_n2000_depth8_refined","diagnostic","depth8_refined","TWO_ROOT_SV_POWER",2000,2000,"absolute","K3","tangency_global_outer_right_radius_conditional_on_continuum_band_coverage",254,0,254,0,0,,,,,
"ED1_008_TWO_ROOT_SV_POWER_n2000_depth8_refined","diagnostic","depth8_refined","TWO_ROOT_SV_POWER",2000,2000,"absolute","K3","tangency_global_scaled_outer_total_length_conditional_on_continuum_band_coverage",254,0,254,0,0,,,,,
"ED1_008_TWO_ROOT_SV_POWER_n2000_depth8_refined","diagnostic","depth8_refined","TWO_ROOT_SV_POWER",2000,2000,"absolute","K3","tangency_global_scaled_outer_hausdorff_conditional_on_continuum_band_coverage",254,0,254,0,0,,,,,
"ED1_008_TWO_ROOT_SV_POWER_n2000_depth8_refined","diagnostic","depth8_refined","TWO_ROOT_SV_POWER",2000,2000,"absolute","K3","tangency_global_scaled_outer_left_radius_conditional_on_continuum_band_coverage",254,0,254,0,0,,,,,
"ED1_008_TWO_ROOT_SV_POWER_n2000_depth8_refined","diagnostic","depth8_refined","TWO_ROOT_SV_POWER",2000,2000,"absolute","K3","tangency_global_scaled_outer_right_radius_conditional_on_continuum_band_coverage",254,0,254,0,0,,,,,
"ED1_008_TWO_ROOT_SV_POWER_n2000_depth8_refined","diagnostic","depth8_refined","TWO_ROOT_SV_POWER",2000,2000,"absolute","K3","tangency_global_root_component_left_conditional_on_continuum_band_coverage",254,0,254,0,0,,,,,
"ED1_008_TWO_ROOT_SV_POWER_n2000_depth8_refined","diagnostic","depth8_refined","TWO_ROOT_SV_POWER",2000,2000,"absolute","K3","tangency_global_root_component_right_conditional_on_continuum_band_coverage",254,0,254,0,0,,,,,
"ED1_008_TWO_ROOT_SV_POWER_n2000_depth8_refined","diagnostic","depth8_refined","TWO_ROOT_SV_POWER",2000,2000,"absolute","K3","tangency_global_root_component_length_conditional_on_continuum_band_coverage",254,0,254,0,0,,,,,
"ED1_008_TWO_ROOT_SV_POWER_n2000_depth8_refined","diagnostic","depth8_refined","TWO_ROOT_SV_POWER",2000,2000,"absolute","K3","tangency_global_root_component_left_radius_conditional_on_continuum_band_coverage",254,0,254,0,0,,,,,
"ED1_008_TWO_ROOT_SV_POWER_n2000_depth8_refined","diagnostic","depth8_refined","TWO_ROOT_SV_POWER",2000,2000,"absolute","K3","tangency_global_root_component_right_radius_conditional_on_continuum_band_coverage",254,0,254,0,0,,,,,
"ED1_008_TWO_ROOT_SV_POWER_n2000_depth8_refined","diagnostic","depth8_refined","TWO_ROOT_SV_POWER",2000,2000,"absolute","K3","tangency_global_scaled_root_component_length_conditional_on_continuum_band_coverage",254,0,254,0,0,,,,,
"ED1_008_TWO_ROOT_SV_POWER_n2000_depth8_refined","diagnostic","depth8_refined","TWO_ROOT_SV_POWER",2000,2000,"absolute","K3","tangency_global_scaled_root_component_left_radius_conditional_on_continuum_band_coverage",254,0,254,0,0,,,,,
"ED1_008_TWO_ROOT_SV_POWER_n2000_depth8_refined","diagnostic","depth8_refined","TWO_ROOT_SV_POWER",2000,2000,"absolute","K3","tangency_global_scaled_root_component_right_radius_conditional_on_continuum_band_coverage",254,0,254,0,0,,,,,
"ED1_008_TWO_ROOT_SV_POWER_n2000_depth8_refined","diagnostic","depth8_refined","TWO_ROOT_SV_POWER",2000,2000,"absolute","K3","empirical_root_count",254,254,0,0,0,1.90944881889764,0.371501189410986,1,2,2
"ED1_008_TWO_ROOT_SV_POWER_n2000_depth8_refined","diagnostic","depth8_refined","TWO_ROOT_SV_POWER",2000,2000,"absolute","K3","root_isolation_maximum_bisections",254,254,0,0,0,21.3937007874016,3.60863584380593,22,22,22
"ED1_008_TWO_ROOT_SV_POWER_n2000_depth8_refined","diagnostic","depth8_refined","TWO_ROOT_SV_POWER",2000,2000,"absolute","K3","root_error_conditional_on_isolation",254,0,254,0,0,,,,,
"ED1_008_TWO_ROOT_SV_POWER_n2000_depth8_refined","diagnostic","depth8_refined","TWO_ROOT_SV_POWER",2000,2000,"absolute","K3","derivative_hat",254,0,254,0,0,,,,,
"ED1_008_TWO_ROOT_SV_POWER_n2000_depth8_refined","diagnostic","depth8_refined","TWO_ROOT_SV_POWER",2000,2000,"absolute","K3","variance_at_root_hat",254,0,254,0,0,,,,,
"ED1_008_TWO_ROOT_SV_POWER_n2000_depth8_refined","diagnostic","depth8_refined","TWO_ROOT_SV_POWER",2000,2000,"absolute","K3","root_standard_error",254,0,254,0,0,,,,,
"ED1_008_TWO_ROOT_SV_POWER_n2000_depth8_refined","diagnostic","depth8_refined","TWO_ROOT_SV_POWER",2000,2000,"absolute","K3","wald_length",254,0,254,0,0,,,,,
"ED1_008_TWO_ROOT_SV_POWER_n2000_depth8_refined","diagnostic","depth8_refined","TWO_ROOT_SV_POWER",2000,2000,"absolute","K3","wald_collection_bias_conditional_on_isolation",254,238,16,0,0,0.00175733120842144,0.043553065204945,-0.0677341704636813,-0.00275153524875643,0.0772220993426445
"ED1_008_TWO_ROOT_SV_POWER_n2000_depth8_refined","diagnostic","depth8_refined","TWO_ROOT_SV_POWER",2000,2000,"absolute","K3","wald_collection_rmse_conditional_on_isolation",254,238,16,0,0,0.104162343366471,0.0651272165559752,0.0187517287225258,0.0935117037451238,0.219253165140097
"ED1_008_TWO_ROOT_SV_POWER_n2000_depth8_refined","diagnostic","depth8_refined","TWO_ROOT_SV_POWER",2000,2000,"absolute","K3","wald_collection_total_length",254,238,16,0,0,1.17012567810234,0.226982146899221,0.932098049571195,1.10781181844732,1.59336942623513
"ED1_008_TWO_ROOT_SV_POWER_n2000_depth8_refined","diagnostic","depth8_refined","TWO_ROOT_SV_POWER",2000,2000,"absolute","K3","root_multiplier_critical_value",254,238,16,0,0,2.09949033665039,0.0706814334807401,1.98500242587217,2.09765739824396,2.22656917346741
"ED1_008_TWO_ROOT_SV_POWER_n2000_depth8_refined","diagnostic","depth8_refined","TWO_ROOT_SV_POWER",2000,2000,"absolute","K3","root_multiplier_total_length",254,238,16,0,0,1.25072821247159,0.229748546578231,1.00190948662612,1.19428441870363,1.65759345786221
"ED1_008_TWO_ROOT_SV_POWER_n2000_depth8_refined","diagnostic","depth8_refined","TWO_ROOT_SV_POWER",2000,2000,"absolute","K3","derivative_assisted_critical_value",254,0,254,0,0,,,,,
"ED1_008_TWO_ROOT_SV_POWER_n2000_depth8_refined","diagnostic","depth8_refined","TWO_ROOT_SV_POWER",2000,2000,"absolute","K3","derivative_assisted_critical_value_ratio",254,0,254,0,0,,,,,
"ED1_008_TWO_ROOT_SV_POWER_n2000_depth8_refined","diagnostic","depth8_refined","TWO_ROOT_SV_POWER",2000,2000,"absolute","K3","derivative_assisted_value_maximum_half_width",254,0,254,0,0,,,,,
"ED1_008_TWO_ROOT_SV_POWER_n2000_depth8_refined","diagnostic","depth8_refined","TWO_ROOT_SV_POWER",2000,2000,"absolute","K3","derivative_assisted_derivative_maximum_half_width",254,0,254,0,0,,,,,
"ED1_008_TWO_ROOT_SV_POWER_n2000_depth8_refined","diagnostic","depth8_refined","TWO_ROOT_SV_POWER",2000,2000,"absolute","K3","derivative_assisted_value_width_inflation",254,0,254,0,0,,,,,
"ED1_008_TWO_ROOT_SV_POWER_n2000_depth8_refined","diagnostic","depth8_refined","TWO_ROOT_SV_POWER",2000,2000,"absolute","K3","derivative_assisted_guard_minimum_ratio",254,0,254,0,0,,,,,
"ED1_008_TWO_ROOT_SV_POWER_n2000_depth8_refined","diagnostic","depth8_refined","TWO_ROOT_SV_POWER",2000,2000,"absolute","K3","derivative_assisted_guard_minimum_ratio_d0",254,0,254,0,0,,,,,
"ED1_008_TWO_ROOT_SV_POWER_n2000_depth8_refined","diagnostic","depth8_refined","TWO_ROOT_SV_POWER",2000,2000,"absolute","K3","derivative_assisted_guard_minimum_ratio_d1",254,0,254,0,0,,,,,
"ED1_008_TWO_ROOT_SV_POWER_n2000_depth8_refined","diagnostic","depth8_refined","TWO_ROOT_SV_POWER",2000,2000,"absolute","K3","derivative_assisted_guard_nodes_used",254,0,254,0,0,,,,,
"ED1_008_TWO_ROOT_SV_POWER_n2000_depth8_refined","diagnostic","depth8_refined","TWO_ROOT_SV_POWER",2000,2000,"absolute","K3","derivative_assisted_guard_maximum_level",254,0,254,0,0,,,,,
"ED1_008_TWO_ROOT_SV_POWER_n2000_depth8_refined","diagnostic","depth8_refined","TWO_ROOT_SV_POWER",2000,2000,"absolute","K3","derivative_assisted_value_enclosure_nodes_used",254,0,254,0,0,,,,,
"ED1_008_TWO_ROOT_SV_POWER_n2000_depth8_refined","diagnostic","depth8_refined","TWO_ROOT_SV_POWER",2000,2000,"absolute","K3","derivative_assisted_derivative_enclosure_nodes_used",254,0,254,0,0,,,,,
"ED1_008_TWO_ROOT_SV_POWER_n2000_depth8_refined","diagnostic","depth8_refined","TWO_ROOT_SV_POWER",2000,2000,"absolute","K3","derivative_assisted_value_unresolved_cells",254,0,254,0,0,,,,,
"ED1_008_TWO_ROOT_SV_POWER_n2000_depth8_refined","diagnostic","depth8_refined","TWO_ROOT_SV_POWER",2000,2000,"absolute","K3","derivative_assisted_derivative_unresolved_cells",254,0,254,0,0,,,,,
"ED1_008_TWO_ROOT_SV_POWER_n2000_depth8_refined","diagnostic","depth8_refined","TWO_ROOT_SV_POWER",2000,2000,"absolute","K3","derivative_assisted_value_variance_unresolved_cells",254,0,254,0,0,,,,,
"ED1_008_TWO_ROOT_SV_POWER_n2000_depth8_refined","diagnostic","depth8_refined","TWO_ROOT_SV_POWER",2000,2000,"absolute","K3","derivative_assisted_derivative_variance_unresolved_cells",254,0,254,0,0,,,,,
"ED1_008_TWO_ROOT_SV_POWER_n2000_depth8_refined","diagnostic","depth8_refined","TWO_ROOT_SV_POWER",2000,2000,"absolute","K3","derivative_assisted_certificate_count",254,0,254,0,0,,,,,
"ED1_008_TWO_ROOT_SV_POWER_n2000_depth8_refined","diagnostic","depth8_refined","TWO_ROOT_SV_POWER",2000,2000,"absolute","K3","derivative_assisted_covariance_01_min",254,0,254,0,0,,,,,
"ED1_008_TWO_ROOT_SV_POWER_n2000_depth8_refined","diagnostic","depth8_refined","TWO_ROOT_SV_POWER",2000,2000,"absolute","K3","derivative_assisted_covariance_01_max",254,0,254,0,0,,,,,
"ED1_008_TWO_ROOT_SV_POWER_n2000_depth8_refined","diagnostic","depth8_refined","TWO_ROOT_SV_POWER",2000,2000,"absolute","K3","derivative_assisted_correlation_01_min",254,0,254,0,0,,,,,
"ED1_008_TWO_ROOT_SV_POWER_n2000_depth8_refined","diagnostic","depth8_refined","TWO_ROOT_SV_POWER",2000,2000,"absolute","K3","derivative_assisted_correlation_01_max",254,0,254,0,0,,,,,
"ED1_008_TWO_ROOT_SV_POWER_n2000_depth8_refined","diagnostic","depth8_refined","TWO_ROOT_SV_POWER",2000,2000,"absolute","K3","x_ess_ratio_p1",254,254,0,0,0,0.493953512251731,0.00948081179013991,0.477563969242695,0.494479304087128,0.509574322152806
"ED1_008_TWO_ROOT_SV_POWER_n2000_depth8_refined","diagnostic","depth8_refined","TWO_ROOT_SV_POWER",2000,2000,"absolute","K3","y_ess_ratio_p1",254,254,0,0,0,0.398965015913786,0.00253453903375072,0.394616917476647,0.399001240482378,0.402929708778706
"ED1_008_TWO_ROOT_SV_POWER_n2000_depth8_refined","diagnostic","depth8_refined","TWO_ROOT_SV_POWER",2000,2000,"absolute","K3","x_max_share_p1",254,254,0,0,0,0.00236189289732878,5.29080311772198e-05,0.00228035801352477,0.00236123201137329,0.00244889728585319
"ED1_008_TWO_ROOT_SV_POWER_n2000_depth8_refined","diagnostic","depth8_refined","TWO_ROOT_SV_POWER",2000,2000,"absolute","K3","y_max_share_p1",254,254,0,0,0,0.00251315590509555,6.59342461135772e-05,0.00240398611506191,0.00251444791121812,0.00261762074067803
"ED1_008_TWO_ROOT_SV_POWER_n2000_depth8_refined","diagnostic","depth8_refined","TWO_ROOT_SV_POWER",2000,2000,"absolute","K3","x_top1pct_share_p1",254,254,0,0,0,0.0451570320857351,0.000968895302113668,0.0436595378728927,0.0451053697950514,0.046745352985211
"ED1_008_TWO_ROOT_SV_POWER_n2000_depth8_refined","diagnostic","depth8_refined","TWO_ROOT_SV_POWER",2000,2000,"absolute","K3","y_top1pct_share_p1",254,254,0,0,0,0.0498500266770731,0.00128868362040434,0.0477336822635018,0.0499139526744143,0.0518566575838302
"ED1_008_TWO_ROOT_SV_POWER_n2000_depth8_refined","diagnostic","depth8_refined","TWO_ROOT_SV_POWER",2000,2000,"absolute","K3","x_ess_ratio_upper",254,254,0,0,0,0.222574438044288,0.0109501896162687,0.205311519918594,0.222362772838995,0.242061561980582
"ED1_008_TWO_ROOT_SV_POWER_n2000_depth8_refined","diagnostic","depth8_refined","TWO_ROOT_SV_POWER",2000,2000,"absolute","K3","y_ess_ratio_upper",254,254,0,0,0,0.114834783196296,0.00633853827836824,0.105082265021618,0.114411948329858,0.125495714241875
"ED1_008_TWO_ROOT_SV_POWER_n2000_depth8_refined","diagnostic","depth8_refined","TWO_ROOT_SV_POWER",2000,2000,"absolute","K3","x_max_share_upper",254,254,0,0,0,0.00797066790607136,0.000325186008589242,0.0074453149837315,0.00797588960683133,0.00850864240992619
"ED1_008_TWO_ROOT_SV_POWER_n2000_depth8_refined","diagnostic","depth8_refined","TWO_ROOT_SV_POWER",2000,2000,"absolute","K3","y_max_share_upper",254,254,0,0,0,0.00575594044167497,0.000341407438860114,0.00520357382517911,0.00574558780158132,0.00633353634185608
"ED1_008_TWO_ROOT_SV_POWER_n2000_depth8_refined","diagnostic","depth8_refined","TWO_ROOT_SV_POWER",2000,2000,"absolute","K3","x_top1pct_share_upper",254,254,0,0,0,0.142627898857992,0.00461995168114176,0.1354148369945,0.142239454677346,0.150450487607204
"ED1_008_TWO_ROOT_SV_POWER_n2000_depth8_refined","diagnostic","depth8_refined","TWO_ROOT_SV_POWER",2000,2000,"absolute","K3","y_top1pct_share_upper",254,254,0,0,0,0.112769261046457,0.00656175695904483,0.102053011714927,0.112751767596374,0.123557690187282
"ED1_008_TWO_ROOT_SV_POWER_n2000_depth8_refined","diagnostic","depth8_refined","TWO_ROOT_SV_POWER",2000,2000,"absolute","K3","x_count_above_q95",254,254,0,0,0,99.5826771653543,9.98650547582517,84,99,115.35
"ED1_008_TWO_ROOT_SV_POWER_n2000_depth8_refined","diagnostic","depth8_refined","TWO_ROOT_SV_POWER",2000,2000,"absolute","K3","y_count_above_q95",254,254,0,0,0,99.7992125984252,9.08822802891804,85,99.5,115
"ED1_008_TWO_ROOT_SV_POWER_n2000_depth8_refined","diagnostic","depth8_refined","TWO_ROOT_SV_POWER",2000,2000,"absolute","K3","x_count_above_q99",254,254,0,0,0,19.5866141732283,4.18050930582422,13,20,26.35
"ED1_008_TWO_ROOT_SV_POWER_n2000_depth8_refined","diagnostic","depth8_refined","TWO_ROOT_SV_POWER",2000,2000,"absolute","K3","y_count_above_q99",254,254,0,0,0,20.4330708661417,4.04732977153371,14.65,20,28
"ED1_008_TWO_ROOT_SV_POWER_n2000_depth8_refined","diagnostic","depth8_refined","TWO_ROOT_SV_POWER",2000,2000,"absolute","K3","x_latent_high_count",254,254,0,0,0,1002.09448818898,21.1025851481434,968,1003,1034.35
"ED1_008_TWO_ROOT_SV_POWER_n2000_depth8_refined","diagnostic","depth8_refined","TWO_ROOT_SV_POWER",2000,2000,"absolute","K3","y_latent_high_count",254,254,0,0,0,1960.24409448819,6.28973256490864,1950,1960.5,1971
"ED1_008_TWO_ROOT_SV_POWER_n2000_depth8_refined","diagnostic","depth8_refined","TWO_ROOT_SV_POWER",2000,2000,"absolute","K3","elapsed_seconds",254,254,0,0,0,11.4139488188976,2.69246276931893,9.6612,10.8895,14.37
"ED1_008_TWO_ROOT_SV_POWER_n2000_depth8_refined","diagnostic","depth8_refined","TWO_ROOT_SV_POWER",2000,2000,"absolute","K3","peak_r_heap_mb",254,254,0,0,0,237.810236220472,22.0346666669102,215.9,225.5,259.5
"ED1_009_TWO_ROOT_SV_POWER_n4000_depth6_reference","diagnostic","depth6_reference","TWO_ROOT_SV_POWER",4000,4000,"absolute","K3","bootstrap_grid_size",254,254,0,0,0,451,0,451,451,451
"ED1_009_TWO_ROOT_SV_POWER_n4000_depth6_reference","diagnostic","depth6_reference","TWO_ROOT_SV_POWER",4000,4000,"absolute","K3","bootstrap_grid_spacing",254,254,0,0,0,0.00500000000000034,0,0.00500000000000034,0.00500000000000034,0.00500000000000034
"ED1_009_TWO_ROOT_SV_POWER_n4000_depth6_reference","diagnostic","depth6_reference","TWO_ROOT_SV_POWER",4000,4000,"absolute","K3","enclosure_grid_size",254,254,0,0,0,901,0,901,901,901
"ED1_009_TWO_ROOT_SV_POWER_n4000_depth6_reference","diagnostic","depth6_reference","TWO_ROOT_SV_POWER",4000,4000,"absolute","K3","enclosure_grid_spacing",254,254,0,0,0,0.00250000000000039,0,0.00250000000000039,0.00250000000000039,0.00250000000000039
"ED1_009_TWO_ROOT_SV_POWER_n4000_depth6_reference","diagnostic","depth6_reference","TWO_ROOT_SV_POWER",4000,4000,"absolute","K3","configured_guard_maximum_levels",254,254,0,0,0,6,0,6,6,6
"ED1_009_TWO_ROOT_SV_POWER_n4000_depth6_reference","diagnostic","depth6_reference","TWO_ROOT_SV_POWER",4000,4000,"absolute","K3","configured_continuum_enclosure_maximum_levels",254,254,0,0,0,6,0,6,6,6
"ED1_009_TWO_ROOT_SV_POWER_n4000_depth6_reference","diagnostic","depth6_reference","TWO_ROOT_SV_POWER",4000,4000,"absolute","K3","guard_minimum_ratio",254,254,0,0,0,0.0600895412109408,0.000653628369719671,0.0590364725495932,0.0600851896364687,0.0611069615793646
"ED1_009_TWO_ROOT_SV_POWER_n4000_depth6_reference","diagnostic","depth6_reference","TWO_ROOT_SV_POWER",4000,4000,"absolute","K3","guard_nodes_used",254,254,0,0,0,451,0,451,451,451
"ED1_009_TWO_ROOT_SV_POWER_n4000_depth6_reference","diagnostic","depth6_reference","TWO_ROOT_SV_POWER",4000,4000,"absolute","K3","guard_maximum_level",254,254,0,0,0,0,0,0,0,0
"ED1_009_TWO_ROOT_SV_POWER_n4000_depth6_reference","diagnostic","depth6_reference","TWO_ROOT_SV_POWER",4000,4000,"absolute","K3","critical_value",254,254,0,0,0,2.21917163279623,0.0602972393154021,2.1150728388967,2.21732792444998,2.31374724363863
"ED1_009_TWO_ROOT_SV_POWER_n4000_depth6_reference","diagnostic","depth6_reference","TWO_ROOT_SV_POWER",4000,4000,"absolute","K3","maximum_half_width",254,254,0,0,0,390.884025202945,13.5568559905821,371.344347534782,390.999952739527,412.999557086137
"ED1_009_TWO_ROOT_SV_POWER_n4000_depth6_reference","diagnostic","depth6_reference","TWO_ROOT_SV_POWER",4000,4000,"absolute","K3","integrated_half_width",254,254,0,0,0,94.1198653464294,3.22483048413917,89.4211108663511,94.0857646503788,99.4220938620853
"ED1_009_TWO_ROOT_SV_POWER_n4000_depth6_reference","diagnostic","depth6_reference","TWO_ROOT_SV_POWER",4000,4000,"absolute","K3","continuum_truth_nodes_used",254,254,0,0,0,1619.77559055118,1150.93837331313,1047.65,1252.5,3286.15
"ED1_009_TWO_ROOT_SV_POWER_n4000_depth6_reference","diagnostic","depth6_reference","TWO_ROOT_SV_POWER",4000,4000,"absolute","K3","continuum_truth_maximum_level",254,254,0,0,0,2.24409448818898,0.807245209946369,2,2,4
"ED1_009_TWO_ROOT_SV_POWER_n4000_depth6_reference","diagnostic","depth6_reference","TWO_ROOT_SV_POWER",4000,4000,"absolute","K3","continuum_truth_unresolved_cells",254,254,0,0,0,0,0,0,0,0
"ED1_009_TWO_ROOT_SV_POWER_n4000_depth6_reference","diagnostic","depth6_reference","TWO_ROOT_SV_POWER",4000,4000,"absolute","K3","enclosure_nodes_used",254,254,0,0,0,1158.25590551181,170.679603757743,972,1134.5,1444.4
"ED1_009_TWO_ROOT_SV_POWER_n4000_depth6_reference","diagnostic","depth6_reference","TWO_ROOT_SV_POWER",4000,4000,"absolute","K3","enclosure_maximum_level",254,254,0,0,0,5.79133858267717,0.486745036706547,5,6,6
"ED1_009_TWO_ROOT_SV_POWER_n4000_depth6_reference","diagnostic","depth6_reference","TWO_ROOT_SV_POWER",4000,4000,"absolute","K3","enclosure_variance_unresolved_cells",254,254,0,0,0,0,0,0,0,0
"ED1_009_TWO_ROOT_SV_POWER_n4000_depth6_reference","diagnostic","depth6_reference","TWO_ROOT_SV_POWER",4000,4000,"absolute","K3","enclosure_unresolved_cells",254,254,0,0,0,409.90157480315,70.0541444852874,324.65,394.5,519.35
"ED1_009_TWO_ROOT_SV_POWER_n4000_depth6_reference","diagnostic","depth6_reference","TWO_ROOT_SV_POWER",4000,4000,"absolute","K3","enclosure_limit_hit_cells",254,254,0,0,0,11.2795275590551,28.5160764270907,0,5,38
"ED1_009_TWO_ROOT_SV_POWER_n4000_depth6_reference","diagnostic","depth6_reference","TWO_ROOT_SV_POWER",4000,4000,"absolute","K3","enclosure_limit_hit_total_width",254,254,0,0,0,0.000440606545275569,0.00111390923543319,0,0.000195312499999878,0.0014843749999998
"ED1_009_TWO_ROOT_SV_POWER_n4000_depth6_reference","diagnostic","depth6_reference","TWO_ROOT_SV_POWER",4000,4000,"absolute","K3","enclosure_limit_hit_width_proportion",254,254,0,0,0,0.000195825131233586,0.000495070771303641,0,8.68055555555013e-05,0.000659722222222133
"ED1_009_TWO_ROOT_SV_POWER_n4000_depth6_reference","diagnostic","depth6_reference","TWO_ROOT_SV_POWER",4000,4000,"absolute","K3","enclosure_limit_hit_maximum_cell_width",254,254,0,0,0,2.39911417323635e-05,1.90527756160081e-05,0,3.90625000000755e-05,3.90625000001865e-05
"ED1_009_TWO_ROOT_SV_POWER_n4000_depth6_reference","diagnostic","depth6_reference","TWO_ROOT_SV_POWER",4000,4000,"absolute","K3","enclosure_depth_limit_cells",254,254,0,0,0,11.2795275590551,28.5160764270907,0,5,38
"ED1_009_TWO_ROOT_SV_POWER_n4000_depth6_reference","diagnostic","depth6_reference","TWO_ROOT_SV_POWER",4000,4000,"absolute","K3","enclosure_depth_limit_total_width",254,254,0,0,0,0.000440606545275569,0.00111390923543319,0,0.000195312499999878,0.0014843749999998
"ED1_009_TWO_ROOT_SV_POWER_n4000_depth6_reference","diagnostic","depth6_reference","TWO_ROOT_SV_POWER",4000,4000,"absolute","K3","enclosure_depth_limit_width_proportion",254,254,0,0,0,0.000195825131233586,0.000495070771303641,0,8.68055555555013e-05,0.000659722222222133
"ED1_009_TWO_ROOT_SV_POWER_n4000_depth6_reference","diagnostic","depth6_reference","TWO_ROOT_SV_POWER",4000,4000,"absolute","K3","enclosure_depth_limit_maximum_cell_width",254,254,0,0,0,2.39911417323635e-05,1.90527756160081e-05,0,3.90625000000755e-05,3.90625000001865e-05
"ED1_009_TWO_ROOT_SV_POWER_n4000_depth6_reference","diagnostic","depth6_reference","TWO_ROOT_SV_POWER",4000,4000,"absolute","K3","enclosure_node_limit_cells",254,254,0,0,0,0,0,0,0,0
"ED1_009_TWO_ROOT_SV_POWER_n4000_depth6_reference","diagnostic","depth6_reference","TWO_ROOT_SV_POWER",4000,4000,"absolute","K3","enclosure_node_limit_total_width",254,254,0,0,0,0,0,0,0,0
"ED1_009_TWO_ROOT_SV_POWER_n4000_depth6_reference","diagnostic","depth6_reference","TWO_ROOT_SV_POWER",4000,4000,"absolute","K3","enclosure_node_limit_width_proportion",254,254,0,0,0,0,0,0,0,0
"ED1_009_TWO_ROOT_SV_POWER_n4000_depth6_reference","diagnostic","depth6_reference","TWO_ROOT_SV_POWER",4000,4000,"absolute","K3","enclosure_node_limit_maximum_cell_width",254,254,0,0,0,0,0,0,0,0
"ED1_009_TWO_ROOT_SV_POWER_n4000_depth6_reference","diagnostic","depth6_reference","TWO_ROOT_SV_POWER",4000,4000,"absolute","K3","enclosure_variance_limit_cells",254,254,0,0,0,0,0,0,0,0
"ED1_009_TWO_ROOT_SV_POWER_n4000_depth6_reference","diagnostic","depth6_reference","TWO_ROOT_SV_POWER",4000,4000,"absolute","K3","enclosure_variance_limit_total_width",254,254,0,0,0,0,0,0,0,0
"ED1_009_TWO_ROOT_SV_POWER_n4000_depth6_reference","diagnostic","depth6_reference","TWO_ROOT_SV_POWER",4000,4000,"absolute","K3","enclosure_variance_limit_width_proportion",254,254,0,0,0,0,0,0,0,0
"ED1_009_TWO_ROOT_SV_POWER_n4000_depth6_reference","diagnostic","depth6_reference","TWO_ROOT_SV_POWER",4000,4000,"absolute","K3","enclosure_variance_limit_maximum_cell_width",254,254,0,0,0,0,0,0,0,0
"ED1_009_TWO_ROOT_SV_POWER_n4000_depth6_reference","diagnostic","depth6_reference","TWO_ROOT_SV_POWER",4000,4000,"absolute","K3","enclosure_statistical_limit_cells",254,254,0,0,0,11.2795275590551,28.5160764270907,0,5,38
"ED1_009_TWO_ROOT_SV_POWER_n4000_depth6_reference","diagnostic","depth6_reference","TWO_ROOT_SV_POWER",4000,4000,"absolute","K3","enclosure_statistical_limit_total_width",254,254,0,0,0,0.000440606545275569,0.00111390923543319,0,0.000195312499999878,0.0014843749999998
"ED1_009_TWO_ROOT_SV_POWER_n4000_depth6_reference","diagnostic","depth6_reference","TWO_ROOT_SV_POWER",4000,4000,"absolute","K3","enclosure_statistical_limit_width_proportion",254,254,0,0,0,0.000195825131233586,0.000495070771303641,0,8.68055555555013e-05,0.000659722222222133
"ED1_009_TWO_ROOT_SV_POWER_n4000_depth6_reference","diagnostic","depth6_reference","TWO_ROOT_SV_POWER",4000,4000,"absolute","K3","enclosure_statistical_limit_maximum_cell_width",254,254,0,0,0,2.39911417323635e-05,1.90527756160081e-05,0,3.90625000000755e-05,3.90625000001865e-05
"ED1_009_TWO_ROOT_SV_POWER_n4000_depth6_reference","diagnostic","depth6_reference","TWO_ROOT_SV_POWER",4000,4000,"absolute","K3","certified_alternation_count",254,254,0,0,0,1.50393700787402,0.865445721239388,0,2,2
"ED1_009_TWO_ROOT_SV_POWER_n4000_depth6_reference","diagnostic","depth6_reference","TWO_ROOT_SV_POWER",4000,4000,"absolute","K3","bracket_count",254,254,0,0,0,1.50393700787402,0.865445721239388,0,2,2
"ED1_009_TWO_ROOT_SV_POWER_n4000_depth6_reference","diagnostic","depth6_reference","TWO_ROOT_SV_POWER",4000,4000,"absolute","K3","bracket_length",254,191,63,0,0,1.8369109947644,0.0795969282305673,1.735,1.825,1.975
"ED1_009_TWO_ROOT_SV_POWER_n4000_depth6_reference","diagnostic","depth6_reference","TWO_ROOT_SV_POWER",4000,4000,"absolute","K3","numerical_outer_component_count",254,254,0,0,0,1.75196850393701,0.432722860619694,1,2,2
"ED1_009_TWO_ROOT_SV_POWER_n4000_depth6_reference","diagnostic","depth6_reference","TWO_ROOT_SV_POWER",4000,4000,"absolute","K3","numerical_outer_total_length",254,254,0,0,0,0.996995724655512,0.150443888967879,0.805,0.96890625,1.2875
"ED1_009_TWO_ROOT_SV_POWER_n4000_depth6_reference","diagnostic","depth6_reference","TWO_ROOT_SV_POWER",4000,4000,"absolute","K3","numerical_outer_retained_proportion",254,254,0,0,0,0.443109210958005,0.0668639506523908,0.357777777777778,0.430625,0.572222222222222
"ED1_009_TWO_ROOT_SV_POWER_n4000_depth6_reference","diagnostic","depth6_reference","TWO_ROOT_SV_POWER",4000,4000,"absolute","K3","numerical_outer_hausdorff",254,254,0,0,0,0.413431502214567,0.0713210855006288,0.30765234375,0.4025,0.5
"ED1_009_TWO_ROOT_SV_POWER_n4000_depth6_reference","diagnostic","depth6_reference","TWO_ROOT_SV_POWER",4000,4000,"absolute","K3","tangency_local_outer_total_length",254,0,254,0,0,,,,,
"ED1_009_TWO_ROOT_SV_POWER_n4000_depth6_reference","diagnostic","depth6_reference","TWO_ROOT_SV_POWER",4000,4000,"absolute","K3","tangency_scaled_outer_radius",254,0,254,0,0,,,,,
"ED1_009_TWO_ROOT_SV_POWER_n4000_depth6_reference","diagnostic","depth6_reference","TWO_ROOT_SV_POWER",4000,4000,"absolute","K3","tangency_scaled_outer_hausdorff",254,0,254,0,0,,,,,
"ED1_009_TWO_ROOT_SV_POWER_n4000_depth6_reference","diagnostic","depth6_reference","TWO_ROOT_SV_POWER",4000,4000,"absolute","K3","tangency_truncated_local_outer_total_length",254,0,254,0,0,,,,,
"ED1_009_TWO_ROOT_SV_POWER_n4000_depth6_reference","diagnostic","depth6_reference","TWO_ROOT_SV_POWER",4000,4000,"absolute","K3","tangency_truncated_local_scaled_outer_radius",254,0,254,0,0,,,,,
"ED1_009_TWO_ROOT_SV_POWER_n4000_depth6_reference","diagnostic","depth6_reference","TWO_ROOT_SV_POWER",4000,4000,"absolute","K3","tangency_truncated_local_scaled_outer_hausdorff",254,0,254,0,0,,,,,
"ED1_009_TWO_ROOT_SV_POWER_n4000_depth6_reference","diagnostic","depth6_reference","TWO_ROOT_SV_POWER",4000,4000,"absolute","K3","tangency_global_outer_component_count_conditional_on_continuum_band_coverage",254,0,254,0,0,,,,,
"ED1_009_TWO_ROOT_SV_POWER_n4000_depth6_reference","diagnostic","depth6_reference","TWO_ROOT_SV_POWER",4000,4000,"absolute","K3","tangency_global_outer_total_length_conditional_on_continuum_band_coverage",254,0,254,0,0,,,,,
"ED1_009_TWO_ROOT_SV_POWER_n4000_depth6_reference","diagnostic","depth6_reference","TWO_ROOT_SV_POWER",4000,4000,"absolute","K3","tangency_global_outer_hausdorff_conditional_on_continuum_band_coverage",254,0,254,0,0,,,,,
"ED1_009_TWO_ROOT_SV_POWER_n4000_depth6_reference","diagnostic","depth6_reference","TWO_ROOT_SV_POWER",4000,4000,"absolute","K3","tangency_global_outer_left_radius_conditional_on_continuum_band_coverage",254,0,254,0,0,,,,,
"ED1_009_TWO_ROOT_SV_POWER_n4000_depth6_reference","diagnostic","depth6_reference","TWO_ROOT_SV_POWER",4000,4000,"absolute","K3","tangency_global_outer_right_radius_conditional_on_continuum_band_coverage",254,0,254,0,0,,,,,
"ED1_009_TWO_ROOT_SV_POWER_n4000_depth6_reference","diagnostic","depth6_reference","TWO_ROOT_SV_POWER",4000,4000,"absolute","K3","tangency_global_scaled_outer_total_length_conditional_on_continuum_band_coverage",254,0,254,0,0,,,,,
"ED1_009_TWO_ROOT_SV_POWER_n4000_depth6_reference","diagnostic","depth6_reference","TWO_ROOT_SV_POWER",4000,4000,"absolute","K3","tangency_global_scaled_outer_hausdorff_conditional_on_continuum_band_coverage",254,0,254,0,0,,,,,
"ED1_009_TWO_ROOT_SV_POWER_n4000_depth6_reference","diagnostic","depth6_reference","TWO_ROOT_SV_POWER",4000,4000,"absolute","K3","tangency_global_scaled_outer_left_radius_conditional_on_continuum_band_coverage",254,0,254,0,0,,,,,
"ED1_009_TWO_ROOT_SV_POWER_n4000_depth6_reference","diagnostic","depth6_reference","TWO_ROOT_SV_POWER",4000,4000,"absolute","K3","tangency_global_scaled_outer_right_radius_conditional_on_continuum_band_coverage",254,0,254,0,0,,,,,
"ED1_009_TWO_ROOT_SV_POWER_n4000_depth6_reference","diagnostic","depth6_reference","TWO_ROOT_SV_POWER",4000,4000,"absolute","K3","tangency_global_root_component_left_conditional_on_continuum_band_coverage",254,0,254,0,0,,,,,
"ED1_009_TWO_ROOT_SV_POWER_n4000_depth6_reference","diagnostic","depth6_reference","TWO_ROOT_SV_POWER",4000,4000,"absolute","K3","tangency_global_root_component_right_conditional_on_continuum_band_coverage",254,0,254,0,0,,,,,
"ED1_009_TWO_ROOT_SV_POWER_n4000_depth6_reference","diagnostic","depth6_reference","TWO_ROOT_SV_POWER",4000,4000,"absolute","K3","tangency_global_root_component_length_conditional_on_continuum_band_coverage",254,0,254,0,0,,,,,
"ED1_009_TWO_ROOT_SV_POWER_n4000_depth6_reference","diagnostic","depth6_reference","TWO_ROOT_SV_POWER",4000,4000,"absolute","K3","tangency_global_root_component_left_radius_conditional_on_continuum_band_coverage",254,0,254,0,0,,,,,
"ED1_009_TWO_ROOT_SV_POWER_n4000_depth6_reference","diagnostic","depth6_reference","TWO_ROOT_SV_POWER",4000,4000,"absolute","K3","tangency_global_root_component_right_radius_conditional_on_continuum_band_coverage",254,0,254,0,0,,,,,
"ED1_009_TWO_ROOT_SV_POWER_n4000_depth6_reference","diagnostic","depth6_reference","TWO_ROOT_SV_POWER",4000,4000,"absolute","K3","tangency_global_scaled_root_component_length_conditional_on_continuum_band_coverage",254,0,254,0,0,,,,,
"ED1_009_TWO_ROOT_SV_POWER_n4000_depth6_reference","diagnostic","depth6_reference","TWO_ROOT_SV_POWER",4000,4000,"absolute","K3","tangency_global_scaled_root_component_left_radius_conditional_on_continuum_band_coverage",254,0,254,0,0,,,,,
"ED1_009_TWO_ROOT_SV_POWER_n4000_depth6_reference","diagnostic","depth6_reference","TWO_ROOT_SV_POWER",4000,4000,"absolute","K3","tangency_global_scaled_root_component_right_radius_conditional_on_continuum_band_coverage",254,0,254,0,0,,,,,
"ED1_009_TWO_ROOT_SV_POWER_n4000_depth6_reference","diagnostic","depth6_reference","TWO_ROOT_SV_POWER",4000,4000,"absolute","K3","empirical_root_count",254,254,0,0,0,1.98425196850394,0.153187578754438,2,2,2
"ED1_009_TWO_ROOT_SV_POWER_n4000_depth6_reference","diagnostic","depth6_reference","TWO_ROOT_SV_POWER",4000,4000,"absolute","K3","root_isolation_maximum_bisections",254,254,0,0,0,21.9133858267717,1.38040277130395,22,22,22
"ED1_009_TWO_ROOT_SV_POWER_n4000_depth6_reference","diagnostic","depth6_reference","TWO_ROOT_SV_POWER",4000,4000,"absolute","K3","root_error_conditional_on_isolation",254,0,254,0,0,,,,,
"ED1_009_TWO_ROOT_SV_POWER_n4000_depth6_reference","diagnostic","depth6_reference","TWO_ROOT_SV_POWER",4000,4000,"absolute","K3","derivative_hat",254,0,254,0,0,,,,,
"ED1_009_TWO_ROOT_SV_POWER_n4000_depth6_reference","diagnostic","depth6_reference","TWO_ROOT_SV_POWER",4000,4000,"absolute","K3","variance_at_root_hat",254,0,254,0,0,,,,,
"ED1_009_TWO_ROOT_SV_POWER_n4000_depth6_reference","diagnostic","depth6_reference","TWO_ROOT_SV_POWER",4000,4000,"absolute","K3","root_standard_error",254,0,254,0,0,,,,,
"ED1_009_TWO_ROOT_SV_POWER_n4000_depth6_reference","diagnostic","depth6_reference","TWO_ROOT_SV_POWER",4000,4000,"absolute","K3","wald_length",254,0,254,0,0,,,,,
"ED1_009_TWO_ROOT_SV_POWER_n4000_depth6_reference","diagnostic","depth6_reference","TWO_ROOT_SV_POWER",4000,4000,"absolute","K3","wald_collection_bias_conditional_on_isolation",254,251,3,0,0,0.00459847282723368,0.0333749869974102,-0.0489470267683267,0.00527393691241745,0.0663494897007944
"ED1_009_TWO_ROOT_SV_POWER_n4000_depth6_reference","diagnostic","depth6_reference","TWO_ROOT_SV_POWER",4000,4000,"absolute","K3","wald_collection_rmse_conditional_on_isolation",254,251,3,0,0,0.0808516515799691,0.0605640013055112,0.0136367239444481,0.0661052954827361,0.19635085311219
"ED1_009_TWO_ROOT_SV_POWER_n4000_depth6_reference","diagnostic","depth6_reference","TWO_ROOT_SV_POWER",4000,4000,"absolute","K3","wald_collection_total_length",254,251,3,0,0,0.820662161110229,0.147522673013604,0.686697515450605,0.783745251297727,1.10333804910922
"ED1_009_TWO_ROOT_SV_POWER_n4000_depth6_reference","diagnostic","depth6_reference","TWO_ROOT_SV_POWER",4000,4000,"absolute","K3","root_multiplier_critical_value",254,251,3,0,0,2.09601728047919,0.0640233685054954,1.98650149934703,2.09907444910568,2.19825097235645
"ED1_009_TWO_ROOT_SV_POWER_n4000_depth6_reference","diagnostic","depth6_reference","TWO_ROOT_SV_POWER",4000,4000,"absolute","K3","root_multiplier_total_length",254,251,3,0,0,0.876145336608659,0.149130869854171,0.735532619787557,0.833178404937895,1.15796737677045
"ED1_009_TWO_ROOT_SV_POWER_n4000_depth6_reference","diagnostic","depth6_reference","TWO_ROOT_SV_POWER",4000,4000,"absolute","K3","derivative_assisted_critical_value",254,0,254,0,0,,,,,
"ED1_009_TWO_ROOT_SV_POWER_n4000_depth6_reference","diagnostic","depth6_reference","TWO_ROOT_SV_POWER",4000,4000,"absolute","K3","derivative_assisted_critical_value_ratio",254,0,254,0,0,,,,,
"ED1_009_TWO_ROOT_SV_POWER_n4000_depth6_reference","diagnostic","depth6_reference","TWO_ROOT_SV_POWER",4000,4000,"absolute","K3","derivative_assisted_value_maximum_half_width",254,0,254,0,0,,,,,
"ED1_009_TWO_ROOT_SV_POWER_n4000_depth6_reference","diagnostic","depth6_reference","TWO_ROOT_SV_POWER",4000,4000,"absolute","K3","derivative_assisted_derivative_maximum_half_width",254,0,254,0,0,,,,,
"ED1_009_TWO_ROOT_SV_POWER_n4000_depth6_reference","diagnostic","depth6_reference","TWO_ROOT_SV_POWER",4000,4000,"absolute","K3","derivative_assisted_value_width_inflation",254,0,254,0,0,,,,,
"ED1_009_TWO_ROOT_SV_POWER_n4000_depth6_reference","diagnostic","depth6_reference","TWO_ROOT_SV_POWER",4000,4000,"absolute","K3","derivative_assisted_guard_minimum_ratio",254,0,254,0,0,,,,,
"ED1_009_TWO_ROOT_SV_POWER_n4000_depth6_reference","diagnostic","depth6_reference","TWO_ROOT_SV_POWER",4000,4000,"absolute","K3","derivative_assisted_guard_minimum_ratio_d0",254,0,254,0,0,,,,,
"ED1_009_TWO_ROOT_SV_POWER_n4000_depth6_reference","diagnostic","depth6_reference","TWO_ROOT_SV_POWER",4000,4000,"absolute","K3","derivative_assisted_guard_minimum_ratio_d1",254,0,254,0,0,,,,,
"ED1_009_TWO_ROOT_SV_POWER_n4000_depth6_reference","diagnostic","depth6_reference","TWO_ROOT_SV_POWER",4000,4000,"absolute","K3","derivative_assisted_guard_nodes_used",254,0,254,0,0,,,,,
"ED1_009_TWO_ROOT_SV_POWER_n4000_depth6_reference","diagnostic","depth6_reference","TWO_ROOT_SV_POWER",4000,4000,"absolute","K3","derivative_assisted_guard_maximum_level",254,0,254,0,0,,,,,
"ED1_009_TWO_ROOT_SV_POWER_n4000_depth6_reference","diagnostic","depth6_reference","TWO_ROOT_SV_POWER",4000,4000,"absolute","K3","derivative_assisted_value_enclosure_nodes_used",254,0,254,0,0,,,,,
"ED1_009_TWO_ROOT_SV_POWER_n4000_depth6_reference","diagnostic","depth6_reference","TWO_ROOT_SV_POWER",4000,4000,"absolute","K3","derivative_assisted_derivative_enclosure_nodes_used",254,0,254,0,0,,,,,
"ED1_009_TWO_ROOT_SV_POWER_n4000_depth6_reference","diagnostic","depth6_reference","TWO_ROOT_SV_POWER",4000,4000,"absolute","K3","derivative_assisted_value_unresolved_cells",254,0,254,0,0,,,,,
"ED1_009_TWO_ROOT_SV_POWER_n4000_depth6_reference","diagnostic","depth6_reference","TWO_ROOT_SV_POWER",4000,4000,"absolute","K3","derivative_assisted_derivative_unresolved_cells",254,0,254,0,0,,,,,
"ED1_009_TWO_ROOT_SV_POWER_n4000_depth6_reference","diagnostic","depth6_reference","TWO_ROOT_SV_POWER",4000,4000,"absolute","K3","derivative_assisted_value_variance_unresolved_cells",254,0,254,0,0,,,,,
"ED1_009_TWO_ROOT_SV_POWER_n4000_depth6_reference","diagnostic","depth6_reference","TWO_ROOT_SV_POWER",4000,4000,"absolute","K3","derivative_assisted_derivative_variance_unresolved_cells",254,0,254,0,0,,,,,
"ED1_009_TWO_ROOT_SV_POWER_n4000_depth6_reference","diagnostic","depth6_reference","TWO_ROOT_SV_POWER",4000,4000,"absolute","K3","derivative_assisted_certificate_count",254,0,254,0,0,,,,,
"ED1_009_TWO_ROOT_SV_POWER_n4000_depth6_reference","diagnostic","depth6_reference","TWO_ROOT_SV_POWER",4000,4000,"absolute","K3","derivative_assisted_covariance_01_min",254,0,254,0,0,,,,,
"ED1_009_TWO_ROOT_SV_POWER_n4000_depth6_reference","diagnostic","depth6_reference","TWO_ROOT_SV_POWER",4000,4000,"absolute","K3","derivative_assisted_covariance_01_max",254,0,254,0,0,,,,,
"ED1_009_TWO_ROOT_SV_POWER_n4000_depth6_reference","diagnostic","depth6_reference","TWO_ROOT_SV_POWER",4000,4000,"absolute","K3","derivative_assisted_correlation_01_min",254,0,254,0,0,,,,,
"ED1_009_TWO_ROOT_SV_POWER_n4000_depth6_reference","diagnostic","depth6_reference","TWO_ROOT_SV_POWER",4000,4000,"absolute","K3","derivative_assisted_correlation_01_max",254,0,254,0,0,,,,,
"ED1_009_TWO_ROOT_SV_POWER_n4000_depth6_reference","diagnostic","depth6_reference","TWO_ROOT_SV_POWER",4000,4000,"absolute","K3","x_ess_ratio_p1",254,254,0,0,0,0.492246454561685,0.00701813146610185,0.480720965989396,0.492662266735643,0.503647092721512
"ED1_009_TWO_ROOT_SV_POWER_n4000_depth6_reference","diagnostic","depth6_reference","TWO_ROOT_SV_POWER",4000,4000,"absolute","K3","y_ess_ratio_p1",254,254,0,0,0,0.398627749479386,0.00178421541604399,0.395876716097679,0.398517960473699,0.401462732428213
"ED1_009_TWO_ROOT_SV_POWER_n4000_depth6_reference","diagnostic","depth6_reference","TWO_ROOT_SV_POWER",4000,4000,"absolute","K3","x_max_share_p1",254,254,0,0,0,0.00118542223296453,2.05014463246917e-05,0.00115440581251599,0.00118571121961844,0.00121833467981947
"ED1_009_TWO_ROOT_SV_POWER_n4000_depth6_reference","diagnostic","depth6_reference","TWO_ROOT_SV_POWER",4000,4000,"absolute","K3","y_max_share_p1",254,254,0,0,0,0.00126090760344702,2.36142899231946e-05,0.00122204750835353,0.00126167238822739,0.00129879958178742
"ED1_009_TWO_ROOT_SV_POWER_n4000_depth6_reference","diagnostic","depth6_reference","TWO_ROOT_SV_POWER",4000,4000,"absolute","K3","x_top1pct_share_p1",254,254,0,0,0,0.0453548580957532,0.000714039993268818,0.0441125298366229,0.0453303139572029,0.0464047030399227
"ED1_009_TWO_ROOT_SV_POWER_n4000_depth6_reference","diagnostic","depth6_reference","TWO_ROOT_SV_POWER",4000,4000,"absolute","K3","y_top1pct_share_p1",254,254,0,0,0,0.049999073239199,0.000916847964682692,0.0484896499283504,0.0500324493165006,0.0514793488239812
"ED1_009_TWO_ROOT_SV_POWER_n4000_depth6_reference","diagnostic","depth6_reference","TWO_ROOT_SV_POWER",4000,4000,"absolute","K3","x_ess_ratio_upper",254,254,0,0,0,0.219549214154115,0.00722253504590633,0.208040680665159,0.218937786139509,0.231746702314335
"ED1_009_TWO_ROOT_SV_POWER_n4000_depth6_reference","diagnostic","depth6_reference","TWO_ROOT_SV_POWER",4000,4000,"absolute","K3","y_ess_ratio_upper",254,254,0,0,0,0.114062862902254,0.00452129071306661,0.107202017564732,0.113784615824066,0.121623803394666
"ED1_009_TWO_ROOT_SV_POWER_n4000_depth6_reference","diagnostic","depth6_reference","TWO_ROOT_SV_POWER",4000,4000,"absolute","K3","x_max_share_upper",254,254,0,0,0,0.00399941428256541,0.00012422499890478,0.00380883493414692,0.00399291865598066,0.00420065812330508
"ED1_009_TWO_ROOT_SV_POWER_n4000_depth6_reference","diagnostic","depth6_reference","TWO_ROOT_SV_POWER",4000,4000,"absolute","K3","y_max_share_upper",254,254,0,0,0,0.00289520262192182,0.000123529397968045,0.00268931095395731,0.00289318797773331,0.00310299966713869
"ED1_009_TWO_ROOT_SV_POWER_n4000_depth6_reference","diagnostic","depth6_reference","TWO_ROOT_SV_POWER",4000,4000,"absolute","K3","x_top1pct_share_upper",254,254,0,0,0,0.143333172361409,0.00333651251226144,0.137327506455109,0.14336583291056,0.148749248562973
"ED1_009_TWO_ROOT_SV_POWER_n4000_depth6_reference","diagnostic","depth6_reference","TWO_ROOT_SV_POWER",4000,4000,"absolute","K3","y_top1pct_share_upper",254,254,0,0,0,0.113317213067108,0.00470791876895198,0.105497315568929,0.113187299574304,0.121378399792829
"ED1_009_TWO_ROOT_SV_POWER_n4000_depth6_reference","diagnostic","depth6_reference","TWO_ROOT_SV_POWER",4000,4000,"absolute","K3","x_count_above_q95",254,254,0,0,0,199.984251968504,14.0802242683184,177,199,224.35
"ED1_009_TWO_ROOT_SV_POWER_n4000_depth6_reference","diagnostic","depth6_reference","TWO_ROOT_SV_POWER",4000,4000,"absolute","K3","y_count_above_q95",254,254,0,0,0,199.007874015748,12.8290653592524,178,200,220
"ED1_009_TWO_ROOT_SV_POWER_n4000_depth6_reference","diagnostic","depth6_reference","TWO_ROOT_SV_POWER",4000,4000,"absolute","K3","x_count_above_q99",254,254,0,0,0,40.4291338582677,6.06493987517774,31,41,51
"ED1_009_TWO_ROOT_SV_POWER_n4000_depth6_reference","diagnostic","depth6_reference","TWO_ROOT_SV_POWER",4000,4000,"absolute","K3","y_count_above_q99",254,254,0,0,0,39.988188976378,5.88323959818741,31,40,50
"ED1_009_TWO_ROOT_SV_POWER_n4000_depth6_reference","diagnostic","depth6_reference","TWO_ROOT_SV_POWER",4000,4000,"absolute","K3","x_latent_high_count",254,254,0,0,0,1999.37795275591,32.5607802913801,1947.65,2000,2049
"ED1_009_TWO_ROOT_SV_POWER_n4000_depth6_reference","diagnostic","depth6_reference","TWO_ROOT_SV_POWER",4000,4000,"absolute","K3","y_latent_high_count",254,254,0,0,0,3920.61417322835,9.76283769744393,3901,3921,3935.7
"ED1_009_TWO_ROOT_SV_POWER_n4000_depth6_reference","diagnostic","depth6_reference","TWO_ROOT_SV_POWER",4000,4000,"absolute","K3","elapsed_seconds",254,254,0,0,0,16.1574251968504,3.94697798946524,13.5425,15.267,21.18855
"ED1_009_TWO_ROOT_SV_POWER_n4000_depth6_reference","diagnostic","depth6_reference","TWO_ROOT_SV_POWER",4000,4000,"absolute","K3","peak_r_heap_mb",254,254,0,0,0,383.414173228346,5.99745959934393,378,387.8,388
"ED1_010_TWO_ROOT_SV_POWER_n4000_depth8_refined","diagnostic","depth8_refined","TWO_ROOT_SV_POWER",4000,4000,"absolute","K3","bootstrap_grid_size",254,254,0,0,0,451,0,451,451,451
"ED1_010_TWO_ROOT_SV_POWER_n4000_depth8_refined","diagnostic","depth8_refined","TWO_ROOT_SV_POWER",4000,4000,"absolute","K3","bootstrap_grid_spacing",254,254,0,0,0,0.00500000000000034,0,0.00500000000000034,0.00500000000000034,0.00500000000000034
"ED1_010_TWO_ROOT_SV_POWER_n4000_depth8_refined","diagnostic","depth8_refined","TWO_ROOT_SV_POWER",4000,4000,"absolute","K3","enclosure_grid_size",254,254,0,0,0,901,0,901,901,901
"ED1_010_TWO_ROOT_SV_POWER_n4000_depth8_refined","diagnostic","depth8_refined","TWO_ROOT_SV_POWER",4000,4000,"absolute","K3","enclosure_grid_spacing",254,254,0,0,0,0.00250000000000039,0,0.00250000000000039,0.00250000000000039,0.00250000000000039
"ED1_010_TWO_ROOT_SV_POWER_n4000_depth8_refined","diagnostic","depth8_refined","TWO_ROOT_SV_POWER",4000,4000,"absolute","K3","configured_guard_maximum_levels",254,254,0,0,0,6,0,6,6,6
"ED1_010_TWO_ROOT_SV_POWER_n4000_depth8_refined","diagnostic","depth8_refined","TWO_ROOT_SV_POWER",4000,4000,"absolute","K3","configured_continuum_enclosure_maximum_levels",254,254,0,0,0,8,0,8,8,8
"ED1_010_TWO_ROOT_SV_POWER_n4000_depth8_refined","diagnostic","depth8_refined","TWO_ROOT_SV_POWER",4000,4000,"absolute","K3","guard_minimum_ratio",254,254,0,0,0,0.0600895412109408,0.000653628369719671,0.0590364725495932,0.0600851896364687,0.0611069615793646
"ED1_010_TWO_ROOT_SV_POWER_n4000_depth8_refined","diagnostic","depth8_refined","TWO_ROOT_SV_POWER",4000,4000,"absolute","K3","guard_nodes_used",254,254,0,0,0,451,0,451,451,451
"ED1_010_TWO_ROOT_SV_POWER_n4000_depth8_refined","diagnostic","depth8_refined","TWO_ROOT_SV_POWER",4000,4000,"absolute","K3","guard_maximum_level",254,254,0,0,0,0,0,0,0,0
"ED1_010_TWO_ROOT_SV_POWER_n4000_depth8_refined","diagnostic","depth8_refined","TWO_ROOT_SV_POWER",4000,4000,"absolute","K3","critical_value",254,254,0,0,0,2.21917163279623,0.0602972393154021,2.1150728388967,2.21732792444998,2.31374724363863
"ED1_010_TWO_ROOT_SV_POWER_n4000_depth8_refined","diagnostic","depth8_refined","TWO_ROOT_SV_POWER",4000,4000,"absolute","K3","maximum_half_width",254,254,0,0,0,390.884025202945,13.5568559905821,371.344347534782,390.999952739527,412.999557086137
"ED1_010_TWO_ROOT_SV_POWER_n4000_depth8_refined","diagnostic","depth8_refined","TWO_ROOT_SV_POWER",4000,4000,"absolute","K3","integrated_half_width",254,254,0,0,0,94.1198653464294,3.22483048413917,89.4211108663511,94.0857646503788,99.4220938620853
"ED1_010_TWO_ROOT_SV_POWER_n4000_depth8_refined","diagnostic","depth8_refined","TWO_ROOT_SV_POWER",4000,4000,"absolute","K3","continuum_truth_nodes_used",254,254,0,0,0,1619.77559055118,1150.93837331313,1047.65,1252.5,3286.15
"ED1_010_TWO_ROOT_SV_POWER_n4000_depth8_refined","diagnostic","depth8_refined","TWO_ROOT_SV_POWER",4000,4000,"absolute","K3","continuum_truth_maximum_level",254,254,0,0,0,2.24409448818898,0.807245209946369,2,2,4
"ED1_010_TWO_ROOT_SV_POWER_n4000_depth8_refined","diagnostic","depth8_refined","TWO_ROOT_SV_POWER",4000,4000,"absolute","K3","continuum_truth_unresolved_cells",254,254,0,0,0,0,0,0,0,0
"ED1_010_TWO_ROOT_SV_POWER_n4000_depth8_refined","diagnostic","depth8_refined","TWO_ROOT_SV_POWER",4000,4000,"absolute","K3","enclosure_nodes_used",254,254,0,0,0,1175.76771653543,208.066207303451,972,1141.5,1481.5
"ED1_010_TWO_ROOT_SV_POWER_n4000_depth8_refined","diagnostic","depth8_refined","TWO_ROOT_SV_POWER",4000,4000,"absolute","K3","enclosure_maximum_level",254,254,0,0,0,6.75984251968504,1.17676852644233,5,7,8
"ED1_010_TWO_ROOT_SV_POWER_n4000_depth8_refined","diagnostic","depth8_refined","TWO_ROOT_SV_POWER",4000,4000,"absolute","K3","enclosure_variance_unresolved_cells",254,254,0,0,0,0,0,0,0,0
"ED1_010_TWO_ROOT_SV_POWER_n4000_depth8_refined","diagnostic","depth8_refined","TWO_ROOT_SV_POWER",4000,4000,"absolute","K3","enclosure_unresolved_cells",254,254,0,0,0,401.866141732283,62.2412572656076,322.65,389,516
"ED1_010_TWO_ROOT_SV_POWER_n4000_depth8_refined","diagnostic","depth8_refined","TWO_ROOT_SV_POWER",4000,4000,"absolute","K3","enclosure_limit_hit_cells",254,254,0,0,0,3.24409448818898,10.9891909058738,0,0,15.35
"ED1_010_TWO_ROOT_SV_POWER_n4000_depth8_refined","diagnostic","depth8_refined","TWO_ROOT_SV_POWER",4000,4000,"absolute","K3","enclosure_limit_hit_total_width",254,254,0,0,0,3.16806102362231e-05,0.000107316317440175,0,0,0.000149902343750013
"ED1_010_TWO_ROOT_SV_POWER_n4000_depth8_refined","diagnostic","depth8_refined","TWO_ROOT_SV_POWER",4000,4000,"absolute","K3","enclosure_limit_hit_width_proportion",254,254,0,0,0,1.40802712160992e-05,4.76961410845223e-05,0,0,6.66232638888949e-05
"ED1_010_TWO_ROOT_SV_POWER_n4000_depth8_refined","diagnostic","depth8_refined","TWO_ROOT_SV_POWER",4000,4000,"absolute","K3","enclosure_limit_hit_maximum_cell_width",254,254,0,0,0,2.38373523624234e-06,4.20309671645645e-06,0,0,9.76562500021316e-06
"ED1_010_TWO_ROOT_SV_POWER_n4000_depth8_refined","diagnostic","depth8_refined","TWO_ROOT_SV_POWER",4000,4000,"absolute","K3","enclosure_depth_limit_cells",254,254,0,0,0,3.24409448818898,10.9891909058738,0,0,15.35
"ED1_010_TWO_ROOT_SV_POWER_n4000_depth8_refined","diagnostic","depth8_refined","TWO_ROOT_SV_POWER",4000,4000,"absolute","K3","enclosure_depth_limit_total_width",254,254,0,0,0,3.16806102362231e-05,0.000107316317440175,0,0,0.000149902343750013
"ED1_010_TWO_ROOT_SV_POWER_n4000_depth8_refined","diagnostic","depth8_refined","TWO_ROOT_SV_POWER",4000,4000,"absolute","K3","enclosure_depth_limit_width_proportion",254,254,0,0,0,1.40802712160992e-05,4.76961410845223e-05,0,0,6.66232638888949e-05
"ED1_010_TWO_ROOT_SV_POWER_n4000_depth8_refined","diagnostic","depth8_refined","TWO_ROOT_SV_POWER",4000,4000,"absolute","K3","enclosure_depth_limit_maximum_cell_width",254,254,0,0,0,2.38373523624234e-06,4.20309671645645e-06,0,0,9.76562500021316e-06
"ED1_010_TWO_ROOT_SV_POWER_n4000_depth8_refined","diagnostic","depth8_refined","TWO_ROOT_SV_POWER",4000,4000,"absolute","K3","enclosure_node_limit_cells",254,254,0,0,0,0,0,0,0,0
"ED1_010_TWO_ROOT_SV_POWER_n4000_depth8_refined","diagnostic","depth8_refined","TWO_ROOT_SV_POWER",4000,4000,"absolute","K3","enclosure_node_limit_total_width",254,254,0,0,0,0,0,0,0,0
"ED1_010_TWO_ROOT_SV_POWER_n4000_depth8_refined","diagnostic","depth8_refined","TWO_ROOT_SV_POWER",4000,4000,"absolute","K3","enclosure_node_limit_width_proportion",254,254,0,0,0,0,0,0,0,0
"ED1_010_TWO_ROOT_SV_POWER_n4000_depth8_refined","diagnostic","depth8_refined","TWO_ROOT_SV_POWER",4000,4000,"absolute","K3","enclosure_node_limit_maximum_cell_width",254,254,0,0,0,0,0,0,0,0
"ED1_010_TWO_ROOT_SV_POWER_n4000_depth8_refined","diagnostic","depth8_refined","TWO_ROOT_SV_POWER",4000,4000,"absolute","K3","enclosure_variance_limit_cells",254,254,0,0,0,0,0,0,0,0
"ED1_010_TWO_ROOT_SV_POWER_n4000_depth8_refined","diagnostic","depth8_refined","TWO_ROOT_SV_POWER",4000,4000,"absolute","K3","enclosure_variance_limit_total_width",254,254,0,0,0,0,0,0,0,0
"ED1_010_TWO_ROOT_SV_POWER_n4000_depth8_refined","diagnostic","depth8_refined","TWO_ROOT_SV_POWER",4000,4000,"absolute","K3","enclosure_variance_limit_width_proportion",254,254,0,0,0,0,0,0,0,0
"ED1_010_TWO_ROOT_SV_POWER_n4000_depth8_refined","diagnostic","depth8_refined","TWO_ROOT_SV_POWER",4000,4000,"absolute","K3","enclosure_variance_limit_maximum_cell_width",254,254,0,0,0,0,0,0,0,0
"ED1_010_TWO_ROOT_SV_POWER_n4000_depth8_refined","diagnostic","depth8_refined","TWO_ROOT_SV_POWER",4000,4000,"absolute","K3","enclosure_statistical_limit_cells",254,254,0,0,0,3.24409448818898,10.9891909058738,0,0,15.35
"ED1_010_TWO_ROOT_SV_POWER_n4000_depth8_refined","diagnostic","depth8_refined","TWO_ROOT_SV_POWER",4000,4000,"absolute","K3","enclosure_statistical_limit_total_width",254,254,0,0,0,3.16806102362231e-05,0.000107316317440175,0,0,0.000149902343750013
"ED1_010_TWO_ROOT_SV_POWER_n4000_depth8_refined","diagnostic","depth8_refined","TWO_ROOT_SV_POWER",4000,4000,"absolute","K3","enclosure_statistical_limit_width_proportion",254,254,0,0,0,1.40802712160992e-05,4.76961410845223e-05,0,0,6.66232638888949e-05
"ED1_010_TWO_ROOT_SV_POWER_n4000_depth8_refined","diagnostic","depth8_refined","TWO_ROOT_SV_POWER",4000,4000,"absolute","K3","enclosure_statistical_limit_maximum_cell_width",254,254,0,0,0,2.38373523624234e-06,4.20309671645645e-06,0,0,9.76562500021316e-06
"ED1_010_TWO_ROOT_SV_POWER_n4000_depth8_refined","diagnostic","depth8_refined","TWO_ROOT_SV_POWER",4000,4000,"absolute","K3","certified_alternation_count",254,254,0,0,0,1.50393700787402,0.865445721239388,0,2,2
"ED1_010_TWO_ROOT_SV_POWER_n4000_depth8_refined","diagnostic","depth8_refined","TWO_ROOT_SV_POWER",4000,4000,"absolute","K3","bracket_count",254,254,0,0,0,1.50393700787402,0.865445721239388,0,2,2
"ED1_010_TWO_ROOT_SV_POWER_n4000_depth8_refined","diagnostic","depth8_refined","TWO_ROOT_SV_POWER",4000,4000,"absolute","K3","bracket_length",254,191,63,0,0,1.8369109947644,0.0795969282305673,1.735,1.825,1.975
"ED1_010_TWO_ROOT_SV_POWER_n4000_depth8_refined","diagnostic","depth8_refined","TWO_ROOT_SV_POWER",4000,4000,"absolute","K3","numerical_outer_component_count",254,254,0,0,0,1.75196850393701,0.432722860619694,1,2,2
"ED1_010_TWO_ROOT_SV_POWER_n4000_depth8_refined","diagnostic","depth8_refined","TWO_ROOT_SV_POWER",4000,4000,"absolute","K3","numerical_outer_total_length",254,254,0,0,0,0.996586798720473,0.150295010573658,0.805,0.96875,1.2875
"ED1_010_TWO_ROOT_SV_POWER_n4000_depth8_refined","diagnostic","depth8_refined","TWO_ROOT_SV_POWER",4000,4000,"absolute","K3","numerical_outer_retained_proportion",254,254,0,0,0,0.442927466097988,0.0667977824771813,0.357777777777778,0.430555555555556,0.572222222222222
"ED1_010_TWO_ROOT_SV_POWER_n4000_depth8_refined","diagnostic","depth8_refined","TWO_ROOT_SV_POWER",4000,4000,"absolute","K3","numerical_outer_hausdorff",254,254,0,0,0,0.413333346149114,0.0713513684510304,0.3075,0.4025,0.5
"ED1_010_TWO_ROOT_SV_POWER_n4000_depth8_refined","diagnostic","depth8_refined","TWO_ROOT_SV_POWER",4000,4000,"absolute","K3","tangency_local_outer_total_length",254,0,254,0,0,,,,,
"ED1_010_TWO_ROOT_SV_POWER_n4000_depth8_refined","diagnostic","depth8_refined","TWO_ROOT_SV_POWER",4000,4000,"absolute","K3","tangency_scaled_outer_radius",254,0,254,0,0,,,,,
"ED1_010_TWO_ROOT_SV_POWER_n4000_depth8_refined","diagnostic","depth8_refined","TWO_ROOT_SV_POWER",4000,4000,"absolute","K3","tangency_scaled_outer_hausdorff",254,0,254,0,0,,,,,
"ED1_010_TWO_ROOT_SV_POWER_n4000_depth8_refined","diagnostic","depth8_refined","TWO_ROOT_SV_POWER",4000,4000,"absolute","K3","tangency_truncated_local_outer_total_length",254,0,254,0,0,,,,,
"ED1_010_TWO_ROOT_SV_POWER_n4000_depth8_refined","diagnostic","depth8_refined","TWO_ROOT_SV_POWER",4000,4000,"absolute","K3","tangency_truncated_local_scaled_outer_radius",254,0,254,0,0,,,,,
"ED1_010_TWO_ROOT_SV_POWER_n4000_depth8_refined","diagnostic","depth8_refined","TWO_ROOT_SV_POWER",4000,4000,"absolute","K3","tangency_truncated_local_scaled_outer_hausdorff",254,0,254,0,0,,,,,
"ED1_010_TWO_ROOT_SV_POWER_n4000_depth8_refined","diagnostic","depth8_refined","TWO_ROOT_SV_POWER",4000,4000,"absolute","K3","tangency_global_outer_component_count_conditional_on_continuum_band_coverage",254,0,254,0,0,,,,,
"ED1_010_TWO_ROOT_SV_POWER_n4000_depth8_refined","diagnostic","depth8_refined","TWO_ROOT_SV_POWER",4000,4000,"absolute","K3","tangency_global_outer_total_length_conditional_on_continuum_band_coverage",254,0,254,0,0,,,,,
"ED1_010_TWO_ROOT_SV_POWER_n4000_depth8_refined","diagnostic","depth8_refined","TWO_ROOT_SV_POWER",4000,4000,"absolute","K3","tangency_global_outer_hausdorff_conditional_on_continuum_band_coverage",254,0,254,0,0,,,,,
"ED1_010_TWO_ROOT_SV_POWER_n4000_depth8_refined","diagnostic","depth8_refined","TWO_ROOT_SV_POWER",4000,4000,"absolute","K3","tangency_global_outer_left_radius_conditional_on_continuum_band_coverage",254,0,254,0,0,,,,,
"ED1_010_TWO_ROOT_SV_POWER_n4000_depth8_refined","diagnostic","depth8_refined","TWO_ROOT_SV_POWER",4000,4000,"absolute","K3","tangency_global_outer_right_radius_conditional_on_continuum_band_coverage",254,0,254,0,0,,,,,
"ED1_010_TWO_ROOT_SV_POWER_n4000_depth8_refined","diagnostic","depth8_refined","TWO_ROOT_SV_POWER",4000,4000,"absolute","K3","tangency_global_scaled_outer_total_length_conditional_on_continuum_band_coverage",254,0,254,0,0,,,,,
"ED1_010_TWO_ROOT_SV_POWER_n4000_depth8_refined","diagnostic","depth8_refined","TWO_ROOT_SV_POWER",4000,4000,"absolute","K3","tangency_global_scaled_outer_hausdorff_conditional_on_continuum_band_coverage",254,0,254,0,0,,,,,
"ED1_010_TWO_ROOT_SV_POWER_n4000_depth8_refined","diagnostic","depth8_refined","TWO_ROOT_SV_POWER",4000,4000,"absolute","K3","tangency_global_scaled_outer_left_radius_conditional_on_continuum_band_coverage",254,0,254,0,0,,,,,
"ED1_010_TWO_ROOT_SV_POWER_n4000_depth8_refined","diagnostic","depth8_refined","TWO_ROOT_SV_POWER",4000,4000,"absolute","K3","tangency_global_scaled_outer_right_radius_conditional_on_continuum_band_coverage",254,0,254,0,0,,,,,
"ED1_010_TWO_ROOT_SV_POWER_n4000_depth8_refined","diagnostic","depth8_refined","TWO_ROOT_SV_POWER",4000,4000,"absolute","K3","tangency_global_root_component_left_conditional_on_continuum_band_coverage",254,0,254,0,0,,,,,
"ED1_010_TWO_ROOT_SV_POWER_n4000_depth8_refined","diagnostic","depth8_refined","TWO_ROOT_SV_POWER",4000,4000,"absolute","K3","tangency_global_root_component_right_conditional_on_continuum_band_coverage",254,0,254,0,0,,,,,
"ED1_010_TWO_ROOT_SV_POWER_n4000_depth8_refined","diagnostic","depth8_refined","TWO_ROOT_SV_POWER",4000,4000,"absolute","K3","tangency_global_root_component_length_conditional_on_continuum_band_coverage",254,0,254,0,0,,,,,
"ED1_010_TWO_ROOT_SV_POWER_n4000_depth8_refined","diagnostic","depth8_refined","TWO_ROOT_SV_POWER",4000,4000,"absolute","K3","tangency_global_root_component_left_radius_conditional_on_continuum_band_coverage",254,0,254,0,0,,,,,
"ED1_010_TWO_ROOT_SV_POWER_n4000_depth8_refined","diagnostic","depth8_refined","TWO_ROOT_SV_POWER",4000,4000,"absolute","K3","tangency_global_root_component_right_radius_conditional_on_continuum_band_coverage",254,0,254,0,0,,,,,
"ED1_010_TWO_ROOT_SV_POWER_n4000_depth8_refined","diagnostic","depth8_refined","TWO_ROOT_SV_POWER",4000,4000,"absolute","K3","tangency_global_scaled_root_component_length_conditional_on_continuum_band_coverage",254,0,254,0,0,,,,,
"ED1_010_TWO_ROOT_SV_POWER_n4000_depth8_refined","diagnostic","depth8_refined","TWO_ROOT_SV_POWER",4000,4000,"absolute","K3","tangency_global_scaled_root_component_left_radius_conditional_on_continuum_band_coverage",254,0,254,0,0,,,,,
"ED1_010_TWO_ROOT_SV_POWER_n4000_depth8_refined","diagnostic","depth8_refined","TWO_ROOT_SV_POWER",4000,4000,"absolute","K3","tangency_global_scaled_root_component_right_radius_conditional_on_continuum_band_coverage",254,0,254,0,0,,,,,
"ED1_010_TWO_ROOT_SV_POWER_n4000_depth8_refined","diagnostic","depth8_refined","TWO_ROOT_SV_POWER",4000,4000,"absolute","K3","empirical_root_count",254,254,0,0,0,1.98425196850394,0.153187578754438,2,2,2
"ED1_010_TWO_ROOT_SV_POWER_n4000_depth8_refined","diagnostic","depth8_refined","TWO_ROOT_SV_POWER",4000,4000,"absolute","K3","root_isolation_maximum_bisections",254,254,0,0,0,21.9133858267717,1.38040277130395,22,22,22
"ED1_010_TWO_ROOT_SV_POWER_n4000_depth8_refined","diagnostic","depth8_refined","TWO_ROOT_SV_POWER",4000,4000,"absolute","K3","root_error_conditional_on_isolation",254,0,254,0,0,,,,,
"ED1_010_TWO_ROOT_SV_POWER_n4000_depth8_refined","diagnostic","depth8_refined","TWO_ROOT_SV_POWER",4000,4000,"absolute","K3","derivative_hat",254,0,254,0,0,,,,,
"ED1_010_TWO_ROOT_SV_POWER_n4000_depth8_refined","diagnostic","depth8_refined","TWO_ROOT_SV_POWER",4000,4000,"absolute","K3","variance_at_root_hat",254,0,254,0,0,,,,,
"ED1_010_TWO_ROOT_SV_POWER_n4000_depth8_refined","diagnostic","depth8_refined","TWO_ROOT_SV_POWER",4000,4000,"absolute","K3","root_standard_error",254,0,254,0,0,,,,,
"ED1_010_TWO_ROOT_SV_POWER_n4000_depth8_refined","diagnostic","depth8_refined","TWO_ROOT_SV_POWER",4000,4000,"absolute","K3","wald_length",254,0,254,0,0,,,,,
"ED1_010_TWO_ROOT_SV_POWER_n4000_depth8_refined","diagnostic","depth8_refined","TWO_ROOT_SV_POWER",4000,4000,"absolute","K3","wald_collection_bias_conditional_on_isolation",254,251,3,0,0,0.00459847282723368,0.0333749869974102,-0.0489470267683267,0.00527393691241745,0.0663494897007944
"ED1_010_TWO_ROOT_SV_POWER_n4000_depth8_refined","diagnostic","depth8_refined","TWO_ROOT_SV_POWER",4000,4000,"absolute","K3","wald_collection_rmse_conditional_on_isolation",254,251,3,0,0,0.0808516515799691,0.0605640013055112,0.0136367239444481,0.0661052954827361,0.19635085311219
"ED1_010_TWO_ROOT_SV_POWER_n4000_depth8_refined","diagnostic","depth8_refined","TWO_ROOT_SV_POWER",4000,4000,"absolute","K3","wald_collection_total_length",254,251,3,0,0,0.820662161110229,0.147522673013604,0.686697515450605,0.783745251297727,1.10333804910922
"ED1_010_TWO_ROOT_SV_POWER_n4000_depth8_refined","diagnostic","depth8_refined","TWO_ROOT_SV_POWER",4000,4000,"absolute","K3","root_multiplier_critical_value",254,251,3,0,0,2.09601728047919,0.0640233685054954,1.98650149934703,2.09907444910568,2.19825097235645
"ED1_010_TWO_ROOT_SV_POWER_n4000_depth8_refined","diagnostic","depth8_refined","TWO_ROOT_SV_POWER",4000,4000,"absolute","K3","root_multiplier_total_length",254,251,3,0,0,0.876145336608659,0.149130869854171,0.735532619787557,0.833178404937895,1.15796737677045
"ED1_010_TWO_ROOT_SV_POWER_n4000_depth8_refined","diagnostic","depth8_refined","TWO_ROOT_SV_POWER",4000,4000,"absolute","K3","derivative_assisted_critical_value",254,0,254,0,0,,,,,
"ED1_010_TWO_ROOT_SV_POWER_n4000_depth8_refined","diagnostic","depth8_refined","TWO_ROOT_SV_POWER",4000,4000,"absolute","K3","derivative_assisted_critical_value_ratio",254,0,254,0,0,,,,,
"ED1_010_TWO_ROOT_SV_POWER_n4000_depth8_refined","diagnostic","depth8_refined","TWO_ROOT_SV_POWER",4000,4000,"absolute","K3","derivative_assisted_value_maximum_half_width",254,0,254,0,0,,,,,
"ED1_010_TWO_ROOT_SV_POWER_n4000_depth8_refined","diagnostic","depth8_refined","TWO_ROOT_SV_POWER",4000,4000,"absolute","K3","derivative_assisted_derivative_maximum_half_width",254,0,254,0,0,,,,,
"ED1_010_TWO_ROOT_SV_POWER_n4000_depth8_refined","diagnostic","depth8_refined","TWO_ROOT_SV_POWER",4000,4000,"absolute","K3","derivative_assisted_value_width_inflation",254,0,254,0,0,,,,,
"ED1_010_TWO_ROOT_SV_POWER_n4000_depth8_refined","diagnostic","depth8_refined","TWO_ROOT_SV_POWER",4000,4000,"absolute","K3","derivative_assisted_guard_minimum_ratio",254,0,254,0,0,,,,,
"ED1_010_TWO_ROOT_SV_POWER_n4000_depth8_refined","diagnostic","depth8_refined","TWO_ROOT_SV_POWER",4000,4000,"absolute","K3","derivative_assisted_guard_minimum_ratio_d0",254,0,254,0,0,,,,,
"ED1_010_TWO_ROOT_SV_POWER_n4000_depth8_refined","diagnostic","depth8_refined","TWO_ROOT_SV_POWER",4000,4000,"absolute","K3","derivative_assisted_guard_minimum_ratio_d1",254,0,254,0,0,,,,,
"ED1_010_TWO_ROOT_SV_POWER_n4000_depth8_refined","diagnostic","depth8_refined","TWO_ROOT_SV_POWER",4000,4000,"absolute","K3","derivative_assisted_guard_nodes_used",254,0,254,0,0,,,,,
"ED1_010_TWO_ROOT_SV_POWER_n4000_depth8_refined","diagnostic","depth8_refined","TWO_ROOT_SV_POWER",4000,4000,"absolute","K3","derivative_assisted_guard_maximum_level",254,0,254,0,0,,,,,
"ED1_010_TWO_ROOT_SV_POWER_n4000_depth8_refined","diagnostic","depth8_refined","TWO_ROOT_SV_POWER",4000,4000,"absolute","K3","derivative_assisted_value_enclosure_nodes_used",254,0,254,0,0,,,,,
"ED1_010_TWO_ROOT_SV_POWER_n4000_depth8_refined","diagnostic","depth8_refined","TWO_ROOT_SV_POWER",4000,4000,"absolute","K3","derivative_assisted_derivative_enclosure_nodes_used",254,0,254,0,0,,,,,
"ED1_010_TWO_ROOT_SV_POWER_n4000_depth8_refined","diagnostic","depth8_refined","TWO_ROOT_SV_POWER",4000,4000,"absolute","K3","derivative_assisted_value_unresolved_cells",254,0,254,0,0,,,,,
"ED1_010_TWO_ROOT_SV_POWER_n4000_depth8_refined","diagnostic","depth8_refined","TWO_ROOT_SV_POWER",4000,4000,"absolute","K3","derivative_assisted_derivative_unresolved_cells",254,0,254,0,0,,,,,
"ED1_010_TWO_ROOT_SV_POWER_n4000_depth8_refined","diagnostic","depth8_refined","TWO_ROOT_SV_POWER",4000,4000,"absolute","K3","derivative_assisted_value_variance_unresolved_cells",254,0,254,0,0,,,,,
"ED1_010_TWO_ROOT_SV_POWER_n4000_depth8_refined","diagnostic","depth8_refined","TWO_ROOT_SV_POWER",4000,4000,"absolute","K3","derivative_assisted_derivative_variance_unresolved_cells",254,0,254,0,0,,,,,
"ED1_010_TWO_ROOT_SV_POWER_n4000_depth8_refined","diagnostic","depth8_refined","TWO_ROOT_SV_POWER",4000,4000,"absolute","K3","derivative_assisted_certificate_count",254,0,254,0,0,,,,,
"ED1_010_TWO_ROOT_SV_POWER_n4000_depth8_refined","diagnostic","depth8_refined","TWO_ROOT_SV_POWER",4000,4000,"absolute","K3","derivative_assisted_covariance_01_min",254,0,254,0,0,,,,,
"ED1_010_TWO_ROOT_SV_POWER_n4000_depth8_refined","diagnostic","depth8_refined","TWO_ROOT_SV_POWER",4000,4000,"absolute","K3","derivative_assisted_covariance_01_max",254,0,254,0,0,,,,,
"ED1_010_TWO_ROOT_SV_POWER_n4000_depth8_refined","diagnostic","depth8_refined","TWO_ROOT_SV_POWER",4000,4000,"absolute","K3","derivative_assisted_correlation_01_min",254,0,254,0,0,,,,,
"ED1_010_TWO_ROOT_SV_POWER_n4000_depth8_refined","diagnostic","depth8_refined","TWO_ROOT_SV_POWER",4000,4000,"absolute","K3","derivative_assisted_correlation_01_max",254,0,254,0,0,,,,,
"ED1_010_TWO_ROOT_SV_POWER_n4000_depth8_refined","diagnostic","depth8_refined","TWO_ROOT_SV_POWER",4000,4000,"absolute","K3","x_ess_ratio_p1",254,254,0,0,0,0.492246454561685,0.00701813146610185,0.480720965989396,0.492662266735643,0.503647092721512
"ED1_010_TWO_ROOT_SV_POWER_n4000_depth8_refined","diagnostic","depth8_refined","TWO_ROOT_SV_POWER",4000,4000,"absolute","K3","y_ess_ratio_p1",254,254,0,0,0,0.398627749479386,0.00178421541604399,0.395876716097679,0.398517960473699,0.401462732428213
"ED1_010_TWO_ROOT_SV_POWER_n4000_depth8_refined","diagnostic","depth8_refined","TWO_ROOT_SV_POWER",4000,4000,"absolute","K3","x_max_share_p1",254,254,0,0,0,0.00118542223296453,2.05014463246917e-05,0.00115440581251599,0.00118571121961844,0.00121833467981947
"ED1_010_TWO_ROOT_SV_POWER_n4000_depth8_refined","diagnostic","depth8_refined","TWO_ROOT_SV_POWER",4000,4000,"absolute","K3","y_max_share_p1",254,254,0,0,0,0.00126090760344702,2.36142899231946e-05,0.00122204750835353,0.00126167238822739,0.00129879958178742
"ED1_010_TWO_ROOT_SV_POWER_n4000_depth8_refined","diagnostic","depth8_refined","TWO_ROOT_SV_POWER",4000,4000,"absolute","K3","x_top1pct_share_p1",254,254,0,0,0,0.0453548580957532,0.000714039993268818,0.0441125298366229,0.0453303139572029,0.0464047030399227
"ED1_010_TWO_ROOT_SV_POWER_n4000_depth8_refined","diagnostic","depth8_refined","TWO_ROOT_SV_POWER",4000,4000,"absolute","K3","y_top1pct_share_p1",254,254,0,0,0,0.049999073239199,0.000916847964682692,0.0484896499283504,0.0500324493165006,0.0514793488239812
"ED1_010_TWO_ROOT_SV_POWER_n4000_depth8_refined","diagnostic","depth8_refined","TWO_ROOT_SV_POWER",4000,4000,"absolute","K3","x_ess_ratio_upper",254,254,0,0,0,0.219549214154115,0.00722253504590633,0.208040680665159,0.218937786139509,0.231746702314335
"ED1_010_TWO_ROOT_SV_POWER_n4000_depth8_refined","diagnostic","depth8_refined","TWO_ROOT_SV_POWER",4000,4000,"absolute","K3","y_ess_ratio_upper",254,254,0,0,0,0.114062862902254,0.00452129071306661,0.107202017564732,0.113784615824066,0.121623803394666
"ED1_010_TWO_ROOT_SV_POWER_n4000_depth8_refined","diagnostic","depth8_refined","TWO_ROOT_SV_POWER",4000,4000,"absolute","K3","x_max_share_upper",254,254,0,0,0,0.00399941428256541,0.00012422499890478,0.00380883493414692,0.00399291865598066,0.00420065812330508
"ED1_010_TWO_ROOT_SV_POWER_n4000_depth8_refined","diagnostic","depth8_refined","TWO_ROOT_SV_POWER",4000,4000,"absolute","K3","y_max_share_upper",254,254,0,0,0,0.00289520262192182,0.000123529397968045,0.00268931095395731,0.00289318797773331,0.00310299966713869
"ED1_010_TWO_ROOT_SV_POWER_n4000_depth8_refined","diagnostic","depth8_refined","TWO_ROOT_SV_POWER",4000,4000,"absolute","K3","x_top1pct_share_upper",254,254,0,0,0,0.143333172361409,0.00333651251226144,0.137327506455109,0.14336583291056,0.148749248562973
"ED1_010_TWO_ROOT_SV_POWER_n4000_depth8_refined","diagnostic","depth8_refined","TWO_ROOT_SV_POWER",4000,4000,"absolute","K3","y_top1pct_share_upper",254,254,0,0,0,0.113317213067108,0.00470791876895198,0.105497315568929,0.113187299574304,0.121378399792829
"ED1_010_TWO_ROOT_SV_POWER_n4000_depth8_refined","diagnostic","depth8_refined","TWO_ROOT_SV_POWER",4000,4000,"absolute","K3","x_count_above_q95",254,254,0,0,0,199.984251968504,14.0802242683184,177,199,224.35
"ED1_010_TWO_ROOT_SV_POWER_n4000_depth8_refined","diagnostic","depth8_refined","TWO_ROOT_SV_POWER",4000,4000,"absolute","K3","y_count_above_q95",254,254,0,0,0,199.007874015748,12.8290653592524,178,200,220
"ED1_010_TWO_ROOT_SV_POWER_n4000_depth8_refined","diagnostic","depth8_refined","TWO_ROOT_SV_POWER",4000,4000,"absolute","K3","x_count_above_q99",254,254,0,0,0,40.4291338582677,6.06493987517774,31,41,51
"ED1_010_TWO_ROOT_SV_POWER_n4000_depth8_refined","diagnostic","depth8_refined","TWO_ROOT_SV_POWER",4000,4000,"absolute","K3","y_count_above_q99",254,254,0,0,0,39.988188976378,5.88323959818741,31,40,50
"ED1_010_TWO_ROOT_SV_POWER_n4000_depth8_refined","diagnostic","depth8_refined","TWO_ROOT_SV_POWER",4000,4000,"absolute","K3","x_latent_high_count",254,254,0,0,0,1999.37795275591,32.5607802913801,1947.65,2000,2049
"ED1_010_TWO_ROOT_SV_POWER_n4000_depth8_refined","diagnostic","depth8_refined","TWO_ROOT_SV_POWER",4000,4000,"absolute","K3","y_latent_high_count",254,254,0,0,0,3920.61417322835,9.76283769744393,3901,3921,3935.7
"ED1_010_TWO_ROOT_SV_POWER_n4000_depth8_refined","diagnostic","depth8_refined","TWO_ROOT_SV_POWER",4000,4000,"absolute","K3","elapsed_seconds",254,254,0,0,0,16.2027637795276,3.99039899033694,13.3811,15.3245,21.38165
"ED1_010_TWO_ROOT_SV_POWER_n4000_depth8_refined","diagnostic","depth8_refined","TWO_ROOT_SV_POWER",4000,4000,"absolute","K3","peak_r_heap_mb",254,254,0,0,0,383.482283464567,5.94937478881843,378,387.8,388
"ED1_011_TWO_ROOT_SV_POWER_n8000_depth6_reference","diagnostic","depth6_reference","TWO_ROOT_SV_POWER",8000,8000,"absolute","K3","bootstrap_grid_size",254,254,0,0,0,451,0,451,451,451
"ED1_011_TWO_ROOT_SV_POWER_n8000_depth6_reference","diagnostic","depth6_reference","TWO_ROOT_SV_POWER",8000,8000,"absolute","K3","bootstrap_grid_spacing",254,254,0,0,0,0.00500000000000034,0,0.00500000000000034,0.00500000000000034,0.00500000000000034
"ED1_011_TWO_ROOT_SV_POWER_n8000_depth6_reference","diagnostic","depth6_reference","TWO_ROOT_SV_POWER",8000,8000,"absolute","K3","enclosure_grid_size",254,254,0,0,0,901,0,901,901,901
"ED1_011_TWO_ROOT_SV_POWER_n8000_depth6_reference","diagnostic","depth6_reference","TWO_ROOT_SV_POWER",8000,8000,"absolute","K3","enclosure_grid_spacing",254,254,0,0,0,0.00250000000000039,0,0.00250000000000039,0.00250000000000039,0.00250000000000039
"ED1_011_TWO_ROOT_SV_POWER_n8000_depth6_reference","diagnostic","depth6_reference","TWO_ROOT_SV_POWER",8000,8000,"absolute","K3","configured_guard_maximum_levels",254,254,0,0,0,6,0,6,6,6
"ED1_011_TWO_ROOT_SV_POWER_n8000_depth6_reference","diagnostic","depth6_reference","TWO_ROOT_SV_POWER",8000,8000,"absolute","K3","configured_continuum_enclosure_maximum_levels",254,254,0,0,0,6,0,6,6,6
"ED1_011_TWO_ROOT_SV_POWER_n8000_depth6_reference","diagnostic","depth6_reference","TWO_ROOT_SV_POWER",8000,8000,"absolute","K3","guard_minimum_ratio",254,254,0,0,0,0.0600566941289726,0.000514799683907867,0.0592235953204077,0.0600588726309168,0.0608819835076066
"ED1_011_TWO_ROOT_SV_POWER_n8000_depth6_reference","diagnostic","depth6_reference","TWO_ROOT_SV_POWER",8000,8000,"absolute","K3","guard_nodes_used",254,254,0,0,0,451,0,451,451,451
"ED1_011_TWO_ROOT_SV_POWER_n8000_depth6_reference","diagnostic","depth6_reference","TWO_ROOT_SV_POWER",8000,8000,"absolute","K3","guard_maximum_level",254,254,0,0,0,0,0,0,0,0
"ED1_011_TWO_ROOT_SV_POWER_n8000_depth6_reference","diagnostic","depth6_reference","TWO_ROOT_SV_POWER",8000,8000,"absolute","K3","critical_value",254,254,0,0,0,2.21684163466736,0.0584759233041888,2.12833609624501,2.21577464836157,2.31087792580464
"ED1_011_TWO_ROOT_SV_POWER_n8000_depth6_reference","diagnostic","depth6_reference","TWO_ROOT_SV_POWER",8000,8000,"absolute","K3","maximum_half_width",254,254,0,0,0,276.185595398364,8.14475981799874,262.742625922128,276.627194443674,288.087742925588
"ED1_011_TWO_ROOT_SV_POWER_n8000_depth6_reference","diagnostic","depth6_reference","TWO_ROOT_SV_POWER",8000,8000,"absolute","K3","integrated_half_width",254,254,0,0,0,66.5040054700869,1.94653524335774,63.2722204237818,66.6395492685034,69.3655286156077
"ED1_011_TWO_ROOT_SV_POWER_n8000_depth6_reference","diagnostic","depth6_reference","TWO_ROOT_SV_POWER",8000,8000,"absolute","K3","continuum_truth_nodes_used",254,254,0,0,0,2168.02755905512,1322.30565314689,1286.95,1828,4422.4
"ED1_011_TWO_ROOT_SV_POWER_n8000_depth6_reference","diagnostic","depth6_reference","TWO_ROOT_SV_POWER",8000,8000,"absolute","K3","continuum_truth_maximum_level",254,254,0,0,0,2.67322834645669,0.977772641750703,2,3,4
"ED1_011_TWO_ROOT_SV_POWER_n8000_depth6_reference","diagnostic","depth6_reference","TWO_ROOT_SV_POWER",8000,8000,"absolute","K3","continuum_truth_unresolved_cells",254,254,0,0,0,0,0,0,0,0
"ED1_011_TWO_ROOT_SV_POWER_n8000_depth6_reference","diagnostic","depth6_reference","TWO_ROOT_SV_POWER",8000,8000,"absolute","K3","enclosure_nodes_used",254,254,0,0,0,1152.53937007874,99.2718371611837,1051,1128,1330.85
"ED1_011_TWO_ROOT_SV_POWER_n8000_depth6_reference","diagnostic","depth6_reference","TWO_ROOT_SV_POWER",8000,8000,"absolute","K3","enclosure_maximum_level",254,254,0,0,0,5.88582677165354,0.330821091194712,5,6,6
"ED1_011_TWO_ROOT_SV_POWER_n8000_depth6_reference","diagnostic","depth6_reference","TWO_ROOT_SV_POWER",8000,8000,"absolute","K3","enclosure_variance_unresolved_cells",254,254,0,0,0,0,0,0,0,0
"ED1_011_TWO_ROOT_SV_POWER_n8000_depth6_reference","diagnostic","depth6_reference","TWO_ROOT_SV_POWER",8000,8000,"absolute","K3","enclosure_unresolved_cells",254,254,0,0,0,278.610236220472,43.4324887679303,231.65,266,349.4
"ED1_011_TWO_ROOT_SV_POWER_n8000_depth6_reference","diagnostic","depth6_reference","TWO_ROOT_SV_POWER",8000,8000,"absolute","K3","enclosure_limit_hit_cells",254,254,0,0,0,6.87795275590551,9.90173389524009,0,4.5,22
"ED1_011_TWO_ROOT_SV_POWER_n8000_depth6_reference","diagnostic","depth6_reference","TWO_ROOT_SV_POWER",8000,8000,"absolute","K3","enclosure_limit_hit_total_width",254,254,0,0,0,0.000268670029527549,0.000386786480282803,0,0.000175781249999951,0.000859375000000034
"ED1_011_TWO_ROOT_SV_POWER_n8000_depth6_reference","diagnostic","depth6_reference","TWO_ROOT_SV_POWER",8000,8000,"absolute","K3","enclosure_limit_hit_width_proportion",254,254,0,0,0,0.000119408902012244,0.000171905102347913,0,7.81249999999783e-05,0.00038194444444446
"ED1_011_TWO_ROOT_SV_POWER_n8000_depth6_reference","diagnostic","depth6_reference","TWO_ROOT_SV_POWER",8000,8000,"absolute","K3","enclosure_limit_hit_maximum_cell_width",254,254,0,0,0,2.39911417323574e-05,1.90527756160033e-05,0,3.90625000000755e-05,3.90625000001865e-05
"ED1_011_TWO_ROOT_SV_POWER_n8000_depth6_reference","diagnostic","depth6_reference","TWO_ROOT_SV_POWER",8000,8000,"absolute","K3","enclosure_depth_limit_cells",254,254,0,0,0,6.87795275590551,9.90173389524009,0,4.5,22
"ED1_011_TWO_ROOT_SV_POWER_n8000_depth6_reference","diagnostic","depth6_reference","TWO_ROOT_SV_POWER",8000,8000,"absolute","K3","enclosure_depth_limit_total_width",254,254,0,0,0,0.000268670029527549,0.000386786480282803,0,0.000175781249999951,0.000859375000000034
"ED1_011_TWO_ROOT_SV_POWER_n8000_depth6_reference","diagnostic","depth6_reference","TWO_ROOT_SV_POWER",8000,8000,"absolute","K3","enclosure_depth_limit_width_proportion",254,254,0,0,0,0.000119408902012244,0.000171905102347913,0,7.81249999999783e-05,0.00038194444444446
"ED1_011_TWO_ROOT_SV_POWER_n8000_depth6_reference","diagnostic","depth6_reference","TWO_ROOT_SV_POWER",8000,8000,"absolute","K3","enclosure_depth_limit_maximum_cell_width",254,254,0,0,0,2.39911417323574e-05,1.90527756160033e-05,0,3.90625000000755e-05,3.90625000001865e-05
"ED1_011_TWO_ROOT_SV_POWER_n8000_depth6_reference","diagnostic","depth6_reference","TWO_ROOT_SV_POWER",8000,8000,"absolute","K3","enclosure_node_limit_cells",254,254,0,0,0,0,0,0,0,0
"ED1_011_TWO_ROOT_SV_POWER_n8000_depth6_reference","diagnostic","depth6_reference","TWO_ROOT_SV_POWER",8000,8000,"absolute","K3","enclosure_node_limit_total_width",254,254,0,0,0,0,0,0,0,0
"ED1_011_TWO_ROOT_SV_POWER_n8000_depth6_reference","diagnostic","depth6_reference","TWO_ROOT_SV_POWER",8000,8000,"absolute","K3","enclosure_node_limit_width_proportion",254,254,0,0,0,0,0,0,0,0
"ED1_011_TWO_ROOT_SV_POWER_n8000_depth6_reference","diagnostic","depth6_reference","TWO_ROOT_SV_POWER",8000,8000,"absolute","K3","enclosure_node_limit_maximum_cell_width",254,254,0,0,0,0,0,0,0,0
"ED1_011_TWO_ROOT_SV_POWER_n8000_depth6_reference","diagnostic","depth6_reference","TWO_ROOT_SV_POWER",8000,8000,"absolute","K3","enclosure_variance_limit_cells",254,254,0,0,0,0,0,0,0,0
"ED1_011_TWO_ROOT_SV_POWER_n8000_depth6_reference","diagnostic","depth6_reference","TWO_ROOT_SV_POWER",8000,8000,"absolute","K3","enclosure_variance_limit_total_width",254,254,0,0,0,0,0,0,0,0
"ED1_011_TWO_ROOT_SV_POWER_n8000_depth6_reference","diagnostic","depth6_reference","TWO_ROOT_SV_POWER",8000,8000,"absolute","K3","enclosure_variance_limit_width_proportion",254,254,0,0,0,0,0,0,0,0
"ED1_011_TWO_ROOT_SV_POWER_n8000_depth6_reference","diagnostic","depth6_reference","TWO_ROOT_SV_POWER",8000,8000,"absolute","K3","enclosure_variance_limit_maximum_cell_width",254,254,0,0,0,0,0,0,0,0
"ED1_011_TWO_ROOT_SV_POWER_n8000_depth6_reference","diagnostic","depth6_reference","TWO_ROOT_SV_POWER",8000,8000,"absolute","K3","enclosure_statistical_limit_cells",254,254,0,0,0,6.87795275590551,9.90173389524009,0,4.5,22
"ED1_011_TWO_ROOT_SV_POWER_n8000_depth6_reference","diagnostic","depth6_reference","TWO_ROOT_SV_POWER",8000,8000,"absolute","K3","enclosure_statistical_limit_total_width",254,254,0,0,0,0.000268670029527549,0.000386786480282803,0,0.000175781249999951,0.000859375000000034
"ED1_011_TWO_ROOT_SV_POWER_n8000_depth6_reference","diagnostic","depth6_reference","TWO_ROOT_SV_POWER",8000,8000,"absolute","K3","enclosure_statistical_limit_width_proportion",254,254,0,0,0,0.000119408902012244,0.000171905102347913,0,7.81249999999783e-05,0.00038194444444446
"ED1_011_TWO_ROOT_SV_POWER_n8000_depth6_reference","diagnostic","depth6_reference","TWO_ROOT_SV_POWER",8000,8000,"absolute","K3","enclosure_statistical_limit_maximum_cell_width",254,254,0,0,0,2.39911417323574e-05,1.90527756160033e-05,0,3.90625000000755e-05,3.90625000001865e-05
"ED1_011_TWO_ROOT_SV_POWER_n8000_depth6_reference","diagnostic","depth6_reference","TWO_ROOT_SV_POWER",8000,8000,"absolute","K3","certified_alternation_count",254,254,0,0,0,1.93700787401575,0.349997888103464,2,2,2
"ED1_011_TWO_ROOT_SV_POWER_n8000_depth6_reference","diagnostic","depth6_reference","TWO_ROOT_SV_POWER",8000,8000,"absolute","K3","bracket_count",254,254,0,0,0,1.93700787401575,0.349997888103464,2,2,2
"ED1_011_TWO_ROOT_SV_POWER_n8000_depth6_reference","diagnostic","depth6_reference","TWO_ROOT_SV_POWER",8000,8000,"absolute","K3","bracket_length",254,246,8,0,0,1.70926829268293,0.0782387318008662,1.59,1.705,1.835
"ED1_011_TWO_ROOT_SV_POWER_n8000_depth6_reference","diagnostic","depth6_reference","TWO_ROOT_SV_POWER",8000,8000,"absolute","K3","numerical_outer_component_count",254,254,0,0,0,1.96850393700787,0.174998944051732,2,2,2
"ED1_011_TWO_ROOT_SV_POWER_n8000_depth6_reference","diagnostic","depth6_reference","TWO_ROOT_SV_POWER",8000,8000,"absolute","K3","numerical_outer_total_length",254,254,0,0,0,0.679599378690945,0.0999324088377897,0.568017578125,0.6500390625,0.864720703125
"ED1_011_TWO_ROOT_SV_POWER_n8000_depth6_reference","diagnostic","depth6_reference","TWO_ROOT_SV_POWER",8000,8000,"absolute","K3","numerical_outer_retained_proportion",254,254,0,0,0,0.302044168307087,0.0444144039279065,0.252452256944444,0.28890625,0.3843203125
"ED1_011_TWO_ROOT_SV_POWER_n8000_depth6_reference","diagnostic","depth6_reference","TWO_ROOT_SV_POWER",8000,8000,"absolute","K3","numerical_outer_hausdorff",254,254,0,0,0,0.300517193651575,0.070718048790129,0.215,0.28875,0.44175
"ED1_011_TWO_ROOT_SV_POWER_n8000_depth6_reference","diagnostic","depth6_reference","TWO_ROOT_SV_POWER",8000,8000,"absolute","K3","tangency_local_outer_total_length",254,0,254,0,0,,,,,
"ED1_011_TWO_ROOT_SV_POWER_n8000_depth6_reference","diagnostic","depth6_reference","TWO_ROOT_SV_POWER",8000,8000,"absolute","K3","tangency_scaled_outer_radius",254,0,254,0,0,,,,,
"ED1_011_TWO_ROOT_SV_POWER_n8000_depth6_reference","diagnostic","depth6_reference","TWO_ROOT_SV_POWER",8000,8000,"absolute","K3","tangency_scaled_outer_hausdorff",254,0,254,0,0,,,,,
"ED1_011_TWO_ROOT_SV_POWER_n8000_depth6_reference","diagnostic","depth6_reference","TWO_ROOT_SV_POWER",8000,8000,"absolute","K3","tangency_truncated_local_outer_total_length",254,0,254,0,0,,,,,
"ED1_011_TWO_ROOT_SV_POWER_n8000_depth6_reference","diagnostic","depth6_reference","TWO_ROOT_SV_POWER",8000,8000,"absolute","K3","tangency_truncated_local_scaled_outer_radius",254,0,254,0,0,,,,,
"ED1_011_TWO_ROOT_SV_POWER_n8000_depth6_reference","diagnostic","depth6_reference","TWO_ROOT_SV_POWER",8000,8000,"absolute","K3","tangency_truncated_local_scaled_outer_hausdorff",254,0,254,0,0,,,,,
"ED1_011_TWO_ROOT_SV_POWER_n8000_depth6_reference","diagnostic","depth6_reference","TWO_ROOT_SV_POWER",8000,8000,"absolute","K3","tangency_global_outer_component_count_conditional_on_continuum_band_coverage",254,0,254,0,0,,,,,
"ED1_011_TWO_ROOT_SV_POWER_n8000_depth6_reference","diagnostic","depth6_reference","TWO_ROOT_SV_POWER",8000,8000,"absolute","K3","tangency_global_outer_total_length_conditional_on_continuum_band_coverage",254,0,254,0,0,,,,,
"ED1_011_TWO_ROOT_SV_POWER_n8000_depth6_reference","diagnostic","depth6_reference","TWO_ROOT_SV_POWER",8000,8000,"absolute","K3","tangency_global_outer_hausdorff_conditional_on_continuum_band_coverage",254,0,254,0,0,,,,,
"ED1_011_TWO_ROOT_SV_POWER_n8000_depth6_reference","diagnostic","depth6_reference","TWO_ROOT_SV_POWER",8000,8000,"absolute","K3","tangency_global_outer_left_radius_conditional_on_continuum_band_coverage",254,0,254,0,0,,,,,
"ED1_011_TWO_ROOT_SV_POWER_n8000_depth6_reference","diagnostic","depth6_reference","TWO_ROOT_SV_POWER",8000,8000,"absolute","K3","tangency_global_outer_right_radius_conditional_on_continuum_band_coverage",254,0,254,0,0,,,,,
"ED1_011_TWO_ROOT_SV_POWER_n8000_depth6_reference","diagnostic","depth6_reference","TWO_ROOT_SV_POWER",8000,8000,"absolute","K3","tangency_global_scaled_outer_total_length_conditional_on_continuum_band_coverage",254,0,254,0,0,,,,,
"ED1_011_TWO_ROOT_SV_POWER_n8000_depth6_reference","diagnostic","depth6_reference","TWO_ROOT_SV_POWER",8000,8000,"absolute","K3","tangency_global_scaled_outer_hausdorff_conditional_on_continuum_band_coverage",254,0,254,0,0,,,,,
"ED1_011_TWO_ROOT_SV_POWER_n8000_depth6_reference","diagnostic","depth6_reference","TWO_ROOT_SV_POWER",8000,8000,"absolute","K3","tangency_global_scaled_outer_left_radius_conditional_on_continuum_band_coverage",254,0,254,0,0,,,,,
"ED1_011_TWO_ROOT_SV_POWER_n8000_depth6_reference","diagnostic","depth6_reference","TWO_ROOT_SV_POWER",8000,8000,"absolute","K3","tangency_global_scaled_outer_right_radius_conditional_on_continuum_band_coverage",254,0,254,0,0,,,,,
"ED1_011_TWO_ROOT_SV_POWER_n8000_depth6_reference","diagnostic","depth6_reference","TWO_ROOT_SV_POWER",8000,8000,"absolute","K3","tangency_global_root_component_left_conditional_on_continuum_band_coverage",254,0,254,0,0,,,,,
"ED1_011_TWO_ROOT_SV_POWER_n8000_depth6_reference","diagnostic","depth6_reference","TWO_ROOT_SV_POWER",8000,8000,"absolute","K3","tangency_global_root_component_right_conditional_on_continuum_band_coverage",254,0,254,0,0,,,,,
"ED1_011_TWO_ROOT_SV_POWER_n8000_depth6_reference","diagnostic","depth6_reference","TWO_ROOT_SV_POWER",8000,8000,"absolute","K3","tangency_global_root_component_length_conditional_on_continuum_band_coverage",254,0,254,0,0,,,,,
"ED1_011_TWO_ROOT_SV_POWER_n8000_depth6_reference","diagnostic","depth6_reference","TWO_ROOT_SV_POWER",8000,8000,"absolute","K3","tangency_global_root_component_left_radius_conditional_on_continuum_band_coverage",254,0,254,0,0,,,,,
"ED1_011_TWO_ROOT_SV_POWER_n8000_depth6_reference","diagnostic","depth6_reference","TWO_ROOT_SV_POWER",8000,8000,"absolute","K3","tangency_global_root_component_right_radius_conditional_on_continuum_band_coverage",254,0,254,0,0,,,,,
"ED1_011_TWO_ROOT_SV_POWER_n8000_depth6_reference","diagnostic","depth6_reference","TWO_ROOT_SV_POWER",8000,8000,"absolute","K3","tangency_global_scaled_root_component_length_conditional_on_continuum_band_coverage",254,0,254,0,0,,,,,
"ED1_011_TWO_ROOT_SV_POWER_n8000_depth6_reference","diagnostic","depth6_reference","TWO_ROOT_SV_POWER",8000,8000,"absolute","K3","tangency_global_scaled_root_component_left_radius_conditional_on_continuum_band_coverage",254,0,254,0,0,,,,,
"ED1_011_TWO_ROOT_SV_POWER_n8000_depth6_reference","diagnostic","depth6_reference","TWO_ROOT_SV_POWER",8000,8000,"absolute","K3","tangency_global_scaled_root_component_right_radius_conditional_on_continuum_band_coverage",254,0,254,0,0,,,,,
"ED1_011_TWO_ROOT_SV_POWER_n8000_depth6_reference","diagnostic","depth6_reference","TWO_ROOT_SV_POWER",8000,8000,"absolute","K3","empirical_root_count",254,254,0,0,0,1.99606299212598,0.0627455805138159,2,2,2
"ED1_011_TWO_ROOT_SV_POWER_n8000_depth6_reference","diagnostic","depth6_reference","TWO_ROOT_SV_POWER",8000,8000,"absolute","K3","root_isolation_maximum_bisections",254,254,0,0,0,22,0,22,22,22
"ED1_011_TWO_ROOT_SV_POWER_n8000_depth6_reference","diagnostic","depth6_reference","TWO_ROOT_SV_POWER",8000,8000,"absolute","K3","root_error_conditional_on_isolation",254,0,254,0,0,,,,,
"ED1_011_TWO_ROOT_SV_POWER_n8000_depth6_reference","diagnostic","depth6_reference","TWO_ROOT_SV_POWER",8000,8000,"absolute","K3","derivative_hat",254,0,254,0,0,,,,,
"ED1_011_TWO_ROOT_SV_POWER_n8000_depth6_reference","diagnostic","depth6_reference","TWO_ROOT_SV_POWER",8000,8000,"absolute","K3","variance_at_root_hat",254,0,254,0,0,,,,,
"ED1_011_TWO_ROOT_SV_POWER_n8000_depth6_reference","diagnostic","depth6_reference","TWO_ROOT_SV_POWER",8000,8000,"absolute","K3","root_standard_error",254,0,254,0,0,,,,,
"ED1_011_TWO_ROOT_SV_POWER_n8000_depth6_reference","diagnostic","depth6_reference","TWO_ROOT_SV_POWER",8000,8000,"absolute","K3","wald_length",254,0,254,0,0,,,,,
"ED1_011_TWO_ROOT_SV_POWER_n8000_depth6_reference","diagnostic","depth6_reference","TWO_ROOT_SV_POWER",8000,8000,"absolute","K3","wald_collection_bias_conditional_on_isolation",254,253,1,0,0,0.00108798721212411,0.0248433285466304,-0.0380488183873892,0.000253965488076324,0.0401063248854877
"ED1_011_TWO_ROOT_SV_POWER_n8000_depth6_reference","diagnostic","depth6_reference","TWO_ROOT_SV_POWER",8000,8000,"absolute","K3","wald_collection_rmse_conditional_on_isolation",254,253,1,0,0,0.0602445903350055,0.0382771258571161,0.00939324717108602,0.0558671362428035,0.132099961924704
"ED1_011_TWO_ROOT_SV_POWER_n8000_depth6_reference","diagnostic","depth6_reference","TWO_ROOT_SV_POWER",8000,8000,"absolute","K3","wald_collection_total_length",254,253,1,0,0,0.563335837292487,0.0556156754169459,0.495979659099319,0.555332640900679,0.654053137779268
"ED1_011_TWO_ROOT_SV_POWER_n8000_depth6_reference","diagnostic","depth6_reference","TWO_ROOT_SV_POWER",8000,8000,"absolute","K3","root_multiplier_critical_value",254,253,1,0,0,2.09596969497326,0.055380472409568,2.00745349362523,2.09440417108589,2.19530593423904
"ED1_011_TWO_ROOT_SV_POWER_n8000_depth6_reference","diagnostic","depth6_reference","TWO_ROOT_SV_POWER",8000,8000,"absolute","K3","root_multiplier_total_length",254,253,1,0,0,0.601992386140569,0.0568199522848454,0.532712411962324,0.588849224202337,0.706575622498131
"ED1_011_TWO_ROOT_SV_POWER_n8000_depth6_reference","diagnostic","depth6_reference","TWO_ROOT_SV_POWER",8000,8000,"absolute","K3","derivative_assisted_critical_value",254,0,254,0,0,,,,,
"ED1_011_TWO_ROOT_SV_POWER_n8000_depth6_reference","diagnostic","depth6_reference","TWO_ROOT_SV_POWER",8000,8000,"absolute","K3","derivative_assisted_critical_value_ratio",254,0,254,0,0,,,,,
"ED1_011_TWO_ROOT_SV_POWER_n8000_depth6_reference","diagnostic","depth6_reference","TWO_ROOT_SV_POWER",8000,8000,"absolute","K3","derivative_assisted_value_maximum_half_width",254,0,254,0,0,,,,,
"ED1_011_TWO_ROOT_SV_POWER_n8000_depth6_reference","diagnostic","depth6_reference","TWO_ROOT_SV_POWER",8000,8000,"absolute","K3","derivative_assisted_derivative_maximum_half_width",254,0,254,0,0,,,,,
"ED1_011_TWO_ROOT_SV_POWER_n8000_depth6_reference","diagnostic","depth6_reference","TWO_ROOT_SV_POWER",8000,8000,"absolute","K3","derivative_assisted_value_width_inflation",254,0,254,0,0,,,,,
"ED1_011_TWO_ROOT_SV_POWER_n8000_depth6_reference","diagnostic","depth6_reference","TWO_ROOT_SV_POWER",8000,8000,"absolute","K3","derivative_assisted_guard_minimum_ratio",254,0,254,0,0,,,,,
"ED1_011_TWO_ROOT_SV_POWER_n8000_depth6_reference","diagnostic","depth6_reference","TWO_ROOT_SV_POWER",8000,8000,"absolute","K3","derivative_assisted_guard_minimum_ratio_d0",254,0,254,0,0,,,,,
"ED1_011_TWO_ROOT_SV_POWER_n8000_depth6_reference","diagnostic","depth6_reference","TWO_ROOT_SV_POWER",8000,8000,"absolute","K3","derivative_assisted_guard_minimum_ratio_d1",254,0,254,0,0,,,,,
"ED1_011_TWO_ROOT_SV_POWER_n8000_depth6_reference","diagnostic","depth6_reference","TWO_ROOT_SV_POWER",8000,8000,"absolute","K3","derivative_assisted_guard_nodes_used",254,0,254,0,0,,,,,
"ED1_011_TWO_ROOT_SV_POWER_n8000_depth6_reference","diagnostic","depth6_reference","TWO_ROOT_SV_POWER",8000,8000,"absolute","K3","derivative_assisted_guard_maximum_level",254,0,254,0,0,,,,,
"ED1_011_TWO_ROOT_SV_POWER_n8000_depth6_reference","diagnostic","depth6_reference","TWO_ROOT_SV_POWER",8000,8000,"absolute","K3","derivative_assisted_value_enclosure_nodes_used",254,0,254,0,0,,,,,
"ED1_011_TWO_ROOT_SV_POWER_n8000_depth6_reference","diagnostic","depth6_reference","TWO_ROOT_SV_POWER",8000,8000,"absolute","K3","derivative_assisted_derivative_enclosure_nodes_used",254,0,254,0,0,,,,,
"ED1_011_TWO_ROOT_SV_POWER_n8000_depth6_reference","diagnostic","depth6_reference","TWO_ROOT_SV_POWER",8000,8000,"absolute","K3","derivative_assisted_value_unresolved_cells",254,0,254,0,0,,,,,
"ED1_011_TWO_ROOT_SV_POWER_n8000_depth6_reference","diagnostic","depth6_reference","TWO_ROOT_SV_POWER",8000,8000,"absolute","K3","derivative_assisted_derivative_unresolved_cells",254,0,254,0,0,,,,,
"ED1_011_TWO_ROOT_SV_POWER_n8000_depth6_reference","diagnostic","depth6_reference","TWO_ROOT_SV_POWER",8000,8000,"absolute","K3","derivative_assisted_value_variance_unresolved_cells",254,0,254,0,0,,,,,
"ED1_011_TWO_ROOT_SV_POWER_n8000_depth6_reference","diagnostic","depth6_reference","TWO_ROOT_SV_POWER",8000,8000,"absolute","K3","derivative_assisted_derivative_variance_unresolved_cells",254,0,254,0,0,,,,,
"ED1_011_TWO_ROOT_SV_POWER_n8000_depth6_reference","diagnostic","depth6_reference","TWO_ROOT_SV_POWER",8000,8000,"absolute","K3","derivative_assisted_certificate_count",254,0,254,0,0,,,,,
"ED1_011_TWO_ROOT_SV_POWER_n8000_depth6_reference","diagnostic","depth6_reference","TWO_ROOT_SV_POWER",8000,8000,"absolute","K3","derivative_assisted_covariance_01_min",254,0,254,0,0,,,,,
"ED1_011_TWO_ROOT_SV_POWER_n8000_depth6_reference","diagnostic","depth6_reference","TWO_ROOT_SV_POWER",8000,8000,"absolute","K3","derivative_assisted_covariance_01_max",254,0,254,0,0,,,,,
"ED1_011_TWO_ROOT_SV_POWER_n8000_depth6_reference","diagnostic","depth6_reference","TWO_ROOT_SV_POWER",8000,8000,"absolute","K3","derivative_assisted_correlation_01_min",254,0,254,0,0,,,,,
"ED1_011_TWO_ROOT_SV_POWER_n8000_depth6_reference","diagnostic","depth6_reference","TWO_ROOT_SV_POWER",8000,8000,"absolute","K3","derivative_assisted_correlation_01_max",254,0,254,0,0,,,,,
"ED1_011_TWO_ROOT_SV_POWER_n8000_depth6_reference","diagnostic","depth6_reference","TWO_ROOT_SV_POWER",8000,8000,"absolute","K3","x_ess_ratio_p1",254,254,0,0,0,0.493385702863169,0.0054417492427968,0.484825892169581,0.493650288238661,0.502116473030459
"ED1_011_TWO_ROOT_SV_POWER_n8000_depth6_reference","diagnostic","depth6_reference","TWO_ROOT_SV_POWER",8000,8000,"absolute","K3","y_ess_ratio_p1",254,254,0,0,0,0.398507476251369,0.00131986697315206,0.396442331387938,0.398508250595021,0.40057791838635
"ED1_011_TWO_ROOT_SV_POWER_n8000_depth6_reference","diagnostic","depth6_reference","TWO_ROOT_SV_POWER",8000,8000,"absolute","K3","x_max_share_p1",254,254,0,0,0,0.000592366517980882,6.92330943055869e-06,0.000580317177688262,0.000592606172216243,0.000602594693157541
"ED1_011_TWO_ROOT_SV_POWER_n8000_depth6_reference","diagnostic","depth6_reference","TWO_ROOT_SV_POWER",8000,8000,"absolute","K3","y_max_share_p1",254,254,0,0,0,0.000629860469466313,8.5519454378018e-06,0.000615653893135397,0.000630113245730126,0.000643176318889376
"ED1_011_TWO_ROOT_SV_POWER_n8000_depth6_reference","diagnostic","depth6_reference","TWO_ROOT_SV_POWER",8000,8000,"absolute","K3","x_top1pct_share_p1",254,254,0,0,0,0.0452606319056737,0.000508253066872437,0.0444180782063531,0.0452720127172682,0.0460780736626437
"ED1_011_TWO_ROOT_SV_POWER_n8000_depth6_reference","diagnostic","depth6_reference","TWO_ROOT_SV_POWER",8000,8000,"absolute","K3","y_top1pct_share_p1",254,254,0,0,0,0.0499474442209309,0.000662295414958824,0.0488377578490707,0.049974463199494,0.050988082129799
"ED1_011_TWO_ROOT_SV_POWER_n8000_depth6_reference","diagnostic","depth6_reference","TWO_ROOT_SV_POWER",8000,8000,"absolute","K3","x_ess_ratio_upper",254,254,0,0,0,0.220550029798117,0.00577982383611775,0.210720413434415,0.220747859260871,0.230437730655296
"ED1_011_TWO_ROOT_SV_POWER_n8000_depth6_reference","diagnostic","depth6_reference","TWO_ROOT_SV_POWER",8000,8000,"absolute","K3","y_ess_ratio_upper",254,254,0,0,0,0.114309546473494,0.00325756123455924,0.108919607595088,0.114194231937909,0.119783409841679
"ED1_011_TWO_ROOT_SV_POWER_n8000_depth6_reference","diagnostic","depth6_reference","TWO_ROOT_SV_POWER",8000,8000,"absolute","K3","x_max_share_upper",254,254,0,0,0,0.00200434736812085,4.17599586360587e-05,0.00192673417093318,0.00200450750755699,0.00206542859510033
"ED1_011_TWO_ROOT_SV_POWER_n8000_depth6_reference","diagnostic","depth6_reference","TWO_ROOT_SV_POWER",8000,8000,"absolute","K3","y_max_share_upper",254,254,0,0,0,0.00144381391659013,4.46773095112008e-05,0.00136936724282742,0.00144350069903254,0.00151685052138874
"ED1_011_TWO_ROOT_SV_POWER_n8000_depth6_reference","diagnostic","depth6_reference","TWO_ROOT_SV_POWER",8000,8000,"absolute","K3","x_top1pct_share_upper",254,254,0,0,0,0.143142007621208,0.00228378982653453,0.139556058436767,0.143092120361778,0.146973777194956
"ED1_011_TWO_ROOT_SV_POWER_n8000_depth6_reference","diagnostic","depth6_reference","TWO_ROOT_SV_POWER",8000,8000,"absolute","K3","y_top1pct_share_upper",254,254,0,0,0,0.112996202462505,0.00339773639960544,0.107335615334384,0.113000317157058,0.118517990186878
"ED1_011_TWO_ROOT_SV_POWER_n8000_depth6_reference","diagnostic","depth6_reference","TWO_ROOT_SV_POWER",8000,8000,"absolute","K3","x_count_above_q95",254,254,0,0,0,401.472440944882,20.2366734645672,368.3,402,436.35
"ED1_011_TWO_ROOT_SV_POWER_n8000_depth6_reference","diagnostic","depth6_reference","TWO_ROOT_SV_POWER",8000,8000,"absolute","K3","y_count_above_q95",254,254,0,0,0,398.614173228346,19.699139141358,369,397,431
"ED1_011_TWO_ROOT_SV_POWER_n8000_depth6_reference","diagnostic","depth6_reference","TWO_ROOT_SV_POWER",8000,8000,"absolute","K3","x_count_above_q99",254,254,0,0,0,79.8818897637795,8.39830038633439,66.65,80,94.35
"ED1_011_TWO_ROOT_SV_POWER_n8000_depth6_reference","diagnostic","depth6_reference","TWO_ROOT_SV_POWER",8000,8000,"absolute","K3","y_count_above_q99",254,254,0,0,0,79.6850393700787,8.54164482072997,64.65,79,92
"ED1_011_TWO_ROOT_SV_POWER_n8000_depth6_reference","diagnostic","depth6_reference","TWO_ROOT_SV_POWER",8000,8000,"absolute","K3","x_latent_high_count",254,254,0,0,0,4006.29133858268,45.8154245452812,3936.65,4005.5,4088.35
"ED1_011_TWO_ROOT_SV_POWER_n8000_depth6_reference","diagnostic","depth6_reference","TWO_ROOT_SV_POWER",8000,8000,"absolute","K3","y_latent_high_count",254,254,0,0,0,7840.50787401575,12.8246742559266,7817,7841,7859
"ED1_011_TWO_ROOT_SV_POWER_n8000_depth6_reference","diagnostic","depth6_reference","TWO_ROOT_SV_POWER",8000,8000,"absolute","K3","elapsed_seconds",254,254,0,0,0,26.7375433070866,6.7604138064238,21.92075,24.8715,38.23315
"ED1_011_TWO_ROOT_SV_POWER_n8000_depth6_reference","diagnostic","depth6_reference","TWO_ROOT_SV_POWER",8000,8000,"absolute","K3","peak_r_heap_mb",254,254,0,0,0,660.068897637795,26.5678789306722,646.2,655.6,721.8
"ED1_012_TWO_ROOT_SV_POWER_n8000_depth8_refined","diagnostic","depth8_refined","TWO_ROOT_SV_POWER",8000,8000,"absolute","K3","bootstrap_grid_size",254,254,0,0,0,451,0,451,451,451
"ED1_012_TWO_ROOT_SV_POWER_n8000_depth8_refined","diagnostic","depth8_refined","TWO_ROOT_SV_POWER",8000,8000,"absolute","K3","bootstrap_grid_spacing",254,254,0,0,0,0.00500000000000034,0,0.00500000000000034,0.00500000000000034,0.00500000000000034
"ED1_012_TWO_ROOT_SV_POWER_n8000_depth8_refined","diagnostic","depth8_refined","TWO_ROOT_SV_POWER",8000,8000,"absolute","K3","enclosure_grid_size",254,254,0,0,0,901,0,901,901,901
"ED1_012_TWO_ROOT_SV_POWER_n8000_depth8_refined","diagnostic","depth8_refined","TWO_ROOT_SV_POWER",8000,8000,"absolute","K3","enclosure_grid_spacing",254,254,0,0,0,0.00250000000000039,0,0.00250000000000039,0.00250000000000039,0.00250000000000039
"ED1_012_TWO_ROOT_SV_POWER_n8000_depth8_refined","diagnostic","depth8_refined","TWO_ROOT_SV_POWER",8000,8000,"absolute","K3","configured_guard_maximum_levels",254,254,0,0,0,6,0,6,6,6
"ED1_012_TWO_ROOT_SV_POWER_n8000_depth8_refined","diagnostic","depth8_refined","TWO_ROOT_SV_POWER",8000,8000,"absolute","K3","configured_continuum_enclosure_maximum_levels",254,254,0,0,0,8,0,8,8,8
"ED1_012_TWO_ROOT_SV_POWER_n8000_depth8_refined","diagnostic","depth8_refined","TWO_ROOT_SV_POWER",8000,8000,"absolute","K3","guard_minimum_ratio",254,254,0,0,0,0.0600566941289726,0.000514799683907867,0.0592235953204077,0.0600588726309168,0.0608819835076066
"ED1_012_TWO_ROOT_SV_POWER_n8000_depth8_refined","diagnostic","depth8_refined","TWO_ROOT_SV_POWER",8000,8000,"absolute","K3","guard_nodes_used",254,254,0,0,0,451,0,451,451,451
"ED1_012_TWO_ROOT_SV_POWER_n8000_depth8_refined","diagnostic","depth8_refined","TWO_ROOT_SV_POWER",8000,8000,"absolute","K3","guard_maximum_level",254,254,0,0,0,0,0,0,0,0
"ED1_012_TWO_ROOT_SV_POWER_n8000_depth8_refined","diagnostic","depth8_refined","TWO_ROOT_SV_POWER",8000,8000,"absolute","K3","critical_value",254,254,0,0,0,2.21684163466736,0.0584759233041888,2.12833609624501,2.21577464836157,2.31087792580464
"ED1_012_TWO_ROOT_SV_POWER_n8000_depth8_refined","diagnostic","depth8_refined","TWO_ROOT_SV_POWER",8000,8000,"absolute","K3","maximum_half_width",254,254,0,0,0,276.185595398364,8.14475981799874,262.742625922128,276.627194443674,288.087742925588
"ED1_012_TWO_ROOT_SV_POWER_n8000_depth8_refined","diagnostic","depth8_refined","TWO_ROOT_SV_POWER",8000,8000,"absolute","K3","integrated_half_width",254,254,0,0,0,66.5040054700869,1.94653524335774,63.2722204237818,66.6395492685034,69.3655286156077
"ED1_012_TWO_ROOT_SV_POWER_n8000_depth8_refined","diagnostic","depth8_refined","TWO_ROOT_SV_POWER",8000,8000,"absolute","K3","continuum_truth_nodes_used",254,254,0,0,0,2168.02755905512,1322.30565314689,1286.95,1828,4422.4
"ED1_012_TWO_ROOT_SV_POWER_n8000_depth8_refined","diagnostic","depth8_refined","TWO_ROOT_SV_POWER",8000,8000,"absolute","K3","continuum_truth_maximum_level",254,254,0,0,0,2.67322834645669,0.977772641750703,2,3,4
"ED1_012_TWO_ROOT_SV_POWER_n8000_depth8_refined","diagnostic","depth8_refined","TWO_ROOT_SV_POWER",8000,8000,"absolute","K3","continuum_truth_unresolved_cells",254,254,0,0,0,0,0,0,0,0
"ED1_012_TWO_ROOT_SV_POWER_n8000_depth8_refined","diagnostic","depth8_refined","TWO_ROOT_SV_POWER",8000,8000,"absolute","K3","enclosure_nodes_used",254,254,0,0,0,1162.79921259843,109.140493274059,1051,1136.5,1362.4
"ED1_012_TWO_ROOT_SV_POWER_n8000_depth8_refined","diagnostic","depth8_refined","TWO_ROOT_SV_POWER",8000,8000,"absolute","K3","enclosure_maximum_level",254,254,0,0,0,6.85433070866142,1.0361265588386,5,7,8
"ED1_012_TWO_ROOT_SV_POWER_n8000_depth8_refined","diagnostic","depth8_refined","TWO_ROOT_SV_POWER",8000,8000,"absolute","K3","enclosure_variance_unresolved_cells",254,254,0,0,0,0,0,0,0,0
"ED1_012_TWO_ROOT_SV_POWER_n8000_depth8_refined","diagnostic","depth8_refined","TWO_ROOT_SV_POWER",8000,8000,"absolute","K3","enclosure_unresolved_cells",254,254,0,0,0,273.492125984252,40.9901889472192,228.65,260,345.7
"ED1_012_TWO_ROOT_SV_POWER_n8000_depth8_refined","diagnostic","depth8_refined","TWO_ROOT_SV_POWER",8000,8000,"absolute","K3","enclosure_limit_hit_cells",254,254,0,0,0,1.75984251968504,4.95447671311448,0,0,12
"ED1_012_TWO_ROOT_SV_POWER_n8000_depth8_refined","diagnostic","depth8_refined","TWO_ROOT_SV_POWER",8000,8000,"absolute","K3","enclosure_limit_hit_total_width",254,254,0,0,0,1.71859621063011e-05,4.83835616515052e-05,0,0,0.000117187500000004
"ED1_012_TWO_ROOT_SV_POWER_n8000_depth8_refined","diagnostic","depth8_refined","TWO_ROOT_SV_POWER",8000,8000,"absolute","K3","enclosure_limit_hit_width_proportion",254,254,0,0,0,7.63820538057825e-06,2.15038051784467e-05,0,0,5.20833333333353e-05
"ED1_012_TWO_ROOT_SV_POWER_n8000_depth8_refined","diagnostic","depth8_refined","TWO_ROOT_SV_POWER",8000,8000,"absolute","K3","enclosure_limit_hit_maximum_cell_width",254,254,0,0,0,1.96081446851745e-06,3.91972890449232e-06,0,0,9.76562500010214e-06
"ED1_012_TWO_ROOT_SV_POWER_n8000_depth8_refined","diagnostic","depth8_refined","TWO_ROOT_SV_POWER",8000,8000,"absolute","K3","enclosure_depth_limit_cells",254,254,0,0,0,1.75984251968504,4.95447671311448,0,0,12
"ED1_012_TWO_ROOT_SV_POWER_n8000_depth8_refined","diagnostic","depth8_refined","TWO_ROOT_SV_POWER",8000,8000,"absolute","K3","enclosure_depth_limit_total_width",254,254,0,0,0,1.71859621063011e-05,4.83835616515052e-05,0,0,0.000117187500000004
"ED1_012_TWO_ROOT_SV_POWER_n8000_depth8_refined","diagnostic","depth8_refined","TWO_ROOT_SV_POWER",8000,8000,"absolute","K3","enclosure_depth_limit_width_proportion",254,254,0,0,0,7.63820538057825e-06,2.15038051784467e-05,0,0,5.20833333333353e-05
"ED1_012_TWO_ROOT_SV_POWER_n8000_depth8_refined","diagnostic","depth8_refined","TWO_ROOT_SV_POWER",8000,8000,"absolute","K3","enclosure_depth_limit_maximum_cell_width",254,254,0,0,0,1.96081446851745e-06,3.91972890449232e-06,0,0,9.76562500010214e-06
"ED1_012_TWO_ROOT_SV_POWER_n8000_depth8_refined","diagnostic","depth8_refined","TWO_ROOT_SV_POWER",8000,8000,"absolute","K3","enclosure_node_limit_cells",254,254,0,0,0,0,0,0,0,0
"ED1_012_TWO_ROOT_SV_POWER_n8000_depth8_refined","diagnostic","depth8_refined","TWO_ROOT_SV_POWER",8000,8000,"absolute","K3","enclosure_node_limit_total_width",254,254,0,0,0,0,0,0,0,0
"ED1_012_TWO_ROOT_SV_POWER_n8000_depth8_refined","diagnostic","depth8_refined","TWO_ROOT_SV_POWER",8000,8000,"absolute","K3","enclosure_node_limit_width_proportion",254,254,0,0,0,0,0,0,0,0
"ED1_012_TWO_ROOT_SV_POWER_n8000_depth8_refined","diagnostic","depth8_refined","TWO_ROOT_SV_POWER",8000,8000,"absolute","K3","enclosure_node_limit_maximum_cell_width",254,254,0,0,0,0,0,0,0,0
"ED1_012_TWO_ROOT_SV_POWER_n8000_depth8_refined","diagnostic","depth8_refined","TWO_ROOT_SV_POWER",8000,8000,"absolute","K3","enclosure_variance_limit_cells",254,254,0,0,0,0,0,0,0,0
"ED1_012_TWO_ROOT_SV_POWER_n8000_depth8_refined","diagnostic","depth8_refined","TWO_ROOT_SV_POWER",8000,8000,"absolute","K3","enclosure_variance_limit_total_width",254,254,0,0,0,0,0,0,0,0
"ED1_012_TWO_ROOT_SV_POWER_n8000_depth8_refined","diagnostic","depth8_refined","TWO_ROOT_SV_POWER",8000,8000,"absolute","K3","enclosure_variance_limit_width_proportion",254,254,0,0,0,0,0,0,0,0
"ED1_012_TWO_ROOT_SV_POWER_n8000_depth8_refined","diagnostic","depth8_refined","TWO_ROOT_SV_POWER",8000,8000,"absolute","K3","enclosure_variance_limit_maximum_cell_width",254,254,0,0,0,0,0,0,0,0
"ED1_012_TWO_ROOT_SV_POWER_n8000_depth8_refined","diagnostic","depth8_refined","TWO_ROOT_SV_POWER",8000,8000,"absolute","K3","enclosure_statistical_limit_cells",254,254,0,0,0,1.75984251968504,4.95447671311448,0,0,12
"ED1_012_TWO_ROOT_SV_POWER_n8000_depth8_refined","diagnostic","depth8_refined","TWO_ROOT_SV_POWER",8000,8000,"absolute","K3","enclosure_statistical_limit_total_width",254,254,0,0,0,1.71859621063011e-05,4.83835616515052e-05,0,0,0.000117187500000004
"ED1_012_TWO_ROOT_SV_POWER_n8000_depth8_refined","diagnostic","depth8_refined","TWO_ROOT_SV_POWER",8000,8000,"absolute","K3","enclosure_statistical_limit_width_proportion",254,254,0,0,0,7.63820538057825e-06,2.15038051784467e-05,0,0,5.20833333333353e-05
"ED1_012_TWO_ROOT_SV_POWER_n8000_depth8_refined","diagnostic","depth8_refined","TWO_ROOT_SV_POWER",8000,8000,"absolute","K3","enclosure_statistical_limit_maximum_cell_width",254,254,0,0,0,1.96081446851745e-06,3.91972890449232e-06,0,0,9.76562500010214e-06
"ED1_012_TWO_ROOT_SV_POWER_n8000_depth8_refined","diagnostic","depth8_refined","TWO_ROOT_SV_POWER",8000,8000,"absolute","K3","certified_alternation_count",254,254,0,0,0,1.93700787401575,0.349997888103464,2,2,2
"ED1_012_TWO_ROOT_SV_POWER_n8000_depth8_refined","diagnostic","depth8_refined","TWO_ROOT_SV_POWER",8000,8000,"absolute","K3","bracket_count",254,254,0,0,0,1.93700787401575,0.349997888103464,2,2,2
"ED1_012_TWO_ROOT_SV_POWER_n8000_depth8_refined","diagnostic","depth8_refined","TWO_ROOT_SV_POWER",8000,8000,"absolute","K3","bracket_length",254,246,8,0,0,1.70926829268293,0.0782387318008662,1.59,1.705,1.835
"ED1_012_TWO_ROOT_SV_POWER_n8000_depth8_refined","diagnostic","depth8_refined","TWO_ROOT_SV_POWER",8000,8000,"absolute","K3","numerical_outer_component_count",254,254,0,0,0,1.96850393700787,0.174998944051732,2,2,2
"ED1_012_TWO_ROOT_SV_POWER_n8000_depth8_refined","diagnostic","depth8_refined","TWO_ROOT_SV_POWER",8000,8000,"absolute","K3","numerical_outer_total_length",254,254,0,0,0,0.679347894623524,0.0998444981536674,0.56755126953125,0.65,0.86425
"ED1_012_TWO_ROOT_SV_POWER_n8000_depth8_refined","diagnostic","depth8_refined","TWO_ROOT_SV_POWER",8000,8000,"absolute","K3","numerical_outer_retained_proportion",254,254,0,0,0,0.301932397610455,0.0443753325127411,0.252245008680556,0.288888888888889,0.384111111111111
"ED1_012_TWO_ROOT_SV_POWER_n8000_depth8_refined","diagnostic","depth8_refined","TWO_ROOT_SV_POWER",8000,8000,"absolute","K3","numerical_outer_hausdorff",254,254,0,0,0,0.300445758489173,0.0707071118765496,0.215,0.28875,0.44175
"ED1_012_TWO_ROOT_SV_POWER_n8000_depth8_refined","diagnostic","depth8_refined","TWO_ROOT_SV_POWER",8000,8000,"absolute","K3","tangency_local_outer_total_length",254,0,254,0,0,,,,,
"ED1_012_TWO_ROOT_SV_POWER_n8000_depth8_refined","diagnostic","depth8_refined","TWO_ROOT_SV_POWER",8000,8000,"absolute","K3","tangency_scaled_outer_radius",254,0,254,0,0,,,,,
"ED1_012_TWO_ROOT_SV_POWER_n8000_depth8_refined","diagnostic","depth8_refined","TWO_ROOT_SV_POWER",8000,8000,"absolute","K3","tangency_scaled_outer_hausdorff",254,0,254,0,0,,,,,
"ED1_012_TWO_ROOT_SV_POWER_n8000_depth8_refined","diagnostic","depth8_refined","TWO_ROOT_SV_POWER",8000,8000,"absolute","K3","tangency_truncated_local_outer_total_length",254,0,254,0,0,,,,,
"ED1_012_TWO_ROOT_SV_POWER_n8000_depth8_refined","diagnostic","depth8_refined","TWO_ROOT_SV_POWER",8000,8000,"absolute","K3","tangency_truncated_local_scaled_outer_radius",254,0,254,0,0,,,,,
"ED1_012_TWO_ROOT_SV_POWER_n8000_depth8_refined","diagnostic","depth8_refined","TWO_ROOT_SV_POWER",8000,8000,"absolute","K3","tangency_truncated_local_scaled_outer_hausdorff",254,0,254,0,0,,,,,
"ED1_012_TWO_ROOT_SV_POWER_n8000_depth8_refined","diagnostic","depth8_refined","TWO_ROOT_SV_POWER",8000,8000,"absolute","K3","tangency_global_outer_component_count_conditional_on_continuum_band_coverage",254,0,254,0,0,,,,,
"ED1_012_TWO_ROOT_SV_POWER_n8000_depth8_refined","diagnostic","depth8_refined","TWO_ROOT_SV_POWER",8000,8000,"absolute","K3","tangency_global_outer_total_length_conditional_on_continuum_band_coverage",254,0,254,0,0,,,,,
"ED1_012_TWO_ROOT_SV_POWER_n8000_depth8_refined","diagnostic","depth8_refined","TWO_ROOT_SV_POWER",8000,8000,"absolute","K3","tangency_global_outer_hausdorff_conditional_on_continuum_band_coverage",254,0,254,0,0,,,,,
"ED1_012_TWO_ROOT_SV_POWER_n8000_depth8_refined","diagnostic","depth8_refined","TWO_ROOT_SV_POWER",8000,8000,"absolute","K3","tangency_global_outer_left_radius_conditional_on_continuum_band_coverage",254,0,254,0,0,,,,,
"ED1_012_TWO_ROOT_SV_POWER_n8000_depth8_refined","diagnostic","depth8_refined","TWO_ROOT_SV_POWER",8000,8000,"absolute","K3","tangency_global_outer_right_radius_conditional_on_continuum_band_coverage",254,0,254,0,0,,,,,
"ED1_012_TWO_ROOT_SV_POWER_n8000_depth8_refined","diagnostic","depth8_refined","TWO_ROOT_SV_POWER",8000,8000,"absolute","K3","tangency_global_scaled_outer_total_length_conditional_on_continuum_band_coverage",254,0,254,0,0,,,,,
"ED1_012_TWO_ROOT_SV_POWER_n8000_depth8_refined","diagnostic","depth8_refined","TWO_ROOT_SV_POWER",8000,8000,"absolute","K3","tangency_global_scaled_outer_hausdorff_conditional_on_continuum_band_coverage",254,0,254,0,0,,,,,
"ED1_012_TWO_ROOT_SV_POWER_n8000_depth8_refined","diagnostic","depth8_refined","TWO_ROOT_SV_POWER",8000,8000,"absolute","K3","tangency_global_scaled_outer_left_radius_conditional_on_continuum_band_coverage",254,0,254,0,0,,,,,
"ED1_012_TWO_ROOT_SV_POWER_n8000_depth8_refined","diagnostic","depth8_refined","TWO_ROOT_SV_POWER",8000,8000,"absolute","K3","tangency_global_scaled_outer_right_radius_conditional_on_continuum_band_coverage",254,0,254,0,0,,,,,
"ED1_012_TWO_ROOT_SV_POWER_n8000_depth8_refined","diagnostic","depth8_refined","TWO_ROOT_SV_POWER",8000,8000,"absolute","K3","tangency_global_root_component_left_conditional_on_continuum_band_coverage",254,0,254,0,0,,,,,
"ED1_012_TWO_ROOT_SV_POWER_n8000_depth8_refined","diagnostic","depth8_refined","TWO_ROOT_SV_POWER",8000,8000,"absolute","K3","tangency_global_root_component_right_conditional_on_continuum_band_coverage",254,0,254,0,0,,,,,
"ED1_012_TWO_ROOT_SV_POWER_n8000_depth8_refined","diagnostic","depth8_refined","TWO_ROOT_SV_POWER",8000,8000,"absolute","K3","tangency_global_root_component_length_conditional_on_continuum_band_coverage",254,0,254,0,0,,,,,
"ED1_012_TWO_ROOT_SV_POWER_n8000_depth8_refined","diagnostic","depth8_refined","TWO_ROOT_SV_POWER",8000,8000,"absolute","K3","tangency_global_root_component_left_radius_conditional_on_continuum_band_coverage",254,0,254,0,0,,,,,
"ED1_012_TWO_ROOT_SV_POWER_n8000_depth8_refined","diagnostic","depth8_refined","TWO_ROOT_SV_POWER",8000,8000,"absolute","K3","tangency_global_root_component_right_radius_conditional_on_continuum_band_coverage",254,0,254,0,0,,,,,
"ED1_012_TWO_ROOT_SV_POWER_n8000_depth8_refined","diagnostic","depth8_refined","TWO_ROOT_SV_POWER",8000,8000,"absolute","K3","tangency_global_scaled_root_component_length_conditional_on_continuum_band_coverage",254,0,254,0,0,,,,,
"ED1_012_TWO_ROOT_SV_POWER_n8000_depth8_refined","diagnostic","depth8_refined","TWO_ROOT_SV_POWER",8000,8000,"absolute","K3","tangency_global_scaled_root_component_left_radius_conditional_on_continuum_band_coverage",254,0,254,0,0,,,,,
"ED1_012_TWO_ROOT_SV_POWER_n8000_depth8_refined","diagnostic","depth8_refined","TWO_ROOT_SV_POWER",8000,8000,"absolute","K3","tangency_global_scaled_root_component_right_radius_conditional_on_continuum_band_coverage",254,0,254,0,0,,,,,
"ED1_012_TWO_ROOT_SV_POWER_n8000_depth8_refined","diagnostic","depth8_refined","TWO_ROOT_SV_POWER",8000,8000,"absolute","K3","empirical_root_count",254,254,0,0,0,1.99606299212598,0.0627455805138159,2,2,2
"ED1_012_TWO_ROOT_SV_POWER_n8000_depth8_refined","diagnostic","depth8_refined","TWO_ROOT_SV_POWER",8000,8000,"absolute","K3","root_isolation_maximum_bisections",254,254,0,0,0,22,0,22,22,22
"ED1_012_TWO_ROOT_SV_POWER_n8000_depth8_refined","diagnostic","depth8_refined","TWO_ROOT_SV_POWER",8000,8000,"absolute","K3","root_error_conditional_on_isolation",254,0,254,0,0,,,,,
"ED1_012_TWO_ROOT_SV_POWER_n8000_depth8_refined","diagnostic","depth8_refined","TWO_ROOT_SV_POWER",8000,8000,"absolute","K3","derivative_hat",254,0,254,0,0,,,,,
"ED1_012_TWO_ROOT_SV_POWER_n8000_depth8_refined","diagnostic","depth8_refined","TWO_ROOT_SV_POWER",8000,8000,"absolute","K3","variance_at_root_hat",254,0,254,0,0,,,,,
"ED1_012_TWO_ROOT_SV_POWER_n8000_depth8_refined","diagnostic","depth8_refined","TWO_ROOT_SV_POWER",8000,8000,"absolute","K3","root_standard_error",254,0,254,0,0,,,,,
"ED1_012_TWO_ROOT_SV_POWER_n8000_depth8_refined","diagnostic","depth8_refined","TWO_ROOT_SV_POWER",8000,8000,"absolute","K3","wald_length",254,0,254,0,0,,,,,
"ED1_012_TWO_ROOT_SV_POWER_n8000_depth8_refined","diagnostic","depth8_refined","TWO_ROOT_SV_POWER",8000,8000,"absolute","K3","wald_collection_bias_conditional_on_isolation",254,253,1,0,0,0.00108798721212411,0.0248433285466304,-0.0380488183873892,0.000253965488076324,0.0401063248854877
"ED1_012_TWO_ROOT_SV_POWER_n8000_depth8_refined","diagnostic","depth8_refined","TWO_ROOT_SV_POWER",8000,8000,"absolute","K3","wald_collection_rmse_conditional_on_isolation",254,253,1,0,0,0.0602445903350055,0.0382771258571161,0.00939324717108602,0.0558671362428035,0.132099961924704
"ED1_012_TWO_ROOT_SV_POWER_n8000_depth8_refined","diagnostic","depth8_refined","TWO_ROOT_SV_POWER",8000,8000,"absolute","K3","wald_collection_total_length",254,253,1,0,0,0.563335837292487,0.0556156754169459,0.495979659099319,0.555332640900679,0.654053137779268
"ED1_012_TWO_ROOT_SV_POWER_n8000_depth8_refined","diagnostic","depth8_refined","TWO_ROOT_SV_POWER",8000,8000,"absolute","K3","root_multiplier_critical_value",254,253,1,0,0,2.09596969497326,0.055380472409568,2.00745349362523,2.09440417108589,2.19530593423904
"ED1_012_TWO_ROOT_SV_POWER_n8000_depth8_refined","diagnostic","depth8_refined","TWO_ROOT_SV_POWER",8000,8000,"absolute","K3","root_multiplier_total_length",254,253,1,0,0,0.601992386140569,0.0568199522848454,0.532712411962324,0.588849224202337,0.706575622498131
"ED1_012_TWO_ROOT_SV_POWER_n8000_depth8_refined","diagnostic","depth8_refined","TWO_ROOT_SV_POWER",8000,8000,"absolute","K3","derivative_assisted_critical_value",254,0,254,0,0,,,,,
"ED1_012_TWO_ROOT_SV_POWER_n8000_depth8_refined","diagnostic","depth8_refined","TWO_ROOT_SV_POWER",8000,8000,"absolute","K3","derivative_assisted_critical_value_ratio",254,0,254,0,0,,,,,
"ED1_012_TWO_ROOT_SV_POWER_n8000_depth8_refined","diagnostic","depth8_refined","TWO_ROOT_SV_POWER",8000,8000,"absolute","K3","derivative_assisted_value_maximum_half_width",254,0,254,0,0,,,,,
"ED1_012_TWO_ROOT_SV_POWER_n8000_depth8_refined","diagnostic","depth8_refined","TWO_ROOT_SV_POWER",8000,8000,"absolute","K3","derivative_assisted_derivative_maximum_half_width",254,0,254,0,0,,,,,
"ED1_012_TWO_ROOT_SV_POWER_n8000_depth8_refined","diagnostic","depth8_refined","TWO_ROOT_SV_POWER",8000,8000,"absolute","K3","derivative_assisted_value_width_inflation",254,0,254,0,0,,,,,
"ED1_012_TWO_ROOT_SV_POWER_n8000_depth8_refined","diagnostic","depth8_refined","TWO_ROOT_SV_POWER",8000,8000,"absolute","K3","derivative_assisted_guard_minimum_ratio",254,0,254,0,0,,,,,
"ED1_012_TWO_ROOT_SV_POWER_n8000_depth8_refined","diagnostic","depth8_refined","TWO_ROOT_SV_POWER",8000,8000,"absolute","K3","derivative_assisted_guard_minimum_ratio_d0",254,0,254,0,0,,,,,
"ED1_012_TWO_ROOT_SV_POWER_n8000_depth8_refined","diagnostic","depth8_refined","TWO_ROOT_SV_POWER",8000,8000,"absolute","K3","derivative_assisted_guard_minimum_ratio_d1",254,0,254,0,0,,,,,
"ED1_012_TWO_ROOT_SV_POWER_n8000_depth8_refined","diagnostic","depth8_refined","TWO_ROOT_SV_POWER",8000,8000,"absolute","K3","derivative_assisted_guard_nodes_used",254,0,254,0,0,,,,,
"ED1_012_TWO_ROOT_SV_POWER_n8000_depth8_refined","diagnostic","depth8_refined","TWO_ROOT_SV_POWER",8000,8000,"absolute","K3","derivative_assisted_guard_maximum_level",254,0,254,0,0,,,,,
"ED1_012_TWO_ROOT_SV_POWER_n8000_depth8_refined","diagnostic","depth8_refined","TWO_ROOT_SV_POWER",8000,8000,"absolute","K3","derivative_assisted_value_enclosure_nodes_used",254,0,254,0,0,,,,,
"ED1_012_TWO_ROOT_SV_POWER_n8000_depth8_refined","diagnostic","depth8_refined","TWO_ROOT_SV_POWER",8000,8000,"absolute","K3","derivative_assisted_derivative_enclosure_nodes_used",254,0,254,0,0,,,,,
"ED1_012_TWO_ROOT_SV_POWER_n8000_depth8_refined","diagnostic","depth8_refined","TWO_ROOT_SV_POWER",8000,8000,"absolute","K3","derivative_assisted_value_unresolved_cells",254,0,254,0,0,,,,,
"ED1_012_TWO_ROOT_SV_POWER_n8000_depth8_refined","diagnostic","depth8_refined","TWO_ROOT_SV_POWER",8000,8000,"absolute","K3","derivative_assisted_derivative_unresolved_cells",254,0,254,0,0,,,,,
"ED1_012_TWO_ROOT_SV_POWER_n8000_depth8_refined","diagnostic","depth8_refined","TWO_ROOT_SV_POWER",8000,8000,"absolute","K3","derivative_assisted_value_variance_unresolved_cells",254,0,254,0,0,,,,,
"ED1_012_TWO_ROOT_SV_POWER_n8000_depth8_refined","diagnostic","depth8_refined","TWO_ROOT_SV_POWER",8000,8000,"absolute","K3","derivative_assisted_derivative_variance_unresolved_cells",254,0,254,0,0,,,,,
"ED1_012_TWO_ROOT_SV_POWER_n8000_depth8_refined","diagnostic","depth8_refined","TWO_ROOT_SV_POWER",8000,8000,"absolute","K3","derivative_assisted_certificate_count",254,0,254,0,0,,,,,
"ED1_012_TWO_ROOT_SV_POWER_n8000_depth8_refined","diagnostic","depth8_refined","TWO_ROOT_SV_POWER",8000,8000,"absolute","K3","derivative_assisted_covariance_01_min",254,0,254,0,0,,,,,
"ED1_012_TWO_ROOT_SV_POWER_n8000_depth8_refined","diagnostic","depth8_refined","TWO_ROOT_SV_POWER",8000,8000,"absolute","K3","derivative_assisted_covariance_01_max",254,0,254,0,0,,,,,
"ED1_012_TWO_ROOT_SV_POWER_n8000_depth8_refined","diagnostic","depth8_refined","TWO_ROOT_SV_POWER",8000,8000,"absolute","K3","derivative_assisted_correlation_01_min",254,0,254,0,0,,,,,
"ED1_012_TWO_ROOT_SV_POWER_n8000_depth8_refined","diagnostic","depth8_refined","TWO_ROOT_SV_POWER",8000,8000,"absolute","K3","derivative_assisted_correlation_01_max",254,0,254,0,0,,,,,
"ED1_012_TWO_ROOT_SV_POWER_n8000_depth8_refined","diagnostic","depth8_refined","TWO_ROOT_SV_POWER",8000,8000,"absolute","K3","x_ess_ratio_p1",254,254,0,0,0,0.493385702863169,0.0054417492427968,0.484825892169581,0.493650288238661,0.502116473030459
"ED1_012_TWO_ROOT_SV_POWER_n8000_depth8_refined","diagnostic","depth8_refined","TWO_ROOT_SV_POWER",8000,8000,"absolute","K3","y_ess_ratio_p1",254,254,0,0,0,0.398507476251369,0.00131986697315206,0.396442331387938,0.398508250595021,0.40057791838635
"ED1_012_TWO_ROOT_SV_POWER_n8000_depth8_refined","diagnostic","depth8_refined","TWO_ROOT_SV_POWER",8000,8000,"absolute","K3","x_max_share_p1",254,254,0,0,0,0.000592366517980882,6.92330943055869e-06,0.000580317177688262,0.000592606172216243,0.000602594693157541
"ED1_012_TWO_ROOT_SV_POWER_n8000_depth8_refined","diagnostic","depth8_refined","TWO_ROOT_SV_POWER",8000,8000,"absolute","K3","y_max_share_p1",254,254,0,0,0,0.000629860469466313,8.5519454378018e-06,0.000615653893135397,0.000630113245730126,0.000643176318889376
"ED1_012_TWO_ROOT_SV_POWER_n8000_depth8_refined","diagnostic","depth8_refined","TWO_ROOT_SV_POWER",8000,8000,"absolute","K3","x_top1pct_share_p1",254,254,0,0,0,0.0452606319056737,0.000508253066872437,0.0444180782063531,0.0452720127172682,0.0460780736626437
"ED1_012_TWO_ROOT_SV_POWER_n8000_depth8_refined","diagnostic","depth8_refined","TWO_ROOT_SV_POWER",8000,8000,"absolute","K3","y_top1pct_share_p1",254,254,0,0,0,0.0499474442209309,0.000662295414958824,0.0488377578490707,0.049974463199494,0.050988082129799
"ED1_012_TWO_ROOT_SV_POWER_n8000_depth8_refined","diagnostic","depth8_refined","TWO_ROOT_SV_POWER",8000,8000,"absolute","K3","x_ess_ratio_upper",254,254,0,0,0,0.220550029798117,0.00577982383611775,0.210720413434415,0.220747859260871,0.230437730655296
"ED1_012_TWO_ROOT_SV_POWER_n8000_depth8_refined","diagnostic","depth8_refined","TWO_ROOT_SV_POWER",8000,8000,"absolute","K3","y_ess_ratio_upper",254,254,0,0,0,0.114309546473494,0.00325756123455924,0.108919607595088,0.114194231937909,0.119783409841679
"ED1_012_TWO_ROOT_SV_POWER_n8000_depth8_refined","diagnostic","depth8_refined","TWO_ROOT_SV_POWER",8000,8000,"absolute","K3","x_max_share_upper",254,254,0,0,0,0.00200434736812085,4.17599586360587e-05,0.00192673417093318,0.00200450750755699,0.00206542859510033
"ED1_012_TWO_ROOT_SV_POWER_n8000_depth8_refined","diagnostic","depth8_refined","TWO_ROOT_SV_POWER",8000,8000,"absolute","K3","y_max_share_upper",254,254,0,0,0,0.00144381391659013,4.46773095112008e-05,0.00136936724282742,0.00144350069903254,0.00151685052138874
"ED1_012_TWO_ROOT_SV_POWER_n8000_depth8_refined","diagnostic","depth8_refined","TWO_ROOT_SV_POWER",8000,8000,"absolute","K3","x_top1pct_share_upper",254,254,0,0,0,0.143142007621208,0.00228378982653453,0.139556058436767,0.143092120361778,0.146973777194956
"ED1_012_TWO_ROOT_SV_POWER_n8000_depth8_refined","diagnostic","depth8_refined","TWO_ROOT_SV_POWER",8000,8000,"absolute","K3","y_top1pct_share_upper",254,254,0,0,0,0.112996202462505,0.00339773639960544,0.107335615334384,0.113000317157058,0.118517990186878
"ED1_012_TWO_ROOT_SV_POWER_n8000_depth8_refined","diagnostic","depth8_refined","TWO_ROOT_SV_POWER",8000,8000,"absolute","K3","x_count_above_q95",254,254,0,0,0,401.472440944882,20.2366734645672,368.3,402,436.35
"ED1_012_TWO_ROOT_SV_POWER_n8000_depth8_refined","diagnostic","depth8_refined","TWO_ROOT_SV_POWER",8000,8000,"absolute","K3","y_count_above_q95",254,254,0,0,0,398.614173228346,19.699139141358,369,397,431
"ED1_012_TWO_ROOT_SV_POWER_n8000_depth8_refined","diagnostic","depth8_refined","TWO_ROOT_SV_POWER",8000,8000,"absolute","K3","x_count_above_q99",254,254,0,0,0,79.8818897637795,8.39830038633439,66.65,80,94.35
"ED1_012_TWO_ROOT_SV_POWER_n8000_depth8_refined","diagnostic","depth8_refined","TWO_ROOT_SV_POWER",8000,8000,"absolute","K3","y_count_above_q99",254,254,0,0,0,79.6850393700787,8.54164482072997,64.65,79,92
"ED1_012_TWO_ROOT_SV_POWER_n8000_depth8_refined","diagnostic","depth8_refined","TWO_ROOT_SV_POWER",8000,8000,"absolute","K3","x_latent_high_count",254,254,0,0,0,4006.29133858268,45.8154245452812,3936.65,4005.5,4088.35
"ED1_012_TWO_ROOT_SV_POWER_n8000_depth8_refined","diagnostic","depth8_refined","TWO_ROOT_SV_POWER",8000,8000,"absolute","K3","y_latent_high_count",254,254,0,0,0,7840.50787401575,12.8246742559266,7817,7841,7859
"ED1_012_TWO_ROOT_SV_POWER_n8000_depth8_refined","diagnostic","depth8_refined","TWO_ROOT_SV_POWER",8000,8000,"absolute","K3","elapsed_seconds",254,254,0,0,0,26.7822559055118,6.70828890854431,21.5145,25.032,38.13315
"ED1_012_TWO_ROOT_SV_POWER_n8000_depth8_refined","diagnostic","depth8_refined","TWO_ROOT_SV_POWER",8000,8000,"absolute","K3","peak_r_heap_mb",254,254,0,0,0,657.944881889764,22.6792524455276,646.2,655.6,721.8
