"study_id","contrast_id","contrast_definition","pairing_key","cell_class","scenario_id","n_x","n_y","moment_type","interval_id","p_min","p_max","reference_variant_id","comparison_variant_id","reference_cell_id","comparison_cell_id","metric_type","metric","expected_replications","reference_successful_replications","comparison_successful_replications","paired_successful_replications","metric_pair_denominator","reference_event_count","comparison_event_count","reference_only_event_count","comparison_only_event_count","disagreement_count","disagreement_rate","disagreement_wilson_lower","disagreement_wilson_upper","reference_mean","comparison_mean","mean_difference","difference_sd","paired_mcse","difference_q05","difference_q50","difference_q95"
"enclosure_depth_v001","depth8_refined_minus_depth6_reference","maximum continuum-enclosure depth 8 minus 6, with guard depth fixed at 6 and with identical samples, multipliers, B=999, bootstrap grid 0.005, enclosure grid 0.0025, node ceiling 57601, and every remaining inferential setting","ED1_TANGENCY_SV_POWER_n2000","diagnostic","TANGENCY_SV_POWER",2000,2000,"absolute","K1",0.25,1.5,"depth6_reference","depth8_refined","ED1_001_TANGENCY_SV_POWER_n2000_depth6_reference","ED1_002_TANGENCY_SV_POWER_n2000_depth8_refined","binary","across_interval_joint_any_primary_false_report",254,254,254,254,254,10,10,0,0,0,0,0,0.0148985304313125,0.0393700787401575,0.0393700787401575,0,0,0,0,0,0
"enclosure_depth_v001","depth8_refined_minus_depth6_reference","maximum continuum-enclosure depth 8 minus 6, with guard depth fixed at 6 and with identical samples, multipliers, B=999, bootstrap grid 0.005, enclosure grid 0.0025, node ceiling 57601, and every remaining inferential setting","ED1_TANGENCY_SV_POWER_n4000","diagnostic","TANGENCY_SV_POWER",4000,4000,"absolute","K1",0.25,1.5,"depth6_reference","depth8_refined","ED1_003_TANGENCY_SV_POWER_n4000_depth6_reference","ED1_004_TANGENCY_SV_POWER_n4000_depth8_refined","binary","across_interval_joint_any_primary_false_report",254,254,254,254,254,6,6,0,0,0,0,0,0.0148985304313125,0.0236220472440945,0.0236220472440945,0,0,0,0,0,0
"enclosure_depth_v001","depth8_refined_minus_depth6_reference","maximum continuum-enclosure depth 8 minus 6, with guard depth fixed at 6 and with identical samples, multipliers, B=999, bootstrap grid 0.005, enclosure grid 0.0025, node ceiling 57601, and every remaining inferential setting","ED1_TANGENCY_SV_POWER_n8000","diagnostic","TANGENCY_SV_POWER",8000,8000,"absolute","K1",0.25,1.5,"depth6_reference","depth8_refined","ED1_005_TANGENCY_SV_POWER_n8000_depth6_reference","ED1_006_TANGENCY_SV_POWER_n8000_depth8_refined","binary","across_interval_joint_any_primary_false_report",254,254,254,254,254,10,10,0,0,0,0,0,0.0148985304313125,0.0393700787401575,0.0393700787401575,0,0,0,0,0,0
"enclosure_depth_v001","depth8_refined_minus_depth6_reference","maximum continuum-enclosure depth 8 minus 6, with guard depth fixed at 6 and with identical samples, multipliers, B=999, bootstrap grid 0.005, enclosure grid 0.0025, node ceiling 57601, and every remaining inferential setting","ED1_TANGENCY_SV_POWER_n2000","diagnostic","TANGENCY_SV_POWER",2000,2000,"absolute","K1",0.25,1.5,"depth6_reference","depth8_refined","ED1_001_TANGENCY_SV_POWER_n2000_depth6_reference","ED1_002_TANGENCY_SV_POWER_n2000_depth8_refined","binary","across_interval_joint_band_covers_truth_on_audit_grid",254,254,254,254,254,241,241,0,0,0,0,0,0.0148985304313125,0.948818897637795,0.948818897637795,0,0,0,0,0,0
"enclosure_depth_v001","depth8_refined_minus_depth6_reference","maximum continuum-enclosure depth 8 minus 6, with guard depth fixed at 6 and with identical samples, multipliers, B=999, bootstrap grid 0.005, enclosure grid 0.0025, node ceiling 57601, and every remaining inferential setting","ED1_TANGENCY_SV_POWER_n4000","diagnostic","TANGENCY_SV_POWER",4000,4000,"absolute","K1",0.25,1.5,"depth6_reference","depth8_refined","ED1_003_TANGENCY_SV_POWER_n4000_depth6_reference","ED1_004_TANGENCY_SV_POWER_n4000_depth8_refined","binary","across_interval_joint_band_covers_truth_on_audit_grid",254,254,254,254,254,243,243,0,0,0,0,0,0.0148985304313125,0.956692913385827,0.956692913385827,0,0,0,0,0,0
"enclosure_depth_v001","depth8_refined_minus_depth6_reference","maximum continuum-enclosure depth 8 minus 6, with guard depth fixed at 6 and with identical samples, multipliers, B=999, bootstrap grid 0.005, enclosure grid 0.0025, node ceiling 57601, and every remaining inferential setting","ED1_TANGENCY_SV_POWER_n8000","diagnostic","TANGENCY_SV_POWER",8000,8000,"absolute","K1",0.25,1.5,"depth6_reference","depth8_refined","ED1_005_TANGENCY_SV_POWER_n8000_depth6_reference","ED1_006_TANGENCY_SV_POWER_n8000_depth8_refined","binary","across_interval_joint_band_covers_truth_on_audit_grid",254,254,254,254,254,241,241,0,0,0,0,0,0.0148985304313125,0.948818897637795,0.948818897637795,0,0,0,0,0,0
"enclosure_depth_v001","depth8_refined_minus_depth6_reference","maximum continuum-enclosure depth 8 minus 6, with guard depth fixed at 6 and with identical samples, multipliers, B=999, bootstrap grid 0.005, enclosure grid 0.0025, node ceiling 57601, and every remaining inferential setting","ED1_TANGENCY_SV_POWER_n2000","diagnostic","TANGENCY_SV_POWER",2000,2000,"absolute","K1",0.25,1.5,"depth6_reference","depth8_refined","ED1_001_TANGENCY_SV_POWER_n2000_depth6_reference","ED1_002_TANGENCY_SV_POWER_n2000_depth8_refined","binary","across_interval_joint_band_covers_truth_on_grid",254,254,254,254,254,241,241,0,0,0,0,0,0.0148985304313125,0.948818897637795,0.948818897637795,0,0,0,0,0,0
"enclosure_depth_v001","depth8_refined_minus_depth6_reference","maximum continuum-enclosure depth 8 minus 6, with guard depth fixed at 6 and with identical samples, multipliers, B=999, bootstrap grid 0.005, enclosure grid 0.0025, node ceiling 57601, and every remaining inferential setting","ED1_TANGENCY_SV_POWER_n4000","diagnostic","TANGENCY_SV_POWER",4000,4000,"absolute","K1",0.25,1.5,"depth6_reference","depth8_refined","ED1_003_TANGENCY_SV_POWER_n4000_depth6_reference","ED1_004_TANGENCY_SV_POWER_n4000_depth8_refined","binary","across_interval_joint_band_covers_truth_on_grid",254,254,254,254,254,243,243,0,0,0,0,0,0.0148985304313125,0.956692913385827,0.956692913385827,0,0,0,0,0,0
"enclosure_depth_v001","depth8_refined_minus_depth6_reference","maximum continuum-enclosure depth 8 minus 6, with guard depth fixed at 6 and with identical samples, multipliers, B=999, bootstrap grid 0.005, enclosure grid 0.0025, node ceiling 57601, and every remaining inferential setting","ED1_TANGENCY_SV_POWER_n8000","diagnostic","TANGENCY_SV_POWER",8000,8000,"absolute","K1",0.25,1.5,"depth6_reference","depth8_refined","ED1_005_TANGENCY_SV_POWER_n8000_depth6_reference","ED1_006_TANGENCY_SV_POWER_n8000_depth8_refined","binary","across_interval_joint_band_covers_truth_on_grid",254,254,254,254,254,241,241,0,0,0,0,0,0.0148985304313125,0.948818897637795,0.948818897637795,0,0,0,0,0,0
"enclosure_depth_v001","depth8_refined_minus_depth6_reference","maximum continuum-enclosure depth 8 minus 6, with guard depth fixed at 6 and with identical samples, multipliers, B=999, bootstrap grid 0.005, enclosure grid 0.0025, node ceiling 57601, and every remaining inferential setting","ED1_TANGENCY_SV_POWER_n2000","diagnostic","TANGENCY_SV_POWER",2000,2000,"absolute","K1",0.25,1.5,"depth6_reference","depth8_refined","ED1_001_TANGENCY_SV_POWER_n2000_depth6_reference","ED1_002_TANGENCY_SV_POWER_n2000_depth8_refined","binary","across_interval_joint_continuum_band_covers_truth",254,254,254,254,254,240,240,0,0,0,0,0,0.0148985304313125,0.94488188976378,0.94488188976378,0,0,0,0,0,0
"enclosure_depth_v001","depth8_refined_minus_depth6_reference","maximum continuum-enclosure depth 8 minus 6, with guard depth fixed at 6 and with identical samples, multipliers, B=999, bootstrap grid 0.005, enclosure grid 0.0025, node ceiling 57601, and every remaining inferential setting","ED1_TANGENCY_SV_POWER_n4000","diagnostic","TANGENCY_SV_POWER",4000,4000,"absolute","K1",0.25,1.5,"depth6_reference","depth8_refined","ED1_003_TANGENCY_SV_POWER_n4000_depth6_reference","ED1_004_TANGENCY_SV_POWER_n4000_depth8_refined","binary","across_interval_joint_continuum_band_covers_truth",254,254,254,254,254,243,243,0,0,0,0,0,0.0148985304313125,0.956692913385827,0.956692913385827,0,0,0,0,0,0
"enclosure_depth_v001","depth8_refined_minus_depth6_reference","maximum continuum-enclosure depth 8 minus 6, with guard depth fixed at 6 and with identical samples, multipliers, B=999, bootstrap grid 0.005, enclosure grid 0.0025, node ceiling 57601, and every remaining inferential setting","ED1_TANGENCY_SV_POWER_n8000","diagnostic","TANGENCY_SV_POWER",8000,8000,"absolute","K1",0.25,1.5,"depth6_reference","depth8_refined","ED1_005_TANGENCY_SV_POWER_n8000_depth6_reference","ED1_006_TANGENCY_SV_POWER_n8000_depth8_refined","binary","across_interval_joint_continuum_band_covers_truth",254,254,254,254,254,240,240,0,0,0,0,0,0.0148985304313125,0.94488188976378,0.94488188976378,0,0,0,0,0,0
"enclosure_depth_v001","depth8_refined_minus_depth6_reference","maximum continuum-enclosure depth 8 minus 6, with guard depth fixed at 6 and with identical samples, multipliers, B=999, bootstrap grid 0.005, enclosure grid 0.0025, node ceiling 57601, and every remaining inferential setting","ED1_TANGENCY_SV_POWER_n2000","diagnostic","TANGENCY_SV_POWER",2000,2000,"absolute","K1",0.25,1.5,"depth6_reference","depth8_refined","ED1_001_TANGENCY_SV_POWER_n2000_depth6_reference","ED1_002_TANGENCY_SV_POWER_n2000_depth8_refined","binary","any_primary_false_report",254,254,254,254,254,10,10,0,0,0,0,0,0.0148985304313125,0.0393700787401575,0.0393700787401575,0,0,0,0,0,0
"enclosure_depth_v001","depth8_refined_minus_depth6_reference","maximum continuum-enclosure depth 8 minus 6, with guard depth fixed at 6 and with identical samples, multipliers, B=999, bootstrap grid 0.005, enclosure grid 0.0025, node ceiling 57601, and every remaining inferential setting","ED1_TANGENCY_SV_POWER_n4000","diagnostic","TANGENCY_SV_POWER",4000,4000,"absolute","K1",0.25,1.5,"depth6_reference","depth8_refined","ED1_003_TANGENCY_SV_POWER_n4000_depth6_reference","ED1_004_TANGENCY_SV_POWER_n4000_depth8_refined","binary","any_primary_false_report",254,254,254,254,254,6,6,0,0,0,0,0,0.0148985304313125,0.0236220472440945,0.0236220472440945,0,0,0,0,0,0
"enclosure_depth_v001","depth8_refined_minus_depth6_reference","maximum continuum-enclosure depth 8 minus 6, with guard depth fixed at 6 and with identical samples, multipliers, B=999, bootstrap grid 0.005, enclosure grid 0.0025, node ceiling 57601, and every remaining inferential setting","ED1_TANGENCY_SV_POWER_n8000","diagnostic","TANGENCY_SV_POWER",8000,8000,"absolute","K1",0.25,1.5,"depth6_reference","depth8_refined","ED1_005_TANGENCY_SV_POWER_n8000_depth6_reference","ED1_006_TANGENCY_SV_POWER_n8000_depth8_refined","binary","any_primary_false_report",254,254,254,254,254,10,10,0,0,0,0,0,0.0148985304313125,0.0393700787401575,0.0393700787401575,0,0,0,0,0,0
"enclosure_depth_v001","depth8_refined_minus_depth6_reference","maximum continuum-enclosure depth 8 minus 6, with guard depth fixed at 6 and with identical samples, multipliers, B=999, bootstrap grid 0.005, enclosure grid 0.0025, node ceiling 57601, and every remaining inferential setting","ED1_TANGENCY_SV_POWER_n2000","diagnostic","TANGENCY_SV_POWER",2000,2000,"absolute","K1",0.25,1.5,"depth6_reference","depth8_refined","ED1_001_TANGENCY_SV_POWER_n2000_depth6_reference","ED1_002_TANGENCY_SV_POWER_n2000_depth8_refined","binary","band_covers_truth_on_audit_grid",254,254,254,254,254,241,241,0,0,0,0,0,0.0148985304313125,0.948818897637795,0.948818897637795,0,0,0,0,0,0
"enclosure_depth_v001","depth8_refined_minus_depth6_reference","maximum continuum-enclosure depth 8 minus 6, with guard depth fixed at 6 and with identical samples, multipliers, B=999, bootstrap grid 0.005, enclosure grid 0.0025, node ceiling 57601, and every remaining inferential setting","ED1_TANGENCY_SV_POWER_n4000","diagnostic","TANGENCY_SV_POWER",4000,4000,"absolute","K1",0.25,1.5,"depth6_reference","depth8_refined","ED1_003_TANGENCY_SV_POWER_n4000_depth6_reference","ED1_004_TANGENCY_SV_POWER_n4000_depth8_refined","binary","band_covers_truth_on_audit_grid",254,254,254,254,254,243,243,0,0,0,0,0,0.0148985304313125,0.956692913385827,0.956692913385827,0,0,0,0,0,0
"enclosure_depth_v001","depth8_refined_minus_depth6_reference","maximum continuum-enclosure depth 8 minus 6, with guard depth fixed at 6 and with identical samples, multipliers, B=999, bootstrap grid 0.005, enclosure grid 0.0025, node ceiling 57601, and every remaining inferential setting","ED1_TANGENCY_SV_POWER_n8000","diagnostic","TANGENCY_SV_POWER",8000,8000,"absolute","K1",0.25,1.5,"depth6_reference","depth8_refined","ED1_005_TANGENCY_SV_POWER_n8000_depth6_reference","ED1_006_TANGENCY_SV_POWER_n8000_depth8_refined","binary","band_covers_truth_on_audit_grid",254,254,254,254,254,241,241,0,0,0,0,0,0.0148985304313125,0.948818897637795,0.948818897637795,0,0,0,0,0,0
"enclosure_depth_v001","depth8_refined_minus_depth6_reference","maximum continuum-enclosure depth 8 minus 6, with guard depth fixed at 6 and with identical samples, multipliers, B=999, bootstrap grid 0.005, enclosure grid 0.0025, node ceiling 57601, and every remaining inferential setting","ED1_TANGENCY_SV_POWER_n2000","diagnostic","TANGENCY_SV_POWER",2000,2000,"absolute","K1",0.25,1.5,"depth6_reference","depth8_refined","ED1_001_TANGENCY_SV_POWER_n2000_depth6_reference","ED1_002_TANGENCY_SV_POWER_n2000_depth8_refined","binary","band_covers_truth_on_grid",254,254,254,254,254,241,241,0,0,0,0,0,0.0148985304313125,0.948818897637795,0.948818897637795,0,0,0,0,0,0
"enclosure_depth_v001","depth8_refined_minus_depth6_reference","maximum continuum-enclosure depth 8 minus 6, with guard depth fixed at 6 and with identical samples, multipliers, B=999, bootstrap grid 0.005, enclosure grid 0.0025, node ceiling 57601, and every remaining inferential setting","ED1_TANGENCY_SV_POWER_n4000","diagnostic","TANGENCY_SV_POWER",4000,4000,"absolute","K1",0.25,1.5,"depth6_reference","depth8_refined","ED1_003_TANGENCY_SV_POWER_n4000_depth6_reference","ED1_004_TANGENCY_SV_POWER_n4000_depth8_refined","binary","band_covers_truth_on_grid",254,254,254,254,254,243,243,0,0,0,0,0,0.0148985304313125,0.956692913385827,0.956692913385827,0,0,0,0,0,0
"enclosure_depth_v001","depth8_refined_minus_depth6_reference","maximum continuum-enclosure depth 8 minus 6, with guard depth fixed at 6 and with identical samples, multipliers, B=999, bootstrap grid 0.005, enclosure grid 0.0025, node ceiling 57601, and every remaining inferential setting","ED1_TANGENCY_SV_POWER_n8000","diagnostic","TANGENCY_SV_POWER",8000,8000,"absolute","K1",0.25,1.5,"depth6_reference","depth8_refined","ED1_005_TANGENCY_SV_POWER_n8000_depth6_reference","ED1_006_TANGENCY_SV_POWER_n8000_depth8_refined","binary","band_covers_truth_on_grid",254,254,254,254,254,241,241,0,0,0,0,0,0.0148985304313125,0.948818897637795,0.948818897637795,0,0,0,0,0,0
"enclosure_depth_v001","depth8_refined_minus_depth6_reference","maximum continuum-enclosure depth 8 minus 6, with guard depth fixed at 6 and with identical samples, multipliers, B=999, bootstrap grid 0.005, enclosure grid 0.0025, node ceiling 57601, and every remaining inferential setting","ED1_TANGENCY_SV_POWER_n2000","diagnostic","TANGENCY_SV_POWER",2000,2000,"absolute","K1",0.25,1.5,"depth6_reference","depth8_refined","ED1_001_TANGENCY_SV_POWER_n2000_depth6_reference","ED1_002_TANGENCY_SV_POWER_n2000_depth8_refined","binary","bracket_covers_root",254,254,254,254,8,8,8,0,0,0,0,0,0.32440756488388,1,1,0,0,0,0,0,0
"enclosure_depth_v001","depth8_refined_minus_depth6_reference","maximum continuum-enclosure depth 8 minus 6, with guard depth fixed at 6 and with identical samples, multipliers, B=999, bootstrap grid 0.005, enclosure grid 0.0025, node ceiling 57601, and every remaining inferential setting","ED1_TANGENCY_SV_POWER_n4000","diagnostic","TANGENCY_SV_POWER",4000,4000,"absolute","K1",0.25,1.5,"depth6_reference","depth8_refined","ED1_003_TANGENCY_SV_POWER_n4000_depth6_reference","ED1_004_TANGENCY_SV_POWER_n4000_depth8_refined","binary","bracket_covers_root",254,254,254,254,4,4,4,0,0,0,0,0,0.489890836454597,1,1,0,0,0,0,0,0
"enclosure_depth_v001","depth8_refined_minus_depth6_reference","maximum continuum-enclosure depth 8 minus 6, with guard depth fixed at 6 and with identical samples, multipliers, B=999, bootstrap grid 0.005, enclosure grid 0.0025, node ceiling 57601, and every remaining inferential setting","ED1_TANGENCY_SV_POWER_n8000","diagnostic","TANGENCY_SV_POWER",8000,8000,"absolute","K1",0.25,1.5,"depth6_reference","depth8_refined","ED1_005_TANGENCY_SV_POWER_n8000_depth6_reference","ED1_006_TANGENCY_SV_POWER_n8000_depth8_refined","binary","bracket_covers_root",254,254,254,254,6,6,6,0,0,0,0,0,0.390334287902165,1,1,0,0,0,0,0,0
"enclosure_depth_v001","depth8_refined_minus_depth6_reference","maximum continuum-enclosure depth 8 minus 6, with guard depth fixed at 6 and with identical samples, multipliers, B=999, bootstrap grid 0.005, enclosure grid 0.0025, node ceiling 57601, and every remaining inferential setting","ED1_TANGENCY_SV_POWER_n2000","diagnostic","TANGENCY_SV_POWER",2000,2000,"absolute","K1",0.25,1.5,"depth6_reference","depth8_refined","ED1_001_TANGENCY_SV_POWER_n2000_depth6_reference","ED1_002_TANGENCY_SV_POWER_n2000_depth8_refined","binary","brackets_cover_all_distinct_roots",254,254,254,254,8,8,8,0,0,0,0,0,0.32440756488388,1,1,0,0,0,0,0,0
"enclosure_depth_v001","depth8_refined_minus_depth6_reference","maximum continuum-enclosure depth 8 minus 6, with guard depth fixed at 6 and with identical samples, multipliers, B=999, bootstrap grid 0.005, enclosure grid 0.0025, node ceiling 57601, and every remaining inferential setting","ED1_TANGENCY_SV_POWER_n4000","diagnostic","TANGENCY_SV_POWER",4000,4000,"absolute","K1",0.25,1.5,"depth6_reference","depth8_refined","ED1_003_TANGENCY_SV_POWER_n4000_depth6_reference","ED1_004_TANGENCY_SV_POWER_n4000_depth8_refined","binary","brackets_cover_all_distinct_roots",254,254,254,254,4,4,4,0,0,0,0,0,0.489890836454597,1,1,0,0,0,0,0,0
"enclosure_depth_v001","depth8_refined_minus_depth6_reference","maximum continuum-enclosure depth 8 minus 6, with guard depth fixed at 6 and with identical samples, multipliers, B=999, bootstrap grid 0.005, enclosure grid 0.0025, node ceiling 57601, and every remaining inferential setting","ED1_TANGENCY_SV_POWER_n8000","diagnostic","TANGENCY_SV_POWER",8000,8000,"absolute","K1",0.25,1.5,"depth6_reference","depth8_refined","ED1_005_TANGENCY_SV_POWER_n8000_depth6_reference","ED1_006_TANGENCY_SV_POWER_n8000_depth8_refined","binary","brackets_cover_all_distinct_roots",254,254,254,254,6,6,6,0,0,0,0,0,0.390334287902165,1,1,0,0,0,0,0,0
"enclosure_depth_v001","depth8_refined_minus_depth6_reference","maximum continuum-enclosure depth 8 minus 6, with guard depth fixed at 6 and with identical samples, multipliers, B=999, bootstrap grid 0.005, enclosure grid 0.0025, node ceiling 57601, and every remaining inferential setting","ED1_TANGENCY_SV_POWER_n2000","diagnostic","TANGENCY_SV_POWER",2000,2000,"absolute","K1",0.25,1.5,"depth6_reference","depth8_refined","ED1_001_TANGENCY_SV_POWER_n2000_depth6_reference","ED1_002_TANGENCY_SV_POWER_n2000_depth8_refined","binary","budget_rejected",254,254,254,254,254,0,0,0,0,0,0,0,0.0148985304313125,0,0,0,0,0,0,0,0
"enclosure_depth_v001","depth8_refined_minus_depth6_reference","maximum continuum-enclosure depth 8 minus 6, with guard depth fixed at 6 and with identical samples, multipliers, B=999, bootstrap grid 0.005, enclosure grid 0.0025, node ceiling 57601, and every remaining inferential setting","ED1_TANGENCY_SV_POWER_n4000","diagnostic","TANGENCY_SV_POWER",4000,4000,"absolute","K1",0.25,1.5,"depth6_reference","depth8_refined","ED1_003_TANGENCY_SV_POWER_n4000_depth6_reference","ED1_004_TANGENCY_SV_POWER_n4000_depth8_refined","binary","budget_rejected",254,254,254,254,254,0,0,0,0,0,0,0,0.0148985304313125,0,0,0,0,0,0,0,0
"enclosure_depth_v001","depth8_refined_minus_depth6_reference","maximum continuum-enclosure depth 8 minus 6, with guard depth fixed at 6 and with identical samples, multipliers, B=999, bootstrap grid 0.005, enclosure grid 0.0025, node ceiling 57601, and every remaining inferential setting","ED1_TANGENCY_SV_POWER_n8000","diagnostic","TANGENCY_SV_POWER",8000,8000,"absolute","K1",0.25,1.5,"depth6_reference","depth8_refined","ED1_005_TANGENCY_SV_POWER_n8000_depth6_reference","ED1_006_TANGENCY_SV_POWER_n8000_depth8_refined","binary","budget_rejected",254,254,254,254,254,0,0,0,0,0,0,0,0.0148985304313125,0,0,0,0,0,0,0,0
"enclosure_depth_v001","depth8_refined_minus_depth6_reference","maximum continuum-enclosure depth 8 minus 6, with guard depth fixed at 6 and with identical samples, multipliers, B=999, bootstrap grid 0.005, enclosure grid 0.0025, node ceiling 57601, and every remaining inferential setting","ED1_TANGENCY_SV_POWER_n2000","diagnostic","TANGENCY_SV_POWER",2000,2000,"absolute","K1",0.25,1.5,"depth6_reference","depth8_refined","ED1_001_TANGENCY_SV_POWER_n2000_depth6_reference","ED1_002_TANGENCY_SV_POWER_n2000_depth8_refined","binary","continuum_band_covers_truth",254,254,254,254,254,240,240,0,0,0,0,0,0.0148985304313125,0.94488188976378,0.94488188976378,0,0,0,0,0,0
"enclosure_depth_v001","depth8_refined_minus_depth6_reference","maximum continuum-enclosure depth 8 minus 6, with guard depth fixed at 6 and with identical samples, multipliers, B=999, bootstrap grid 0.005, enclosure grid 0.0025, node ceiling 57601, and every remaining inferential setting","ED1_TANGENCY_SV_POWER_n4000","diagnostic","TANGENCY_SV_POWER",4000,4000,"absolute","K1",0.25,1.5,"depth6_reference","depth8_refined","ED1_003_TANGENCY_SV_POWER_n4000_depth6_reference","ED1_004_TANGENCY_SV_POWER_n4000_depth8_refined","binary","continuum_band_covers_truth",254,254,254,254,254,243,243,0,0,0,0,0,0.0148985304313125,0.956692913385827,0.956692913385827,0,0,0,0,0,0
"enclosure_depth_v001","depth8_refined_minus_depth6_reference","maximum continuum-enclosure depth 8 minus 6, with guard depth fixed at 6 and with identical samples, multipliers, B=999, bootstrap grid 0.005, enclosure grid 0.0025, node ceiling 57601, and every remaining inferential setting","ED1_TANGENCY_SV_POWER_n8000","diagnostic","TANGENCY_SV_POWER",8000,8000,"absolute","K1",0.25,1.5,"depth6_reference","depth8_refined","ED1_005_TANGENCY_SV_POWER_n8000_depth6_reference","ED1_006_TANGENCY_SV_POWER_n8000_depth8_refined","binary","continuum_band_covers_truth",254,254,254,254,254,240,240,0,0,0,0,0,0.0148985304313125,0.94488188976378,0.94488188976378,0,0,0,0,0,0
"enclosure_depth_v001","depth8_refined_minus_depth6_reference","maximum continuum-enclosure depth 8 minus 6, with guard depth fixed at 6 and with identical samples, multipliers, B=999, bootstrap grid 0.005, enclosure grid 0.0025, node ceiling 57601, and every remaining inferential setting","ED1_TANGENCY_SV_POWER_n2000","diagnostic","TANGENCY_SV_POWER",2000,2000,"absolute","K1",0.25,1.5,"depth6_reference","depth8_refined","ED1_001_TANGENCY_SV_POWER_n2000_depth6_reference","ED1_002_TANGENCY_SV_POWER_n2000_depth8_refined","binary","continuum_no_root_certified",254,254,254,254,254,2,2,0,0,0,0,0,0.0148985304313125,0.0078740157480315,0.0078740157480315,0,0,0,0,0,0
"enclosure_depth_v001","depth8_refined_minus_depth6_reference","maximum continuum-enclosure depth 8 minus 6, with guard depth fixed at 6 and with identical samples, multipliers, B=999, bootstrap grid 0.005, enclosure grid 0.0025, node ceiling 57601, and every remaining inferential setting","ED1_TANGENCY_SV_POWER_n4000","diagnostic","TANGENCY_SV_POWER",4000,4000,"absolute","K1",0.25,1.5,"depth6_reference","depth8_refined","ED1_003_TANGENCY_SV_POWER_n4000_depth6_reference","ED1_004_TANGENCY_SV_POWER_n4000_depth8_refined","binary","continuum_no_root_certified",254,254,254,254,254,2,2,0,0,0,0,0,0.0148985304313125,0.0078740157480315,0.0078740157480315,0,0,0,0,0,0
"enclosure_depth_v001","depth8_refined_minus_depth6_reference","maximum continuum-enclosure depth 8 minus 6, with guard depth fixed at 6 and with identical samples, multipliers, B=999, bootstrap grid 0.005, enclosure grid 0.0025, node ceiling 57601, and every remaining inferential setting","ED1_TANGENCY_SV_POWER_n8000","diagnostic","TANGENCY_SV_POWER",8000,8000,"absolute","K1",0.25,1.5,"depth6_reference","depth8_refined","ED1_005_TANGENCY_SV_POWER_n8000_depth6_reference","ED1_006_TANGENCY_SV_POWER_n8000_depth8_refined","binary","continuum_no_root_certified",254,254,254,254,254,4,4,0,0,0,0,0,0.0148985304313125,0.015748031496063,0.015748031496063,0,0,0,0,0,0
"enclosure_depth_v001","depth8_refined_minus_depth6_reference","maximum continuum-enclosure depth 8 minus 6, with guard depth fixed at 6 and with identical samples, multipliers, B=999, bootstrap grid 0.005, enclosure grid 0.0025, node ceiling 57601, and every remaining inferential setting","ED1_TANGENCY_SV_POWER_n2000","diagnostic","TANGENCY_SV_POWER",2000,2000,"absolute","K1",0.25,1.5,"depth6_reference","depth8_refined","ED1_001_TANGENCY_SV_POWER_n2000_depth6_reference","ED1_002_TANGENCY_SV_POWER_n2000_depth8_refined","binary","continuum_truth_endpoint_violation",254,254,254,254,254,13,13,0,0,0,0,0,0.0148985304313125,0.0511811023622047,0.0511811023622047,0,0,0,0,0,0
"enclosure_depth_v001","depth8_refined_minus_depth6_reference","maximum continuum-enclosure depth 8 minus 6, with guard depth fixed at 6 and with identical samples, multipliers, B=999, bootstrap grid 0.005, enclosure grid 0.0025, node ceiling 57601, and every remaining inferential setting","ED1_TANGENCY_SV_POWER_n4000","diagnostic","TANGENCY_SV_POWER",4000,4000,"absolute","K1",0.25,1.5,"depth6_reference","depth8_refined","ED1_003_TANGENCY_SV_POWER_n4000_depth6_reference","ED1_004_TANGENCY_SV_POWER_n4000_depth8_refined","binary","continuum_truth_endpoint_violation",254,254,254,254,254,11,11,0,0,0,0,0,0.0148985304313125,0.0433070866141732,0.0433070866141732,0,0,0,0,0,0
"enclosure_depth_v001","depth8_refined_minus_depth6_reference","maximum continuum-enclosure depth 8 minus 6, with guard depth fixed at 6 and with identical samples, multipliers, B=999, bootstrap grid 0.005, enclosure grid 0.0025, node ceiling 57601, and every remaining inferential setting","ED1_TANGENCY_SV_POWER_n8000","diagnostic","TANGENCY_SV_POWER",8000,8000,"absolute","K1",0.25,1.5,"depth6_reference","depth8_refined","ED1_005_TANGENCY_SV_POWER_n8000_depth6_reference","ED1_006_TANGENCY_SV_POWER_n8000_depth8_refined","binary","continuum_truth_endpoint_violation",254,254,254,254,254,13,13,0,0,0,0,0,0.0148985304313125,0.0511811023622047,0.0511811023622047,0,0,0,0,0,0
"enclosure_depth_v001","depth8_refined_minus_depth6_reference","maximum continuum-enclosure depth 8 minus 6, with guard depth fixed at 6 and with identical samples, multipliers, B=999, bootstrap grid 0.005, enclosure grid 0.0025, node ceiling 57601, and every remaining inferential setting","ED1_TANGENCY_SV_POWER_n2000","diagnostic","TANGENCY_SV_POWER",2000,2000,"absolute","K1",0.25,1.5,"depth6_reference","depth8_refined","ED1_001_TANGENCY_SV_POWER_n2000_depth6_reference","ED1_002_TANGENCY_SV_POWER_n2000_depth8_refined","binary","continuum_truth_limit_hit",254,254,254,254,254,1,1,0,0,0,0,0,0.0148985304313125,0.00393700787401575,0.00393700787401575,0,0,0,0,0,0
"enclosure_depth_v001","depth8_refined_minus_depth6_reference","maximum continuum-enclosure depth 8 minus 6, with guard depth fixed at 6 and with identical samples, multipliers, B=999, bootstrap grid 0.005, enclosure grid 0.0025, node ceiling 57601, and every remaining inferential setting","ED1_TANGENCY_SV_POWER_n4000","diagnostic","TANGENCY_SV_POWER",4000,4000,"absolute","K1",0.25,1.5,"depth6_reference","depth8_refined","ED1_003_TANGENCY_SV_POWER_n4000_depth6_reference","ED1_004_TANGENCY_SV_POWER_n4000_depth8_refined","binary","continuum_truth_limit_hit",254,254,254,254,254,0,0,0,0,0,0,0,0.0148985304313125,0,0,0,0,0,0,0,0
"enclosure_depth_v001","depth8_refined_minus_depth6_reference","maximum continuum-enclosure depth 8 minus 6, with guard depth fixed at 6 and with identical samples, multipliers, B=999, bootstrap grid 0.005, enclosure grid 0.0025, node ceiling 57601, and every remaining inferential setting","ED1_TANGENCY_SV_POWER_n8000","diagnostic","TANGENCY_SV_POWER",8000,8000,"absolute","K1",0.25,1.5,"depth6_reference","depth8_refined","ED1_005_TANGENCY_SV_POWER_n8000_depth6_reference","ED1_006_TANGENCY_SV_POWER_n8000_depth8_refined","binary","continuum_truth_limit_hit",254,254,254,254,254,1,1,0,0,0,0,0,0.0148985304313125,0.00393700787401575,0.00393700787401575,0,0,0,0,0,0
"enclosure_depth_v001","depth8_refined_minus_depth6_reference","maximum continuum-enclosure depth 8 minus 6, with guard depth fixed at 6 and with identical samples, multipliers, B=999, bootstrap grid 0.005, enclosure grid 0.0025, node ceiling 57601, and every remaining inferential setting","ED1_TANGENCY_SV_POWER_n2000","diagnostic","TANGENCY_SV_POWER",2000,2000,"absolute","K1",0.25,1.5,"depth6_reference","depth8_refined","ED1_001_TANGENCY_SV_POWER_n2000_depth6_reference","ED1_002_TANGENCY_SV_POWER_n2000_depth8_refined","binary","derivative_assisted_applicable",254,254,254,254,254,0,0,0,0,0,0,0,0.0148985304313125,0,0,0,0,0,0,0,0
"enclosure_depth_v001","depth8_refined_minus_depth6_reference","maximum continuum-enclosure depth 8 minus 6, with guard depth fixed at 6 and with identical samples, multipliers, B=999, bootstrap grid 0.005, enclosure grid 0.0025, node ceiling 57601, and every remaining inferential setting","ED1_TANGENCY_SV_POWER_n4000","diagnostic","TANGENCY_SV_POWER",4000,4000,"absolute","K1",0.25,1.5,"depth6_reference","depth8_refined","ED1_003_TANGENCY_SV_POWER_n4000_depth6_reference","ED1_004_TANGENCY_SV_POWER_n4000_depth8_refined","binary","derivative_assisted_applicable",254,254,254,254,254,0,0,0,0,0,0,0,0.0148985304313125,0,0,0,0,0,0,0,0
"enclosure_depth_v001","depth8_refined_minus_depth6_reference","maximum continuum-enclosure depth 8 minus 6, with guard depth fixed at 6 and with identical samples, multipliers, B=999, bootstrap grid 0.005, enclosure grid 0.0025, node ceiling 57601, and every remaining inferential setting","ED1_TANGENCY_SV_POWER_n8000","diagnostic","TANGENCY_SV_POWER",8000,8000,"absolute","K1",0.25,1.5,"depth6_reference","depth8_refined","ED1_005_TANGENCY_SV_POWER_n8000_depth6_reference","ED1_006_TANGENCY_SV_POWER_n8000_depth8_refined","binary","derivative_assisted_applicable",254,254,254,254,254,0,0,0,0,0,0,0,0.0148985304313125,0,0,0,0,0,0,0,0
"enclosure_depth_v001","depth8_refined_minus_depth6_reference","maximum continuum-enclosure depth 8 minus 6, with guard depth fixed at 6 and with identical samples, multipliers, B=999, bootstrap grid 0.005, enclosure grid 0.0025, node ceiling 57601, and every remaining inferential setting","ED1_TANGENCY_SV_POWER_n2000","diagnostic","TANGENCY_SV_POWER",2000,2000,"absolute","K1",0.25,1.5,"depth6_reference","depth8_refined","ED1_001_TANGENCY_SV_POWER_n2000_depth6_reference","ED1_002_TANGENCY_SV_POWER_n2000_depth8_refined","binary","derivative_assisted_certificate_reported",254,254,254,254,0,0,0,0,0,0,,,,,,,,,,,
"enclosure_depth_v001","depth8_refined_minus_depth6_reference","maximum continuum-enclosure depth 8 minus 6, with guard depth fixed at 6 and with identical samples, multipliers, B=999, bootstrap grid 0.005, enclosure grid 0.0025, node ceiling 57601, and every remaining inferential setting","ED1_TANGENCY_SV_POWER_n4000","diagnostic","TANGENCY_SV_POWER",4000,4000,"absolute","K1",0.25,1.5,"depth6_reference","depth8_refined","ED1_003_TANGENCY_SV_POWER_n4000_depth6_reference","ED1_004_TANGENCY_SV_POWER_n4000_depth8_refined","binary","derivative_assisted_certificate_reported",254,254,254,254,0,0,0,0,0,0,,,,,,,,,,,
"enclosure_depth_v001","depth8_refined_minus_depth6_reference","maximum continuum-enclosure depth 8 minus 6, with guard depth fixed at 6 and with identical samples, multipliers, B=999, bootstrap grid 0.005, enclosure grid 0.0025, node ceiling 57601, and every remaining inferential setting","ED1_TANGENCY_SV_POWER_n8000","diagnostic","TANGENCY_SV_POWER",8000,8000,"absolute","K1",0.25,1.5,"depth6_reference","depth8_refined","ED1_005_TANGENCY_SV_POWER_n8000_depth6_reference","ED1_006_TANGENCY_SV_POWER_n8000_depth8_refined","binary","derivative_assisted_certificate_reported",254,254,254,254,0,0,0,0,0,0,,,,,,,,,,,
"enclosure_depth_v001","depth8_refined_minus_depth6_reference","maximum continuum-enclosure depth 8 minus 6, with guard depth fixed at 6 and with identical samples, multipliers, B=999, bootstrap grid 0.005, enclosure grid 0.0025, node ceiling 57601, and every remaining inferential setting","ED1_TANGENCY_SV_POWER_n2000","diagnostic","TANGENCY_SV_POWER",2000,2000,"absolute","K1",0.25,1.5,"depth6_reference","depth8_refined","ED1_001_TANGENCY_SV_POWER_n2000_depth6_reference","ED1_002_TANGENCY_SV_POWER_n2000_depth8_refined","binary","derivative_assisted_certificate_statement_true",254,254,254,254,0,0,0,0,0,0,,,,,,,,,,,
"enclosure_depth_v001","depth8_refined_minus_depth6_reference","maximum continuum-enclosure depth 8 minus 6, with guard depth fixed at 6 and with identical samples, multipliers, B=999, bootstrap grid 0.005, enclosure grid 0.0025, node ceiling 57601, and every remaining inferential setting","ED1_TANGENCY_SV_POWER_n4000","diagnostic","TANGENCY_SV_POWER",4000,4000,"absolute","K1",0.25,1.5,"depth6_reference","depth8_refined","ED1_003_TANGENCY_SV_POWER_n4000_depth6_reference","ED1_004_TANGENCY_SV_POWER_n4000_depth8_refined","binary","derivative_assisted_certificate_statement_true",254,254,254,254,0,0,0,0,0,0,,,,,,,,,,,
"enclosure_depth_v001","depth8_refined_minus_depth6_reference","maximum continuum-enclosure depth 8 minus 6, with guard depth fixed at 6 and with identical samples, multipliers, B=999, bootstrap grid 0.005, enclosure grid 0.0025, node ceiling 57601, and every remaining inferential setting","ED1_TANGENCY_SV_POWER_n8000","diagnostic","TANGENCY_SV_POWER",8000,8000,"absolute","K1",0.25,1.5,"depth6_reference","depth8_refined","ED1_005_TANGENCY_SV_POWER_n8000_depth6_reference","ED1_006_TANGENCY_SV_POWER_n8000_depth8_refined","binary","derivative_assisted_certificate_statement_true",254,254,254,254,0,0,0,0,0,0,,,,,,,,,,,
"enclosure_depth_v001","depth8_refined_minus_depth6_reference","maximum continuum-enclosure depth 8 minus 6, with guard depth fixed at 6 and with identical samples, multipliers, B=999, bootstrap grid 0.005, enclosure grid 0.0025, node ceiling 57601, and every remaining inferential setting","ED1_TANGENCY_SV_POWER_n2000","diagnostic","TANGENCY_SV_POWER",2000,2000,"absolute","K1",0.25,1.5,"depth6_reference","depth8_refined","ED1_001_TANGENCY_SV_POWER_n2000_depth6_reference","ED1_002_TANGENCY_SV_POWER_n2000_depth8_refined","binary","derivative_assisted_derivative_grid_coverage",254,254,254,254,0,0,0,0,0,0,,,,,,,,,,,
"enclosure_depth_v001","depth8_refined_minus_depth6_reference","maximum continuum-enclosure depth 8 minus 6, with guard depth fixed at 6 and with identical samples, multipliers, B=999, bootstrap grid 0.005, enclosure grid 0.0025, node ceiling 57601, and every remaining inferential setting","ED1_TANGENCY_SV_POWER_n4000","diagnostic","TANGENCY_SV_POWER",4000,4000,"absolute","K1",0.25,1.5,"depth6_reference","depth8_refined","ED1_003_TANGENCY_SV_POWER_n4000_depth6_reference","ED1_004_TANGENCY_SV_POWER_n4000_depth8_refined","binary","derivative_assisted_derivative_grid_coverage",254,254,254,254,0,0,0,0,0,0,,,,,,,,,,,
"enclosure_depth_v001","depth8_refined_minus_depth6_reference","maximum continuum-enclosure depth 8 minus 6, with guard depth fixed at 6 and with identical samples, multipliers, B=999, bootstrap grid 0.005, enclosure grid 0.0025, node ceiling 57601, and every remaining inferential setting","ED1_TANGENCY_SV_POWER_n8000","diagnostic","TANGENCY_SV_POWER",8000,8000,"absolute","K1",0.25,1.5,"depth6_reference","depth8_refined","ED1_005_TANGENCY_SV_POWER_n8000_depth6_reference","ED1_006_TANGENCY_SV_POWER_n8000_depth8_refined","binary","derivative_assisted_derivative_grid_coverage",254,254,254,254,0,0,0,0,0,0,,,,,,,,,,,
"enclosure_depth_v001","depth8_refined_minus_depth6_reference","maximum continuum-enclosure depth 8 minus 6, with guard depth fixed at 6 and with identical samples, multipliers, B=999, bootstrap grid 0.005, enclosure grid 0.0025, node ceiling 57601, and every remaining inferential setting","ED1_TANGENCY_SV_POWER_n2000","diagnostic","TANGENCY_SV_POWER",2000,2000,"absolute","K1",0.25,1.5,"depth6_reference","depth8_refined","ED1_001_TANGENCY_SV_POWER_n2000_depth6_reference","ED1_002_TANGENCY_SV_POWER_n2000_depth8_refined","binary","derivative_assisted_derivative_negative_throughout_K",254,254,254,254,0,0,0,0,0,0,,,,,,,,,,,
"enclosure_depth_v001","depth8_refined_minus_depth6_reference","maximum continuum-enclosure depth 8 minus 6, with guard depth fixed at 6 and with identical samples, multipliers, B=999, bootstrap grid 0.005, enclosure grid 0.0025, node ceiling 57601, and every remaining inferential setting","ED1_TANGENCY_SV_POWER_n4000","diagnostic","TANGENCY_SV_POWER",4000,4000,"absolute","K1",0.25,1.5,"depth6_reference","depth8_refined","ED1_003_TANGENCY_SV_POWER_n4000_depth6_reference","ED1_004_TANGENCY_SV_POWER_n4000_depth8_refined","binary","derivative_assisted_derivative_negative_throughout_K",254,254,254,254,0,0,0,0,0,0,,,,,,,,,,,
"enclosure_depth_v001","depth8_refined_minus_depth6_reference","maximum continuum-enclosure depth 8 minus 6, with guard depth fixed at 6 and with identical samples, multipliers, B=999, bootstrap grid 0.005, enclosure grid 0.0025, node ceiling 57601, and every remaining inferential setting","ED1_TANGENCY_SV_POWER_n8000","diagnostic","TANGENCY_SV_POWER",8000,8000,"absolute","K1",0.25,1.5,"depth6_reference","depth8_refined","ED1_005_TANGENCY_SV_POWER_n8000_depth6_reference","ED1_006_TANGENCY_SV_POWER_n8000_depth8_refined","binary","derivative_assisted_derivative_negative_throughout_K",254,254,254,254,0,0,0,0,0,0,,,,,,,,,,,
"enclosure_depth_v001","depth8_refined_minus_depth6_reference","maximum continuum-enclosure depth 8 minus 6, with guard depth fixed at 6 and with identical samples, multipliers, B=999, bootstrap grid 0.005, enclosure grid 0.0025, node ceiling 57601, and every remaining inferential setting","ED1_TANGENCY_SV_POWER_n2000","diagnostic","TANGENCY_SV_POWER",2000,2000,"absolute","K1",0.25,1.5,"depth6_reference","depth8_refined","ED1_001_TANGENCY_SV_POWER_n2000_depth6_reference","ED1_002_TANGENCY_SV_POWER_n2000_depth8_refined","binary","derivative_assisted_derivative_positive_throughout_K",254,254,254,254,0,0,0,0,0,0,,,,,,,,,,,
"enclosure_depth_v001","depth8_refined_minus_depth6_reference","maximum continuum-enclosure depth 8 minus 6, with guard depth fixed at 6 and with identical samples, multipliers, B=999, bootstrap grid 0.005, enclosure grid 0.0025, node ceiling 57601, and every remaining inferential setting","ED1_TANGENCY_SV_POWER_n4000","diagnostic","TANGENCY_SV_POWER",4000,4000,"absolute","K1",0.25,1.5,"depth6_reference","depth8_refined","ED1_003_TANGENCY_SV_POWER_n4000_depth6_reference","ED1_004_TANGENCY_SV_POWER_n4000_depth8_refined","binary","derivative_assisted_derivative_positive_throughout_K",254,254,254,254,0,0,0,0,0,0,,,,,,,,,,,
"enclosure_depth_v001","depth8_refined_minus_depth6_reference","maximum continuum-enclosure depth 8 minus 6, with guard depth fixed at 6 and with identical samples, multipliers, B=999, bootstrap grid 0.005, enclosure grid 0.0025, node ceiling 57601, and every remaining inferential setting","ED1_TANGENCY_SV_POWER_n8000","diagnostic","TANGENCY_SV_POWER",8000,8000,"absolute","K1",0.25,1.5,"depth6_reference","depth8_refined","ED1_005_TANGENCY_SV_POWER_n8000_depth6_reference","ED1_006_TANGENCY_SV_POWER_n8000_depth8_refined","binary","derivative_assisted_derivative_positive_throughout_K",254,254,254,254,0,0,0,0,0,0,,,,,,,,,,,
"enclosure_depth_v001","depth8_refined_minus_depth6_reference","maximum continuum-enclosure depth 8 minus 6, with guard depth fixed at 6 and with identical samples, multipliers, B=999, bootstrap grid 0.005, enclosure grid 0.0025, node ceiling 57601, and every remaining inferential setting","ED1_TANGENCY_SV_POWER_n2000","diagnostic","TANGENCY_SV_POWER",2000,2000,"absolute","K1",0.25,1.5,"depth6_reference","depth8_refined","ED1_001_TANGENCY_SV_POWER_n2000_depth6_reference","ED1_002_TANGENCY_SV_POWER_n2000_depth8_refined","binary","derivative_assisted_enclosure_limit_hit",254,254,254,254,0,0,0,0,0,0,,,,,,,,,,,
"enclosure_depth_v001","depth8_refined_minus_depth6_reference","maximum continuum-enclosure depth 8 minus 6, with guard depth fixed at 6 and with identical samples, multipliers, B=999, bootstrap grid 0.005, enclosure grid 0.0025, node ceiling 57601, and every remaining inferential setting","ED1_TANGENCY_SV_POWER_n4000","diagnostic","TANGENCY_SV_POWER",4000,4000,"absolute","K1",0.25,1.5,"depth6_reference","depth8_refined","ED1_003_TANGENCY_SV_POWER_n4000_depth6_reference","ED1_004_TANGENCY_SV_POWER_n4000_depth8_refined","binary","derivative_assisted_enclosure_limit_hit",254,254,254,254,0,0,0,0,0,0,,,,,,,,,,,
"enclosure_depth_v001","depth8_refined_minus_depth6_reference","maximum continuum-enclosure depth 8 minus 6, with guard depth fixed at 6 and with identical samples, multipliers, B=999, bootstrap grid 0.005, enclosure grid 0.0025, node ceiling 57601, and every remaining inferential setting","ED1_TANGENCY_SV_POWER_n8000","diagnostic","TANGENCY_SV_POWER",8000,8000,"absolute","K1",0.25,1.5,"depth6_reference","depth8_refined","ED1_005_TANGENCY_SV_POWER_n8000_depth6_reference","ED1_006_TANGENCY_SV_POWER_n8000_depth8_refined","binary","derivative_assisted_enclosure_limit_hit",254,254,254,254,0,0,0,0,0,0,,,,,,,,,,,
"enclosure_depth_v001","depth8_refined_minus_depth6_reference","maximum continuum-enclosure depth 8 minus 6, with guard depth fixed at 6 and with identical samples, multipliers, B=999, bootstrap grid 0.005, enclosure grid 0.0025, node ceiling 57601, and every remaining inferential setting","ED1_TANGENCY_SV_POWER_n2000","diagnostic","TANGENCY_SV_POWER",2000,2000,"absolute","K1",0.25,1.5,"depth6_reference","depth8_refined","ED1_001_TANGENCY_SV_POWER_n2000_depth6_reference","ED1_002_TANGENCY_SV_POWER_n2000_depth8_refined","binary","derivative_assisted_exact_root_certified",254,254,254,254,0,0,0,0,0,0,,,,,,,,,,,
"enclosure_depth_v001","depth8_refined_minus_depth6_reference","maximum continuum-enclosure depth 8 minus 6, with guard depth fixed at 6 and with identical samples, multipliers, B=999, bootstrap grid 0.005, enclosure grid 0.0025, node ceiling 57601, and every remaining inferential setting","ED1_TANGENCY_SV_POWER_n4000","diagnostic","TANGENCY_SV_POWER",4000,4000,"absolute","K1",0.25,1.5,"depth6_reference","depth8_refined","ED1_003_TANGENCY_SV_POWER_n4000_depth6_reference","ED1_004_TANGENCY_SV_POWER_n4000_depth8_refined","binary","derivative_assisted_exact_root_certified",254,254,254,254,0,0,0,0,0,0,,,,,,,,,,,
"enclosure_depth_v001","depth8_refined_minus_depth6_reference","maximum continuum-enclosure depth 8 minus 6, with guard depth fixed at 6 and with identical samples, multipliers, B=999, bootstrap grid 0.005, enclosure grid 0.0025, node ceiling 57601, and every remaining inferential setting","ED1_TANGENCY_SV_POWER_n8000","diagnostic","TANGENCY_SV_POWER",8000,8000,"absolute","K1",0.25,1.5,"depth6_reference","depth8_refined","ED1_005_TANGENCY_SV_POWER_n8000_depth6_reference","ED1_006_TANGENCY_SV_POWER_n8000_depth8_refined","binary","derivative_assisted_exact_root_certified",254,254,254,254,0,0,0,0,0,0,,,,,,,,,,,
"enclosure_depth_v001","depth8_refined_minus_depth6_reference","maximum continuum-enclosure depth 8 minus 6, with guard depth fixed at 6 and with identical samples, multipliers, B=999, bootstrap grid 0.005, enclosure grid 0.0025, node ceiling 57601, and every remaining inferential setting","ED1_TANGENCY_SV_POWER_n2000","diagnostic","TANGENCY_SV_POWER",2000,2000,"absolute","K1",0.25,1.5,"depth6_reference","depth8_refined","ED1_001_TANGENCY_SV_POWER_n2000_depth6_reference","ED1_002_TANGENCY_SV_POWER_n2000_depth8_refined","binary","derivative_assisted_exact_root_on_K_certified",254,254,254,254,0,0,0,0,0,0,,,,,,,,,,,
"enclosure_depth_v001","depth8_refined_minus_depth6_reference","maximum continuum-enclosure depth 8 minus 6, with guard depth fixed at 6 and with identical samples, multipliers, B=999, bootstrap grid 0.005, enclosure grid 0.0025, node ceiling 57601, and every remaining inferential setting","ED1_TANGENCY_SV_POWER_n4000","diagnostic","TANGENCY_SV_POWER",4000,4000,"absolute","K1",0.25,1.5,"depth6_reference","depth8_refined","ED1_003_TANGENCY_SV_POWER_n4000_depth6_reference","ED1_004_TANGENCY_SV_POWER_n4000_depth8_refined","binary","derivative_assisted_exact_root_on_K_certified",254,254,254,254,0,0,0,0,0,0,,,,,,,,,,,
"enclosure_depth_v001","depth8_refined_minus_depth6_reference","maximum continuum-enclosure depth 8 minus 6, with guard depth fixed at 6 and with identical samples, multipliers, B=999, bootstrap grid 0.005, enclosure grid 0.0025, node ceiling 57601, and every remaining inferential setting","ED1_TANGENCY_SV_POWER_n8000","diagnostic","TANGENCY_SV_POWER",8000,8000,"absolute","K1",0.25,1.5,"depth6_reference","depth8_refined","ED1_005_TANGENCY_SV_POWER_n8000_depth6_reference","ED1_006_TANGENCY_SV_POWER_n8000_depth8_refined","binary","derivative_assisted_exact_root_on_K_certified",254,254,254,254,0,0,0,0,0,0,,,,,,,,,,,
"enclosure_depth_v001","depth8_refined_minus_depth6_reference","maximum continuum-enclosure depth 8 minus 6, with guard depth fixed at 6 and with identical samples, multipliers, B=999, bootstrap grid 0.005, enclosure grid 0.0025, node ceiling 57601, and every remaining inferential setting","ED1_TANGENCY_SV_POWER_n2000","diagnostic","TANGENCY_SV_POWER",2000,2000,"absolute","K1",0.25,1.5,"depth6_reference","depth8_refined","ED1_001_TANGENCY_SV_POWER_n2000_depth6_reference","ED1_002_TANGENCY_SV_POWER_n2000_depth8_refined","binary","derivative_assisted_exact_root_on_K_statement_true",254,254,254,254,0,0,0,0,0,0,,,,,,,,,,,
"enclosure_depth_v001","depth8_refined_minus_depth6_reference","maximum continuum-enclosure depth 8 minus 6, with guard depth fixed at 6 and with identical samples, multipliers, B=999, bootstrap grid 0.005, enclosure grid 0.0025, node ceiling 57601, and every remaining inferential setting","ED1_TANGENCY_SV_POWER_n4000","diagnostic","TANGENCY_SV_POWER",4000,4000,"absolute","K1",0.25,1.5,"depth6_reference","depth8_refined","ED1_003_TANGENCY_SV_POWER_n4000_depth6_reference","ED1_004_TANGENCY_SV_POWER_n4000_depth8_refined","binary","derivative_assisted_exact_root_on_K_statement_true",254,254,254,254,0,0,0,0,0,0,,,,,,,,,,,
"enclosure_depth_v001","depth8_refined_minus_depth6_reference","maximum continuum-enclosure depth 8 minus 6, with guard depth fixed at 6 and with identical samples, multipliers, B=999, bootstrap grid 0.005, enclosure grid 0.0025, node ceiling 57601, and every remaining inferential setting","ED1_TANGENCY_SV_POWER_n8000","diagnostic","TANGENCY_SV_POWER",8000,8000,"absolute","K1",0.25,1.5,"depth6_reference","depth8_refined","ED1_005_TANGENCY_SV_POWER_n8000_depth6_reference","ED1_006_TANGENCY_SV_POWER_n8000_depth8_refined","binary","derivative_assisted_exact_root_on_K_statement_true",254,254,254,254,0,0,0,0,0,0,,,,,,,,,,,
"enclosure_depth_v001","depth8_refined_minus_depth6_reference","maximum continuum-enclosure depth 8 minus 6, with guard depth fixed at 6 and with identical samples, multipliers, B=999, bootstrap grid 0.005, enclosure grid 0.0025, node ceiling 57601, and every remaining inferential setting","ED1_TANGENCY_SV_POWER_n2000","diagnostic","TANGENCY_SV_POWER",2000,2000,"absolute","K1",0.25,1.5,"depth6_reference","depth8_refined","ED1_001_TANGENCY_SV_POWER_n2000_depth6_reference","ED1_002_TANGENCY_SV_POWER_n2000_depth8_refined","binary","derivative_assisted_failure",254,254,254,254,0,0,0,0,0,0,,,,,,,,,,,
"enclosure_depth_v001","depth8_refined_minus_depth6_reference","maximum continuum-enclosure depth 8 minus 6, with guard depth fixed at 6 and with identical samples, multipliers, B=999, bootstrap grid 0.005, enclosure grid 0.0025, node ceiling 57601, and every remaining inferential setting","ED1_TANGENCY_SV_POWER_n4000","diagnostic","TANGENCY_SV_POWER",4000,4000,"absolute","K1",0.25,1.5,"depth6_reference","depth8_refined","ED1_003_TANGENCY_SV_POWER_n4000_depth6_reference","ED1_004_TANGENCY_SV_POWER_n4000_depth8_refined","binary","derivative_assisted_failure",254,254,254,254,0,0,0,0,0,0,,,,,,,,,,,
"enclosure_depth_v001","depth8_refined_minus_depth6_reference","maximum continuum-enclosure depth 8 minus 6, with guard depth fixed at 6 and with identical samples, multipliers, B=999, bootstrap grid 0.005, enclosure grid 0.0025, node ceiling 57601, and every remaining inferential setting","ED1_TANGENCY_SV_POWER_n8000","diagnostic","TANGENCY_SV_POWER",8000,8000,"absolute","K1",0.25,1.5,"depth6_reference","depth8_refined","ED1_005_TANGENCY_SV_POWER_n8000_depth6_reference","ED1_006_TANGENCY_SV_POWER_n8000_depth8_refined","binary","derivative_assisted_failure",254,254,254,254,0,0,0,0,0,0,,,,,,,,,,,
"enclosure_depth_v001","depth8_refined_minus_depth6_reference","maximum continuum-enclosure depth 8 minus 6, with guard depth fixed at 6 and with identical samples, multipliers, B=999, bootstrap grid 0.005, enclosure grid 0.0025, node ceiling 57601, and every remaining inferential setting","ED1_TANGENCY_SV_POWER_n2000","diagnostic","TANGENCY_SV_POWER",2000,2000,"absolute","K1",0.25,1.5,"depth6_reference","depth8_refined","ED1_001_TANGENCY_SV_POWER_n2000_depth6_reference","ED1_002_TANGENCY_SV_POWER_n2000_depth8_refined","binary","derivative_assisted_false_exact_root_on_K_report",254,254,254,254,0,0,0,0,0,0,,,,,,,,,,,
"enclosure_depth_v001","depth8_refined_minus_depth6_reference","maximum continuum-enclosure depth 8 minus 6, with guard depth fixed at 6 and with identical samples, multipliers, B=999, bootstrap grid 0.005, enclosure grid 0.0025, node ceiling 57601, and every remaining inferential setting","ED1_TANGENCY_SV_POWER_n4000","diagnostic","TANGENCY_SV_POWER",4000,4000,"absolute","K1",0.25,1.5,"depth6_reference","depth8_refined","ED1_003_TANGENCY_SV_POWER_n4000_depth6_reference","ED1_004_TANGENCY_SV_POWER_n4000_depth8_refined","binary","derivative_assisted_false_exact_root_on_K_report",254,254,254,254,0,0,0,0,0,0,,,,,,,,,,,
"enclosure_depth_v001","depth8_refined_minus_depth6_reference","maximum continuum-enclosure depth 8 minus 6, with guard depth fixed at 6 and with identical samples, multipliers, B=999, bootstrap grid 0.005, enclosure grid 0.0025, node ceiling 57601, and every remaining inferential setting","ED1_TANGENCY_SV_POWER_n8000","diagnostic","TANGENCY_SV_POWER",8000,8000,"absolute","K1",0.25,1.5,"depth6_reference","depth8_refined","ED1_005_TANGENCY_SV_POWER_n8000_depth6_reference","ED1_006_TANGENCY_SV_POWER_n8000_depth8_refined","binary","derivative_assisted_false_exact_root_on_K_report",254,254,254,254,0,0,0,0,0,0,,,,,,,,,,,
"enclosure_depth_v001","depth8_refined_minus_depth6_reference","maximum continuum-enclosure depth 8 minus 6, with guard depth fixed at 6 and with identical samples, multipliers, B=999, bootstrap grid 0.005, enclosure grid 0.0025, node ceiling 57601, and every remaining inferential setting","ED1_TANGENCY_SV_POWER_n2000","diagnostic","TANGENCY_SV_POWER",2000,2000,"absolute","K1",0.25,1.5,"depth6_reference","depth8_refined","ED1_001_TANGENCY_SV_POWER_n2000_depth6_reference","ED1_002_TANGENCY_SV_POWER_n2000_depth8_refined","binary","derivative_assisted_false_exact_root_report",254,254,254,254,0,0,0,0,0,0,,,,,,,,,,,
"enclosure_depth_v001","depth8_refined_minus_depth6_reference","maximum continuum-enclosure depth 8 minus 6, with guard depth fixed at 6 and with identical samples, multipliers, B=999, bootstrap grid 0.005, enclosure grid 0.0025, node ceiling 57601, and every remaining inferential setting","ED1_TANGENCY_SV_POWER_n4000","diagnostic","TANGENCY_SV_POWER",4000,4000,"absolute","K1",0.25,1.5,"depth6_reference","depth8_refined","ED1_003_TANGENCY_SV_POWER_n4000_depth6_reference","ED1_004_TANGENCY_SV_POWER_n4000_depth8_refined","binary","derivative_assisted_false_exact_root_report",254,254,254,254,0,0,0,0,0,0,,,,,,,,,,,
"enclosure_depth_v001","depth8_refined_minus_depth6_reference","maximum continuum-enclosure depth 8 minus 6, with guard depth fixed at 6 and with identical samples, multipliers, B=999, bootstrap grid 0.005, enclosure grid 0.0025, node ceiling 57601, and every remaining inferential setting","ED1_TANGENCY_SV_POWER_n8000","diagnostic","TANGENCY_SV_POWER",8000,8000,"absolute","K1",0.25,1.5,"depth6_reference","depth8_refined","ED1_005_TANGENCY_SV_POWER_n8000_depth6_reference","ED1_006_TANGENCY_SV_POWER_n8000_depth8_refined","binary","derivative_assisted_false_exact_root_report",254,254,254,254,0,0,0,0,0,0,,,,,,,,,,,
"enclosure_depth_v001","depth8_refined_minus_depth6_reference","maximum continuum-enclosure depth 8 minus 6, with guard depth fixed at 6 and with identical samples, multipliers, B=999, bootstrap grid 0.005, enclosure grid 0.0025, node ceiling 57601, and every remaining inferential setting","ED1_TANGENCY_SV_POWER_n2000","diagnostic","TANGENCY_SV_POWER",2000,2000,"absolute","K1",0.25,1.5,"depth6_reference","depth8_refined","ED1_001_TANGENCY_SV_POWER_n2000_depth6_reference","ED1_002_TANGENCY_SV_POWER_n2000_depth8_refined","binary","derivative_assisted_guard_failed",254,254,254,254,0,0,0,0,0,0,,,,,,,,,,,
"enclosure_depth_v001","depth8_refined_minus_depth6_reference","maximum continuum-enclosure depth 8 minus 6, with guard depth fixed at 6 and with identical samples, multipliers, B=999, bootstrap grid 0.005, enclosure grid 0.0025, node ceiling 57601, and every remaining inferential setting","ED1_TANGENCY_SV_POWER_n4000","diagnostic","TANGENCY_SV_POWER",4000,4000,"absolute","K1",0.25,1.5,"depth6_reference","depth8_refined","ED1_003_TANGENCY_SV_POWER_n4000_depth6_reference","ED1_004_TANGENCY_SV_POWER_n4000_depth8_refined","binary","derivative_assisted_guard_failed",254,254,254,254,0,0,0,0,0,0,,,,,,,,,,,
"enclosure_depth_v001","depth8_refined_minus_depth6_reference","maximum continuum-enclosure depth 8 minus 6, with guard depth fixed at 6 and with identical samples, multipliers, B=999, bootstrap grid 0.005, enclosure grid 0.0025, node ceiling 57601, and every remaining inferential setting","ED1_TANGENCY_SV_POWER_n8000","diagnostic","TANGENCY_SV_POWER",8000,8000,"absolute","K1",0.25,1.5,"depth6_reference","depth8_refined","ED1_005_TANGENCY_SV_POWER_n8000_depth6_reference","ED1_006_TANGENCY_SV_POWER_n8000_depth8_refined","binary","derivative_assisted_guard_failed",254,254,254,254,0,0,0,0,0,0,,,,,,,,,,,
"enclosure_depth_v001","depth8_refined_minus_depth6_reference","maximum continuum-enclosure depth 8 minus 6, with guard depth fixed at 6 and with identical samples, multipliers, B=999, bootstrap grid 0.005, enclosure grid 0.0025, node ceiling 57601, and every remaining inferential setting","ED1_TANGENCY_SV_POWER_n2000","diagnostic","TANGENCY_SV_POWER",2000,2000,"absolute","K1",0.25,1.5,"depth6_reference","depth8_refined","ED1_001_TANGENCY_SV_POWER_n2000_depth6_reference","ED1_002_TANGENCY_SV_POWER_n2000_depth8_refined","binary","derivative_assisted_implemented",254,254,254,254,254,254,254,0,0,0,0,0,0.0148985304313125,1,1,0,0,0,0,0,0
"enclosure_depth_v001","depth8_refined_minus_depth6_reference","maximum continuum-enclosure depth 8 minus 6, with guard depth fixed at 6 and with identical samples, multipliers, B=999, bootstrap grid 0.005, enclosure grid 0.0025, node ceiling 57601, and every remaining inferential setting","ED1_TANGENCY_SV_POWER_n4000","diagnostic","TANGENCY_SV_POWER",4000,4000,"absolute","K1",0.25,1.5,"depth6_reference","depth8_refined","ED1_003_TANGENCY_SV_POWER_n4000_depth6_reference","ED1_004_TANGENCY_SV_POWER_n4000_depth8_refined","binary","derivative_assisted_implemented",254,254,254,254,254,254,254,0,0,0,0,0,0.0148985304313125,1,1,0,0,0,0,0,0
"enclosure_depth_v001","depth8_refined_minus_depth6_reference","maximum continuum-enclosure depth 8 minus 6, with guard depth fixed at 6 and with identical samples, multipliers, B=999, bootstrap grid 0.005, enclosure grid 0.0025, node ceiling 57601, and every remaining inferential setting","ED1_TANGENCY_SV_POWER_n8000","diagnostic","TANGENCY_SV_POWER",8000,8000,"absolute","K1",0.25,1.5,"depth6_reference","depth8_refined","ED1_005_TANGENCY_SV_POWER_n8000_depth6_reference","ED1_006_TANGENCY_SV_POWER_n8000_depth8_refined","binary","derivative_assisted_implemented",254,254,254,254,254,254,254,0,0,0,0,0,0.0148985304313125,1,1,0,0,0,0,0,0
"enclosure_depth_v001","depth8_refined_minus_depth6_reference","maximum continuum-enclosure depth 8 minus 6, with guard depth fixed at 6 and with identical samples, multipliers, B=999, bootstrap grid 0.005, enclosure grid 0.0025, node ceiling 57601, and every remaining inferential setting","ED1_TANGENCY_SV_POWER_n2000","diagnostic","TANGENCY_SV_POWER",2000,2000,"absolute","K1",0.25,1.5,"depth6_reference","depth8_refined","ED1_001_TANGENCY_SV_POWER_n2000_depth6_reference","ED1_002_TANGENCY_SV_POWER_n2000_depth8_refined","binary","derivative_assisted_joint_grid_coverage",254,254,254,254,0,0,0,0,0,0,,,,,,,,,,,
"enclosure_depth_v001","depth8_refined_minus_depth6_reference","maximum continuum-enclosure depth 8 minus 6, with guard depth fixed at 6 and with identical samples, multipliers, B=999, bootstrap grid 0.005, enclosure grid 0.0025, node ceiling 57601, and every remaining inferential setting","ED1_TANGENCY_SV_POWER_n4000","diagnostic","TANGENCY_SV_POWER",4000,4000,"absolute","K1",0.25,1.5,"depth6_reference","depth8_refined","ED1_003_TANGENCY_SV_POWER_n4000_depth6_reference","ED1_004_TANGENCY_SV_POWER_n4000_depth8_refined","binary","derivative_assisted_joint_grid_coverage",254,254,254,254,0,0,0,0,0,0,,,,,,,,,,,
"enclosure_depth_v001","depth8_refined_minus_depth6_reference","maximum continuum-enclosure depth 8 minus 6, with guard depth fixed at 6 and with identical samples, multipliers, B=999, bootstrap grid 0.005, enclosure grid 0.0025, node ceiling 57601, and every remaining inferential setting","ED1_TANGENCY_SV_POWER_n8000","diagnostic","TANGENCY_SV_POWER",8000,8000,"absolute","K1",0.25,1.5,"depth6_reference","depth8_refined","ED1_005_TANGENCY_SV_POWER_n8000_depth6_reference","ED1_006_TANGENCY_SV_POWER_n8000_depth8_refined","binary","derivative_assisted_joint_grid_coverage",254,254,254,254,0,0,0,0,0,0,,,,,,,,,,,
"enclosure_depth_v001","depth8_refined_minus_depth6_reference","maximum continuum-enclosure depth 8 minus 6, with guard depth fixed at 6 and with identical samples, multipliers, B=999, bootstrap grid 0.005, enclosure grid 0.0025, node ceiling 57601, and every remaining inferential setting","ED1_TANGENCY_SV_POWER_n2000","diagnostic","TANGENCY_SV_POWER",2000,2000,"absolute","K1",0.25,1.5,"depth6_reference","depth8_refined","ED1_001_TANGENCY_SV_POWER_n2000_depth6_reference","ED1_002_TANGENCY_SV_POWER_n2000_depth8_refined","binary","derivative_assisted_local_exact_root_certified",254,254,254,254,0,0,0,0,0,0,,,,,,,,,,,
"enclosure_depth_v001","depth8_refined_minus_depth6_reference","maximum continuum-enclosure depth 8 minus 6, with guard depth fixed at 6 and with identical samples, multipliers, B=999, bootstrap grid 0.005, enclosure grid 0.0025, node ceiling 57601, and every remaining inferential setting","ED1_TANGENCY_SV_POWER_n4000","diagnostic","TANGENCY_SV_POWER",4000,4000,"absolute","K1",0.25,1.5,"depth6_reference","depth8_refined","ED1_003_TANGENCY_SV_POWER_n4000_depth6_reference","ED1_004_TANGENCY_SV_POWER_n4000_depth8_refined","binary","derivative_assisted_local_exact_root_certified",254,254,254,254,0,0,0,0,0,0,,,,,,,,,,,
"enclosure_depth_v001","depth8_refined_minus_depth6_reference","maximum continuum-enclosure depth 8 minus 6, with guard depth fixed at 6 and with identical samples, multipliers, B=999, bootstrap grid 0.005, enclosure grid 0.0025, node ceiling 57601, and every remaining inferential setting","ED1_TANGENCY_SV_POWER_n8000","diagnostic","TANGENCY_SV_POWER",8000,8000,"absolute","K1",0.25,1.5,"depth6_reference","depth8_refined","ED1_005_TANGENCY_SV_POWER_n8000_depth6_reference","ED1_006_TANGENCY_SV_POWER_n8000_depth8_refined","binary","derivative_assisted_local_exact_root_certified",254,254,254,254,0,0,0,0,0,0,,,,,,,,,,,
"enclosure_depth_v001","depth8_refined_minus_depth6_reference","maximum continuum-enclosure depth 8 minus 6, with guard depth fixed at 6 and with identical samples, multipliers, B=999, bootstrap grid 0.005, enclosure grid 0.0025, node ceiling 57601, and every remaining inferential setting","ED1_TANGENCY_SV_POWER_n2000","diagnostic","TANGENCY_SV_POWER",2000,2000,"absolute","K1",0.25,1.5,"depth6_reference","depth8_refined","ED1_001_TANGENCY_SV_POWER_n2000_depth6_reference","ED1_002_TANGENCY_SV_POWER_n2000_depth8_refined","binary","derivative_assisted_reported",254,254,254,254,0,0,0,0,0,0,,,,,,,,,,,
"enclosure_depth_v001","depth8_refined_minus_depth6_reference","maximum continuum-enclosure depth 8 minus 6, with guard depth fixed at 6 and with identical samples, multipliers, B=999, bootstrap grid 0.005, enclosure grid 0.0025, node ceiling 57601, and every remaining inferential setting","ED1_TANGENCY_SV_POWER_n4000","diagnostic","TANGENCY_SV_POWER",4000,4000,"absolute","K1",0.25,1.5,"depth6_reference","depth8_refined","ED1_003_TANGENCY_SV_POWER_n4000_depth6_reference","ED1_004_TANGENCY_SV_POWER_n4000_depth8_refined","binary","derivative_assisted_reported",254,254,254,254,0,0,0,0,0,0,,,,,,,,,,,
"enclosure_depth_v001","depth8_refined_minus_depth6_reference","maximum continuum-enclosure depth 8 minus 6, with guard depth fixed at 6 and with identical samples, multipliers, B=999, bootstrap grid 0.005, enclosure grid 0.0025, node ceiling 57601, and every remaining inferential setting","ED1_TANGENCY_SV_POWER_n8000","diagnostic","TANGENCY_SV_POWER",8000,8000,"absolute","K1",0.25,1.5,"depth6_reference","depth8_refined","ED1_005_TANGENCY_SV_POWER_n8000_depth6_reference","ED1_006_TANGENCY_SV_POWER_n8000_depth8_refined","binary","derivative_assisted_reported",254,254,254,254,0,0,0,0,0,0,,,,,,,,,,,
"enclosure_depth_v001","depth8_refined_minus_depth6_reference","maximum continuum-enclosure depth 8 minus 6, with guard depth fixed at 6 and with identical samples, multipliers, B=999, bootstrap grid 0.005, enclosure grid 0.0025, node ceiling 57601, and every remaining inferential setting","ED1_TANGENCY_SV_POWER_n2000","diagnostic","TANGENCY_SV_POWER",2000,2000,"absolute","K1",0.25,1.5,"depth6_reference","depth8_refined","ED1_001_TANGENCY_SV_POWER_n2000_depth6_reference","ED1_002_TANGENCY_SV_POWER_n2000_depth8_refined","binary","derivative_assisted_requested",254,254,254,254,254,0,0,0,0,0,0,0,0.0148985304313125,0,0,0,0,0,0,0,0
"enclosure_depth_v001","depth8_refined_minus_depth6_reference","maximum continuum-enclosure depth 8 minus 6, with guard depth fixed at 6 and with identical samples, multipliers, B=999, bootstrap grid 0.005, enclosure grid 0.0025, node ceiling 57601, and every remaining inferential setting","ED1_TANGENCY_SV_POWER_n4000","diagnostic","TANGENCY_SV_POWER",4000,4000,"absolute","K1",0.25,1.5,"depth6_reference","depth8_refined","ED1_003_TANGENCY_SV_POWER_n4000_depth6_reference","ED1_004_TANGENCY_SV_POWER_n4000_depth8_refined","binary","derivative_assisted_requested",254,254,254,254,254,0,0,0,0,0,0,0,0.0148985304313125,0,0,0,0,0,0,0,0
"enclosure_depth_v001","depth8_refined_minus_depth6_reference","maximum continuum-enclosure depth 8 minus 6, with guard depth fixed at 6 and with identical samples, multipliers, B=999, bootstrap grid 0.005, enclosure grid 0.0025, node ceiling 57601, and every remaining inferential setting","ED1_TANGENCY_SV_POWER_n8000","diagnostic","TANGENCY_SV_POWER",8000,8000,"absolute","K1",0.25,1.5,"depth6_reference","depth8_refined","ED1_005_TANGENCY_SV_POWER_n8000_depth6_reference","ED1_006_TANGENCY_SV_POWER_n8000_depth8_refined","binary","derivative_assisted_requested",254,254,254,254,254,0,0,0,0,0,0,0,0.0148985304313125,0,0,0,0,0,0,0,0
"enclosure_depth_v001","depth8_refined_minus_depth6_reference","maximum continuum-enclosure depth 8 minus 6, with guard depth fixed at 6 and with identical samples, multipliers, B=999, bootstrap grid 0.005, enclosure grid 0.0025, node ceiling 57601, and every remaining inferential setting","ED1_TANGENCY_SV_POWER_n2000","diagnostic","TANGENCY_SV_POWER",2000,2000,"absolute","K1",0.25,1.5,"depth6_reference","depth8_refined","ED1_001_TANGENCY_SV_POWER_n2000_depth6_reference","ED1_002_TANGENCY_SV_POWER_n2000_depth8_refined","binary","derivative_assisted_same_multiplier_seed",254,254,254,254,0,0,0,0,0,0,,,,,,,,,,,
"enclosure_depth_v001","depth8_refined_minus_depth6_reference","maximum continuum-enclosure depth 8 minus 6, with guard depth fixed at 6 and with identical samples, multipliers, B=999, bootstrap grid 0.005, enclosure grid 0.0025, node ceiling 57601, and every remaining inferential setting","ED1_TANGENCY_SV_POWER_n4000","diagnostic","TANGENCY_SV_POWER",4000,4000,"absolute","K1",0.25,1.5,"depth6_reference","depth8_refined","ED1_003_TANGENCY_SV_POWER_n4000_depth6_reference","ED1_004_TANGENCY_SV_POWER_n4000_depth8_refined","binary","derivative_assisted_same_multiplier_seed",254,254,254,254,0,0,0,0,0,0,,,,,,,,,,,
"enclosure_depth_v001","depth8_refined_minus_depth6_reference","maximum continuum-enclosure depth 8 minus 6, with guard depth fixed at 6 and with identical samples, multipliers, B=999, bootstrap grid 0.005, enclosure grid 0.0025, node ceiling 57601, and every remaining inferential setting","ED1_TANGENCY_SV_POWER_n8000","diagnostic","TANGENCY_SV_POWER",8000,8000,"absolute","K1",0.25,1.5,"depth6_reference","depth8_refined","ED1_005_TANGENCY_SV_POWER_n8000_depth6_reference","ED1_006_TANGENCY_SV_POWER_n8000_depth8_refined","binary","derivative_assisted_same_multiplier_seed",254,254,254,254,0,0,0,0,0,0,,,,,,,,,,,
"enclosure_depth_v001","depth8_refined_minus_depth6_reference","maximum continuum-enclosure depth 8 minus 6, with guard depth fixed at 6 and with identical samples, multipliers, B=999, bootstrap grid 0.005, enclosure grid 0.0025, node ceiling 57601, and every remaining inferential setting","ED1_TANGENCY_SV_POWER_n2000","diagnostic","TANGENCY_SV_POWER",2000,2000,"absolute","K1",0.25,1.5,"depth6_reference","depth8_refined","ED1_001_TANGENCY_SV_POWER_n2000_depth6_reference","ED1_002_TANGENCY_SV_POWER_n2000_depth8_refined","binary","derivative_assisted_value_grid_coverage",254,254,254,254,0,0,0,0,0,0,,,,,,,,,,,
"enclosure_depth_v001","depth8_refined_minus_depth6_reference","maximum continuum-enclosure depth 8 minus 6, with guard depth fixed at 6 and with identical samples, multipliers, B=999, bootstrap grid 0.005, enclosure grid 0.0025, node ceiling 57601, and every remaining inferential setting","ED1_TANGENCY_SV_POWER_n4000","diagnostic","TANGENCY_SV_POWER",4000,4000,"absolute","K1",0.25,1.5,"depth6_reference","depth8_refined","ED1_003_TANGENCY_SV_POWER_n4000_depth6_reference","ED1_004_TANGENCY_SV_POWER_n4000_depth8_refined","binary","derivative_assisted_value_grid_coverage",254,254,254,254,0,0,0,0,0,0,,,,,,,,,,,
"enclosure_depth_v001","depth8_refined_minus_depth6_reference","maximum continuum-enclosure depth 8 minus 6, with guard depth fixed at 6 and with identical samples, multipliers, B=999, bootstrap grid 0.005, enclosure grid 0.0025, node ceiling 57601, and every remaining inferential setting","ED1_TANGENCY_SV_POWER_n8000","diagnostic","TANGENCY_SV_POWER",8000,8000,"absolute","K1",0.25,1.5,"depth6_reference","depth8_refined","ED1_005_TANGENCY_SV_POWER_n8000_depth6_reference","ED1_006_TANGENCY_SV_POWER_n8000_depth8_refined","binary","derivative_assisted_value_grid_coverage",254,254,254,254,0,0,0,0,0,0,,,,,,,,,,,
"enclosure_depth_v001","depth8_refined_minus_depth6_reference","maximum continuum-enclosure depth 8 minus 6, with guard depth fixed at 6 and with identical samples, multipliers, B=999, bootstrap grid 0.005, enclosure grid 0.0025, node ceiling 57601, and every remaining inferential setting","ED1_TANGENCY_SV_POWER_n2000","diagnostic","TANGENCY_SV_POWER",2000,2000,"absolute","K1",0.25,1.5,"depth6_reference","depth8_refined","ED1_001_TANGENCY_SV_POWER_n2000_depth6_reference","ED1_002_TANGENCY_SV_POWER_n2000_depth8_refined","binary","direction_correct",254,254,254,254,8,0,0,0,0,0,0,0,0.32440756488388,0,0,0,0,0,0,0,0
"enclosure_depth_v001","depth8_refined_minus_depth6_reference","maximum continuum-enclosure depth 8 minus 6, with guard depth fixed at 6 and with identical samples, multipliers, B=999, bootstrap grid 0.005, enclosure grid 0.0025, node ceiling 57601, and every remaining inferential setting","ED1_TANGENCY_SV_POWER_n4000","diagnostic","TANGENCY_SV_POWER",4000,4000,"absolute","K1",0.25,1.5,"depth6_reference","depth8_refined","ED1_003_TANGENCY_SV_POWER_n4000_depth6_reference","ED1_004_TANGENCY_SV_POWER_n4000_depth8_refined","binary","direction_correct",254,254,254,254,4,0,0,0,0,0,0,0,0.489890836454597,0,0,0,0,0,0,0,0
"enclosure_depth_v001","depth8_refined_minus_depth6_reference","maximum continuum-enclosure depth 8 minus 6, with guard depth fixed at 6 and with identical samples, multipliers, B=999, bootstrap grid 0.005, enclosure grid 0.0025, node ceiling 57601, and every remaining inferential setting","ED1_TANGENCY_SV_POWER_n8000","diagnostic","TANGENCY_SV_POWER",8000,8000,"absolute","K1",0.25,1.5,"depth6_reference","depth8_refined","ED1_005_TANGENCY_SV_POWER_n8000_depth6_reference","ED1_006_TANGENCY_SV_POWER_n8000_depth8_refined","binary","direction_correct",254,254,254,254,6,0,0,0,0,0,0,0,0.390334287902165,0,0,0,0,0,0,0,0
"enclosure_depth_v001","depth8_refined_minus_depth6_reference","maximum continuum-enclosure depth 8 minus 6, with guard depth fixed at 6 and with identical samples, multipliers, B=999, bootstrap grid 0.005, enclosure grid 0.0025, node ceiling 57601, and every remaining inferential setting","ED1_TANGENCY_SV_POWER_n2000","diagnostic","TANGENCY_SV_POWER",2000,2000,"absolute","K1",0.25,1.5,"depth6_reference","depth8_refined","ED1_001_TANGENCY_SV_POWER_n2000_depth6_reference","ED1_002_TANGENCY_SV_POWER_n2000_depth8_refined","binary","enclosure_depth_limit_hit",254,254,254,254,254,87,28,59,0,59,0.232283464566929,0.184573577587211,0.287970517446877,0.34251968503937,0.110236220472441,-0.232283464566929,0.423122570709807,0.026549071327685,-1,0,0
"enclosure_depth_v001","depth8_refined_minus_depth6_reference","maximum continuum-enclosure depth 8 minus 6, with guard depth fixed at 6 and with identical samples, multipliers, B=999, bootstrap grid 0.005, enclosure grid 0.0025, node ceiling 57601, and every remaining inferential setting","ED1_TANGENCY_SV_POWER_n4000","diagnostic","TANGENCY_SV_POWER",4000,4000,"absolute","K1",0.25,1.5,"depth6_reference","depth8_refined","ED1_003_TANGENCY_SV_POWER_n4000_depth6_reference","ED1_004_TANGENCY_SV_POWER_n4000_depth8_refined","binary","enclosure_depth_limit_hit",254,254,254,254,254,111,32,79,0,79,0.311023622047244,0.257266112082329,0.370412072647616,0.437007874015748,0.125984251968504,-0.311023622047244,0.463826386092728,0.0291030558530135,-1,0,0
"enclosure_depth_v001","depth8_refined_minus_depth6_reference","maximum continuum-enclosure depth 8 minus 6, with guard depth fixed at 6 and with identical samples, multipliers, B=999, bootstrap grid 0.005, enclosure grid 0.0025, node ceiling 57601, and every remaining inferential setting","ED1_TANGENCY_SV_POWER_n8000","diagnostic","TANGENCY_SV_POWER",8000,8000,"absolute","K1",0.25,1.5,"depth6_reference","depth8_refined","ED1_005_TANGENCY_SV_POWER_n8000_depth6_reference","ED1_006_TANGENCY_SV_POWER_n8000_depth8_refined","binary","enclosure_depth_limit_hit",254,254,254,254,254,148,40,108,0,108,0.425196850393701,0.365958099290205,0.486664515498731,0.582677165354331,0.15748031496063,-0.425196850393701,0.495348881553642,0.0310809531299527,-1,0,0
"enclosure_depth_v001","depth8_refined_minus_depth6_reference","maximum continuum-enclosure depth 8 minus 6, with guard depth fixed at 6 and with identical samples, multipliers, B=999, bootstrap grid 0.005, enclosure grid 0.0025, node ceiling 57601, and every remaining inferential setting","ED1_TANGENCY_SV_POWER_n2000","diagnostic","TANGENCY_SV_POWER",2000,2000,"absolute","K1",0.25,1.5,"depth6_reference","depth8_refined","ED1_001_TANGENCY_SV_POWER_n2000_depth6_reference","ED1_002_TANGENCY_SV_POWER_n2000_depth8_refined","binary","enclosure_limit_hit",254,254,254,254,254,87,28,59,0,59,0.232283464566929,0.184573577587211,0.287970517446877,0.34251968503937,0.110236220472441,-0.232283464566929,0.423122570709807,0.026549071327685,-1,0,0
"enclosure_depth_v001","depth8_refined_minus_depth6_reference","maximum continuum-enclosure depth 8 minus 6, with guard depth fixed at 6 and with identical samples, multipliers, B=999, bootstrap grid 0.005, enclosure grid 0.0025, node ceiling 57601, and every remaining inferential setting","ED1_TANGENCY_SV_POWER_n4000","diagnostic","TANGENCY_SV_POWER",4000,4000,"absolute","K1",0.25,1.5,"depth6_reference","depth8_refined","ED1_003_TANGENCY_SV_POWER_n4000_depth6_reference","ED1_004_TANGENCY_SV_POWER_n4000_depth8_refined","binary","enclosure_limit_hit",254,254,254,254,254,111,32,79,0,79,0.311023622047244,0.257266112082329,0.370412072647616,0.437007874015748,0.125984251968504,-0.311023622047244,0.463826386092728,0.0291030558530135,-1,0,0
"enclosure_depth_v001","depth8_refined_minus_depth6_reference","maximum continuum-enclosure depth 8 minus 6, with guard depth fixed at 6 and with identical samples, multipliers, B=999, bootstrap grid 0.005, enclosure grid 0.0025, node ceiling 57601, and every remaining inferential setting","ED1_TANGENCY_SV_POWER_n8000","diagnostic","TANGENCY_SV_POWER",8000,8000,"absolute","K1",0.25,1.5,"depth6_reference","depth8_refined","ED1_005_TANGENCY_SV_POWER_n8000_depth6_reference","ED1_006_TANGENCY_SV_POWER_n8000_depth8_refined","binary","enclosure_limit_hit",254,254,254,254,254,148,40,108,0,108,0.425196850393701,0.365958099290205,0.486664515498731,0.582677165354331,0.15748031496063,-0.425196850393701,0.495348881553642,0.0310809531299527,-1,0,0
"enclosure_depth_v001","depth8_refined_minus_depth6_reference","maximum continuum-enclosure depth 8 minus 6, with guard depth fixed at 6 and with identical samples, multipliers, B=999, bootstrap grid 0.005, enclosure grid 0.0025, node ceiling 57601, and every remaining inferential setting","ED1_TANGENCY_SV_POWER_n2000","diagnostic","TANGENCY_SV_POWER",2000,2000,"absolute","K1",0.25,1.5,"depth6_reference","depth8_refined","ED1_001_TANGENCY_SV_POWER_n2000_depth6_reference","ED1_002_TANGENCY_SV_POWER_n2000_depth8_refined","binary","enclosure_node_limit_hit",254,254,254,254,254,0,0,0,0,0,0,0,0.0148985304313125,0,0,0,0,0,0,0,0
"enclosure_depth_v001","depth8_refined_minus_depth6_reference","maximum continuum-enclosure depth 8 minus 6, with guard depth fixed at 6 and with identical samples, multipliers, B=999, bootstrap grid 0.005, enclosure grid 0.0025, node ceiling 57601, and every remaining inferential setting","ED1_TANGENCY_SV_POWER_n4000","diagnostic","TANGENCY_SV_POWER",4000,4000,"absolute","K1",0.25,1.5,"depth6_reference","depth8_refined","ED1_003_TANGENCY_SV_POWER_n4000_depth6_reference","ED1_004_TANGENCY_SV_POWER_n4000_depth8_refined","binary","enclosure_node_limit_hit",254,254,254,254,254,0,0,0,0,0,0,0,0.0148985304313125,0,0,0,0,0,0,0,0
"enclosure_depth_v001","depth8_refined_minus_depth6_reference","maximum continuum-enclosure depth 8 minus 6, with guard depth fixed at 6 and with identical samples, multipliers, B=999, bootstrap grid 0.005, enclosure grid 0.0025, node ceiling 57601, and every remaining inferential setting","ED1_TANGENCY_SV_POWER_n8000","diagnostic","TANGENCY_SV_POWER",8000,8000,"absolute","K1",0.25,1.5,"depth6_reference","depth8_refined","ED1_005_TANGENCY_SV_POWER_n8000_depth6_reference","ED1_006_TANGENCY_SV_POWER_n8000_depth8_refined","binary","enclosure_node_limit_hit",254,254,254,254,254,0,0,0,0,0,0,0,0.0148985304313125,0,0,0,0,0,0,0,0
"enclosure_depth_v001","depth8_refined_minus_depth6_reference","maximum continuum-enclosure depth 8 minus 6, with guard depth fixed at 6 and with identical samples, multipliers, B=999, bootstrap grid 0.005, enclosure grid 0.0025, node ceiling 57601, and every remaining inferential setting","ED1_TANGENCY_SV_POWER_n2000","diagnostic","TANGENCY_SV_POWER",2000,2000,"absolute","K1",0.25,1.5,"depth6_reference","depth8_refined","ED1_001_TANGENCY_SV_POWER_n2000_depth6_reference","ED1_002_TANGENCY_SV_POWER_n2000_depth8_refined","binary","enclosure_statistical_limit_hit",254,254,254,254,254,87,28,59,0,59,0.232283464566929,0.184573577587211,0.287970517446877,0.34251968503937,0.110236220472441,-0.232283464566929,0.423122570709807,0.026549071327685,-1,0,0
"enclosure_depth_v001","depth8_refined_minus_depth6_reference","maximum continuum-enclosure depth 8 minus 6, with guard depth fixed at 6 and with identical samples, multipliers, B=999, bootstrap grid 0.005, enclosure grid 0.0025, node ceiling 57601, and every remaining inferential setting","ED1_TANGENCY_SV_POWER_n4000","diagnostic","TANGENCY_SV_POWER",4000,4000,"absolute","K1",0.25,1.5,"depth6_reference","depth8_refined","ED1_003_TANGENCY_SV_POWER_n4000_depth6_reference","ED1_004_TANGENCY_SV_POWER_n4000_depth8_refined","binary","enclosure_statistical_limit_hit",254,254,254,254,254,111,32,79,0,79,0.311023622047244,0.257266112082329,0.370412072647616,0.437007874015748,0.125984251968504,-0.311023622047244,0.463826386092728,0.0291030558530135,-1,0,0
"enclosure_depth_v001","depth8_refined_minus_depth6_reference","maximum continuum-enclosure depth 8 minus 6, with guard depth fixed at 6 and with identical samples, multipliers, B=999, bootstrap grid 0.005, enclosure grid 0.0025, node ceiling 57601, and every remaining inferential setting","ED1_TANGENCY_SV_POWER_n8000","diagnostic","TANGENCY_SV_POWER",8000,8000,"absolute","K1",0.25,1.5,"depth6_reference","depth8_refined","ED1_005_TANGENCY_SV_POWER_n8000_depth6_reference","ED1_006_TANGENCY_SV_POWER_n8000_depth8_refined","binary","enclosure_statistical_limit_hit",254,254,254,254,254,148,40,108,0,108,0.425196850393701,0.365958099290205,0.486664515498731,0.582677165354331,0.15748031496063,-0.425196850393701,0.495348881553642,0.0310809531299527,-1,0,0
"enclosure_depth_v001","depth8_refined_minus_depth6_reference","maximum continuum-enclosure depth 8 minus 6, with guard depth fixed at 6 and with identical samples, multipliers, B=999, bootstrap grid 0.005, enclosure grid 0.0025, node ceiling 57601, and every remaining inferential setting","ED1_TANGENCY_SV_POWER_n2000","diagnostic","TANGENCY_SV_POWER",2000,2000,"absolute","K1",0.25,1.5,"depth6_reference","depth8_refined","ED1_001_TANGENCY_SV_POWER_n2000_depth6_reference","ED1_002_TANGENCY_SV_POWER_n2000_depth8_refined","binary","enclosure_variance_limit_hit",254,254,254,254,254,0,0,0,0,0,0,0,0.0148985304313125,0,0,0,0,0,0,0,0
"enclosure_depth_v001","depth8_refined_minus_depth6_reference","maximum continuum-enclosure depth 8 minus 6, with guard depth fixed at 6 and with identical samples, multipliers, B=999, bootstrap grid 0.005, enclosure grid 0.0025, node ceiling 57601, and every remaining inferential setting","ED1_TANGENCY_SV_POWER_n4000","diagnostic","TANGENCY_SV_POWER",4000,4000,"absolute","K1",0.25,1.5,"depth6_reference","depth8_refined","ED1_003_TANGENCY_SV_POWER_n4000_depth6_reference","ED1_004_TANGENCY_SV_POWER_n4000_depth8_refined","binary","enclosure_variance_limit_hit",254,254,254,254,254,0,0,0,0,0,0,0,0.0148985304313125,0,0,0,0,0,0,0,0
"enclosure_depth_v001","depth8_refined_minus_depth6_reference","maximum continuum-enclosure depth 8 minus 6, with guard depth fixed at 6 and with identical samples, multipliers, B=999, bootstrap grid 0.005, enclosure grid 0.0025, node ceiling 57601, and every remaining inferential setting","ED1_TANGENCY_SV_POWER_n8000","diagnostic","TANGENCY_SV_POWER",8000,8000,"absolute","K1",0.25,1.5,"depth6_reference","depth8_refined","ED1_005_TANGENCY_SV_POWER_n8000_depth6_reference","ED1_006_TANGENCY_SV_POWER_n8000_depth8_refined","binary","enclosure_variance_limit_hit",254,254,254,254,254,0,0,0,0,0,0,0,0.0148985304313125,0,0,0,0,0,0,0,0
"enclosure_depth_v001","depth8_refined_minus_depth6_reference","maximum continuum-enclosure depth 8 minus 6, with guard depth fixed at 6 and with identical samples, multipliers, B=999, bootstrap grid 0.005, enclosure grid 0.0025, node ceiling 57601, and every remaining inferential setting","ED1_TANGENCY_SV_POWER_n2000","diagnostic","TANGENCY_SV_POWER",2000,2000,"absolute","K1",0.25,1.5,"depth6_reference","depth8_refined","ED1_001_TANGENCY_SV_POWER_n2000_depth6_reference","ED1_002_TANGENCY_SV_POWER_n2000_depth8_refined","binary","exact_count_certified",254,254,254,254,254,0,0,0,0,0,0,0,0.0148985304313125,0,0,0,0,0,0,0,0
"enclosure_depth_v001","depth8_refined_minus_depth6_reference","maximum continuum-enclosure depth 8 minus 6, with guard depth fixed at 6 and with identical samples, multipliers, B=999, bootstrap grid 0.005, enclosure grid 0.0025, node ceiling 57601, and every remaining inferential setting","ED1_TANGENCY_SV_POWER_n4000","diagnostic","TANGENCY_SV_POWER",4000,4000,"absolute","K1",0.25,1.5,"depth6_reference","depth8_refined","ED1_003_TANGENCY_SV_POWER_n4000_depth6_reference","ED1_004_TANGENCY_SV_POWER_n4000_depth8_refined","binary","exact_count_certified",254,254,254,254,254,0,0,0,0,0,0,0,0.0148985304313125,0,0,0,0,0,0,0,0
"enclosure_depth_v001","depth8_refined_minus_depth6_reference","maximum continuum-enclosure depth 8 minus 6, with guard depth fixed at 6 and with identical samples, multipliers, B=999, bootstrap grid 0.005, enclosure grid 0.0025, node ceiling 57601, and every remaining inferential setting","ED1_TANGENCY_SV_POWER_n8000","diagnostic","TANGENCY_SV_POWER",8000,8000,"absolute","K1",0.25,1.5,"depth6_reference","depth8_refined","ED1_005_TANGENCY_SV_POWER_n8000_depth6_reference","ED1_006_TANGENCY_SV_POWER_n8000_depth8_refined","binary","exact_count_certified",254,254,254,254,254,0,0,0,0,0,0,0,0.0148985304313125,0,0,0,0,0,0,0,0
"enclosure_depth_v001","depth8_refined_minus_depth6_reference","maximum continuum-enclosure depth 8 minus 6, with guard depth fixed at 6 and with identical samples, multipliers, B=999, bootstrap grid 0.005, enclosure grid 0.0025, node ceiling 57601, and every remaining inferential setting","ED1_TANGENCY_SV_POWER_n2000","diagnostic","TANGENCY_SV_POWER",2000,2000,"absolute","K1",0.25,1.5,"depth6_reference","depth8_refined","ED1_001_TANGENCY_SV_POWER_n2000_depth6_reference","ED1_002_TANGENCY_SV_POWER_n2000_depth8_refined","binary","exact_count_statement_true",254,254,254,254,254,0,0,0,0,0,0,0,0.0148985304313125,0,0,0,0,0,0,0,0
"enclosure_depth_v001","depth8_refined_minus_depth6_reference","maximum continuum-enclosure depth 8 minus 6, with guard depth fixed at 6 and with identical samples, multipliers, B=999, bootstrap grid 0.005, enclosure grid 0.0025, node ceiling 57601, and every remaining inferential setting","ED1_TANGENCY_SV_POWER_n4000","diagnostic","TANGENCY_SV_POWER",4000,4000,"absolute","K1",0.25,1.5,"depth6_reference","depth8_refined","ED1_003_TANGENCY_SV_POWER_n4000_depth6_reference","ED1_004_TANGENCY_SV_POWER_n4000_depth8_refined","binary","exact_count_statement_true",254,254,254,254,254,0,0,0,0,0,0,0,0.0148985304313125,0,0,0,0,0,0,0,0
"enclosure_depth_v001","depth8_refined_minus_depth6_reference","maximum continuum-enclosure depth 8 minus 6, with guard depth fixed at 6 and with identical samples, multipliers, B=999, bootstrap grid 0.005, enclosure grid 0.0025, node ceiling 57601, and every remaining inferential setting","ED1_TANGENCY_SV_POWER_n8000","diagnostic","TANGENCY_SV_POWER",8000,8000,"absolute","K1",0.25,1.5,"depth6_reference","depth8_refined","ED1_005_TANGENCY_SV_POWER_n8000_depth6_reference","ED1_006_TANGENCY_SV_POWER_n8000_depth8_refined","binary","exact_count_statement_true",254,254,254,254,254,0,0,0,0,0,0,0,0.0148985304313125,0,0,0,0,0,0,0,0
"enclosure_depth_v001","depth8_refined_minus_depth6_reference","maximum continuum-enclosure depth 8 minus 6, with guard depth fixed at 6 and with identical samples, multipliers, B=999, bootstrap grid 0.005, enclosure grid 0.0025, node ceiling 57601, and every remaining inferential setting","ED1_TANGENCY_SV_POWER_n2000","diagnostic","TANGENCY_SV_POWER",2000,2000,"absolute","K1",0.25,1.5,"depth6_reference","depth8_refined","ED1_001_TANGENCY_SV_POWER_n2000_depth6_reference","ED1_002_TANGENCY_SV_POWER_n2000_depth8_refined","binary","false_bracket_report",254,254,254,254,254,0,0,0,0,0,0,0,0.0148985304313125,0,0,0,0,0,0,0,0
"enclosure_depth_v001","depth8_refined_minus_depth6_reference","maximum continuum-enclosure depth 8 minus 6, with guard depth fixed at 6 and with identical samples, multipliers, B=999, bootstrap grid 0.005, enclosure grid 0.0025, node ceiling 57601, and every remaining inferential setting","ED1_TANGENCY_SV_POWER_n4000","diagnostic","TANGENCY_SV_POWER",4000,4000,"absolute","K1",0.25,1.5,"depth6_reference","depth8_refined","ED1_003_TANGENCY_SV_POWER_n4000_depth6_reference","ED1_004_TANGENCY_SV_POWER_n4000_depth8_refined","binary","false_bracket_report",254,254,254,254,254,0,0,0,0,0,0,0,0.0148985304313125,0,0,0,0,0,0,0,0
"enclosure_depth_v001","depth8_refined_minus_depth6_reference","maximum continuum-enclosure depth 8 minus 6, with guard depth fixed at 6 and with identical samples, multipliers, B=999, bootstrap grid 0.005, enclosure grid 0.0025, node ceiling 57601, and every remaining inferential setting","ED1_TANGENCY_SV_POWER_n8000","diagnostic","TANGENCY_SV_POWER",8000,8000,"absolute","K1",0.25,1.5,"depth6_reference","depth8_refined","ED1_005_TANGENCY_SV_POWER_n8000_depth6_reference","ED1_006_TANGENCY_SV_POWER_n8000_depth8_refined","binary","false_bracket_report",254,254,254,254,254,0,0,0,0,0,0,0,0.0148985304313125,0,0,0,0,0,0,0,0
"enclosure_depth_v001","depth8_refined_minus_depth6_reference","maximum continuum-enclosure depth 8 minus 6, with guard depth fixed at 6 and with identical samples, multipliers, B=999, bootstrap grid 0.005, enclosure grid 0.0025, node ceiling 57601, and every remaining inferential setting","ED1_TANGENCY_SV_POWER_n2000","diagnostic","TANGENCY_SV_POWER",2000,2000,"absolute","K1",0.25,1.5,"depth6_reference","depth8_refined","ED1_001_TANGENCY_SV_POWER_n2000_depth6_reference","ED1_002_TANGENCY_SV_POWER_n2000_depth8_refined","binary","false_budget_rejection",254,254,254,254,254,0,0,0,0,0,0,0,0.0148985304313125,0,0,0,0,0,0,0,0
"enclosure_depth_v001","depth8_refined_minus_depth6_reference","maximum continuum-enclosure depth 8 minus 6, with guard depth fixed at 6 and with identical samples, multipliers, B=999, bootstrap grid 0.005, enclosure grid 0.0025, node ceiling 57601, and every remaining inferential setting","ED1_TANGENCY_SV_POWER_n4000","diagnostic","TANGENCY_SV_POWER",4000,4000,"absolute","K1",0.25,1.5,"depth6_reference","depth8_refined","ED1_003_TANGENCY_SV_POWER_n4000_depth6_reference","ED1_004_TANGENCY_SV_POWER_n4000_depth8_refined","binary","false_budget_rejection",254,254,254,254,254,0,0,0,0,0,0,0,0.0148985304313125,0,0,0,0,0,0,0,0
"enclosure_depth_v001","depth8_refined_minus_depth6_reference","maximum continuum-enclosure depth 8 minus 6, with guard depth fixed at 6 and with identical samples, multipliers, B=999, bootstrap grid 0.005, enclosure grid 0.0025, node ceiling 57601, and every remaining inferential setting","ED1_TANGENCY_SV_POWER_n8000","diagnostic","TANGENCY_SV_POWER",8000,8000,"absolute","K1",0.25,1.5,"depth6_reference","depth8_refined","ED1_005_TANGENCY_SV_POWER_n8000_depth6_reference","ED1_006_TANGENCY_SV_POWER_n8000_depth8_refined","binary","false_budget_rejection",254,254,254,254,254,0,0,0,0,0,0,0,0.0148985304313125,0,0,0,0,0,0,0,0
"enclosure_depth_v001","depth8_refined_minus_depth6_reference","maximum continuum-enclosure depth 8 minus 6, with guard depth fixed at 6 and with identical samples, multipliers, B=999, bootstrap grid 0.005, enclosure grid 0.0025, node ceiling 57601, and every remaining inferential setting","ED1_TANGENCY_SV_POWER_n2000","diagnostic","TANGENCY_SV_POWER",2000,2000,"absolute","K1",0.25,1.5,"depth6_reference","depth8_refined","ED1_001_TANGENCY_SV_POWER_n2000_depth6_reference","ED1_002_TANGENCY_SV_POWER_n2000_depth8_refined","binary","false_direction_report",254,254,254,254,254,8,8,0,0,0,0,0,0.0148985304313125,0.031496062992126,0.031496062992126,0,0,0,0,0,0
"enclosure_depth_v001","depth8_refined_minus_depth6_reference","maximum continuum-enclosure depth 8 minus 6, with guard depth fixed at 6 and with identical samples, multipliers, B=999, bootstrap grid 0.005, enclosure grid 0.0025, node ceiling 57601, and every remaining inferential setting","ED1_TANGENCY_SV_POWER_n4000","diagnostic","TANGENCY_SV_POWER",4000,4000,"absolute","K1",0.25,1.5,"depth6_reference","depth8_refined","ED1_003_TANGENCY_SV_POWER_n4000_depth6_reference","ED1_004_TANGENCY_SV_POWER_n4000_depth8_refined","binary","false_direction_report",254,254,254,254,254,4,4,0,0,0,0,0,0.0148985304313125,0.015748031496063,0.015748031496063,0,0,0,0,0,0
"enclosure_depth_v001","depth8_refined_minus_depth6_reference","maximum continuum-enclosure depth 8 minus 6, with guard depth fixed at 6 and with identical samples, multipliers, B=999, bootstrap grid 0.005, enclosure grid 0.0025, node ceiling 57601, and every remaining inferential setting","ED1_TANGENCY_SV_POWER_n8000","diagnostic","TANGENCY_SV_POWER",8000,8000,"absolute","K1",0.25,1.5,"depth6_reference","depth8_refined","ED1_005_TANGENCY_SV_POWER_n8000_depth6_reference","ED1_006_TANGENCY_SV_POWER_n8000_depth8_refined","binary","false_direction_report",254,254,254,254,254,6,6,0,0,0,0,0,0.0148985304313125,0.0236220472440945,0.0236220472440945,0,0,0,0,0,0
"enclosure_depth_v001","depth8_refined_minus_depth6_reference","maximum continuum-enclosure depth 8 minus 6, with guard depth fixed at 6 and with identical samples, multipliers, B=999, bootstrap grid 0.005, enclosure grid 0.0025, node ceiling 57601, and every remaining inferential setting","ED1_TANGENCY_SV_POWER_n2000","diagnostic","TANGENCY_SV_POWER",2000,2000,"absolute","K1",0.25,1.5,"depth6_reference","depth8_refined","ED1_001_TANGENCY_SV_POWER_n2000_depth6_reference","ED1_002_TANGENCY_SV_POWER_n2000_depth8_refined","binary","false_exact_count_report",254,254,254,254,254,0,0,0,0,0,0,0,0.0148985304313125,0,0,0,0,0,0,0,0
"enclosure_depth_v001","depth8_refined_minus_depth6_reference","maximum continuum-enclosure depth 8 minus 6, with guard depth fixed at 6 and with identical samples, multipliers, B=999, bootstrap grid 0.005, enclosure grid 0.0025, node ceiling 57601, and every remaining inferential setting","ED1_TANGENCY_SV_POWER_n4000","diagnostic","TANGENCY_SV_POWER",4000,4000,"absolute","K1",0.25,1.5,"depth6_reference","depth8_refined","ED1_003_TANGENCY_SV_POWER_n4000_depth6_reference","ED1_004_TANGENCY_SV_POWER_n4000_depth8_refined","binary","false_exact_count_report",254,254,254,254,254,0,0,0,0,0,0,0,0.0148985304313125,0,0,0,0,0,0,0,0
"enclosure_depth_v001","depth8_refined_minus_depth6_reference","maximum continuum-enclosure depth 8 minus 6, with guard depth fixed at 6 and with identical samples, multipliers, B=999, bootstrap grid 0.005, enclosure grid 0.0025, node ceiling 57601, and every remaining inferential setting","ED1_TANGENCY_SV_POWER_n8000","diagnostic","TANGENCY_SV_POWER",8000,8000,"absolute","K1",0.25,1.5,"depth6_reference","depth8_refined","ED1_005_TANGENCY_SV_POWER_n8000_depth6_reference","ED1_006_TANGENCY_SV_POWER_n8000_depth8_refined","binary","false_exact_count_report",254,254,254,254,254,0,0,0,0,0,0,0,0.0148985304313125,0,0,0,0,0,0,0,0
"enclosure_depth_v001","depth8_refined_minus_depth6_reference","maximum continuum-enclosure depth 8 minus 6, with guard depth fixed at 6 and with identical samples, multipliers, B=999, bootstrap grid 0.005, enclosure grid 0.0025, node ceiling 57601, and every remaining inferential setting","ED1_TANGENCY_SV_POWER_n2000","diagnostic","TANGENCY_SV_POWER",2000,2000,"absolute","K1",0.25,1.5,"depth6_reference","depth8_refined","ED1_001_TANGENCY_SV_POWER_n2000_depth6_reference","ED1_002_TANGENCY_SV_POWER_n2000_depth8_refined","binary","false_no_root_report",254,254,254,254,254,2,2,0,0,0,0,0,0.0148985304313125,0.0078740157480315,0.0078740157480315,0,0,0,0,0,0
"enclosure_depth_v001","depth8_refined_minus_depth6_reference","maximum continuum-enclosure depth 8 minus 6, with guard depth fixed at 6 and with identical samples, multipliers, B=999, bootstrap grid 0.005, enclosure grid 0.0025, node ceiling 57601, and every remaining inferential setting","ED1_TANGENCY_SV_POWER_n4000","diagnostic","TANGENCY_SV_POWER",4000,4000,"absolute","K1",0.25,1.5,"depth6_reference","depth8_refined","ED1_003_TANGENCY_SV_POWER_n4000_depth6_reference","ED1_004_TANGENCY_SV_POWER_n4000_depth8_refined","binary","false_no_root_report",254,254,254,254,254,2,2,0,0,0,0,0,0.0148985304313125,0.0078740157480315,0.0078740157480315,0,0,0,0,0,0
"enclosure_depth_v001","depth8_refined_minus_depth6_reference","maximum continuum-enclosure depth 8 minus 6, with guard depth fixed at 6 and with identical samples, multipliers, B=999, bootstrap grid 0.005, enclosure grid 0.0025, node ceiling 57601, and every remaining inferential setting","ED1_TANGENCY_SV_POWER_n8000","diagnostic","TANGENCY_SV_POWER",8000,8000,"absolute","K1",0.25,1.5,"depth6_reference","depth8_refined","ED1_005_TANGENCY_SV_POWER_n8000_depth6_reference","ED1_006_TANGENCY_SV_POWER_n8000_depth8_refined","binary","false_no_root_report",254,254,254,254,254,4,4,0,0,0,0,0,0.0148985304313125,0.015748031496063,0.015748031496063,0,0,0,0,0,0
"enclosure_depth_v001","depth8_refined_minus_depth6_reference","maximum continuum-enclosure depth 8 minus 6, with guard depth fixed at 6 and with identical samples, multipliers, B=999, bootstrap grid 0.005, enclosure grid 0.0025, node ceiling 57601, and every remaining inferential setting","ED1_TANGENCY_SV_POWER_n2000","diagnostic","TANGENCY_SV_POWER",2000,2000,"absolute","K1",0.25,1.5,"depth6_reference","depth8_refined","ED1_001_TANGENCY_SV_POWER_n2000_depth6_reference","ED1_002_TANGENCY_SV_POWER_n2000_depth8_refined","binary","false_outer_report",254,254,254,254,254,10,10,0,0,0,0,0,0.0148985304313125,0.0393700787401575,0.0393700787401575,0,0,0,0,0,0
"enclosure_depth_v001","depth8_refined_minus_depth6_reference","maximum continuum-enclosure depth 8 minus 6, with guard depth fixed at 6 and with identical samples, multipliers, B=999, bootstrap grid 0.005, enclosure grid 0.0025, node ceiling 57601, and every remaining inferential setting","ED1_TANGENCY_SV_POWER_n4000","diagnostic","TANGENCY_SV_POWER",4000,4000,"absolute","K1",0.25,1.5,"depth6_reference","depth8_refined","ED1_003_TANGENCY_SV_POWER_n4000_depth6_reference","ED1_004_TANGENCY_SV_POWER_n4000_depth8_refined","binary","false_outer_report",254,254,254,254,254,6,6,0,0,0,0,0,0.0148985304313125,0.0236220472440945,0.0236220472440945,0,0,0,0,0,0
"enclosure_depth_v001","depth8_refined_minus_depth6_reference","maximum continuum-enclosure depth 8 minus 6, with guard depth fixed at 6 and with identical samples, multipliers, B=999, bootstrap grid 0.005, enclosure grid 0.0025, node ceiling 57601, and every remaining inferential setting","ED1_TANGENCY_SV_POWER_n8000","diagnostic","TANGENCY_SV_POWER",8000,8000,"absolute","K1",0.25,1.5,"depth6_reference","depth8_refined","ED1_005_TANGENCY_SV_POWER_n8000_depth6_reference","ED1_006_TANGENCY_SV_POWER_n8000_depth8_refined","binary","false_outer_report",254,254,254,254,254,10,10,0,0,0,0,0,0.0148985304313125,0.0393700787401575,0.0393700787401575,0,0,0,0,0,0
"enclosure_depth_v001","depth8_refined_minus_depth6_reference","maximum continuum-enclosure depth 8 minus 6, with guard depth fixed at 6 and with identical samples, multipliers, B=999, bootstrap grid 0.005, enclosure grid 0.0025, node ceiling 57601, and every remaining inferential setting","ED1_TANGENCY_SV_POWER_n2000","diagnostic","TANGENCY_SV_POWER",2000,2000,"absolute","K1",0.25,1.5,"depth6_reference","depth8_refined","ED1_001_TANGENCY_SV_POWER_n2000_depth6_reference","ED1_002_TANGENCY_SV_POWER_n2000_depth8_refined","binary","false_reversal_report",254,254,254,254,254,8,8,0,0,0,0,0,0.0148985304313125,0.031496062992126,0.031496062992126,0,0,0,0,0,0
"enclosure_depth_v001","depth8_refined_minus_depth6_reference","maximum continuum-enclosure depth 8 minus 6, with guard depth fixed at 6 and with identical samples, multipliers, B=999, bootstrap grid 0.005, enclosure grid 0.0025, node ceiling 57601, and every remaining inferential setting","ED1_TANGENCY_SV_POWER_n4000","diagnostic","TANGENCY_SV_POWER",4000,4000,"absolute","K1",0.25,1.5,"depth6_reference","depth8_refined","ED1_003_TANGENCY_SV_POWER_n4000_depth6_reference","ED1_004_TANGENCY_SV_POWER_n4000_depth8_refined","binary","false_reversal_report",254,254,254,254,254,4,4,0,0,0,0,0,0.0148985304313125,0.015748031496063,0.015748031496063,0,0,0,0,0,0
"enclosure_depth_v001","depth8_refined_minus_depth6_reference","maximum continuum-enclosure depth 8 minus 6, with guard depth fixed at 6 and with identical samples, multipliers, B=999, bootstrap grid 0.005, enclosure grid 0.0025, node ceiling 57601, and every remaining inferential setting","ED1_TANGENCY_SV_POWER_n8000","diagnostic","TANGENCY_SV_POWER",8000,8000,"absolute","K1",0.25,1.5,"depth6_reference","depth8_refined","ED1_005_TANGENCY_SV_POWER_n8000_depth6_reference","ED1_006_TANGENCY_SV_POWER_n8000_depth8_refined","binary","false_reversal_report",254,254,254,254,254,6,6,0,0,0,0,0,0.0148985304313125,0.0236220472440945,0.0236220472440945,0,0,0,0,0,0
"enclosure_depth_v001","depth8_refined_minus_depth6_reference","maximum continuum-enclosure depth 8 minus 6, with guard depth fixed at 6 and with identical samples, multipliers, B=999, bootstrap grid 0.005, enclosure grid 0.0025, node ceiling 57601, and every remaining inferential setting","ED1_TANGENCY_SV_POWER_n2000","diagnostic","TANGENCY_SV_POWER",2000,2000,"absolute","K1",0.25,1.5,"depth6_reference","depth8_refined","ED1_001_TANGENCY_SV_POWER_n2000_depth6_reference","ED1_002_TANGENCY_SV_POWER_n2000_depth8_refined","binary","false_sign_report",254,254,254,254,254,10,10,0,0,0,0,0,0.0148985304313125,0.0393700787401575,0.0393700787401575,0,0,0,0,0,0
"enclosure_depth_v001","depth8_refined_minus_depth6_reference","maximum continuum-enclosure depth 8 minus 6, with guard depth fixed at 6 and with identical samples, multipliers, B=999, bootstrap grid 0.005, enclosure grid 0.0025, node ceiling 57601, and every remaining inferential setting","ED1_TANGENCY_SV_POWER_n4000","diagnostic","TANGENCY_SV_POWER",4000,4000,"absolute","K1",0.25,1.5,"depth6_reference","depth8_refined","ED1_003_TANGENCY_SV_POWER_n4000_depth6_reference","ED1_004_TANGENCY_SV_POWER_n4000_depth8_refined","binary","false_sign_report",254,254,254,254,254,6,6,0,0,0,0,0,0.0148985304313125,0.0236220472440945,0.0236220472440945,0,0,0,0,0,0
"enclosure_depth_v001","depth8_refined_minus_depth6_reference","maximum continuum-enclosure depth 8 minus 6, with guard depth fixed at 6 and with identical samples, multipliers, B=999, bootstrap grid 0.005, enclosure grid 0.0025, node ceiling 57601, and every remaining inferential setting","ED1_TANGENCY_SV_POWER_n8000","diagnostic","TANGENCY_SV_POWER",8000,8000,"absolute","K1",0.25,1.5,"depth6_reference","depth8_refined","ED1_005_TANGENCY_SV_POWER_n8000_depth6_reference","ED1_006_TANGENCY_SV_POWER_n8000_depth8_refined","binary","false_sign_report",254,254,254,254,254,10,10,0,0,0,0,0,0.0148985304313125,0.0393700787401575,0.0393700787401575,0,0,0,0,0,0
"enclosure_depth_v001","depth8_refined_minus_depth6_reference","maximum continuum-enclosure depth 8 minus 6, with guard depth fixed at 6 and with identical samples, multipliers, B=999, bootstrap grid 0.005, enclosure grid 0.0025, node ceiling 57601, and every remaining inferential setting","ED1_TANGENCY_SV_POWER_n2000","diagnostic","TANGENCY_SV_POWER",2000,2000,"absolute","K1",0.25,1.5,"depth6_reference","depth8_refined","ED1_001_TANGENCY_SV_POWER_n2000_depth6_reference","ED1_002_TANGENCY_SV_POWER_n2000_depth8_refined","binary","grid_continuum_no_root_disagreement",254,254,254,254,0,0,0,0,0,0,,,,,,,,,,,
"enclosure_depth_v001","depth8_refined_minus_depth6_reference","maximum continuum-enclosure depth 8 minus 6, with guard depth fixed at 6 and with identical samples, multipliers, B=999, bootstrap grid 0.005, enclosure grid 0.0025, node ceiling 57601, and every remaining inferential setting","ED1_TANGENCY_SV_POWER_n4000","diagnostic","TANGENCY_SV_POWER",4000,4000,"absolute","K1",0.25,1.5,"depth6_reference","depth8_refined","ED1_003_TANGENCY_SV_POWER_n4000_depth6_reference","ED1_004_TANGENCY_SV_POWER_n4000_depth8_refined","binary","grid_continuum_no_root_disagreement",254,254,254,254,0,0,0,0,0,0,,,,,,,,,,,
"enclosure_depth_v001","depth8_refined_minus_depth6_reference","maximum continuum-enclosure depth 8 minus 6, with guard depth fixed at 6 and with identical samples, multipliers, B=999, bootstrap grid 0.005, enclosure grid 0.0025, node ceiling 57601, and every remaining inferential setting","ED1_TANGENCY_SV_POWER_n8000","diagnostic","TANGENCY_SV_POWER",8000,8000,"absolute","K1",0.25,1.5,"depth6_reference","depth8_refined","ED1_005_TANGENCY_SV_POWER_n8000_depth6_reference","ED1_006_TANGENCY_SV_POWER_n8000_depth8_refined","binary","grid_continuum_no_root_disagreement",254,254,254,254,0,0,0,0,0,0,,,,,,,,,,,
"enclosure_depth_v001","depth8_refined_minus_depth6_reference","maximum continuum-enclosure depth 8 minus 6, with guard depth fixed at 6 and with identical samples, multipliers, B=999, bootstrap grid 0.005, enclosure grid 0.0025, node ceiling 57601, and every remaining inferential setting","ED1_TANGENCY_SV_POWER_n2000","diagnostic","TANGENCY_SV_POWER",2000,2000,"absolute","K1",0.25,1.5,"depth6_reference","depth8_refined","ED1_001_TANGENCY_SV_POWER_n2000_depth6_reference","ED1_002_TANGENCY_SV_POWER_n2000_depth8_refined","binary","grid_only_no_root",254,254,254,254,0,0,0,0,0,0,,,,,,,,,,,
"enclosure_depth_v001","depth8_refined_minus_depth6_reference","maximum continuum-enclosure depth 8 minus 6, with guard depth fixed at 6 and with identical samples, multipliers, B=999, bootstrap grid 0.005, enclosure grid 0.0025, node ceiling 57601, and every remaining inferential setting","ED1_TANGENCY_SV_POWER_n4000","diagnostic","TANGENCY_SV_POWER",4000,4000,"absolute","K1",0.25,1.5,"depth6_reference","depth8_refined","ED1_003_TANGENCY_SV_POWER_n4000_depth6_reference","ED1_004_TANGENCY_SV_POWER_n4000_depth8_refined","binary","grid_only_no_root",254,254,254,254,0,0,0,0,0,0,,,,,,,,,,,
"enclosure_depth_v001","depth8_refined_minus_depth6_reference","maximum continuum-enclosure depth 8 minus 6, with guard depth fixed at 6 and with identical samples, multipliers, B=999, bootstrap grid 0.005, enclosure grid 0.0025, node ceiling 57601, and every remaining inferential setting","ED1_TANGENCY_SV_POWER_n8000","diagnostic","TANGENCY_SV_POWER",8000,8000,"absolute","K1",0.25,1.5,"depth6_reference","depth8_refined","ED1_005_TANGENCY_SV_POWER_n8000_depth6_reference","ED1_006_TANGENCY_SV_POWER_n8000_depth8_refined","binary","grid_only_no_root",254,254,254,254,0,0,0,0,0,0,,,,,,,,,,,
"enclosure_depth_v001","depth8_refined_minus_depth6_reference","maximum continuum-enclosure depth 8 minus 6, with guard depth fixed at 6 and with identical samples, multipliers, B=999, bootstrap grid 0.005, enclosure grid 0.0025, node ceiling 57601, and every remaining inferential setting","ED1_TANGENCY_SV_POWER_n2000","diagnostic","TANGENCY_SV_POWER",2000,2000,"absolute","K1",0.25,1.5,"depth6_reference","depth8_refined","ED1_001_TANGENCY_SV_POWER_n2000_depth6_reference","ED1_002_TANGENCY_SV_POWER_n2000_depth8_refined","binary","grid_only_reversal_certified",254,254,254,254,0,0,0,0,0,0,,,,,,,,,,,
"enclosure_depth_v001","depth8_refined_minus_depth6_reference","maximum continuum-enclosure depth 8 minus 6, with guard depth fixed at 6 and with identical samples, multipliers, B=999, bootstrap grid 0.005, enclosure grid 0.0025, node ceiling 57601, and every remaining inferential setting","ED1_TANGENCY_SV_POWER_n4000","diagnostic","TANGENCY_SV_POWER",4000,4000,"absolute","K1",0.25,1.5,"depth6_reference","depth8_refined","ED1_003_TANGENCY_SV_POWER_n4000_depth6_reference","ED1_004_TANGENCY_SV_POWER_n4000_depth8_refined","binary","grid_only_reversal_certified",254,254,254,254,0,0,0,0,0,0,,,,,,,,,,,
"enclosure_depth_v001","depth8_refined_minus_depth6_reference","maximum continuum-enclosure depth 8 minus 6, with guard depth fixed at 6 and with identical samples, multipliers, B=999, bootstrap grid 0.005, enclosure grid 0.0025, node ceiling 57601, and every remaining inferential setting","ED1_TANGENCY_SV_POWER_n8000","diagnostic","TANGENCY_SV_POWER",8000,8000,"absolute","K1",0.25,1.5,"depth6_reference","depth8_refined","ED1_005_TANGENCY_SV_POWER_n8000_depth6_reference","ED1_006_TANGENCY_SV_POWER_n8000_depth8_refined","binary","grid_only_reversal_certified",254,254,254,254,0,0,0,0,0,0,,,,,,,,,,,
"enclosure_depth_v001","depth8_refined_minus_depth6_reference","maximum continuum-enclosure depth 8 minus 6, with guard depth fixed at 6 and with identical samples, multipliers, B=999, bootstrap grid 0.005, enclosure grid 0.0025, node ceiling 57601, and every remaining inferential setting","ED1_TANGENCY_SV_POWER_n2000","diagnostic","TANGENCY_SV_POWER",2000,2000,"absolute","K1",0.25,1.5,"depth6_reference","depth8_refined","ED1_001_TANGENCY_SV_POWER_n2000_depth6_reference","ED1_002_TANGENCY_SV_POWER_n2000_depth8_refined","binary","guard_failed",254,254,254,254,254,0,0,0,0,0,0,0,0.0148985304313125,0,0,0,0,0,0,0,0
"enclosure_depth_v001","depth8_refined_minus_depth6_reference","maximum continuum-enclosure depth 8 minus 6, with guard depth fixed at 6 and with identical samples, multipliers, B=999, bootstrap grid 0.005, enclosure grid 0.0025, node ceiling 57601, and every remaining inferential setting","ED1_TANGENCY_SV_POWER_n4000","diagnostic","TANGENCY_SV_POWER",4000,4000,"absolute","K1",0.25,1.5,"depth6_reference","depth8_refined","ED1_003_TANGENCY_SV_POWER_n4000_depth6_reference","ED1_004_TANGENCY_SV_POWER_n4000_depth8_refined","binary","guard_failed",254,254,254,254,254,0,0,0,0,0,0,0,0.0148985304313125,0,0,0,0,0,0,0,0
"enclosure_depth_v001","depth8_refined_minus_depth6_reference","maximum continuum-enclosure depth 8 minus 6, with guard depth fixed at 6 and with identical samples, multipliers, B=999, bootstrap grid 0.005, enclosure grid 0.0025, node ceiling 57601, and every remaining inferential setting","ED1_TANGENCY_SV_POWER_n8000","diagnostic","TANGENCY_SV_POWER",8000,8000,"absolute","K1",0.25,1.5,"depth6_reference","depth8_refined","ED1_005_TANGENCY_SV_POWER_n8000_depth6_reference","ED1_006_TANGENCY_SV_POWER_n8000_depth8_refined","binary","guard_failed",254,254,254,254,254,0,0,0,0,0,0,0,0.0148985304313125,0,0,0,0,0,0,0,0
"enclosure_depth_v001","depth8_refined_minus_depth6_reference","maximum continuum-enclosure depth 8 minus 6, with guard depth fixed at 6 and with identical samples, multipliers, B=999, bootstrap grid 0.005, enclosure grid 0.0025, node ceiling 57601, and every remaining inferential setting","ED1_TANGENCY_SV_POWER_n2000","diagnostic","TANGENCY_SV_POWER",2000,2000,"absolute","K1",0.25,1.5,"depth6_reference","depth8_refined","ED1_001_TANGENCY_SV_POWER_n2000_depth6_reference","ED1_002_TANGENCY_SV_POWER_n2000_depth8_refined","binary","joint_any_primary_false_report",254,254,254,254,254,10,10,0,0,0,0,0,0.0148985304313125,0.0393700787401575,0.0393700787401575,0,0,0,0,0,0
"enclosure_depth_v001","depth8_refined_minus_depth6_reference","maximum continuum-enclosure depth 8 minus 6, with guard depth fixed at 6 and with identical samples, multipliers, B=999, bootstrap grid 0.005, enclosure grid 0.0025, node ceiling 57601, and every remaining inferential setting","ED1_TANGENCY_SV_POWER_n4000","diagnostic","TANGENCY_SV_POWER",4000,4000,"absolute","K1",0.25,1.5,"depth6_reference","depth8_refined","ED1_003_TANGENCY_SV_POWER_n4000_depth6_reference","ED1_004_TANGENCY_SV_POWER_n4000_depth8_refined","binary","joint_any_primary_false_report",254,254,254,254,254,6,6,0,0,0,0,0,0.0148985304313125,0.0236220472440945,0.0236220472440945,0,0,0,0,0,0
"enclosure_depth_v001","depth8_refined_minus_depth6_reference","maximum continuum-enclosure depth 8 minus 6, with guard depth fixed at 6 and with identical samples, multipliers, B=999, bootstrap grid 0.005, enclosure grid 0.0025, node ceiling 57601, and every remaining inferential setting","ED1_TANGENCY_SV_POWER_n8000","diagnostic","TANGENCY_SV_POWER",8000,8000,"absolute","K1",0.25,1.5,"depth6_reference","depth8_refined","ED1_005_TANGENCY_SV_POWER_n8000_depth6_reference","ED1_006_TANGENCY_SV_POWER_n8000_depth8_refined","binary","joint_any_primary_false_report",254,254,254,254,254,10,10,0,0,0,0,0,0.0148985304313125,0.0393700787401575,0.0393700787401575,0,0,0,0,0,0
"enclosure_depth_v001","depth8_refined_minus_depth6_reference","maximum continuum-enclosure depth 8 minus 6, with guard depth fixed at 6 and with identical samples, multipliers, B=999, bootstrap grid 0.005, enclosure grid 0.0025, node ceiling 57601, and every remaining inferential setting","ED1_TANGENCY_SV_POWER_n2000","diagnostic","TANGENCY_SV_POWER",2000,2000,"absolute","K1",0.25,1.5,"depth6_reference","depth8_refined","ED1_001_TANGENCY_SV_POWER_n2000_depth6_reference","ED1_002_TANGENCY_SV_POWER_n2000_depth8_refined","binary","joint_band_covers_truth_on_audit_grid",254,254,254,254,254,241,241,0,0,0,0,0,0.0148985304313125,0.948818897637795,0.948818897637795,0,0,0,0,0,0
"enclosure_depth_v001","depth8_refined_minus_depth6_reference","maximum continuum-enclosure depth 8 minus 6, with guard depth fixed at 6 and with identical samples, multipliers, B=999, bootstrap grid 0.005, enclosure grid 0.0025, node ceiling 57601, and every remaining inferential setting","ED1_TANGENCY_SV_POWER_n4000","diagnostic","TANGENCY_SV_POWER",4000,4000,"absolute","K1",0.25,1.5,"depth6_reference","depth8_refined","ED1_003_TANGENCY_SV_POWER_n4000_depth6_reference","ED1_004_TANGENCY_SV_POWER_n4000_depth8_refined","binary","joint_band_covers_truth_on_audit_grid",254,254,254,254,254,243,243,0,0,0,0,0,0.0148985304313125,0.956692913385827,0.956692913385827,0,0,0,0,0,0
"enclosure_depth_v001","depth8_refined_minus_depth6_reference","maximum continuum-enclosure depth 8 minus 6, with guard depth fixed at 6 and with identical samples, multipliers, B=999, bootstrap grid 0.005, enclosure grid 0.0025, node ceiling 57601, and every remaining inferential setting","ED1_TANGENCY_SV_POWER_n8000","diagnostic","TANGENCY_SV_POWER",8000,8000,"absolute","K1",0.25,1.5,"depth6_reference","depth8_refined","ED1_005_TANGENCY_SV_POWER_n8000_depth6_reference","ED1_006_TANGENCY_SV_POWER_n8000_depth8_refined","binary","joint_band_covers_truth_on_audit_grid",254,254,254,254,254,241,241,0,0,0,0,0,0.0148985304313125,0.948818897637795,0.948818897637795,0,0,0,0,0,0
"enclosure_depth_v001","depth8_refined_minus_depth6_reference","maximum continuum-enclosure depth 8 minus 6, with guard depth fixed at 6 and with identical samples, multipliers, B=999, bootstrap grid 0.005, enclosure grid 0.0025, node ceiling 57601, and every remaining inferential setting","ED1_TANGENCY_SV_POWER_n2000","diagnostic","TANGENCY_SV_POWER",2000,2000,"absolute","K1",0.25,1.5,"depth6_reference","depth8_refined","ED1_001_TANGENCY_SV_POWER_n2000_depth6_reference","ED1_002_TANGENCY_SV_POWER_n2000_depth8_refined","binary","joint_band_covers_truth_on_grid",254,254,254,254,254,241,241,0,0,0,0,0,0.0148985304313125,0.948818897637795,0.948818897637795,0,0,0,0,0,0
"enclosure_depth_v001","depth8_refined_minus_depth6_reference","maximum continuum-enclosure depth 8 minus 6, with guard depth fixed at 6 and with identical samples, multipliers, B=999, bootstrap grid 0.005, enclosure grid 0.0025, node ceiling 57601, and every remaining inferential setting","ED1_TANGENCY_SV_POWER_n4000","diagnostic","TANGENCY_SV_POWER",4000,4000,"absolute","K1",0.25,1.5,"depth6_reference","depth8_refined","ED1_003_TANGENCY_SV_POWER_n4000_depth6_reference","ED1_004_TANGENCY_SV_POWER_n4000_depth8_refined","binary","joint_band_covers_truth_on_grid",254,254,254,254,254,243,243,0,0,0,0,0,0.0148985304313125,0.956692913385827,0.956692913385827,0,0,0,0,0,0
"enclosure_depth_v001","depth8_refined_minus_depth6_reference","maximum continuum-enclosure depth 8 minus 6, with guard depth fixed at 6 and with identical samples, multipliers, B=999, bootstrap grid 0.005, enclosure grid 0.0025, node ceiling 57601, and every remaining inferential setting","ED1_TANGENCY_SV_POWER_n8000","diagnostic","TANGENCY_SV_POWER",8000,8000,"absolute","K1",0.25,1.5,"depth6_reference","depth8_refined","ED1_005_TANGENCY_SV_POWER_n8000_depth6_reference","ED1_006_TANGENCY_SV_POWER_n8000_depth8_refined","binary","joint_band_covers_truth_on_grid",254,254,254,254,254,241,241,0,0,0,0,0,0.0148985304313125,0.948818897637795,0.948818897637795,0,0,0,0,0,0
"enclosure_depth_v001","depth8_refined_minus_depth6_reference","maximum continuum-enclosure depth 8 minus 6, with guard depth fixed at 6 and with identical samples, multipliers, B=999, bootstrap grid 0.005, enclosure grid 0.0025, node ceiling 57601, and every remaining inferential setting","ED1_TANGENCY_SV_POWER_n2000","diagnostic","TANGENCY_SV_POWER",2000,2000,"absolute","K1",0.25,1.5,"depth6_reference","depth8_refined","ED1_001_TANGENCY_SV_POWER_n2000_depth6_reference","ED1_002_TANGENCY_SV_POWER_n2000_depth8_refined","binary","joint_continuum_band_covers_truth",254,254,254,254,254,240,240,0,0,0,0,0,0.0148985304313125,0.94488188976378,0.94488188976378,0,0,0,0,0,0
"enclosure_depth_v001","depth8_refined_minus_depth6_reference","maximum continuum-enclosure depth 8 minus 6, with guard depth fixed at 6 and with identical samples, multipliers, B=999, bootstrap grid 0.005, enclosure grid 0.0025, node ceiling 57601, and every remaining inferential setting","ED1_TANGENCY_SV_POWER_n4000","diagnostic","TANGENCY_SV_POWER",4000,4000,"absolute","K1",0.25,1.5,"depth6_reference","depth8_refined","ED1_003_TANGENCY_SV_POWER_n4000_depth6_reference","ED1_004_TANGENCY_SV_POWER_n4000_depth8_refined","binary","joint_continuum_band_covers_truth",254,254,254,254,254,243,243,0,0,0,0,0,0.0148985304313125,0.956692913385827,0.956692913385827,0,0,0,0,0,0
"enclosure_depth_v001","depth8_refined_minus_depth6_reference","maximum continuum-enclosure depth 8 minus 6, with guard depth fixed at 6 and with identical samples, multipliers, B=999, bootstrap grid 0.005, enclosure grid 0.0025, node ceiling 57601, and every remaining inferential setting","ED1_TANGENCY_SV_POWER_n8000","diagnostic","TANGENCY_SV_POWER",8000,8000,"absolute","K1",0.25,1.5,"depth6_reference","depth8_refined","ED1_005_TANGENCY_SV_POWER_n8000_depth6_reference","ED1_006_TANGENCY_SV_POWER_n8000_depth8_refined","binary","joint_continuum_band_covers_truth",254,254,254,254,254,240,240,0,0,0,0,0,0.0148985304313125,0.94488188976378,0.94488188976378,0,0,0,0,0,0
"enclosure_depth_v001","depth8_refined_minus_depth6_reference","maximum continuum-enclosure depth 8 minus 6, with guard depth fixed at 6 and with identical samples, multipliers, B=999, bootstrap grid 0.005, enclosure grid 0.0025, node ceiling 57601, and every remaining inferential setting","ED1_TANGENCY_SV_POWER_n2000","diagnostic","TANGENCY_SV_POWER",2000,2000,"absolute","K1",0.25,1.5,"depth6_reference","depth8_refined","ED1_001_TANGENCY_SV_POWER_n2000_depth6_reference","ED1_002_TANGENCY_SV_POWER_n2000_depth8_refined","binary","joint_derivative_assisted_false_exact_root_report",254,254,254,254,0,0,0,0,0,0,,,,,,,,,,,
"enclosure_depth_v001","depth8_refined_minus_depth6_reference","maximum continuum-enclosure depth 8 minus 6, with guard depth fixed at 6 and with identical samples, multipliers, B=999, bootstrap grid 0.005, enclosure grid 0.0025, node ceiling 57601, and every remaining inferential setting","ED1_TANGENCY_SV_POWER_n4000","diagnostic","TANGENCY_SV_POWER",4000,4000,"absolute","K1",0.25,1.5,"depth6_reference","depth8_refined","ED1_003_TANGENCY_SV_POWER_n4000_depth6_reference","ED1_004_TANGENCY_SV_POWER_n4000_depth8_refined","binary","joint_derivative_assisted_false_exact_root_report",254,254,254,254,0,0,0,0,0,0,,,,,,,,,,,
"enclosure_depth_v001","depth8_refined_minus_depth6_reference","maximum continuum-enclosure depth 8 minus 6, with guard depth fixed at 6 and with identical samples, multipliers, B=999, bootstrap grid 0.005, enclosure grid 0.0025, node ceiling 57601, and every remaining inferential setting","ED1_TANGENCY_SV_POWER_n8000","diagnostic","TANGENCY_SV_POWER",8000,8000,"absolute","K1",0.25,1.5,"depth6_reference","depth8_refined","ED1_005_TANGENCY_SV_POWER_n8000_depth6_reference","ED1_006_TANGENCY_SV_POWER_n8000_depth8_refined","binary","joint_derivative_assisted_false_exact_root_report",254,254,254,254,0,0,0,0,0,0,,,,,,,,,,,
"enclosure_depth_v001","depth8_refined_minus_depth6_reference","maximum continuum-enclosure depth 8 minus 6, with guard depth fixed at 6 and with identical samples, multipliers, B=999, bootstrap grid 0.005, enclosure grid 0.0025, node ceiling 57601, and every remaining inferential setting","ED1_TANGENCY_SV_POWER_n2000","diagnostic","TANGENCY_SV_POWER",2000,2000,"absolute","K1",0.25,1.5,"depth6_reference","depth8_refined","ED1_001_TANGENCY_SV_POWER_n2000_depth6_reference","ED1_002_TANGENCY_SV_POWER_n2000_depth8_refined","binary","joint_derivative_assisted_grid_coverage",254,254,254,254,0,0,0,0,0,0,,,,,,,,,,,
"enclosure_depth_v001","depth8_refined_minus_depth6_reference","maximum continuum-enclosure depth 8 minus 6, with guard depth fixed at 6 and with identical samples, multipliers, B=999, bootstrap grid 0.005, enclosure grid 0.0025, node ceiling 57601, and every remaining inferential setting","ED1_TANGENCY_SV_POWER_n4000","diagnostic","TANGENCY_SV_POWER",4000,4000,"absolute","K1",0.25,1.5,"depth6_reference","depth8_refined","ED1_003_TANGENCY_SV_POWER_n4000_depth6_reference","ED1_004_TANGENCY_SV_POWER_n4000_depth8_refined","binary","joint_derivative_assisted_grid_coverage",254,254,254,254,0,0,0,0,0,0,,,,,,,,,,,
"enclosure_depth_v001","depth8_refined_minus_depth6_reference","maximum continuum-enclosure depth 8 minus 6, with guard depth fixed at 6 and with identical samples, multipliers, B=999, bootstrap grid 0.005, enclosure grid 0.0025, node ceiling 57601, and every remaining inferential setting","ED1_TANGENCY_SV_POWER_n8000","diagnostic","TANGENCY_SV_POWER",8000,8000,"absolute","K1",0.25,1.5,"depth6_reference","depth8_refined","ED1_005_TANGENCY_SV_POWER_n8000_depth6_reference","ED1_006_TANGENCY_SV_POWER_n8000_depth8_refined","binary","joint_derivative_assisted_grid_coverage",254,254,254,254,0,0,0,0,0,0,,,,,,,,,,,
"enclosure_depth_v001","depth8_refined_minus_depth6_reference","maximum continuum-enclosure depth 8 minus 6, with guard depth fixed at 6 and with identical samples, multipliers, B=999, bootstrap grid 0.005, enclosure grid 0.0025, node ceiling 57601, and every remaining inferential setting","ED1_TANGENCY_SV_POWER_n2000","diagnostic","TANGENCY_SV_POWER",2000,2000,"absolute","K1",0.25,1.5,"depth6_reference","depth8_refined","ED1_001_TANGENCY_SV_POWER_n2000_depth6_reference","ED1_002_TANGENCY_SV_POWER_n2000_depth8_refined","binary","joint_pointwise_grid_curve_coverage",254,254,254,254,0,0,0,0,0,0,,,,,,,,,,,
"enclosure_depth_v001","depth8_refined_minus_depth6_reference","maximum continuum-enclosure depth 8 minus 6, with guard depth fixed at 6 and with identical samples, multipliers, B=999, bootstrap grid 0.005, enclosure grid 0.0025, node ceiling 57601, and every remaining inferential setting","ED1_TANGENCY_SV_POWER_n4000","diagnostic","TANGENCY_SV_POWER",4000,4000,"absolute","K1",0.25,1.5,"depth6_reference","depth8_refined","ED1_003_TANGENCY_SV_POWER_n4000_depth6_reference","ED1_004_TANGENCY_SV_POWER_n4000_depth8_refined","binary","joint_pointwise_grid_curve_coverage",254,254,254,254,0,0,0,0,0,0,,,,,,,,,,,
"enclosure_depth_v001","depth8_refined_minus_depth6_reference","maximum continuum-enclosure depth 8 minus 6, with guard depth fixed at 6 and with identical samples, multipliers, B=999, bootstrap grid 0.005, enclosure grid 0.0025, node ceiling 57601, and every remaining inferential setting","ED1_TANGENCY_SV_POWER_n8000","diagnostic","TANGENCY_SV_POWER",8000,8000,"absolute","K1",0.25,1.5,"depth6_reference","depth8_refined","ED1_005_TANGENCY_SV_POWER_n8000_depth6_reference","ED1_006_TANGENCY_SV_POWER_n8000_depth8_refined","binary","joint_pointwise_grid_curve_coverage",254,254,254,254,0,0,0,0,0,0,,,,,,,,,,,
"enclosure_depth_v001","depth8_refined_minus_depth6_reference","maximum continuum-enclosure depth 8 minus 6, with guard depth fixed at 6 and with identical samples, multipliers, B=999, bootstrap grid 0.005, enclosure grid 0.0025, node ceiling 57601, and every remaining inferential setting","ED1_TANGENCY_SV_POWER_n2000","diagnostic","TANGENCY_SV_POWER",2000,2000,"absolute","K1",0.25,1.5,"depth6_reference","depth8_refined","ED1_001_TANGENCY_SV_POWER_n2000_depth6_reference","ED1_002_TANGENCY_SV_POWER_n2000_depth8_refined","binary","numerical_outer_contains_all_roots",254,254,254,254,254,244,244,0,0,0,0,0,0.0148985304313125,0.960629921259842,0.960629921259842,0,0,0,0,0,0
"enclosure_depth_v001","depth8_refined_minus_depth6_reference","maximum continuum-enclosure depth 8 minus 6, with guard depth fixed at 6 and with identical samples, multipliers, B=999, bootstrap grid 0.005, enclosure grid 0.0025, node ceiling 57601, and every remaining inferential setting","ED1_TANGENCY_SV_POWER_n4000","diagnostic","TANGENCY_SV_POWER",4000,4000,"absolute","K1",0.25,1.5,"depth6_reference","depth8_refined","ED1_003_TANGENCY_SV_POWER_n4000_depth6_reference","ED1_004_TANGENCY_SV_POWER_n4000_depth8_refined","binary","numerical_outer_contains_all_roots",254,254,254,254,254,248,248,0,0,0,0,0,0.0148985304313125,0.976377952755906,0.976377952755906,0,0,0,0,0,0
"enclosure_depth_v001","depth8_refined_minus_depth6_reference","maximum continuum-enclosure depth 8 minus 6, with guard depth fixed at 6 and with identical samples, multipliers, B=999, bootstrap grid 0.005, enclosure grid 0.0025, node ceiling 57601, and every remaining inferential setting","ED1_TANGENCY_SV_POWER_n8000","diagnostic","TANGENCY_SV_POWER",8000,8000,"absolute","K1",0.25,1.5,"depth6_reference","depth8_refined","ED1_005_TANGENCY_SV_POWER_n8000_depth6_reference","ED1_006_TANGENCY_SV_POWER_n8000_depth8_refined","binary","numerical_outer_contains_all_roots",254,254,254,254,254,244,244,0,0,0,0,0,0.0148985304313125,0.960629921259842,0.960629921259842,0,0,0,0,0,0
"enclosure_depth_v001","depth8_refined_minus_depth6_reference","maximum continuum-enclosure depth 8 minus 6, with guard depth fixed at 6 and with identical samples, multipliers, B=999, bootstrap grid 0.005, enclosure grid 0.0025, node ceiling 57601, and every remaining inferential setting","ED1_TANGENCY_SV_POWER_n2000","diagnostic","TANGENCY_SV_POWER",2000,2000,"absolute","K1",0.25,1.5,"depth6_reference","depth8_refined","ED1_001_TANGENCY_SV_POWER_n2000_depth6_reference","ED1_002_TANGENCY_SV_POWER_n2000_depth8_refined","binary","numerical_outer_contains_root",254,254,254,254,254,244,244,0,0,0,0,0,0.0148985304313125,0.960629921259842,0.960629921259842,0,0,0,0,0,0
"enclosure_depth_v001","depth8_refined_minus_depth6_reference","maximum continuum-enclosure depth 8 minus 6, with guard depth fixed at 6 and with identical samples, multipliers, B=999, bootstrap grid 0.005, enclosure grid 0.0025, node ceiling 57601, and every remaining inferential setting","ED1_TANGENCY_SV_POWER_n4000","diagnostic","TANGENCY_SV_POWER",4000,4000,"absolute","K1",0.25,1.5,"depth6_reference","depth8_refined","ED1_003_TANGENCY_SV_POWER_n4000_depth6_reference","ED1_004_TANGENCY_SV_POWER_n4000_depth8_refined","binary","numerical_outer_contains_root",254,254,254,254,254,248,248,0,0,0,0,0,0.0148985304313125,0.976377952755906,0.976377952755906,0,0,0,0,0,0
"enclosure_depth_v001","depth8_refined_minus_depth6_reference","maximum continuum-enclosure depth 8 minus 6, with guard depth fixed at 6 and with identical samples, multipliers, B=999, bootstrap grid 0.005, enclosure grid 0.0025, node ceiling 57601, and every remaining inferential setting","ED1_TANGENCY_SV_POWER_n8000","diagnostic","TANGENCY_SV_POWER",8000,8000,"absolute","K1",0.25,1.5,"depth6_reference","depth8_refined","ED1_005_TANGENCY_SV_POWER_n8000_depth6_reference","ED1_006_TANGENCY_SV_POWER_n8000_depth8_refined","binary","numerical_outer_contains_root",254,254,254,254,254,244,244,0,0,0,0,0,0.0148985304313125,0.960629921259842,0.960629921259842,0,0,0,0,0,0
"enclosure_depth_v001","depth8_refined_minus_depth6_reference","maximum continuum-enclosure depth 8 minus 6, with guard depth fixed at 6 and with identical samples, multipliers, B=999, bootstrap grid 0.005, enclosure grid 0.0025, node ceiling 57601, and every remaining inferential setting","ED1_TANGENCY_SV_POWER_n2000","diagnostic","TANGENCY_SV_POWER",2000,2000,"absolute","K1",0.25,1.5,"depth6_reference","depth8_refined","ED1_001_TANGENCY_SV_POWER_n2000_depth6_reference","ED1_002_TANGENCY_SV_POWER_n2000_depth8_refined","binary","outer_band_contains_root",254,254,254,254,254,244,244,0,0,0,0,0,0.0148985304313125,0.960629921259842,0.960629921259842,0,0,0,0,0,0
"enclosure_depth_v001","depth8_refined_minus_depth6_reference","maximum continuum-enclosure depth 8 minus 6, with guard depth fixed at 6 and with identical samples, multipliers, B=999, bootstrap grid 0.005, enclosure grid 0.0025, node ceiling 57601, and every remaining inferential setting","ED1_TANGENCY_SV_POWER_n4000","diagnostic","TANGENCY_SV_POWER",4000,4000,"absolute","K1",0.25,1.5,"depth6_reference","depth8_refined","ED1_003_TANGENCY_SV_POWER_n4000_depth6_reference","ED1_004_TANGENCY_SV_POWER_n4000_depth8_refined","binary","outer_band_contains_root",254,254,254,254,254,248,248,0,0,0,0,0,0.0148985304313125,0.976377952755906,0.976377952755906,0,0,0,0,0,0
"enclosure_depth_v001","depth8_refined_minus_depth6_reference","maximum continuum-enclosure depth 8 minus 6, with guard depth fixed at 6 and with identical samples, multipliers, B=999, bootstrap grid 0.005, enclosure grid 0.0025, node ceiling 57601, and every remaining inferential setting","ED1_TANGENCY_SV_POWER_n8000","diagnostic","TANGENCY_SV_POWER",8000,8000,"absolute","K1",0.25,1.5,"depth6_reference","depth8_refined","ED1_005_TANGENCY_SV_POWER_n8000_depth6_reference","ED1_006_TANGENCY_SV_POWER_n8000_depth8_refined","binary","outer_band_contains_root",254,254,254,254,254,244,244,0,0,0,0,0,0.0148985304313125,0.960629921259842,0.960629921259842,0,0,0,0,0,0
"enclosure_depth_v001","depth8_refined_minus_depth6_reference","maximum continuum-enclosure depth 8 minus 6, with guard depth fixed at 6 and with identical samples, multipliers, B=999, bootstrap grid 0.005, enclosure grid 0.0025, node ceiling 57601, and every remaining inferential setting","ED1_TANGENCY_SV_POWER_n2000","diagnostic","TANGENCY_SV_POWER",2000,2000,"absolute","K1",0.25,1.5,"depth6_reference","depth8_refined","ED1_001_TANGENCY_SV_POWER_n2000_depth6_reference","ED1_002_TANGENCY_SV_POWER_n2000_depth8_refined","binary","outer_set_covers_truth",254,254,254,254,254,244,244,0,0,0,0,0,0.0148985304313125,0.960629921259842,0.960629921259842,0,0,0,0,0,0
"enclosure_depth_v001","depth8_refined_minus_depth6_reference","maximum continuum-enclosure depth 8 minus 6, with guard depth fixed at 6 and with identical samples, multipliers, B=999, bootstrap grid 0.005, enclosure grid 0.0025, node ceiling 57601, and every remaining inferential setting","ED1_TANGENCY_SV_POWER_n4000","diagnostic","TANGENCY_SV_POWER",4000,4000,"absolute","K1",0.25,1.5,"depth6_reference","depth8_refined","ED1_003_TANGENCY_SV_POWER_n4000_depth6_reference","ED1_004_TANGENCY_SV_POWER_n4000_depth8_refined","binary","outer_set_covers_truth",254,254,254,254,254,248,248,0,0,0,0,0,0.0148985304313125,0.976377952755906,0.976377952755906,0,0,0,0,0,0
"enclosure_depth_v001","depth8_refined_minus_depth6_reference","maximum continuum-enclosure depth 8 minus 6, with guard depth fixed at 6 and with identical samples, multipliers, B=999, bootstrap grid 0.005, enclosure grid 0.0025, node ceiling 57601, and every remaining inferential setting","ED1_TANGENCY_SV_POWER_n8000","diagnostic","TANGENCY_SV_POWER",8000,8000,"absolute","K1",0.25,1.5,"depth6_reference","depth8_refined","ED1_005_TANGENCY_SV_POWER_n8000_depth6_reference","ED1_006_TANGENCY_SV_POWER_n8000_depth8_refined","binary","outer_set_covers_truth",254,254,254,254,254,244,244,0,0,0,0,0,0.0148985304313125,0.960629921259842,0.960629921259842,0,0,0,0,0,0
"enclosure_depth_v001","depth8_refined_minus_depth6_reference","maximum continuum-enclosure depth 8 minus 6, with guard depth fixed at 6 and with identical samples, multipliers, B=999, bootstrap grid 0.005, enclosure grid 0.0025, node ceiling 57601, and every remaining inferential setting","ED1_TANGENCY_SV_POWER_n2000","diagnostic","TANGENCY_SV_POWER",2000,2000,"absolute","K1",0.25,1.5,"depth6_reference","depth8_refined","ED1_001_TANGENCY_SV_POWER_n2000_depth6_reference","ED1_002_TANGENCY_SV_POWER_n2000_depth8_refined","binary","pointwise_false_sign_report",254,254,254,254,0,0,0,0,0,0,,,,,,,,,,,
"enclosure_depth_v001","depth8_refined_minus_depth6_reference","maximum continuum-enclosure depth 8 minus 6, with guard depth fixed at 6 and with identical samples, multipliers, B=999, bootstrap grid 0.005, enclosure grid 0.0025, node ceiling 57601, and every remaining inferential setting","ED1_TANGENCY_SV_POWER_n4000","diagnostic","TANGENCY_SV_POWER",4000,4000,"absolute","K1",0.25,1.5,"depth6_reference","depth8_refined","ED1_003_TANGENCY_SV_POWER_n4000_depth6_reference","ED1_004_TANGENCY_SV_POWER_n4000_depth8_refined","binary","pointwise_false_sign_report",254,254,254,254,0,0,0,0,0,0,,,,,,,,,,,
"enclosure_depth_v001","depth8_refined_minus_depth6_reference","maximum continuum-enclosure depth 8 minus 6, with guard depth fixed at 6 and with identical samples, multipliers, B=999, bootstrap grid 0.005, enclosure grid 0.0025, node ceiling 57601, and every remaining inferential setting","ED1_TANGENCY_SV_POWER_n8000","diagnostic","TANGENCY_SV_POWER",8000,8000,"absolute","K1",0.25,1.5,"depth6_reference","depth8_refined","ED1_005_TANGENCY_SV_POWER_n8000_depth6_reference","ED1_006_TANGENCY_SV_POWER_n8000_depth8_refined","binary","pointwise_false_sign_report",254,254,254,254,0,0,0,0,0,0,,,,,,,,,,,
"enclosure_depth_v001","depth8_refined_minus_depth6_reference","maximum continuum-enclosure depth 8 minus 6, with guard depth fixed at 6 and with identical samples, multipliers, B=999, bootstrap grid 0.005, enclosure grid 0.0025, node ceiling 57601, and every remaining inferential setting","ED1_TANGENCY_SV_POWER_n2000","diagnostic","TANGENCY_SV_POWER",2000,2000,"absolute","K1",0.25,1.5,"depth6_reference","depth8_refined","ED1_001_TANGENCY_SV_POWER_n2000_depth6_reference","ED1_002_TANGENCY_SV_POWER_n2000_depth8_refined","binary","pointwise_grid_curve_coverage",254,254,254,254,0,0,0,0,0,0,,,,,,,,,,,
"enclosure_depth_v001","depth8_refined_minus_depth6_reference","maximum continuum-enclosure depth 8 minus 6, with guard depth fixed at 6 and with identical samples, multipliers, B=999, bootstrap grid 0.005, enclosure grid 0.0025, node ceiling 57601, and every remaining inferential setting","ED1_TANGENCY_SV_POWER_n4000","diagnostic","TANGENCY_SV_POWER",4000,4000,"absolute","K1",0.25,1.5,"depth6_reference","depth8_refined","ED1_003_TANGENCY_SV_POWER_n4000_depth6_reference","ED1_004_TANGENCY_SV_POWER_n4000_depth8_refined","binary","pointwise_grid_curve_coverage",254,254,254,254,0,0,0,0,0,0,,,,,,,,,,,
"enclosure_depth_v001","depth8_refined_minus_depth6_reference","maximum continuum-enclosure depth 8 minus 6, with guard depth fixed at 6 and with identical samples, multipliers, B=999, bootstrap grid 0.005, enclosure grid 0.0025, node ceiling 57601, and every remaining inferential setting","ED1_TANGENCY_SV_POWER_n8000","diagnostic","TANGENCY_SV_POWER",8000,8000,"absolute","K1",0.25,1.5,"depth6_reference","depth8_refined","ED1_005_TANGENCY_SV_POWER_n8000_depth6_reference","ED1_006_TANGENCY_SV_POWER_n8000_depth8_refined","binary","pointwise_grid_curve_coverage",254,254,254,254,0,0,0,0,0,0,,,,,,,,,,,
"enclosure_depth_v001","depth8_refined_minus_depth6_reference","maximum continuum-enclosure depth 8 minus 6, with guard depth fixed at 6 and with identical samples, multipliers, B=999, bootstrap grid 0.005, enclosure grid 0.0025, node ceiling 57601, and every remaining inferential setting","ED1_TANGENCY_SV_POWER_n2000","diagnostic","TANGENCY_SV_POWER",2000,2000,"absolute","K1",0.25,1.5,"depth6_reference","depth8_refined","ED1_001_TANGENCY_SV_POWER_n2000_depth6_reference","ED1_002_TANGENCY_SV_POWER_n2000_depth8_refined","binary","pointwise_no_root_report",254,254,254,254,0,0,0,0,0,0,,,,,,,,,,,
"enclosure_depth_v001","depth8_refined_minus_depth6_reference","maximum continuum-enclosure depth 8 minus 6, with guard depth fixed at 6 and with identical samples, multipliers, B=999, bootstrap grid 0.005, enclosure grid 0.0025, node ceiling 57601, and every remaining inferential setting","ED1_TANGENCY_SV_POWER_n4000","diagnostic","TANGENCY_SV_POWER",4000,4000,"absolute","K1",0.25,1.5,"depth6_reference","depth8_refined","ED1_003_TANGENCY_SV_POWER_n4000_depth6_reference","ED1_004_TANGENCY_SV_POWER_n4000_depth8_refined","binary","pointwise_no_root_report",254,254,254,254,0,0,0,0,0,0,,,,,,,,,,,
"enclosure_depth_v001","depth8_refined_minus_depth6_reference","maximum continuum-enclosure depth 8 minus 6, with guard depth fixed at 6 and with identical samples, multipliers, B=999, bootstrap grid 0.005, enclosure grid 0.0025, node ceiling 57601, and every remaining inferential setting","ED1_TANGENCY_SV_POWER_n8000","diagnostic","TANGENCY_SV_POWER",8000,8000,"absolute","K1",0.25,1.5,"depth6_reference","depth8_refined","ED1_005_TANGENCY_SV_POWER_n8000_depth6_reference","ED1_006_TANGENCY_SV_POWER_n8000_depth8_refined","binary","pointwise_no_root_report",254,254,254,254,0,0,0,0,0,0,,,,,,,,,,,
"enclosure_depth_v001","depth8_refined_minus_depth6_reference","maximum continuum-enclosure depth 8 minus 6, with guard depth fixed at 6 and with identical samples, multipliers, B=999, bootstrap grid 0.005, enclosure grid 0.0025, node ceiling 57601, and every remaining inferential setting","ED1_TANGENCY_SV_POWER_n2000","diagnostic","TANGENCY_SV_POWER",2000,2000,"absolute","K1",0.25,1.5,"depth6_reference","depth8_refined","ED1_001_TANGENCY_SV_POWER_n2000_depth6_reference","ED1_002_TANGENCY_SV_POWER_n2000_depth8_refined","binary","pointwise_reversal_report",254,254,254,254,0,0,0,0,0,0,,,,,,,,,,,
"enclosure_depth_v001","depth8_refined_minus_depth6_reference","maximum continuum-enclosure depth 8 minus 6, with guard depth fixed at 6 and with identical samples, multipliers, B=999, bootstrap grid 0.005, enclosure grid 0.0025, node ceiling 57601, and every remaining inferential setting","ED1_TANGENCY_SV_POWER_n4000","diagnostic","TANGENCY_SV_POWER",4000,4000,"absolute","K1",0.25,1.5,"depth6_reference","depth8_refined","ED1_003_TANGENCY_SV_POWER_n4000_depth6_reference","ED1_004_TANGENCY_SV_POWER_n4000_depth8_refined","binary","pointwise_reversal_report",254,254,254,254,0,0,0,0,0,0,,,,,,,,,,,
"enclosure_depth_v001","depth8_refined_minus_depth6_reference","maximum continuum-enclosure depth 8 minus 6, with guard depth fixed at 6 and with identical samples, multipliers, B=999, bootstrap grid 0.005, enclosure grid 0.0025, node ceiling 57601, and every remaining inferential setting","ED1_TANGENCY_SV_POWER_n8000","diagnostic","TANGENCY_SV_POWER",8000,8000,"absolute","K1",0.25,1.5,"depth6_reference","depth8_refined","ED1_005_TANGENCY_SV_POWER_n8000_depth6_reference","ED1_006_TANGENCY_SV_POWER_n8000_depth8_refined","binary","pointwise_reversal_report",254,254,254,254,0,0,0,0,0,0,,,,,,,,,,,
"enclosure_depth_v001","depth8_refined_minus_depth6_reference","maximum continuum-enclosure depth 8 minus 6, with guard depth fixed at 6 and with identical samples, multipliers, B=999, bootstrap grid 0.005, enclosure grid 0.0025, node ceiling 57601, and every remaining inferential setting","ED1_TANGENCY_SV_POWER_n2000","diagnostic","TANGENCY_SV_POWER",2000,2000,"absolute","K1",0.25,1.5,"depth6_reference","depth8_refined","ED1_001_TANGENCY_SV_POWER_n2000_depth6_reference","ED1_002_TANGENCY_SV_POWER_n2000_depth8_refined","binary","pointwise_root_coverage",254,254,254,254,0,0,0,0,0,0,,,,,,,,,,,
"enclosure_depth_v001","depth8_refined_minus_depth6_reference","maximum continuum-enclosure depth 8 minus 6, with guard depth fixed at 6 and with identical samples, multipliers, B=999, bootstrap grid 0.005, enclosure grid 0.0025, node ceiling 57601, and every remaining inferential setting","ED1_TANGENCY_SV_POWER_n4000","diagnostic","TANGENCY_SV_POWER",4000,4000,"absolute","K1",0.25,1.5,"depth6_reference","depth8_refined","ED1_003_TANGENCY_SV_POWER_n4000_depth6_reference","ED1_004_TANGENCY_SV_POWER_n4000_depth8_refined","binary","pointwise_root_coverage",254,254,254,254,0,0,0,0,0,0,,,,,,,,,,,
"enclosure_depth_v001","depth8_refined_minus_depth6_reference","maximum continuum-enclosure depth 8 minus 6, with guard depth fixed at 6 and with identical samples, multipliers, B=999, bootstrap grid 0.005, enclosure grid 0.0025, node ceiling 57601, and every remaining inferential setting","ED1_TANGENCY_SV_POWER_n8000","diagnostic","TANGENCY_SV_POWER",8000,8000,"absolute","K1",0.25,1.5,"depth6_reference","depth8_refined","ED1_005_TANGENCY_SV_POWER_n8000_depth6_reference","ED1_006_TANGENCY_SV_POWER_n8000_depth8_refined","binary","pointwise_root_coverage",254,254,254,254,0,0,0,0,0,0,,,,,,,,,,,
"enclosure_depth_v001","depth8_refined_minus_depth6_reference","maximum continuum-enclosure depth 8 minus 6, with guard depth fixed at 6 and with identical samples, multipliers, B=999, bootstrap grid 0.005, enclosure grid 0.0025, node ceiling 57601, and every remaining inferential setting","ED1_TANGENCY_SV_POWER_n2000","diagnostic","TANGENCY_SV_POWER",2000,2000,"absolute","K1",0.25,1.5,"depth6_reference","depth8_refined","ED1_001_TANGENCY_SV_POWER_n2000_depth6_reference","ED1_002_TANGENCY_SV_POWER_n2000_depth8_refined","binary","reversal_certified",254,254,254,254,254,8,8,0,0,0,0,0,0.0148985304313125,0.031496062992126,0.031496062992126,0,0,0,0,0,0
"enclosure_depth_v001","depth8_refined_minus_depth6_reference","maximum continuum-enclosure depth 8 minus 6, with guard depth fixed at 6 and with identical samples, multipliers, B=999, bootstrap grid 0.005, enclosure grid 0.0025, node ceiling 57601, and every remaining inferential setting","ED1_TANGENCY_SV_POWER_n4000","diagnostic","TANGENCY_SV_POWER",4000,4000,"absolute","K1",0.25,1.5,"depth6_reference","depth8_refined","ED1_003_TANGENCY_SV_POWER_n4000_depth6_reference","ED1_004_TANGENCY_SV_POWER_n4000_depth8_refined","binary","reversal_certified",254,254,254,254,254,4,4,0,0,0,0,0,0.0148985304313125,0.015748031496063,0.015748031496063,0,0,0,0,0,0
"enclosure_depth_v001","depth8_refined_minus_depth6_reference","maximum continuum-enclosure depth 8 minus 6, with guard depth fixed at 6 and with identical samples, multipliers, B=999, bootstrap grid 0.005, enclosure grid 0.0025, node ceiling 57601, and every remaining inferential setting","ED1_TANGENCY_SV_POWER_n8000","diagnostic","TANGENCY_SV_POWER",8000,8000,"absolute","K1",0.25,1.5,"depth6_reference","depth8_refined","ED1_005_TANGENCY_SV_POWER_n8000_depth6_reference","ED1_006_TANGENCY_SV_POWER_n8000_depth8_refined","binary","reversal_certified",254,254,254,254,254,6,6,0,0,0,0,0,0.0148985304313125,0.0236220472440945,0.0236220472440945,0,0,0,0,0,0
"enclosure_depth_v001","depth8_refined_minus_depth6_reference","maximum continuum-enclosure depth 8 minus 6, with guard depth fixed at 6 and with identical samples, multipliers, B=999, bootstrap grid 0.005, enclosure grid 0.0025, node ceiling 57601, and every remaining inferential setting","ED1_TANGENCY_SV_POWER_n2000","diagnostic","TANGENCY_SV_POWER",2000,2000,"absolute","K1",0.25,1.5,"depth6_reference","depth8_refined","ED1_001_TANGENCY_SV_POWER_n2000_depth6_reference","ED1_002_TANGENCY_SV_POWER_n2000_depth8_refined","binary","root_isolation_all_tolerances_met",254,254,254,254,0,0,0,0,0,0,,,,,,,,,,,
"enclosure_depth_v001","depth8_refined_minus_depth6_reference","maximum continuum-enclosure depth 8 minus 6, with guard depth fixed at 6 and with identical samples, multipliers, B=999, bootstrap grid 0.005, enclosure grid 0.0025, node ceiling 57601, and every remaining inferential setting","ED1_TANGENCY_SV_POWER_n4000","diagnostic","TANGENCY_SV_POWER",4000,4000,"absolute","K1",0.25,1.5,"depth6_reference","depth8_refined","ED1_003_TANGENCY_SV_POWER_n4000_depth6_reference","ED1_004_TANGENCY_SV_POWER_n4000_depth8_refined","binary","root_isolation_all_tolerances_met",254,254,254,254,0,0,0,0,0,0,,,,,,,,,,,
"enclosure_depth_v001","depth8_refined_minus_depth6_reference","maximum continuum-enclosure depth 8 minus 6, with guard depth fixed at 6 and with identical samples, multipliers, B=999, bootstrap grid 0.005, enclosure grid 0.0025, node ceiling 57601, and every remaining inferential setting","ED1_TANGENCY_SV_POWER_n8000","diagnostic","TANGENCY_SV_POWER",8000,8000,"absolute","K1",0.25,1.5,"depth6_reference","depth8_refined","ED1_005_TANGENCY_SV_POWER_n8000_depth6_reference","ED1_006_TANGENCY_SV_POWER_n8000_depth8_refined","binary","root_isolation_all_tolerances_met",254,254,254,254,0,0,0,0,0,0,,,,,,,,,,,
"enclosure_depth_v001","depth8_refined_minus_depth6_reference","maximum continuum-enclosure depth 8 minus 6, with guard depth fixed at 6 and with identical samples, multipliers, B=999, bootstrap grid 0.005, enclosure grid 0.0025, node ceiling 57601, and every remaining inferential setting","ED1_TANGENCY_SV_POWER_n2000","diagnostic","TANGENCY_SV_POWER",2000,2000,"absolute","K1",0.25,1.5,"depth6_reference","depth8_refined","ED1_001_TANGENCY_SV_POWER_n2000_depth6_reference","ED1_002_TANGENCY_SV_POWER_n2000_depth8_refined","binary","root_isolation_applicable",254,254,254,254,254,0,0,0,0,0,0,0,0.0148985304313125,0,0,0,0,0,0,0,0
"enclosure_depth_v001","depth8_refined_minus_depth6_reference","maximum continuum-enclosure depth 8 minus 6, with guard depth fixed at 6 and with identical samples, multipliers, B=999, bootstrap grid 0.005, enclosure grid 0.0025, node ceiling 57601, and every remaining inferential setting","ED1_TANGENCY_SV_POWER_n4000","diagnostic","TANGENCY_SV_POWER",4000,4000,"absolute","K1",0.25,1.5,"depth6_reference","depth8_refined","ED1_003_TANGENCY_SV_POWER_n4000_depth6_reference","ED1_004_TANGENCY_SV_POWER_n4000_depth8_refined","binary","root_isolation_applicable",254,254,254,254,254,0,0,0,0,0,0,0,0.0148985304313125,0,0,0,0,0,0,0,0
"enclosure_depth_v001","depth8_refined_minus_depth6_reference","maximum continuum-enclosure depth 8 minus 6, with guard depth fixed at 6 and with identical samples, multipliers, B=999, bootstrap grid 0.005, enclosure grid 0.0025, node ceiling 57601, and every remaining inferential setting","ED1_TANGENCY_SV_POWER_n8000","diagnostic","TANGENCY_SV_POWER",8000,8000,"absolute","K1",0.25,1.5,"depth6_reference","depth8_refined","ED1_005_TANGENCY_SV_POWER_n8000_depth6_reference","ED1_006_TANGENCY_SV_POWER_n8000_depth8_refined","binary","root_isolation_applicable",254,254,254,254,254,0,0,0,0,0,0,0,0.0148985304313125,0,0,0,0,0,0,0,0
"enclosure_depth_v001","depth8_refined_minus_depth6_reference","maximum continuum-enclosure depth 8 minus 6, with guard depth fixed at 6 and with identical samples, multipliers, B=999, bootstrap grid 0.005, enclosure grid 0.0025, node ceiling 57601, and every remaining inferential setting","ED1_TANGENCY_SV_POWER_n2000","diagnostic","TANGENCY_SV_POWER",2000,2000,"absolute","K1",0.25,1.5,"depth6_reference","depth8_refined","ED1_001_TANGENCY_SV_POWER_n2000_depth6_reference","ED1_002_TANGENCY_SV_POWER_n2000_depth8_refined","binary","root_isolation_limit_hit",254,254,254,254,0,0,0,0,0,0,,,,,,,,,,,
"enclosure_depth_v001","depth8_refined_minus_depth6_reference","maximum continuum-enclosure depth 8 minus 6, with guard depth fixed at 6 and with identical samples, multipliers, B=999, bootstrap grid 0.005, enclosure grid 0.0025, node ceiling 57601, and every remaining inferential setting","ED1_TANGENCY_SV_POWER_n4000","diagnostic","TANGENCY_SV_POWER",4000,4000,"absolute","K1",0.25,1.5,"depth6_reference","depth8_refined","ED1_003_TANGENCY_SV_POWER_n4000_depth6_reference","ED1_004_TANGENCY_SV_POWER_n4000_depth8_refined","binary","root_isolation_limit_hit",254,254,254,254,0,0,0,0,0,0,,,,,,,,,,,
"enclosure_depth_v001","depth8_refined_minus_depth6_reference","maximum continuum-enclosure depth 8 minus 6, with guard depth fixed at 6 and with identical samples, multipliers, B=999, bootstrap grid 0.005, enclosure grid 0.0025, node ceiling 57601, and every remaining inferential setting","ED1_TANGENCY_SV_POWER_n8000","diagnostic","TANGENCY_SV_POWER",8000,8000,"absolute","K1",0.25,1.5,"depth6_reference","depth8_refined","ED1_005_TANGENCY_SV_POWER_n8000_depth6_reference","ED1_006_TANGENCY_SV_POWER_n8000_depth8_refined","binary","root_isolation_limit_hit",254,254,254,254,0,0,0,0,0,0,,,,,,,,,,,
"enclosure_depth_v001","depth8_refined_minus_depth6_reference","maximum continuum-enclosure depth 8 minus 6, with guard depth fixed at 6 and with identical samples, multipliers, B=999, bootstrap grid 0.005, enclosure grid 0.0025, node ceiling 57601, and every remaining inferential setting","ED1_TANGENCY_SV_POWER_n2000","diagnostic","TANGENCY_SV_POWER",2000,2000,"absolute","K1",0.25,1.5,"depth6_reference","depth8_refined","ED1_001_TANGENCY_SV_POWER_n2000_depth6_reference","ED1_002_TANGENCY_SV_POWER_n2000_depth8_refined","binary","root_isolation_success",254,254,254,254,0,0,0,0,0,0,,,,,,,,,,,
"enclosure_depth_v001","depth8_refined_minus_depth6_reference","maximum continuum-enclosure depth 8 minus 6, with guard depth fixed at 6 and with identical samples, multipliers, B=999, bootstrap grid 0.005, enclosure grid 0.0025, node ceiling 57601, and every remaining inferential setting","ED1_TANGENCY_SV_POWER_n4000","diagnostic","TANGENCY_SV_POWER",4000,4000,"absolute","K1",0.25,1.5,"depth6_reference","depth8_refined","ED1_003_TANGENCY_SV_POWER_n4000_depth6_reference","ED1_004_TANGENCY_SV_POWER_n4000_depth8_refined","binary","root_isolation_success",254,254,254,254,0,0,0,0,0,0,,,,,,,,,,,
"enclosure_depth_v001","depth8_refined_minus_depth6_reference","maximum continuum-enclosure depth 8 minus 6, with guard depth fixed at 6 and with identical samples, multipliers, B=999, bootstrap grid 0.005, enclosure grid 0.0025, node ceiling 57601, and every remaining inferential setting","ED1_TANGENCY_SV_POWER_n8000","diagnostic","TANGENCY_SV_POWER",8000,8000,"absolute","K1",0.25,1.5,"depth6_reference","depth8_refined","ED1_005_TANGENCY_SV_POWER_n8000_depth6_reference","ED1_006_TANGENCY_SV_POWER_n8000_depth8_refined","binary","root_isolation_success",254,254,254,254,0,0,0,0,0,0,,,,,,,,,,,
"enclosure_depth_v001","depth8_refined_minus_depth6_reference","maximum continuum-enclosure depth 8 minus 6, with guard depth fixed at 6 and with identical samples, multipliers, B=999, bootstrap grid 0.005, enclosure grid 0.0025, node ceiling 57601, and every remaining inferential setting","ED1_TANGENCY_SV_POWER_n2000","diagnostic","TANGENCY_SV_POWER",2000,2000,"absolute","K1",0.25,1.5,"depth6_reference","depth8_refined","ED1_001_TANGENCY_SV_POWER_n2000_depth6_reference","ED1_002_TANGENCY_SV_POWER_n2000_depth8_refined","binary","root_multiplier_applicable",254,254,254,254,254,0,0,0,0,0,0,0,0.0148985304313125,0,0,0,0,0,0,0,0
"enclosure_depth_v001","depth8_refined_minus_depth6_reference","maximum continuum-enclosure depth 8 minus 6, with guard depth fixed at 6 and with identical samples, multipliers, B=999, bootstrap grid 0.005, enclosure grid 0.0025, node ceiling 57601, and every remaining inferential setting","ED1_TANGENCY_SV_POWER_n4000","diagnostic","TANGENCY_SV_POWER",4000,4000,"absolute","K1",0.25,1.5,"depth6_reference","depth8_refined","ED1_003_TANGENCY_SV_POWER_n4000_depth6_reference","ED1_004_TANGENCY_SV_POWER_n4000_depth8_refined","binary","root_multiplier_applicable",254,254,254,254,254,0,0,0,0,0,0,0,0.0148985304313125,0,0,0,0,0,0,0,0
"enclosure_depth_v001","depth8_refined_minus_depth6_reference","maximum continuum-enclosure depth 8 minus 6, with guard depth fixed at 6 and with identical samples, multipliers, B=999, bootstrap grid 0.005, enclosure grid 0.0025, node ceiling 57601, and every remaining inferential setting","ED1_TANGENCY_SV_POWER_n8000","diagnostic","TANGENCY_SV_POWER",8000,8000,"absolute","K1",0.25,1.5,"depth6_reference","depth8_refined","ED1_005_TANGENCY_SV_POWER_n8000_depth6_reference","ED1_006_TANGENCY_SV_POWER_n8000_depth8_refined","binary","root_multiplier_applicable",254,254,254,254,254,0,0,0,0,0,0,0,0.0148985304313125,0,0,0,0,0,0,0,0
"enclosure_depth_v001","depth8_refined_minus_depth6_reference","maximum continuum-enclosure depth 8 minus 6, with guard depth fixed at 6 and with identical samples, multipliers, B=999, bootstrap grid 0.005, enclosure grid 0.0025, node ceiling 57601, and every remaining inferential setting","ED1_TANGENCY_SV_POWER_n2000","diagnostic","TANGENCY_SV_POWER",2000,2000,"absolute","K1",0.25,1.5,"depth6_reference","depth8_refined","ED1_001_TANGENCY_SV_POWER_n2000_depth6_reference","ED1_002_TANGENCY_SV_POWER_n2000_depth8_refined","binary","root_multiplier_conditional_cover",254,254,254,254,0,0,0,0,0,0,,,,,,,,,,,
"enclosure_depth_v001","depth8_refined_minus_depth6_reference","maximum continuum-enclosure depth 8 minus 6, with guard depth fixed at 6 and with identical samples, multipliers, B=999, bootstrap grid 0.005, enclosure grid 0.0025, node ceiling 57601, and every remaining inferential setting","ED1_TANGENCY_SV_POWER_n4000","diagnostic","TANGENCY_SV_POWER",4000,4000,"absolute","K1",0.25,1.5,"depth6_reference","depth8_refined","ED1_003_TANGENCY_SV_POWER_n4000_depth6_reference","ED1_004_TANGENCY_SV_POWER_n4000_depth8_refined","binary","root_multiplier_conditional_cover",254,254,254,254,0,0,0,0,0,0,,,,,,,,,,,
"enclosure_depth_v001","depth8_refined_minus_depth6_reference","maximum continuum-enclosure depth 8 minus 6, with guard depth fixed at 6 and with identical samples, multipliers, B=999, bootstrap grid 0.005, enclosure grid 0.0025, node ceiling 57601, and every remaining inferential setting","ED1_TANGENCY_SV_POWER_n8000","diagnostic","TANGENCY_SV_POWER",8000,8000,"absolute","K1",0.25,1.5,"depth6_reference","depth8_refined","ED1_005_TANGENCY_SV_POWER_n8000_depth6_reference","ED1_006_TANGENCY_SV_POWER_n8000_depth8_refined","binary","root_multiplier_conditional_cover",254,254,254,254,0,0,0,0,0,0,,,,,,,,,,,
"enclosure_depth_v001","depth8_refined_minus_depth6_reference","maximum continuum-enclosure depth 8 minus 6, with guard depth fixed at 6 and with identical samples, multipliers, B=999, bootstrap grid 0.005, enclosure grid 0.0025, node ceiling 57601, and every remaining inferential setting","ED1_TANGENCY_SV_POWER_n2000","diagnostic","TANGENCY_SV_POWER",2000,2000,"absolute","K1",0.25,1.5,"depth6_reference","depth8_refined","ED1_001_TANGENCY_SV_POWER_n2000_depth6_reference","ED1_002_TANGENCY_SV_POWER_n2000_depth8_refined","binary","root_multiplier_formal_unconditional_cover",254,254,254,254,0,0,0,0,0,0,,,,,,,,,,,
"enclosure_depth_v001","depth8_refined_minus_depth6_reference","maximum continuum-enclosure depth 8 minus 6, with guard depth fixed at 6 and with identical samples, multipliers, B=999, bootstrap grid 0.005, enclosure grid 0.0025, node ceiling 57601, and every remaining inferential setting","ED1_TANGENCY_SV_POWER_n4000","diagnostic","TANGENCY_SV_POWER",4000,4000,"absolute","K1",0.25,1.5,"depth6_reference","depth8_refined","ED1_003_TANGENCY_SV_POWER_n4000_depth6_reference","ED1_004_TANGENCY_SV_POWER_n4000_depth8_refined","binary","root_multiplier_formal_unconditional_cover",254,254,254,254,0,0,0,0,0,0,,,,,,,,,,,
"enclosure_depth_v001","depth8_refined_minus_depth6_reference","maximum continuum-enclosure depth 8 minus 6, with guard depth fixed at 6 and with identical samples, multipliers, B=999, bootstrap grid 0.005, enclosure grid 0.0025, node ceiling 57601, and every remaining inferential setting","ED1_TANGENCY_SV_POWER_n8000","diagnostic","TANGENCY_SV_POWER",8000,8000,"absolute","K1",0.25,1.5,"depth6_reference","depth8_refined","ED1_005_TANGENCY_SV_POWER_n8000_depth6_reference","ED1_006_TANGENCY_SV_POWER_n8000_depth8_refined","binary","root_multiplier_formal_unconditional_cover",254,254,254,254,0,0,0,0,0,0,,,,,,,,,,,
"enclosure_depth_v001","depth8_refined_minus_depth6_reference","maximum continuum-enclosure depth 8 minus 6, with guard depth fixed at 6 and with identical samples, multipliers, B=999, bootstrap grid 0.005, enclosure grid 0.0025, node ceiling 57601, and every remaining inferential setting","ED1_TANGENCY_SV_POWER_n2000","diagnostic","TANGENCY_SV_POWER",2000,2000,"absolute","K1",0.25,1.5,"depth6_reference","depth8_refined","ED1_001_TANGENCY_SV_POWER_n2000_depth6_reference","ED1_002_TANGENCY_SV_POWER_n2000_depth8_refined","binary","root_multiplier_report_and_cover",254,254,254,254,0,0,0,0,0,0,,,,,,,,,,,
"enclosure_depth_v001","depth8_refined_minus_depth6_reference","maximum continuum-enclosure depth 8 minus 6, with guard depth fixed at 6 and with identical samples, multipliers, B=999, bootstrap grid 0.005, enclosure grid 0.0025, node ceiling 57601, and every remaining inferential setting","ED1_TANGENCY_SV_POWER_n4000","diagnostic","TANGENCY_SV_POWER",4000,4000,"absolute","K1",0.25,1.5,"depth6_reference","depth8_refined","ED1_003_TANGENCY_SV_POWER_n4000_depth6_reference","ED1_004_TANGENCY_SV_POWER_n4000_depth8_refined","binary","root_multiplier_report_and_cover",254,254,254,254,0,0,0,0,0,0,,,,,,,,,,,
"enclosure_depth_v001","depth8_refined_minus_depth6_reference","maximum continuum-enclosure depth 8 minus 6, with guard depth fixed at 6 and with identical samples, multipliers, B=999, bootstrap grid 0.005, enclosure grid 0.0025, node ceiling 57601, and every remaining inferential setting","ED1_TANGENCY_SV_POWER_n8000","diagnostic","TANGENCY_SV_POWER",8000,8000,"absolute","K1",0.25,1.5,"depth6_reference","depth8_refined","ED1_005_TANGENCY_SV_POWER_n8000_depth6_reference","ED1_006_TANGENCY_SV_POWER_n8000_depth8_refined","binary","root_multiplier_report_and_cover",254,254,254,254,0,0,0,0,0,0,,,,,,,,,,,
"enclosure_depth_v001","depth8_refined_minus_depth6_reference","maximum continuum-enclosure depth 8 minus 6, with guard depth fixed at 6 and with identical samples, multipliers, B=999, bootstrap grid 0.005, enclosure grid 0.0025, node ceiling 57601, and every remaining inferential setting","ED1_TANGENCY_SV_POWER_n2000","diagnostic","TANGENCY_SV_POWER",2000,2000,"absolute","K1",0.25,1.5,"depth6_reference","depth8_refined","ED1_001_TANGENCY_SV_POWER_n2000_depth6_reference","ED1_002_TANGENCY_SV_POWER_n2000_depth8_refined","binary","root_multiplier_reported",254,254,254,254,0,0,0,0,0,0,,,,,,,,,,,
"enclosure_depth_v001","depth8_refined_minus_depth6_reference","maximum continuum-enclosure depth 8 minus 6, with guard depth fixed at 6 and with identical samples, multipliers, B=999, bootstrap grid 0.005, enclosure grid 0.0025, node ceiling 57601, and every remaining inferential setting","ED1_TANGENCY_SV_POWER_n4000","diagnostic","TANGENCY_SV_POWER",4000,4000,"absolute","K1",0.25,1.5,"depth6_reference","depth8_refined","ED1_003_TANGENCY_SV_POWER_n4000_depth6_reference","ED1_004_TANGENCY_SV_POWER_n4000_depth8_refined","binary","root_multiplier_reported",254,254,254,254,0,0,0,0,0,0,,,,,,,,,,,
"enclosure_depth_v001","depth8_refined_minus_depth6_reference","maximum continuum-enclosure depth 8 minus 6, with guard depth fixed at 6 and with identical samples, multipliers, B=999, bootstrap grid 0.005, enclosure grid 0.0025, node ceiling 57601, and every remaining inferential setting","ED1_TANGENCY_SV_POWER_n8000","diagnostic","TANGENCY_SV_POWER",8000,8000,"absolute","K1",0.25,1.5,"depth6_reference","depth8_refined","ED1_005_TANGENCY_SV_POWER_n8000_depth6_reference","ED1_006_TANGENCY_SV_POWER_n8000_depth8_refined","binary","root_multiplier_reported",254,254,254,254,0,0,0,0,0,0,,,,,,,,,,,
"enclosure_depth_v001","depth8_refined_minus_depth6_reference","maximum continuum-enclosure depth 8 minus 6, with guard depth fixed at 6 and with identical samples, multipliers, B=999, bootstrap grid 0.005, enclosure grid 0.0025, node ceiling 57601, and every remaining inferential setting","ED1_TANGENCY_SV_POWER_n2000","diagnostic","TANGENCY_SV_POWER",2000,2000,"absolute","K1",0.25,1.5,"depth6_reference","depth8_refined","ED1_001_TANGENCY_SV_POWER_n2000_depth6_reference","ED1_002_TANGENCY_SV_POWER_n2000_depth8_refined","binary","roundoff_inflation_margin_applied",254,254,254,254,254,254,254,0,0,0,0,0,0.0148985304313125,1,1,0,0,0,0,0,0
"enclosure_depth_v001","depth8_refined_minus_depth6_reference","maximum continuum-enclosure depth 8 minus 6, with guard depth fixed at 6 and with identical samples, multipliers, B=999, bootstrap grid 0.005, enclosure grid 0.0025, node ceiling 57601, and every remaining inferential setting","ED1_TANGENCY_SV_POWER_n4000","diagnostic","TANGENCY_SV_POWER",4000,4000,"absolute","K1",0.25,1.5,"depth6_reference","depth8_refined","ED1_003_TANGENCY_SV_POWER_n4000_depth6_reference","ED1_004_TANGENCY_SV_POWER_n4000_depth8_refined","binary","roundoff_inflation_margin_applied",254,254,254,254,254,254,254,0,0,0,0,0,0.0148985304313125,1,1,0,0,0,0,0,0
"enclosure_depth_v001","depth8_refined_minus_depth6_reference","maximum continuum-enclosure depth 8 minus 6, with guard depth fixed at 6 and with identical samples, multipliers, B=999, bootstrap grid 0.005, enclosure grid 0.0025, node ceiling 57601, and every remaining inferential setting","ED1_TANGENCY_SV_POWER_n8000","diagnostic","TANGENCY_SV_POWER",8000,8000,"absolute","K1",0.25,1.5,"depth6_reference","depth8_refined","ED1_005_TANGENCY_SV_POWER_n8000_depth6_reference","ED1_006_TANGENCY_SV_POWER_n8000_depth8_refined","binary","roundoff_inflation_margin_applied",254,254,254,254,254,254,254,0,0,0,0,0,0.0148985304313125,1,1,0,0,0,0,0,0
"enclosure_depth_v001","depth8_refined_minus_depth6_reference","maximum continuum-enclosure depth 8 minus 6, with guard depth fixed at 6 and with identical samples, multipliers, B=999, bootstrap grid 0.005, enclosure grid 0.0025, node ceiling 57601, and every remaining inferential setting","ED1_TANGENCY_SV_POWER_n2000","diagnostic","TANGENCY_SV_POWER",2000,2000,"absolute","K1",0.25,1.5,"depth6_reference","depth8_refined","ED1_001_TANGENCY_SV_POWER_n2000_depth6_reference","ED1_002_TANGENCY_SV_POWER_n2000_depth8_refined","binary","roundoff_inflation_requested",254,254,254,254,254,254,254,0,0,0,0,0,0.0148985304313125,1,1,0,0,0,0,0,0
"enclosure_depth_v001","depth8_refined_minus_depth6_reference","maximum continuum-enclosure depth 8 minus 6, with guard depth fixed at 6 and with identical samples, multipliers, B=999, bootstrap grid 0.005, enclosure grid 0.0025, node ceiling 57601, and every remaining inferential setting","ED1_TANGENCY_SV_POWER_n4000","diagnostic","TANGENCY_SV_POWER",4000,4000,"absolute","K1",0.25,1.5,"depth6_reference","depth8_refined","ED1_003_TANGENCY_SV_POWER_n4000_depth6_reference","ED1_004_TANGENCY_SV_POWER_n4000_depth8_refined","binary","roundoff_inflation_requested",254,254,254,254,254,254,254,0,0,0,0,0,0.0148985304313125,1,1,0,0,0,0,0,0
"enclosure_depth_v001","depth8_refined_minus_depth6_reference","maximum continuum-enclosure depth 8 minus 6, with guard depth fixed at 6 and with identical samples, multipliers, B=999, bootstrap grid 0.005, enclosure grid 0.0025, node ceiling 57601, and every remaining inferential setting","ED1_TANGENCY_SV_POWER_n8000","diagnostic","TANGENCY_SV_POWER",8000,8000,"absolute","K1",0.25,1.5,"depth6_reference","depth8_refined","ED1_005_TANGENCY_SV_POWER_n8000_depth6_reference","ED1_006_TANGENCY_SV_POWER_n8000_depth8_refined","binary","roundoff_inflation_requested",254,254,254,254,254,254,254,0,0,0,0,0,0.0148985304313125,1,1,0,0,0,0,0,0
"enclosure_depth_v001","depth8_refined_minus_depth6_reference","maximum continuum-enclosure depth 8 minus 6, with guard depth fixed at 6 and with identical samples, multipliers, B=999, bootstrap grid 0.005, enclosure grid 0.0025, node ceiling 57601, and every remaining inferential setting","ED1_TANGENCY_SV_POWER_n2000","diagnostic","TANGENCY_SV_POWER",2000,2000,"absolute","K1",0.25,1.5,"depth6_reference","depth8_refined","ED1_001_TANGENCY_SV_POWER_n2000_depth6_reference","ED1_002_TANGENCY_SV_POWER_n2000_depth8_refined","binary","simplicity_certified",254,254,254,254,254,0,0,0,0,0,0,0,0.0148985304313125,0,0,0,0,0,0,0,0
"enclosure_depth_v001","depth8_refined_minus_depth6_reference","maximum continuum-enclosure depth 8 minus 6, with guard depth fixed at 6 and with identical samples, multipliers, B=999, bootstrap grid 0.005, enclosure grid 0.0025, node ceiling 57601, and every remaining inferential setting","ED1_TANGENCY_SV_POWER_n4000","diagnostic","TANGENCY_SV_POWER",4000,4000,"absolute","K1",0.25,1.5,"depth6_reference","depth8_refined","ED1_003_TANGENCY_SV_POWER_n4000_depth6_reference","ED1_004_TANGENCY_SV_POWER_n4000_depth8_refined","binary","simplicity_certified",254,254,254,254,254,0,0,0,0,0,0,0,0.0148985304313125,0,0,0,0,0,0,0,0
"enclosure_depth_v001","depth8_refined_minus_depth6_reference","maximum continuum-enclosure depth 8 minus 6, with guard depth fixed at 6 and with identical samples, multipliers, B=999, bootstrap grid 0.005, enclosure grid 0.0025, node ceiling 57601, and every remaining inferential setting","ED1_TANGENCY_SV_POWER_n8000","diagnostic","TANGENCY_SV_POWER",8000,8000,"absolute","K1",0.25,1.5,"depth6_reference","depth8_refined","ED1_005_TANGENCY_SV_POWER_n8000_depth6_reference","ED1_006_TANGENCY_SV_POWER_n8000_depth8_refined","binary","simplicity_certified",254,254,254,254,254,0,0,0,0,0,0,0,0.0148985304313125,0,0,0,0,0,0,0,0
"enclosure_depth_v001","depth8_refined_minus_depth6_reference","maximum continuum-enclosure depth 8 minus 6, with guard depth fixed at 6 and with identical samples, multipliers, B=999, bootstrap grid 0.005, enclosure grid 0.0025, node ceiling 57601, and every remaining inferential setting","ED1_TANGENCY_SV_POWER_n2000","diagnostic","TANGENCY_SV_POWER",2000,2000,"absolute","K1",0.25,1.5,"depth6_reference","depth8_refined","ED1_001_TANGENCY_SV_POWER_n2000_depth6_reference","ED1_002_TANGENCY_SV_POWER_n2000_depth8_refined","binary","tangency_global_geometry_applicable",254,254,254,254,254,254,254,0,0,0,0,0,0.0148985304313125,1,1,0,0,0,0,0,0
"enclosure_depth_v001","depth8_refined_minus_depth6_reference","maximum continuum-enclosure depth 8 minus 6, with guard depth fixed at 6 and with identical samples, multipliers, B=999, bootstrap grid 0.005, enclosure grid 0.0025, node ceiling 57601, and every remaining inferential setting","ED1_TANGENCY_SV_POWER_n4000","diagnostic","TANGENCY_SV_POWER",4000,4000,"absolute","K1",0.25,1.5,"depth6_reference","depth8_refined","ED1_003_TANGENCY_SV_POWER_n4000_depth6_reference","ED1_004_TANGENCY_SV_POWER_n4000_depth8_refined","binary","tangency_global_geometry_applicable",254,254,254,254,254,254,254,0,0,0,0,0,0.0148985304313125,1,1,0,0,0,0,0,0
"enclosure_depth_v001","depth8_refined_minus_depth6_reference","maximum continuum-enclosure depth 8 minus 6, with guard depth fixed at 6 and with identical samples, multipliers, B=999, bootstrap grid 0.005, enclosure grid 0.0025, node ceiling 57601, and every remaining inferential setting","ED1_TANGENCY_SV_POWER_n8000","diagnostic","TANGENCY_SV_POWER",8000,8000,"absolute","K1",0.25,1.5,"depth6_reference","depth8_refined","ED1_005_TANGENCY_SV_POWER_n8000_depth6_reference","ED1_006_TANGENCY_SV_POWER_n8000_depth8_refined","binary","tangency_global_geometry_applicable",254,254,254,254,254,254,254,0,0,0,0,0,0.0148985304313125,1,1,0,0,0,0,0,0
"enclosure_depth_v001","depth8_refined_minus_depth6_reference","maximum continuum-enclosure depth 8 minus 6, with guard depth fixed at 6 and with identical samples, multipliers, B=999, bootstrap grid 0.005, enclosure grid 0.0025, node ceiling 57601, and every remaining inferential setting","ED1_TANGENCY_SV_POWER_n2000","diagnostic","TANGENCY_SV_POWER",2000,2000,"absolute","K1",0.25,1.5,"depth6_reference","depth8_refined","ED1_001_TANGENCY_SV_POWER_n2000_depth6_reference","ED1_002_TANGENCY_SV_POWER_n2000_depth8_refined","binary","tangency_global_geometry_conditioned_on_continuum_band_coverage",254,254,254,254,254,240,240,0,0,0,0,0,0.0148985304313125,0.94488188976378,0.94488188976378,0,0,0,0,0,0
"enclosure_depth_v001","depth8_refined_minus_depth6_reference","maximum continuum-enclosure depth 8 minus 6, with guard depth fixed at 6 and with identical samples, multipliers, B=999, bootstrap grid 0.005, enclosure grid 0.0025, node ceiling 57601, and every remaining inferential setting","ED1_TANGENCY_SV_POWER_n4000","diagnostic","TANGENCY_SV_POWER",4000,4000,"absolute","K1",0.25,1.5,"depth6_reference","depth8_refined","ED1_003_TANGENCY_SV_POWER_n4000_depth6_reference","ED1_004_TANGENCY_SV_POWER_n4000_depth8_refined","binary","tangency_global_geometry_conditioned_on_continuum_band_coverage",254,254,254,254,254,243,243,0,0,0,0,0,0.0148985304313125,0.956692913385827,0.956692913385827,0,0,0,0,0,0
"enclosure_depth_v001","depth8_refined_minus_depth6_reference","maximum continuum-enclosure depth 8 minus 6, with guard depth fixed at 6 and with identical samples, multipliers, B=999, bootstrap grid 0.005, enclosure grid 0.0025, node ceiling 57601, and every remaining inferential setting","ED1_TANGENCY_SV_POWER_n8000","diagnostic","TANGENCY_SV_POWER",8000,8000,"absolute","K1",0.25,1.5,"depth6_reference","depth8_refined","ED1_005_TANGENCY_SV_POWER_n8000_depth6_reference","ED1_006_TANGENCY_SV_POWER_n8000_depth8_refined","binary","tangency_global_geometry_conditioned_on_continuum_band_coverage",254,254,254,254,254,240,240,0,0,0,0,0,0.0148985304313125,0.94488188976378,0.94488188976378,0,0,0,0,0,0
"enclosure_depth_v001","depth8_refined_minus_depth6_reference","maximum continuum-enclosure depth 8 minus 6, with guard depth fixed at 6 and with identical samples, multipliers, B=999, bootstrap grid 0.005, enclosure grid 0.0025, node ceiling 57601, and every remaining inferential setting","ED1_TANGENCY_SV_POWER_n2000","diagnostic","TANGENCY_SV_POWER",2000,2000,"absolute","K1",0.25,1.5,"depth6_reference","depth8_refined","ED1_001_TANGENCY_SV_POWER_n2000_depth6_reference","ED1_002_TANGENCY_SV_POWER_n2000_depth8_refined","binary","tangency_global_outer_contains_root_conditional_on_continuum_band_coverage",254,254,254,254,240,240,240,0,0,0,0,1.73472347597681e-18,0.0157539199415588,1,1,0,0,0,0,0,0
"enclosure_depth_v001","depth8_refined_minus_depth6_reference","maximum continuum-enclosure depth 8 minus 6, with guard depth fixed at 6 and with identical samples, multipliers, B=999, bootstrap grid 0.005, enclosure grid 0.0025, node ceiling 57601, and every remaining inferential setting","ED1_TANGENCY_SV_POWER_n4000","diagnostic","TANGENCY_SV_POWER",4000,4000,"absolute","K1",0.25,1.5,"depth6_reference","depth8_refined","ED1_003_TANGENCY_SV_POWER_n4000_depth6_reference","ED1_004_TANGENCY_SV_POWER_n4000_depth8_refined","binary","tangency_global_outer_contains_root_conditional_on_continuum_band_coverage",254,254,254,254,243,243,243,0,0,0,0,1.73472347597681e-18,0.0155624538886094,1,1,0,0,0,0,0,0
"enclosure_depth_v001","depth8_refined_minus_depth6_reference","maximum continuum-enclosure depth 8 minus 6, with guard depth fixed at 6 and with identical samples, multipliers, B=999, bootstrap grid 0.005, enclosure grid 0.0025, node ceiling 57601, and every remaining inferential setting","ED1_TANGENCY_SV_POWER_n8000","diagnostic","TANGENCY_SV_POWER",8000,8000,"absolute","K1",0.25,1.5,"depth6_reference","depth8_refined","ED1_005_TANGENCY_SV_POWER_n8000_depth6_reference","ED1_006_TANGENCY_SV_POWER_n8000_depth8_refined","binary","tangency_global_outer_contains_root_conditional_on_continuum_band_coverage",254,254,254,254,240,240,240,0,0,0,0,1.73472347597681e-18,0.0157539199415588,1,1,0,0,0,0,0,0
"enclosure_depth_v001","depth8_refined_minus_depth6_reference","maximum continuum-enclosure depth 8 minus 6, with guard depth fixed at 6 and with identical samples, multipliers, B=999, bootstrap grid 0.005, enclosure grid 0.0025, node ceiling 57601, and every remaining inferential setting","ED1_TANGENCY_SV_POWER_n2000","diagnostic","TANGENCY_SV_POWER",2000,2000,"absolute","K1",0.25,1.5,"depth6_reference","depth8_refined","ED1_001_TANGENCY_SV_POWER_n2000_depth6_reference","ED1_002_TANGENCY_SV_POWER_n2000_depth8_refined","binary","tangency_global_outer_nonempty_conditional_on_continuum_band_coverage",254,254,254,254,240,240,240,0,0,0,0,1.73472347597681e-18,0.0157539199415588,1,1,0,0,0,0,0,0
"enclosure_depth_v001","depth8_refined_minus_depth6_reference","maximum continuum-enclosure depth 8 minus 6, with guard depth fixed at 6 and with identical samples, multipliers, B=999, bootstrap grid 0.005, enclosure grid 0.0025, node ceiling 57601, and every remaining inferential setting","ED1_TANGENCY_SV_POWER_n4000","diagnostic","TANGENCY_SV_POWER",4000,4000,"absolute","K1",0.25,1.5,"depth6_reference","depth8_refined","ED1_003_TANGENCY_SV_POWER_n4000_depth6_reference","ED1_004_TANGENCY_SV_POWER_n4000_depth8_refined","binary","tangency_global_outer_nonempty_conditional_on_continuum_band_coverage",254,254,254,254,243,243,243,0,0,0,0,1.73472347597681e-18,0.0155624538886094,1,1,0,0,0,0,0,0
"enclosure_depth_v001","depth8_refined_minus_depth6_reference","maximum continuum-enclosure depth 8 minus 6, with guard depth fixed at 6 and with identical samples, multipliers, B=999, bootstrap grid 0.005, enclosure grid 0.0025, node ceiling 57601, and every remaining inferential setting","ED1_TANGENCY_SV_POWER_n8000","diagnostic","TANGENCY_SV_POWER",8000,8000,"absolute","K1",0.25,1.5,"depth6_reference","depth8_refined","ED1_005_TANGENCY_SV_POWER_n8000_depth6_reference","ED1_006_TANGENCY_SV_POWER_n8000_depth8_refined","binary","tangency_global_outer_nonempty_conditional_on_continuum_band_coverage",254,254,254,254,240,240,240,0,0,0,0,1.73472347597681e-18,0.0157539199415588,1,1,0,0,0,0,0,0
"enclosure_depth_v001","depth8_refined_minus_depth6_reference","maximum continuum-enclosure depth 8 minus 6, with guard depth fixed at 6 and with identical samples, multipliers, B=999, bootstrap grid 0.005, enclosure grid 0.0025, node ceiling 57601, and every remaining inferential setting","ED1_TANGENCY_SV_POWER_n2000","diagnostic","TANGENCY_SV_POWER",2000,2000,"absolute","K1",0.25,1.5,"depth6_reference","depth8_refined","ED1_001_TANGENCY_SV_POWER_n2000_depth6_reference","ED1_002_TANGENCY_SV_POWER_n2000_depth8_refined","binary","tangency_global_outer_touches_K_boundary_conditional_on_continuum_band_coverage",254,254,254,254,240,157,157,0,0,0,0,1.73472347597681e-18,0.0157539199415588,0.654166666666667,0.654166666666667,0,0,0,0,0,0
"enclosure_depth_v001","depth8_refined_minus_depth6_reference","maximum continuum-enclosure depth 8 minus 6, with guard depth fixed at 6 and with identical samples, multipliers, B=999, bootstrap grid 0.005, enclosure grid 0.0025, node ceiling 57601, and every remaining inferential setting","ED1_TANGENCY_SV_POWER_n4000","diagnostic","TANGENCY_SV_POWER",4000,4000,"absolute","K1",0.25,1.5,"depth6_reference","depth8_refined","ED1_003_TANGENCY_SV_POWER_n4000_depth6_reference","ED1_004_TANGENCY_SV_POWER_n4000_depth8_refined","binary","tangency_global_outer_touches_K_boundary_conditional_on_continuum_band_coverage",254,254,254,254,243,100,100,0,0,0,0,1.73472347597681e-18,0.0155624538886094,0.411522633744856,0.411522633744856,0,0,0,0,0,0
"enclosure_depth_v001","depth8_refined_minus_depth6_reference","maximum continuum-enclosure depth 8 minus 6, with guard depth fixed at 6 and with identical samples, multipliers, B=999, bootstrap grid 0.005, enclosure grid 0.0025, node ceiling 57601, and every remaining inferential setting","ED1_TANGENCY_SV_POWER_n8000","diagnostic","TANGENCY_SV_POWER",8000,8000,"absolute","K1",0.25,1.5,"depth6_reference","depth8_refined","ED1_005_TANGENCY_SV_POWER_n8000_depth6_reference","ED1_006_TANGENCY_SV_POWER_n8000_depth8_refined","binary","tangency_global_outer_touches_K_boundary_conditional_on_continuum_band_coverage",254,254,254,254,240,16,16,0,0,0,0,1.73472347597681e-18,0.0157539199415588,0.0666666666666667,0.0666666666666667,0,0,0,0,0,0
"enclosure_depth_v001","depth8_refined_minus_depth6_reference","maximum continuum-enclosure depth 8 minus 6, with guard depth fixed at 6 and with identical samples, multipliers, B=999, bootstrap grid 0.005, enclosure grid 0.0025, node ceiling 57601, and every remaining inferential setting","ED1_TANGENCY_SV_POWER_n2000","diagnostic","TANGENCY_SV_POWER",2000,2000,"absolute","K1",0.25,1.5,"depth6_reference","depth8_refined","ED1_001_TANGENCY_SV_POWER_n2000_depth6_reference","ED1_002_TANGENCY_SV_POWER_n2000_depth8_refined","binary","tangency_global_outer_touches_K_left_conditional_on_continuum_band_coverage",254,254,254,254,240,157,157,0,0,0,0,1.73472347597681e-18,0.0157539199415588,0.654166666666667,0.654166666666667,0,0,0,0,0,0
"enclosure_depth_v001","depth8_refined_minus_depth6_reference","maximum continuum-enclosure depth 8 minus 6, with guard depth fixed at 6 and with identical samples, multipliers, B=999, bootstrap grid 0.005, enclosure grid 0.0025, node ceiling 57601, and every remaining inferential setting","ED1_TANGENCY_SV_POWER_n4000","diagnostic","TANGENCY_SV_POWER",4000,4000,"absolute","K1",0.25,1.5,"depth6_reference","depth8_refined","ED1_003_TANGENCY_SV_POWER_n4000_depth6_reference","ED1_004_TANGENCY_SV_POWER_n4000_depth8_refined","binary","tangency_global_outer_touches_K_left_conditional_on_continuum_band_coverage",254,254,254,254,243,100,100,0,0,0,0,1.73472347597681e-18,0.0155624538886094,0.411522633744856,0.411522633744856,0,0,0,0,0,0
"enclosure_depth_v001","depth8_refined_minus_depth6_reference","maximum continuum-enclosure depth 8 minus 6, with guard depth fixed at 6 and with identical samples, multipliers, B=999, bootstrap grid 0.005, enclosure grid 0.0025, node ceiling 57601, and every remaining inferential setting","ED1_TANGENCY_SV_POWER_n8000","diagnostic","TANGENCY_SV_POWER",8000,8000,"absolute","K1",0.25,1.5,"depth6_reference","depth8_refined","ED1_005_TANGENCY_SV_POWER_n8000_depth6_reference","ED1_006_TANGENCY_SV_POWER_n8000_depth8_refined","binary","tangency_global_outer_touches_K_left_conditional_on_continuum_band_coverage",254,254,254,254,240,16,16,0,0,0,0,1.73472347597681e-18,0.0157539199415588,0.0666666666666667,0.0666666666666667,0,0,0,0,0,0
"enclosure_depth_v001","depth8_refined_minus_depth6_reference","maximum continuum-enclosure depth 8 minus 6, with guard depth fixed at 6 and with identical samples, multipliers, B=999, bootstrap grid 0.005, enclosure grid 0.0025, node ceiling 57601, and every remaining inferential setting","ED1_TANGENCY_SV_POWER_n2000","diagnostic","TANGENCY_SV_POWER",2000,2000,"absolute","K1",0.25,1.5,"depth6_reference","depth8_refined","ED1_001_TANGENCY_SV_POWER_n2000_depth6_reference","ED1_002_TANGENCY_SV_POWER_n2000_depth8_refined","binary","tangency_global_outer_touches_K_right_conditional_on_continuum_band_coverage",254,254,254,254,240,0,0,0,0,0,0,1.73472347597681e-18,0.0157539199415588,0,0,0,0,0,0,0,0
"enclosure_depth_v001","depth8_refined_minus_depth6_reference","maximum continuum-enclosure depth 8 minus 6, with guard depth fixed at 6 and with identical samples, multipliers, B=999, bootstrap grid 0.005, enclosure grid 0.0025, node ceiling 57601, and every remaining inferential setting","ED1_TANGENCY_SV_POWER_n4000","diagnostic","TANGENCY_SV_POWER",4000,4000,"absolute","K1",0.25,1.5,"depth6_reference","depth8_refined","ED1_003_TANGENCY_SV_POWER_n4000_depth6_reference","ED1_004_TANGENCY_SV_POWER_n4000_depth8_refined","binary","tangency_global_outer_touches_K_right_conditional_on_continuum_band_coverage",254,254,254,254,243,0,0,0,0,0,0,1.73472347597681e-18,0.0155624538886094,0,0,0,0,0,0,0,0
"enclosure_depth_v001","depth8_refined_minus_depth6_reference","maximum continuum-enclosure depth 8 minus 6, with guard depth fixed at 6 and with identical samples, multipliers, B=999, bootstrap grid 0.005, enclosure grid 0.0025, node ceiling 57601, and every remaining inferential setting","ED1_TANGENCY_SV_POWER_n8000","diagnostic","TANGENCY_SV_POWER",8000,8000,"absolute","K1",0.25,1.5,"depth6_reference","depth8_refined","ED1_005_TANGENCY_SV_POWER_n8000_depth6_reference","ED1_006_TANGENCY_SV_POWER_n8000_depth8_refined","binary","tangency_global_outer_touches_K_right_conditional_on_continuum_band_coverage",254,254,254,254,240,0,0,0,0,0,0,1.73472347597681e-18,0.0157539199415588,0,0,0,0,0,0,0,0
"enclosure_depth_v001","depth8_refined_minus_depth6_reference","maximum continuum-enclosure depth 8 minus 6, with guard depth fixed at 6 and with identical samples, multipliers, B=999, bootstrap grid 0.005, enclosure grid 0.0025, node ceiling 57601, and every remaining inferential setting","ED1_TANGENCY_SV_POWER_n2000","diagnostic","TANGENCY_SV_POWER",2000,2000,"absolute","K1",0.25,1.5,"depth6_reference","depth8_refined","ED1_001_TANGENCY_SV_POWER_n2000_depth6_reference","ED1_002_TANGENCY_SV_POWER_n2000_depth8_refined","binary","tangency_global_root_component_present_conditional_on_continuum_band_coverage",254,254,254,254,240,240,240,0,0,0,0,1.73472347597681e-18,0.0157539199415588,1,1,0,0,0,0,0,0
"enclosure_depth_v001","depth8_refined_minus_depth6_reference","maximum continuum-enclosure depth 8 minus 6, with guard depth fixed at 6 and with identical samples, multipliers, B=999, bootstrap grid 0.005, enclosure grid 0.0025, node ceiling 57601, and every remaining inferential setting","ED1_TANGENCY_SV_POWER_n4000","diagnostic","TANGENCY_SV_POWER",4000,4000,"absolute","K1",0.25,1.5,"depth6_reference","depth8_refined","ED1_003_TANGENCY_SV_POWER_n4000_depth6_reference","ED1_004_TANGENCY_SV_POWER_n4000_depth8_refined","binary","tangency_global_root_component_present_conditional_on_continuum_band_coverage",254,254,254,254,243,243,243,0,0,0,0,1.73472347597681e-18,0.0155624538886094,1,1,0,0,0,0,0,0
"enclosure_depth_v001","depth8_refined_minus_depth6_reference","maximum continuum-enclosure depth 8 minus 6, with guard depth fixed at 6 and with identical samples, multipliers, B=999, bootstrap grid 0.005, enclosure grid 0.0025, node ceiling 57601, and every remaining inferential setting","ED1_TANGENCY_SV_POWER_n8000","diagnostic","TANGENCY_SV_POWER",8000,8000,"absolute","K1",0.25,1.5,"depth6_reference","depth8_refined","ED1_005_TANGENCY_SV_POWER_n8000_depth6_reference","ED1_006_TANGENCY_SV_POWER_n8000_depth8_refined","binary","tangency_global_root_component_present_conditional_on_continuum_band_coverage",254,254,254,254,240,240,240,0,0,0,0,1.73472347597681e-18,0.0157539199415588,1,1,0,0,0,0,0,0
"enclosure_depth_v001","depth8_refined_minus_depth6_reference","maximum continuum-enclosure depth 8 minus 6, with guard depth fixed at 6 and with identical samples, multipliers, B=999, bootstrap grid 0.005, enclosure grid 0.0025, node ceiling 57601, and every remaining inferential setting","ED1_TANGENCY_SV_POWER_n2000","diagnostic","TANGENCY_SV_POWER",2000,2000,"absolute","K1",0.25,1.5,"depth6_reference","depth8_refined","ED1_001_TANGENCY_SV_POWER_n2000_depth6_reference","ED1_002_TANGENCY_SV_POWER_n2000_depth8_refined","binary","tangency_global_root_component_touches_K_boundary_conditional_on_continuum_band_coverage",254,254,254,254,240,157,157,0,0,0,0,1.73472347597681e-18,0.0157539199415588,0.654166666666667,0.654166666666667,0,0,0,0,0,0
"enclosure_depth_v001","depth8_refined_minus_depth6_reference","maximum continuum-enclosure depth 8 minus 6, with guard depth fixed at 6 and with identical samples, multipliers, B=999, bootstrap grid 0.005, enclosure grid 0.0025, node ceiling 57601, and every remaining inferential setting","ED1_TANGENCY_SV_POWER_n4000","diagnostic","TANGENCY_SV_POWER",4000,4000,"absolute","K1",0.25,1.5,"depth6_reference","depth8_refined","ED1_003_TANGENCY_SV_POWER_n4000_depth6_reference","ED1_004_TANGENCY_SV_POWER_n4000_depth8_refined","binary","tangency_global_root_component_touches_K_boundary_conditional_on_continuum_band_coverage",254,254,254,254,243,100,100,0,0,0,0,1.73472347597681e-18,0.0155624538886094,0.411522633744856,0.411522633744856,0,0,0,0,0,0
"enclosure_depth_v001","depth8_refined_minus_depth6_reference","maximum continuum-enclosure depth 8 minus 6, with guard depth fixed at 6 and with identical samples, multipliers, B=999, bootstrap grid 0.005, enclosure grid 0.0025, node ceiling 57601, and every remaining inferential setting","ED1_TANGENCY_SV_POWER_n8000","diagnostic","TANGENCY_SV_POWER",8000,8000,"absolute","K1",0.25,1.5,"depth6_reference","depth8_refined","ED1_005_TANGENCY_SV_POWER_n8000_depth6_reference","ED1_006_TANGENCY_SV_POWER_n8000_depth8_refined","binary","tangency_global_root_component_touches_K_boundary_conditional_on_continuum_band_coverage",254,254,254,254,240,16,16,0,0,0,0,1.73472347597681e-18,0.0157539199415588,0.0666666666666667,0.0666666666666667,0,0,0,0,0,0
"enclosure_depth_v001","depth8_refined_minus_depth6_reference","maximum continuum-enclosure depth 8 minus 6, with guard depth fixed at 6 and with identical samples, multipliers, B=999, bootstrap grid 0.005, enclosure grid 0.0025, node ceiling 57601, and every remaining inferential setting","ED1_TANGENCY_SV_POWER_n2000","diagnostic","TANGENCY_SV_POWER",2000,2000,"absolute","K1",0.25,1.5,"depth6_reference","depth8_refined","ED1_001_TANGENCY_SV_POWER_n2000_depth6_reference","ED1_002_TANGENCY_SV_POWER_n2000_depth8_refined","binary","tangency_global_root_component_touches_K_left_conditional_on_continuum_band_coverage",254,254,254,254,240,157,157,0,0,0,0,1.73472347597681e-18,0.0157539199415588,0.654166666666667,0.654166666666667,0,0,0,0,0,0
"enclosure_depth_v001","depth8_refined_minus_depth6_reference","maximum continuum-enclosure depth 8 minus 6, with guard depth fixed at 6 and with identical samples, multipliers, B=999, bootstrap grid 0.005, enclosure grid 0.0025, node ceiling 57601, and every remaining inferential setting","ED1_TANGENCY_SV_POWER_n4000","diagnostic","TANGENCY_SV_POWER",4000,4000,"absolute","K1",0.25,1.5,"depth6_reference","depth8_refined","ED1_003_TANGENCY_SV_POWER_n4000_depth6_reference","ED1_004_TANGENCY_SV_POWER_n4000_depth8_refined","binary","tangency_global_root_component_touches_K_left_conditional_on_continuum_band_coverage",254,254,254,254,243,100,100,0,0,0,0,1.73472347597681e-18,0.0155624538886094,0.411522633744856,0.411522633744856,0,0,0,0,0,0
"enclosure_depth_v001","depth8_refined_minus_depth6_reference","maximum continuum-enclosure depth 8 minus 6, with guard depth fixed at 6 and with identical samples, multipliers, B=999, bootstrap grid 0.005, enclosure grid 0.0025, node ceiling 57601, and every remaining inferential setting","ED1_TANGENCY_SV_POWER_n8000","diagnostic","TANGENCY_SV_POWER",8000,8000,"absolute","K1",0.25,1.5,"depth6_reference","depth8_refined","ED1_005_TANGENCY_SV_POWER_n8000_depth6_reference","ED1_006_TANGENCY_SV_POWER_n8000_depth8_refined","binary","tangency_global_root_component_touches_K_left_conditional_on_continuum_band_coverage",254,254,254,254,240,16,16,0,0,0,0,1.73472347597681e-18,0.0157539199415588,0.0666666666666667,0.0666666666666667,0,0,0,0,0,0
"enclosure_depth_v001","depth8_refined_minus_depth6_reference","maximum continuum-enclosure depth 8 minus 6, with guard depth fixed at 6 and with identical samples, multipliers, B=999, bootstrap grid 0.005, enclosure grid 0.0025, node ceiling 57601, and every remaining inferential setting","ED1_TANGENCY_SV_POWER_n2000","diagnostic","TANGENCY_SV_POWER",2000,2000,"absolute","K1",0.25,1.5,"depth6_reference","depth8_refined","ED1_001_TANGENCY_SV_POWER_n2000_depth6_reference","ED1_002_TANGENCY_SV_POWER_n2000_depth8_refined","binary","tangency_global_root_component_touches_K_right_conditional_on_continuum_band_coverage",254,254,254,254,240,0,0,0,0,0,0,1.73472347597681e-18,0.0157539199415588,0,0,0,0,0,0,0,0
"enclosure_depth_v001","depth8_refined_minus_depth6_reference","maximum continuum-enclosure depth 8 minus 6, with guard depth fixed at 6 and with identical samples, multipliers, B=999, bootstrap grid 0.005, enclosure grid 0.0025, node ceiling 57601, and every remaining inferential setting","ED1_TANGENCY_SV_POWER_n4000","diagnostic","TANGENCY_SV_POWER",4000,4000,"absolute","K1",0.25,1.5,"depth6_reference","depth8_refined","ED1_003_TANGENCY_SV_POWER_n4000_depth6_reference","ED1_004_TANGENCY_SV_POWER_n4000_depth8_refined","binary","tangency_global_root_component_touches_K_right_conditional_on_continuum_band_coverage",254,254,254,254,243,0,0,0,0,0,0,1.73472347597681e-18,0.0155624538886094,0,0,0,0,0,0,0,0
"enclosure_depth_v001","depth8_refined_minus_depth6_reference","maximum continuum-enclosure depth 8 minus 6, with guard depth fixed at 6 and with identical samples, multipliers, B=999, bootstrap grid 0.005, enclosure grid 0.0025, node ceiling 57601, and every remaining inferential setting","ED1_TANGENCY_SV_POWER_n8000","diagnostic","TANGENCY_SV_POWER",8000,8000,"absolute","K1",0.25,1.5,"depth6_reference","depth8_refined","ED1_005_TANGENCY_SV_POWER_n8000_depth6_reference","ED1_006_TANGENCY_SV_POWER_n8000_depth8_refined","binary","tangency_global_root_component_touches_K_right_conditional_on_continuum_band_coverage",254,254,254,254,240,0,0,0,0,0,0,1.73472347597681e-18,0.0157539199415588,0,0,0,0,0,0,0,0
"enclosure_depth_v001","depth8_refined_minus_depth6_reference","maximum continuum-enclosure depth 8 minus 6, with guard depth fixed at 6 and with identical samples, multipliers, B=999, bootstrap grid 0.005, enclosure grid 0.0025, node ceiling 57601, and every remaining inferential setting","ED1_TANGENCY_SV_POWER_n2000","diagnostic","TANGENCY_SV_POWER",2000,2000,"absolute","K1",0.25,1.5,"depth6_reference","depth8_refined","ED1_001_TANGENCY_SV_POWER_n2000_depth6_reference","ED1_002_TANGENCY_SV_POWER_n2000_depth8_refined","binary","tangency_local_outer_nonempty",254,254,254,254,254,252,252,0,0,0,0,0,0.0148985304313125,0.992125984251969,0.992125984251969,0,0,0,0,0,0
"enclosure_depth_v001","depth8_refined_minus_depth6_reference","maximum continuum-enclosure depth 8 minus 6, with guard depth fixed at 6 and with identical samples, multipliers, B=999, bootstrap grid 0.005, enclosure grid 0.0025, node ceiling 57601, and every remaining inferential setting","ED1_TANGENCY_SV_POWER_n4000","diagnostic","TANGENCY_SV_POWER",4000,4000,"absolute","K1",0.25,1.5,"depth6_reference","depth8_refined","ED1_003_TANGENCY_SV_POWER_n4000_depth6_reference","ED1_004_TANGENCY_SV_POWER_n4000_depth8_refined","binary","tangency_local_outer_nonempty",254,254,254,254,254,252,252,0,0,0,0,0,0.0148985304313125,0.992125984251969,0.992125984251969,0,0,0,0,0,0
"enclosure_depth_v001","depth8_refined_minus_depth6_reference","maximum continuum-enclosure depth 8 minus 6, with guard depth fixed at 6 and with identical samples, multipliers, B=999, bootstrap grid 0.005, enclosure grid 0.0025, node ceiling 57601, and every remaining inferential setting","ED1_TANGENCY_SV_POWER_n8000","diagnostic","TANGENCY_SV_POWER",8000,8000,"absolute","K1",0.25,1.5,"depth6_reference","depth8_refined","ED1_005_TANGENCY_SV_POWER_n8000_depth6_reference","ED1_006_TANGENCY_SV_POWER_n8000_depth8_refined","binary","tangency_local_outer_nonempty",254,254,254,254,254,250,250,0,0,0,0,0,0.0148985304313125,0.984251968503937,0.984251968503937,0,0,0,0,0,0
"enclosure_depth_v001","depth8_refined_minus_depth6_reference","maximum continuum-enclosure depth 8 minus 6, with guard depth fixed at 6 and with identical samples, multipliers, B=999, bootstrap grid 0.005, enclosure grid 0.0025, node ceiling 57601, and every remaining inferential setting","ED1_TANGENCY_SV_POWER_n2000","diagnostic","TANGENCY_SV_POWER",2000,2000,"absolute","K1",0.25,1.5,"depth6_reference","depth8_refined","ED1_001_TANGENCY_SV_POWER_n2000_depth6_reference","ED1_002_TANGENCY_SV_POWER_n2000_depth8_refined","binary","tangency_localization_applicable",254,254,254,254,254,254,254,0,0,0,0,0,0.0148985304313125,1,1,0,0,0,0,0,0
"enclosure_depth_v001","depth8_refined_minus_depth6_reference","maximum continuum-enclosure depth 8 minus 6, with guard depth fixed at 6 and with identical samples, multipliers, B=999, bootstrap grid 0.005, enclosure grid 0.0025, node ceiling 57601, and every remaining inferential setting","ED1_TANGENCY_SV_POWER_n4000","diagnostic","TANGENCY_SV_POWER",4000,4000,"absolute","K1",0.25,1.5,"depth6_reference","depth8_refined","ED1_003_TANGENCY_SV_POWER_n4000_depth6_reference","ED1_004_TANGENCY_SV_POWER_n4000_depth8_refined","binary","tangency_localization_applicable",254,254,254,254,254,254,254,0,0,0,0,0,0.0148985304313125,1,1,0,0,0,0,0,0
"enclosure_depth_v001","depth8_refined_minus_depth6_reference","maximum continuum-enclosure depth 8 minus 6, with guard depth fixed at 6 and with identical samples, multipliers, B=999, bootstrap grid 0.005, enclosure grid 0.0025, node ceiling 57601, and every remaining inferential setting","ED1_TANGENCY_SV_POWER_n8000","diagnostic","TANGENCY_SV_POWER",8000,8000,"absolute","K1",0.25,1.5,"depth6_reference","depth8_refined","ED1_005_TANGENCY_SV_POWER_n8000_depth6_reference","ED1_006_TANGENCY_SV_POWER_n8000_depth8_refined","binary","tangency_localization_applicable",254,254,254,254,254,254,254,0,0,0,0,0,0.0148985304313125,1,1,0,0,0,0,0,0
"enclosure_depth_v001","depth8_refined_minus_depth6_reference","maximum continuum-enclosure depth 8 minus 6, with guard depth fixed at 6 and with identical samples, multipliers, B=999, bootstrap grid 0.005, enclosure grid 0.0025, node ceiling 57601, and every remaining inferential setting","ED1_TANGENCY_SV_POWER_n2000","diagnostic","TANGENCY_SV_POWER",2000,2000,"absolute","K1",0.25,1.5,"depth6_reference","depth8_refined","ED1_001_TANGENCY_SV_POWER_n2000_depth6_reference","ED1_002_TANGENCY_SV_POWER_n2000_depth8_refined","binary","tangency_truncated_local_censored_by_window",254,254,254,254,254,242,242,0,0,0,0,0,0.0148985304313125,0.952755905511811,0.952755905511811,0,0,0,0,0,0
"enclosure_depth_v001","depth8_refined_minus_depth6_reference","maximum continuum-enclosure depth 8 minus 6, with guard depth fixed at 6 and with identical samples, multipliers, B=999, bootstrap grid 0.005, enclosure grid 0.0025, node ceiling 57601, and every remaining inferential setting","ED1_TANGENCY_SV_POWER_n4000","diagnostic","TANGENCY_SV_POWER",4000,4000,"absolute","K1",0.25,1.5,"depth6_reference","depth8_refined","ED1_003_TANGENCY_SV_POWER_n4000_depth6_reference","ED1_004_TANGENCY_SV_POWER_n4000_depth8_refined","binary","tangency_truncated_local_censored_by_window",254,254,254,254,254,225,225,0,0,0,0,0,0.0148985304313125,0.885826771653543,0.885826771653543,0,0,0,0,0,0
"enclosure_depth_v001","depth8_refined_minus_depth6_reference","maximum continuum-enclosure depth 8 minus 6, with guard depth fixed at 6 and with identical samples, multipliers, B=999, bootstrap grid 0.005, enclosure grid 0.0025, node ceiling 57601, and every remaining inferential setting","ED1_TANGENCY_SV_POWER_n8000","diagnostic","TANGENCY_SV_POWER",8000,8000,"absolute","K1",0.25,1.5,"depth6_reference","depth8_refined","ED1_005_TANGENCY_SV_POWER_n8000_depth6_reference","ED1_006_TANGENCY_SV_POWER_n8000_depth8_refined","binary","tangency_truncated_local_censored_by_window",254,254,254,254,254,200,200,0,0,0,0,0,0.0148985304313125,0.78740157480315,0.78740157480315,0,0,0,0,0,0
"enclosure_depth_v001","depth8_refined_minus_depth6_reference","maximum continuum-enclosure depth 8 minus 6, with guard depth fixed at 6 and with identical samples, multipliers, B=999, bootstrap grid 0.005, enclosure grid 0.0025, node ceiling 57601, and every remaining inferential setting","ED1_TANGENCY_SV_POWER_n2000","diagnostic","TANGENCY_SV_POWER",2000,2000,"absolute","K1",0.25,1.5,"depth6_reference","depth8_refined","ED1_001_TANGENCY_SV_POWER_n2000_depth6_reference","ED1_002_TANGENCY_SV_POWER_n2000_depth8_refined","binary","tangency_truncated_local_outer_nonempty",254,254,254,254,254,252,252,0,0,0,0,0,0.0148985304313125,0.992125984251969,0.992125984251969,0,0,0,0,0,0
"enclosure_depth_v001","depth8_refined_minus_depth6_reference","maximum continuum-enclosure depth 8 minus 6, with guard depth fixed at 6 and with identical samples, multipliers, B=999, bootstrap grid 0.005, enclosure grid 0.0025, node ceiling 57601, and every remaining inferential setting","ED1_TANGENCY_SV_POWER_n4000","diagnostic","TANGENCY_SV_POWER",4000,4000,"absolute","K1",0.25,1.5,"depth6_reference","depth8_refined","ED1_003_TANGENCY_SV_POWER_n4000_depth6_reference","ED1_004_TANGENCY_SV_POWER_n4000_depth8_refined","binary","tangency_truncated_local_outer_nonempty",254,254,254,254,254,252,252,0,0,0,0,0,0.0148985304313125,0.992125984251969,0.992125984251969,0,0,0,0,0,0
"enclosure_depth_v001","depth8_refined_minus_depth6_reference","maximum continuum-enclosure depth 8 minus 6, with guard depth fixed at 6 and with identical samples, multipliers, B=999, bootstrap grid 0.005, enclosure grid 0.0025, node ceiling 57601, and every remaining inferential setting","ED1_TANGENCY_SV_POWER_n8000","diagnostic","TANGENCY_SV_POWER",8000,8000,"absolute","K1",0.25,1.5,"depth6_reference","depth8_refined","ED1_005_TANGENCY_SV_POWER_n8000_depth6_reference","ED1_006_TANGENCY_SV_POWER_n8000_depth8_refined","binary","tangency_truncated_local_outer_nonempty",254,254,254,254,254,250,250,0,0,0,0,0,0.0148985304313125,0.984251968503937,0.984251968503937,0,0,0,0,0,0
"enclosure_depth_v001","depth8_refined_minus_depth6_reference","maximum continuum-enclosure depth 8 minus 6, with guard depth fixed at 6 and with identical samples, multipliers, B=999, bootstrap grid 0.005, enclosure grid 0.0025, node ceiling 57601, and every remaining inferential setting","ED1_TANGENCY_SV_POWER_n2000","diagnostic","TANGENCY_SV_POWER",2000,2000,"absolute","K1",0.25,1.5,"depth6_reference","depth8_refined","ED1_001_TANGENCY_SV_POWER_n2000_depth6_reference","ED1_002_TANGENCY_SV_POWER_n2000_depth8_refined","binary","tangency_truncated_local_touches_left_boundary",254,254,254,254,254,235,235,0,0,0,0,0,0.0148985304313125,0.925196850393701,0.925196850393701,0,0,0,0,0,0
"enclosure_depth_v001","depth8_refined_minus_depth6_reference","maximum continuum-enclosure depth 8 minus 6, with guard depth fixed at 6 and with identical samples, multipliers, B=999, bootstrap grid 0.005, enclosure grid 0.0025, node ceiling 57601, and every remaining inferential setting","ED1_TANGENCY_SV_POWER_n4000","diagnostic","TANGENCY_SV_POWER",4000,4000,"absolute","K1",0.25,1.5,"depth6_reference","depth8_refined","ED1_003_TANGENCY_SV_POWER_n4000_depth6_reference","ED1_004_TANGENCY_SV_POWER_n4000_depth8_refined","binary","tangency_truncated_local_touches_left_boundary",254,254,254,254,254,203,203,0,0,0,0,0,0.0148985304313125,0.799212598425197,0.799212598425197,0,0,0,0,0,0
"enclosure_depth_v001","depth8_refined_minus_depth6_reference","maximum continuum-enclosure depth 8 minus 6, with guard depth fixed at 6 and with identical samples, multipliers, B=999, bootstrap grid 0.005, enclosure grid 0.0025, node ceiling 57601, and every remaining inferential setting","ED1_TANGENCY_SV_POWER_n8000","diagnostic","TANGENCY_SV_POWER",8000,8000,"absolute","K1",0.25,1.5,"depth6_reference","depth8_refined","ED1_005_TANGENCY_SV_POWER_n8000_depth6_reference","ED1_006_TANGENCY_SV_POWER_n8000_depth8_refined","binary","tangency_truncated_local_touches_left_boundary",254,254,254,254,254,167,167,0,0,0,0,0,0.0148985304313125,0.65748031496063,0.65748031496063,0,0,0,0,0,0
"enclosure_depth_v001","depth8_refined_minus_depth6_reference","maximum continuum-enclosure depth 8 minus 6, with guard depth fixed at 6 and with identical samples, multipliers, B=999, bootstrap grid 0.005, enclosure grid 0.0025, node ceiling 57601, and every remaining inferential setting","ED1_TANGENCY_SV_POWER_n2000","diagnostic","TANGENCY_SV_POWER",2000,2000,"absolute","K1",0.25,1.5,"depth6_reference","depth8_refined","ED1_001_TANGENCY_SV_POWER_n2000_depth6_reference","ED1_002_TANGENCY_SV_POWER_n2000_depth8_refined","binary","tangency_truncated_local_touches_right_boundary",254,254,254,254,254,240,240,0,0,0,0,0,0.0148985304313125,0.94488188976378,0.94488188976378,0,0,0,0,0,0
"enclosure_depth_v001","depth8_refined_minus_depth6_reference","maximum continuum-enclosure depth 8 minus 6, with guard depth fixed at 6 and with identical samples, multipliers, B=999, bootstrap grid 0.005, enclosure grid 0.0025, node ceiling 57601, and every remaining inferential setting","ED1_TANGENCY_SV_POWER_n4000","diagnostic","TANGENCY_SV_POWER",4000,4000,"absolute","K1",0.25,1.5,"depth6_reference","depth8_refined","ED1_003_TANGENCY_SV_POWER_n4000_depth6_reference","ED1_004_TANGENCY_SV_POWER_n4000_depth8_refined","binary","tangency_truncated_local_touches_right_boundary",254,254,254,254,254,224,224,0,0,0,0,0,0.0148985304313125,0.881889763779528,0.881889763779528,0,0,0,0,0,0
"enclosure_depth_v001","depth8_refined_minus_depth6_reference","maximum continuum-enclosure depth 8 minus 6, with guard depth fixed at 6 and with identical samples, multipliers, B=999, bootstrap grid 0.005, enclosure grid 0.0025, node ceiling 57601, and every remaining inferential setting","ED1_TANGENCY_SV_POWER_n8000","diagnostic","TANGENCY_SV_POWER",8000,8000,"absolute","K1",0.25,1.5,"depth6_reference","depth8_refined","ED1_005_TANGENCY_SV_POWER_n8000_depth6_reference","ED1_006_TANGENCY_SV_POWER_n8000_depth8_refined","binary","tangency_truncated_local_touches_right_boundary",254,254,254,254,254,199,199,0,0,0,0,0,0.0148985304313125,0.783464566929134,0.783464566929134,0,0,0,0,0,0
"enclosure_depth_v001","depth8_refined_minus_depth6_reference","maximum continuum-enclosure depth 8 minus 6, with guard depth fixed at 6 and with identical samples, multipliers, B=999, bootstrap grid 0.005, enclosure grid 0.0025, node ceiling 57601, and every remaining inferential setting","ED1_TANGENCY_SV_POWER_n2000","diagnostic","TANGENCY_SV_POWER",2000,2000,"absolute","K1",0.25,1.5,"depth6_reference","depth8_refined","ED1_001_TANGENCY_SV_POWER_n2000_depth6_reference","ED1_002_TANGENCY_SV_POWER_n2000_depth8_refined","binary","wald_conditional_cover",254,254,254,254,0,0,0,0,0,0,,,,,,,,,,,
"enclosure_depth_v001","depth8_refined_minus_depth6_reference","maximum continuum-enclosure depth 8 minus 6, with guard depth fixed at 6 and with identical samples, multipliers, B=999, bootstrap grid 0.005, enclosure grid 0.0025, node ceiling 57601, and every remaining inferential setting","ED1_TANGENCY_SV_POWER_n4000","diagnostic","TANGENCY_SV_POWER",4000,4000,"absolute","K1",0.25,1.5,"depth6_reference","depth8_refined","ED1_003_TANGENCY_SV_POWER_n4000_depth6_reference","ED1_004_TANGENCY_SV_POWER_n4000_depth8_refined","binary","wald_conditional_cover",254,254,254,254,0,0,0,0,0,0,,,,,,,,,,,
"enclosure_depth_v001","depth8_refined_minus_depth6_reference","maximum continuum-enclosure depth 8 minus 6, with guard depth fixed at 6 and with identical samples, multipliers, B=999, bootstrap grid 0.005, enclosure grid 0.0025, node ceiling 57601, and every remaining inferential setting","ED1_TANGENCY_SV_POWER_n8000","diagnostic","TANGENCY_SV_POWER",8000,8000,"absolute","K1",0.25,1.5,"depth6_reference","depth8_refined","ED1_005_TANGENCY_SV_POWER_n8000_depth6_reference","ED1_006_TANGENCY_SV_POWER_n8000_depth8_refined","binary","wald_conditional_cover",254,254,254,254,0,0,0,0,0,0,,,,,,,,,,,
"enclosure_depth_v001","depth8_refined_minus_depth6_reference","maximum continuum-enclosure depth 8 minus 6, with guard depth fixed at 6 and with identical samples, multipliers, B=999, bootstrap grid 0.005, enclosure grid 0.0025, node ceiling 57601, and every remaining inferential setting","ED1_TANGENCY_SV_POWER_n2000","diagnostic","TANGENCY_SV_POWER",2000,2000,"absolute","K1",0.25,1.5,"depth6_reference","depth8_refined","ED1_001_TANGENCY_SV_POWER_n2000_depth6_reference","ED1_002_TANGENCY_SV_POWER_n2000_depth8_refined","binary","wald_formal_unconditional_cover",254,254,254,254,0,0,0,0,0,0,,,,,,,,,,,
"enclosure_depth_v001","depth8_refined_minus_depth6_reference","maximum continuum-enclosure depth 8 minus 6, with guard depth fixed at 6 and with identical samples, multipliers, B=999, bootstrap grid 0.005, enclosure grid 0.0025, node ceiling 57601, and every remaining inferential setting","ED1_TANGENCY_SV_POWER_n4000","diagnostic","TANGENCY_SV_POWER",4000,4000,"absolute","K1",0.25,1.5,"depth6_reference","depth8_refined","ED1_003_TANGENCY_SV_POWER_n4000_depth6_reference","ED1_004_TANGENCY_SV_POWER_n4000_depth8_refined","binary","wald_formal_unconditional_cover",254,254,254,254,0,0,0,0,0,0,,,,,,,,,,,
"enclosure_depth_v001","depth8_refined_minus_depth6_reference","maximum continuum-enclosure depth 8 minus 6, with guard depth fixed at 6 and with identical samples, multipliers, B=999, bootstrap grid 0.005, enclosure grid 0.0025, node ceiling 57601, and every remaining inferential setting","ED1_TANGENCY_SV_POWER_n8000","diagnostic","TANGENCY_SV_POWER",8000,8000,"absolute","K1",0.25,1.5,"depth6_reference","depth8_refined","ED1_005_TANGENCY_SV_POWER_n8000_depth6_reference","ED1_006_TANGENCY_SV_POWER_n8000_depth8_refined","binary","wald_formal_unconditional_cover",254,254,254,254,0,0,0,0,0,0,,,,,,,,,,,
"enclosure_depth_v001","depth8_refined_minus_depth6_reference","maximum continuum-enclosure depth 8 minus 6, with guard depth fixed at 6 and with identical samples, multipliers, B=999, bootstrap grid 0.005, enclosure grid 0.0025, node ceiling 57601, and every remaining inferential setting","ED1_TANGENCY_SV_POWER_n2000","diagnostic","TANGENCY_SV_POWER",2000,2000,"absolute","K1",0.25,1.5,"depth6_reference","depth8_refined","ED1_001_TANGENCY_SV_POWER_n2000_depth6_reference","ED1_002_TANGENCY_SV_POWER_n2000_depth8_refined","binary","wald_report_and_cover",254,254,254,254,0,0,0,0,0,0,,,,,,,,,,,
"enclosure_depth_v001","depth8_refined_minus_depth6_reference","maximum continuum-enclosure depth 8 minus 6, with guard depth fixed at 6 and with identical samples, multipliers, B=999, bootstrap grid 0.005, enclosure grid 0.0025, node ceiling 57601, and every remaining inferential setting","ED1_TANGENCY_SV_POWER_n4000","diagnostic","TANGENCY_SV_POWER",4000,4000,"absolute","K1",0.25,1.5,"depth6_reference","depth8_refined","ED1_003_TANGENCY_SV_POWER_n4000_depth6_reference","ED1_004_TANGENCY_SV_POWER_n4000_depth8_refined","binary","wald_report_and_cover",254,254,254,254,0,0,0,0,0,0,,,,,,,,,,,
"enclosure_depth_v001","depth8_refined_minus_depth6_reference","maximum continuum-enclosure depth 8 minus 6, with guard depth fixed at 6 and with identical samples, multipliers, B=999, bootstrap grid 0.005, enclosure grid 0.0025, node ceiling 57601, and every remaining inferential setting","ED1_TANGENCY_SV_POWER_n8000","diagnostic","TANGENCY_SV_POWER",8000,8000,"absolute","K1",0.25,1.5,"depth6_reference","depth8_refined","ED1_005_TANGENCY_SV_POWER_n8000_depth6_reference","ED1_006_TANGENCY_SV_POWER_n8000_depth8_refined","binary","wald_report_and_cover",254,254,254,254,0,0,0,0,0,0,,,,,,,,,,,
"enclosure_depth_v001","depth8_refined_minus_depth6_reference","maximum continuum-enclosure depth 8 minus 6, with guard depth fixed at 6 and with identical samples, multipliers, B=999, bootstrap grid 0.005, enclosure grid 0.0025, node ceiling 57601, and every remaining inferential setting","ED1_TANGENCY_SV_POWER_n2000","diagnostic","TANGENCY_SV_POWER",2000,2000,"absolute","K1",0.25,1.5,"depth6_reference","depth8_refined","ED1_001_TANGENCY_SV_POWER_n2000_depth6_reference","ED1_002_TANGENCY_SV_POWER_n2000_depth8_refined","binary","wald_reported",254,254,254,254,0,0,0,0,0,0,,,,,,,,,,,
"enclosure_depth_v001","depth8_refined_minus_depth6_reference","maximum continuum-enclosure depth 8 minus 6, with guard depth fixed at 6 and with identical samples, multipliers, B=999, bootstrap grid 0.005, enclosure grid 0.0025, node ceiling 57601, and every remaining inferential setting","ED1_TANGENCY_SV_POWER_n4000","diagnostic","TANGENCY_SV_POWER",4000,4000,"absolute","K1",0.25,1.5,"depth6_reference","depth8_refined","ED1_003_TANGENCY_SV_POWER_n4000_depth6_reference","ED1_004_TANGENCY_SV_POWER_n4000_depth8_refined","binary","wald_reported",254,254,254,254,0,0,0,0,0,0,,,,,,,,,,,
"enclosure_depth_v001","depth8_refined_minus_depth6_reference","maximum continuum-enclosure depth 8 minus 6, with guard depth fixed at 6 and with identical samples, multipliers, B=999, bootstrap grid 0.005, enclosure grid 0.0025, node ceiling 57601, and every remaining inferential setting","ED1_TANGENCY_SV_POWER_n8000","diagnostic","TANGENCY_SV_POWER",8000,8000,"absolute","K1",0.25,1.5,"depth6_reference","depth8_refined","ED1_005_TANGENCY_SV_POWER_n8000_depth6_reference","ED1_006_TANGENCY_SV_POWER_n8000_depth8_refined","binary","wald_reported",254,254,254,254,0,0,0,0,0,0,,,,,,,,,,,
"enclosure_depth_v001","depth8_refined_minus_depth6_reference","maximum continuum-enclosure depth 8 minus 6, with guard depth fixed at 6 and with identical samples, multipliers, B=999, bootstrap grid 0.005, enclosure grid 0.0025, node ceiling 57601, and every remaining inferential setting","ED1_TANGENCY_SV_POWER_n2000","diagnostic","TANGENCY_SV_POWER",2000,2000,"absolute","K1",0.25,1.5,"depth6_reference","depth8_refined","ED1_001_TANGENCY_SV_POWER_n2000_depth6_reference","ED1_002_TANGENCY_SV_POWER_n2000_depth8_refined","binary","zero_budget_diagnostic_applicable",254,254,254,254,254,0,0,0,0,0,0,0,0.0148985304313125,0,0,0,0,0,0,0,0
"enclosure_depth_v001","depth8_refined_minus_depth6_reference","maximum continuum-enclosure depth 8 minus 6, with guard depth fixed at 6 and with identical samples, multipliers, B=999, bootstrap grid 0.005, enclosure grid 0.0025, node ceiling 57601, and every remaining inferential setting","ED1_TANGENCY_SV_POWER_n4000","diagnostic","TANGENCY_SV_POWER",4000,4000,"absolute","K1",0.25,1.5,"depth6_reference","depth8_refined","ED1_003_TANGENCY_SV_POWER_n4000_depth6_reference","ED1_004_TANGENCY_SV_POWER_n4000_depth8_refined","binary","zero_budget_diagnostic_applicable",254,254,254,254,254,0,0,0,0,0,0,0,0.0148985304313125,0,0,0,0,0,0,0,0
"enclosure_depth_v001","depth8_refined_minus_depth6_reference","maximum continuum-enclosure depth 8 minus 6, with guard depth fixed at 6 and with identical samples, multipliers, B=999, bootstrap grid 0.005, enclosure grid 0.0025, node ceiling 57601, and every remaining inferential setting","ED1_TANGENCY_SV_POWER_n8000","diagnostic","TANGENCY_SV_POWER",8000,8000,"absolute","K1",0.25,1.5,"depth6_reference","depth8_refined","ED1_005_TANGENCY_SV_POWER_n8000_depth6_reference","ED1_006_TANGENCY_SV_POWER_n8000_depth8_refined","binary","zero_budget_diagnostic_applicable",254,254,254,254,254,0,0,0,0,0,0,0,0.0148985304313125,0,0,0,0,0,0,0,0
"enclosure_depth_v001","depth8_refined_minus_depth6_reference","maximum continuum-enclosure depth 8 minus 6, with guard depth fixed at 6 and with identical samples, multipliers, B=999, bootstrap grid 0.005, enclosure grid 0.0025, node ceiling 57601, and every remaining inferential setting","ED1_TANGENCY_SV_POWER_n2000","diagnostic","TANGENCY_SV_POWER",2000,2000,"absolute","K1",0.25,1.5,"depth6_reference","depth8_refined","ED1_001_TANGENCY_SV_POWER_n2000_depth6_reference","ED1_002_TANGENCY_SV_POWER_n2000_depth8_refined","binary","zero_budget_rejected",254,254,254,254,254,8,8,0,0,0,0,0,0.0148985304313125,0.031496062992126,0.031496062992126,0,0,0,0,0,0
"enclosure_depth_v001","depth8_refined_minus_depth6_reference","maximum continuum-enclosure depth 8 minus 6, with guard depth fixed at 6 and with identical samples, multipliers, B=999, bootstrap grid 0.005, enclosure grid 0.0025, node ceiling 57601, and every remaining inferential setting","ED1_TANGENCY_SV_POWER_n4000","diagnostic","TANGENCY_SV_POWER",4000,4000,"absolute","K1",0.25,1.5,"depth6_reference","depth8_refined","ED1_003_TANGENCY_SV_POWER_n4000_depth6_reference","ED1_004_TANGENCY_SV_POWER_n4000_depth8_refined","binary","zero_budget_rejected",254,254,254,254,254,4,4,0,0,0,0,0,0.0148985304313125,0.015748031496063,0.015748031496063,0,0,0,0,0,0
"enclosure_depth_v001","depth8_refined_minus_depth6_reference","maximum continuum-enclosure depth 8 minus 6, with guard depth fixed at 6 and with identical samples, multipliers, B=999, bootstrap grid 0.005, enclosure grid 0.0025, node ceiling 57601, and every remaining inferential setting","ED1_TANGENCY_SV_POWER_n8000","diagnostic","TANGENCY_SV_POWER",8000,8000,"absolute","K1",0.25,1.5,"depth6_reference","depth8_refined","ED1_005_TANGENCY_SV_POWER_n8000_depth6_reference","ED1_006_TANGENCY_SV_POWER_n8000_depth8_refined","binary","zero_budget_rejected",254,254,254,254,254,6,6,0,0,0,0,0,0.0148985304313125,0.0236220472440945,0.0236220472440945,0,0,0,0,0,0
"enclosure_depth_v001","depth8_refined_minus_depth6_reference","maximum continuum-enclosure depth 8 minus 6, with guard depth fixed at 6 and with identical samples, multipliers, B=999, bootstrap grid 0.005, enclosure grid 0.0025, node ceiling 57601, and every remaining inferential setting","ED1_TANGENCY_SV_POWER_n2000","diagnostic","TANGENCY_SV_POWER",2000,2000,"absolute","K1",0.25,1.5,"depth6_reference","depth8_refined","ED1_001_TANGENCY_SV_POWER_n2000_depth6_reference","ED1_002_TANGENCY_SV_POWER_n2000_depth8_refined","continuous","bootstrap_grid_size",254,254,254,254,254,,,,,,,,,251,251,0,0,0,0,0,0
"enclosure_depth_v001","depth8_refined_minus_depth6_reference","maximum continuum-enclosure depth 8 minus 6, with guard depth fixed at 6 and with identical samples, multipliers, B=999, bootstrap grid 0.005, enclosure grid 0.0025, node ceiling 57601, and every remaining inferential setting","ED1_TANGENCY_SV_POWER_n4000","diagnostic","TANGENCY_SV_POWER",4000,4000,"absolute","K1",0.25,1.5,"depth6_reference","depth8_refined","ED1_003_TANGENCY_SV_POWER_n4000_depth6_reference","ED1_004_TANGENCY_SV_POWER_n4000_depth8_refined","continuous","bootstrap_grid_size",254,254,254,254,254,,,,,,,,,251,251,0,0,0,0,0,0
"enclosure_depth_v001","depth8_refined_minus_depth6_reference","maximum continuum-enclosure depth 8 minus 6, with guard depth fixed at 6 and with identical samples, multipliers, B=999, bootstrap grid 0.005, enclosure grid 0.0025, node ceiling 57601, and every remaining inferential setting","ED1_TANGENCY_SV_POWER_n8000","diagnostic","TANGENCY_SV_POWER",8000,8000,"absolute","K1",0.25,1.5,"depth6_reference","depth8_refined","ED1_005_TANGENCY_SV_POWER_n8000_depth6_reference","ED1_006_TANGENCY_SV_POWER_n8000_depth8_refined","continuous","bootstrap_grid_size",254,254,254,254,254,,,,,,,,,251,251,0,0,0,0,0,0
"enclosure_depth_v001","depth8_refined_minus_depth6_reference","maximum continuum-enclosure depth 8 minus 6, with guard depth fixed at 6 and with identical samples, multipliers, B=999, bootstrap grid 0.005, enclosure grid 0.0025, node ceiling 57601, and every remaining inferential setting","ED1_TANGENCY_SV_POWER_n2000","diagnostic","TANGENCY_SV_POWER",2000,2000,"absolute","K1",0.25,1.5,"depth6_reference","depth8_refined","ED1_001_TANGENCY_SV_POWER_n2000_depth6_reference","ED1_002_TANGENCY_SV_POWER_n2000_depth8_refined","continuous","bootstrap_grid_spacing",254,254,254,254,254,,,,,,,,,0.00500000000000012,0.00500000000000012,0,0,0,0,0,0
"enclosure_depth_v001","depth8_refined_minus_depth6_reference","maximum continuum-enclosure depth 8 minus 6, with guard depth fixed at 6 and with identical samples, multipliers, B=999, bootstrap grid 0.005, enclosure grid 0.0025, node ceiling 57601, and every remaining inferential setting","ED1_TANGENCY_SV_POWER_n4000","diagnostic","TANGENCY_SV_POWER",4000,4000,"absolute","K1",0.25,1.5,"depth6_reference","depth8_refined","ED1_003_TANGENCY_SV_POWER_n4000_depth6_reference","ED1_004_TANGENCY_SV_POWER_n4000_depth8_refined","continuous","bootstrap_grid_spacing",254,254,254,254,254,,,,,,,,,0.00500000000000012,0.00500000000000012,0,0,0,0,0,0
"enclosure_depth_v001","depth8_refined_minus_depth6_reference","maximum continuum-enclosure depth 8 minus 6, with guard depth fixed at 6 and with identical samples, multipliers, B=999, bootstrap grid 0.005, enclosure grid 0.0025, node ceiling 57601, and every remaining inferential setting","ED1_TANGENCY_SV_POWER_n8000","diagnostic","TANGENCY_SV_POWER",8000,8000,"absolute","K1",0.25,1.5,"depth6_reference","depth8_refined","ED1_005_TANGENCY_SV_POWER_n8000_depth6_reference","ED1_006_TANGENCY_SV_POWER_n8000_depth8_refined","continuous","bootstrap_grid_spacing",254,254,254,254,254,,,,,,,,,0.00500000000000012,0.00500000000000012,0,0,0,0,0,0
"enclosure_depth_v001","depth8_refined_minus_depth6_reference","maximum continuum-enclosure depth 8 minus 6, with guard depth fixed at 6 and with identical samples, multipliers, B=999, bootstrap grid 0.005, enclosure grid 0.0025, node ceiling 57601, and every remaining inferential setting","ED1_TANGENCY_SV_POWER_n2000","diagnostic","TANGENCY_SV_POWER",2000,2000,"absolute","K1",0.25,1.5,"depth6_reference","depth8_refined","ED1_001_TANGENCY_SV_POWER_n2000_depth6_reference","ED1_002_TANGENCY_SV_POWER_n2000_depth8_refined","continuous","bracket_count",254,254,254,254,254,,,,,,,,,0.031496062992126,0.031496062992126,0,0,0,0,0,0
"enclosure_depth_v001","depth8_refined_minus_depth6_reference","maximum continuum-enclosure depth 8 minus 6, with guard depth fixed at 6 and with identical samples, multipliers, B=999, bootstrap grid 0.005, enclosure grid 0.0025, node ceiling 57601, and every remaining inferential setting","ED1_TANGENCY_SV_POWER_n4000","diagnostic","TANGENCY_SV_POWER",4000,4000,"absolute","K1",0.25,1.5,"depth6_reference","depth8_refined","ED1_003_TANGENCY_SV_POWER_n4000_depth6_reference","ED1_004_TANGENCY_SV_POWER_n4000_depth8_refined","continuous","bracket_count",254,254,254,254,254,,,,,,,,,0.015748031496063,0.015748031496063,0,0,0,0,0,0
"enclosure_depth_v001","depth8_refined_minus_depth6_reference","maximum continuum-enclosure depth 8 minus 6, with guard depth fixed at 6 and with identical samples, multipliers, B=999, bootstrap grid 0.005, enclosure grid 0.0025, node ceiling 57601, and every remaining inferential setting","ED1_TANGENCY_SV_POWER_n8000","diagnostic","TANGENCY_SV_POWER",8000,8000,"absolute","K1",0.25,1.5,"depth6_reference","depth8_refined","ED1_005_TANGENCY_SV_POWER_n8000_depth6_reference","ED1_006_TANGENCY_SV_POWER_n8000_depth8_refined","continuous","bracket_count",254,254,254,254,254,,,,,,,,,0.0236220472440945,0.0236220472440945,0,0,0,0,0,0
"enclosure_depth_v001","depth8_refined_minus_depth6_reference","maximum continuum-enclosure depth 8 minus 6, with guard depth fixed at 6 and with identical samples, multipliers, B=999, bootstrap grid 0.005, enclosure grid 0.0025, node ceiling 57601, and every remaining inferential setting","ED1_TANGENCY_SV_POWER_n2000","diagnostic","TANGENCY_SV_POWER",2000,2000,"absolute","K1",0.25,1.5,"depth6_reference","depth8_refined","ED1_001_TANGENCY_SV_POWER_n2000_depth6_reference","ED1_002_TANGENCY_SV_POWER_n2000_depth8_refined","continuous","bracket_length",254,254,254,254,8,,,,,,,,,0.86375,0.86375,0,0,0,0,0,0
"enclosure_depth_v001","depth8_refined_minus_depth6_reference","maximum continuum-enclosure depth 8 minus 6, with guard depth fixed at 6 and with identical samples, multipliers, B=999, bootstrap grid 0.005, enclosure grid 0.0025, node ceiling 57601, and every remaining inferential setting","ED1_TANGENCY_SV_POWER_n4000","diagnostic","TANGENCY_SV_POWER",4000,4000,"absolute","K1",0.25,1.5,"depth6_reference","depth8_refined","ED1_003_TANGENCY_SV_POWER_n4000_depth6_reference","ED1_004_TANGENCY_SV_POWER_n4000_depth8_refined","continuous","bracket_length",254,254,254,254,4,,,,,,,,,0.75875,0.75875,0,0,0,0,0,0
"enclosure_depth_v001","depth8_refined_minus_depth6_reference","maximum continuum-enclosure depth 8 minus 6, with guard depth fixed at 6 and with identical samples, multipliers, B=999, bootstrap grid 0.005, enclosure grid 0.0025, node ceiling 57601, and every remaining inferential setting","ED1_TANGENCY_SV_POWER_n8000","diagnostic","TANGENCY_SV_POWER",8000,8000,"absolute","K1",0.25,1.5,"depth6_reference","depth8_refined","ED1_005_TANGENCY_SV_POWER_n8000_depth6_reference","ED1_006_TANGENCY_SV_POWER_n8000_depth8_refined","continuous","bracket_length",254,254,254,254,6,,,,,,,,,0.595,0.595,0,0,0,0,0,0
"enclosure_depth_v001","depth8_refined_minus_depth6_reference","maximum continuum-enclosure depth 8 minus 6, with guard depth fixed at 6 and with identical samples, multipliers, B=999, bootstrap grid 0.005, enclosure grid 0.0025, node ceiling 57601, and every remaining inferential setting","ED1_TANGENCY_SV_POWER_n2000","diagnostic","TANGENCY_SV_POWER",2000,2000,"absolute","K1",0.25,1.5,"depth6_reference","depth8_refined","ED1_001_TANGENCY_SV_POWER_n2000_depth6_reference","ED1_002_TANGENCY_SV_POWER_n2000_depth8_refined","continuous","certified_alternation_count",254,254,254,254,254,,,,,,,,,0.031496062992126,0.031496062992126,0,0,0,0,0,0
"enclosure_depth_v001","depth8_refined_minus_depth6_reference","maximum continuum-enclosure depth 8 minus 6, with guard depth fixed at 6 and with identical samples, multipliers, B=999, bootstrap grid 0.005, enclosure grid 0.0025, node ceiling 57601, and every remaining inferential setting","ED1_TANGENCY_SV_POWER_n4000","diagnostic","TANGENCY_SV_POWER",4000,4000,"absolute","K1",0.25,1.5,"depth6_reference","depth8_refined","ED1_003_TANGENCY_SV_POWER_n4000_depth6_reference","ED1_004_TANGENCY_SV_POWER_n4000_depth8_refined","continuous","certified_alternation_count",254,254,254,254,254,,,,,,,,,0.015748031496063,0.015748031496063,0,0,0,0,0,0
"enclosure_depth_v001","depth8_refined_minus_depth6_reference","maximum continuum-enclosure depth 8 minus 6, with guard depth fixed at 6 and with identical samples, multipliers, B=999, bootstrap grid 0.005, enclosure grid 0.0025, node ceiling 57601, and every remaining inferential setting","ED1_TANGENCY_SV_POWER_n8000","diagnostic","TANGENCY_SV_POWER",8000,8000,"absolute","K1",0.25,1.5,"depth6_reference","depth8_refined","ED1_005_TANGENCY_SV_POWER_n8000_depth6_reference","ED1_006_TANGENCY_SV_POWER_n8000_depth8_refined","continuous","certified_alternation_count",254,254,254,254,254,,,,,,,,,0.0236220472440945,0.0236220472440945,0,0,0,0,0,0
"enclosure_depth_v001","depth8_refined_minus_depth6_reference","maximum continuum-enclosure depth 8 minus 6, with guard depth fixed at 6 and with identical samples, multipliers, B=999, bootstrap grid 0.005, enclosure grid 0.0025, node ceiling 57601, and every remaining inferential setting","ED1_TANGENCY_SV_POWER_n2000","diagnostic","TANGENCY_SV_POWER",2000,2000,"absolute","K1",0.25,1.5,"depth6_reference","depth8_refined","ED1_001_TANGENCY_SV_POWER_n2000_depth6_reference","ED1_002_TANGENCY_SV_POWER_n2000_depth8_refined","continuous","configured_continuum_enclosure_maximum_levels",254,254,254,254,254,,,,,,,,,6,8,2,0,0,2,2,2
"enclosure_depth_v001","depth8_refined_minus_depth6_reference","maximum continuum-enclosure depth 8 minus 6, with guard depth fixed at 6 and with identical samples, multipliers, B=999, bootstrap grid 0.005, enclosure grid 0.0025, node ceiling 57601, and every remaining inferential setting","ED1_TANGENCY_SV_POWER_n4000","diagnostic","TANGENCY_SV_POWER",4000,4000,"absolute","K1",0.25,1.5,"depth6_reference","depth8_refined","ED1_003_TANGENCY_SV_POWER_n4000_depth6_reference","ED1_004_TANGENCY_SV_POWER_n4000_depth8_refined","continuous","configured_continuum_enclosure_maximum_levels",254,254,254,254,254,,,,,,,,,6,8,2,0,0,2,2,2
"enclosure_depth_v001","depth8_refined_minus_depth6_reference","maximum continuum-enclosure depth 8 minus 6, with guard depth fixed at 6 and with identical samples, multipliers, B=999, bootstrap grid 0.005, enclosure grid 0.0025, node ceiling 57601, and every remaining inferential setting","ED1_TANGENCY_SV_POWER_n8000","diagnostic","TANGENCY_SV_POWER",8000,8000,"absolute","K1",0.25,1.5,"depth6_reference","depth8_refined","ED1_005_TANGENCY_SV_POWER_n8000_depth6_reference","ED1_006_TANGENCY_SV_POWER_n8000_depth8_refined","continuous","configured_continuum_enclosure_maximum_levels",254,254,254,254,254,,,,,,,,,6,8,2,0,0,2,2,2
"enclosure_depth_v001","depth8_refined_minus_depth6_reference","maximum continuum-enclosure depth 8 minus 6, with guard depth fixed at 6 and with identical samples, multipliers, B=999, bootstrap grid 0.005, enclosure grid 0.0025, node ceiling 57601, and every remaining inferential setting","ED1_TANGENCY_SV_POWER_n2000","diagnostic","TANGENCY_SV_POWER",2000,2000,"absolute","K1",0.25,1.5,"depth6_reference","depth8_refined","ED1_001_TANGENCY_SV_POWER_n2000_depth6_reference","ED1_002_TANGENCY_SV_POWER_n2000_depth8_refined","continuous","configured_guard_maximum_levels",254,254,254,254,254,,,,,,,,,6,6,0,0,0,0,0,0
"enclosure_depth_v001","depth8_refined_minus_depth6_reference","maximum continuum-enclosure depth 8 minus 6, with guard depth fixed at 6 and with identical samples, multipliers, B=999, bootstrap grid 0.005, enclosure grid 0.0025, node ceiling 57601, and every remaining inferential setting","ED1_TANGENCY_SV_POWER_n4000","diagnostic","TANGENCY_SV_POWER",4000,4000,"absolute","K1",0.25,1.5,"depth6_reference","depth8_refined","ED1_003_TANGENCY_SV_POWER_n4000_depth6_reference","ED1_004_TANGENCY_SV_POWER_n4000_depth8_refined","continuous","configured_guard_maximum_levels",254,254,254,254,254,,,,,,,,,6,6,0,0,0,0,0,0
"enclosure_depth_v001","depth8_refined_minus_depth6_reference","maximum continuum-enclosure depth 8 minus 6, with guard depth fixed at 6 and with identical samples, multipliers, B=999, bootstrap grid 0.005, enclosure grid 0.0025, node ceiling 57601, and every remaining inferential setting","ED1_TANGENCY_SV_POWER_n8000","diagnostic","TANGENCY_SV_POWER",8000,8000,"absolute","K1",0.25,1.5,"depth6_reference","depth8_refined","ED1_005_TANGENCY_SV_POWER_n8000_depth6_reference","ED1_006_TANGENCY_SV_POWER_n8000_depth8_refined","continuous","configured_guard_maximum_levels",254,254,254,254,254,,,,,,,,,6,6,0,0,0,0,0,0
"enclosure_depth_v001","depth8_refined_minus_depth6_reference","maximum continuum-enclosure depth 8 minus 6, with guard depth fixed at 6 and with identical samples, multipliers, B=999, bootstrap grid 0.005, enclosure grid 0.0025, node ceiling 57601, and every remaining inferential setting","ED1_TANGENCY_SV_POWER_n2000","diagnostic","TANGENCY_SV_POWER",2000,2000,"absolute","K1",0.25,1.5,"depth6_reference","depth8_refined","ED1_001_TANGENCY_SV_POWER_n2000_depth6_reference","ED1_002_TANGENCY_SV_POWER_n2000_depth8_refined","continuous","continuum_truth_maximum_level",254,254,254,254,254,,,,,,,,,1.75984251968504,1.75984251968504,0,0,0,0,0,0
"enclosure_depth_v001","depth8_refined_minus_depth6_reference","maximum continuum-enclosure depth 8 minus 6, with guard depth fixed at 6 and with identical samples, multipliers, B=999, bootstrap grid 0.005, enclosure grid 0.0025, node ceiling 57601, and every remaining inferential setting","ED1_TANGENCY_SV_POWER_n4000","diagnostic","TANGENCY_SV_POWER",4000,4000,"absolute","K1",0.25,1.5,"depth6_reference","depth8_refined","ED1_003_TANGENCY_SV_POWER_n4000_depth6_reference","ED1_004_TANGENCY_SV_POWER_n4000_depth8_refined","continuous","continuum_truth_maximum_level",254,254,254,254,254,,,,,,,,,2.33464566929134,2.33464566929134,0,0,0,0,0,0
"enclosure_depth_v001","depth8_refined_minus_depth6_reference","maximum continuum-enclosure depth 8 minus 6, with guard depth fixed at 6 and with identical samples, multipliers, B=999, bootstrap grid 0.005, enclosure grid 0.0025, node ceiling 57601, and every remaining inferential setting","ED1_TANGENCY_SV_POWER_n8000","diagnostic","TANGENCY_SV_POWER",8000,8000,"absolute","K1",0.25,1.5,"depth6_reference","depth8_refined","ED1_005_TANGENCY_SV_POWER_n8000_depth6_reference","ED1_006_TANGENCY_SV_POWER_n8000_depth8_refined","continuous","continuum_truth_maximum_level",254,254,254,254,254,,,,,,,,,2.68503937007874,2.68503937007874,0,0,0,0,0,0
"enclosure_depth_v001","depth8_refined_minus_depth6_reference","maximum continuum-enclosure depth 8 minus 6, with guard depth fixed at 6 and with identical samples, multipliers, B=999, bootstrap grid 0.005, enclosure grid 0.0025, node ceiling 57601, and every remaining inferential setting","ED1_TANGENCY_SV_POWER_n2000","diagnostic","TANGENCY_SV_POWER",2000,2000,"absolute","K1",0.25,1.5,"depth6_reference","depth8_refined","ED1_001_TANGENCY_SV_POWER_n2000_depth6_reference","ED1_002_TANGENCY_SV_POWER_n2000_depth8_refined","continuous","continuum_truth_nodes_used",254,254,254,254,254,,,,,,,,,1043.82283464567,1043.82283464567,0,0,0,0,0,0
"enclosure_depth_v001","depth8_refined_minus_depth6_reference","maximum continuum-enclosure depth 8 minus 6, with guard depth fixed at 6 and with identical samples, multipliers, B=999, bootstrap grid 0.005, enclosure grid 0.0025, node ceiling 57601, and every remaining inferential setting","ED1_TANGENCY_SV_POWER_n4000","diagnostic","TANGENCY_SV_POWER",4000,4000,"absolute","K1",0.25,1.5,"depth6_reference","depth8_refined","ED1_003_TANGENCY_SV_POWER_n4000_depth6_reference","ED1_004_TANGENCY_SV_POWER_n4000_depth8_refined","continuous","continuum_truth_nodes_used",254,254,254,254,254,,,,,,,,,1354.13385826772,1354.13385826772,0,0,0,0,0,0
"enclosure_depth_v001","depth8_refined_minus_depth6_reference","maximum continuum-enclosure depth 8 minus 6, with guard depth fixed at 6 and with identical samples, multipliers, B=999, bootstrap grid 0.005, enclosure grid 0.0025, node ceiling 57601, and every remaining inferential setting","ED1_TANGENCY_SV_POWER_n8000","diagnostic","TANGENCY_SV_POWER",8000,8000,"absolute","K1",0.25,1.5,"depth6_reference","depth8_refined","ED1_005_TANGENCY_SV_POWER_n8000_depth6_reference","ED1_006_TANGENCY_SV_POWER_n8000_depth8_refined","continuous","continuum_truth_nodes_used",254,254,254,254,254,,,,,,,,,2068.06692913386,2068.06692913386,0,0,0,0,0,0
"enclosure_depth_v001","depth8_refined_minus_depth6_reference","maximum continuum-enclosure depth 8 minus 6, with guard depth fixed at 6 and with identical samples, multipliers, B=999, bootstrap grid 0.005, enclosure grid 0.0025, node ceiling 57601, and every remaining inferential setting","ED1_TANGENCY_SV_POWER_n2000","diagnostic","TANGENCY_SV_POWER",2000,2000,"absolute","K1",0.25,1.5,"depth6_reference","depth8_refined","ED1_001_TANGENCY_SV_POWER_n2000_depth6_reference","ED1_002_TANGENCY_SV_POWER_n2000_depth8_refined","continuous","continuum_truth_unresolved_cells",254,254,254,254,254,,,,,,,,,43.4488188976378,43.4488188976378,0,0,0,0,0,0
"enclosure_depth_v001","depth8_refined_minus_depth6_reference","maximum continuum-enclosure depth 8 minus 6, with guard depth fixed at 6 and with identical samples, multipliers, B=999, bootstrap grid 0.005, enclosure grid 0.0025, node ceiling 57601, and every remaining inferential setting","ED1_TANGENCY_SV_POWER_n4000","diagnostic","TANGENCY_SV_POWER",4000,4000,"absolute","K1",0.25,1.5,"depth6_reference","depth8_refined","ED1_003_TANGENCY_SV_POWER_n4000_depth6_reference","ED1_004_TANGENCY_SV_POWER_n4000_depth8_refined","continuous","continuum_truth_unresolved_cells",254,254,254,254,254,,,,,,,,,0,0,0,0,0,0,0,0
"enclosure_depth_v001","depth8_refined_minus_depth6_reference","maximum continuum-enclosure depth 8 minus 6, with guard depth fixed at 6 and with identical samples, multipliers, B=999, bootstrap grid 0.005, enclosure grid 0.0025, node ceiling 57601, and every remaining inferential setting","ED1_TANGENCY_SV_POWER_n8000","diagnostic","TANGENCY_SV_POWER",8000,8000,"absolute","K1",0.25,1.5,"depth6_reference","depth8_refined","ED1_005_TANGENCY_SV_POWER_n8000_depth6_reference","ED1_006_TANGENCY_SV_POWER_n8000_depth8_refined","continuous","continuum_truth_unresolved_cells",254,254,254,254,254,,,,,,,,,43.9645669291339,43.9645669291339,0,0,0,0,0,0
"enclosure_depth_v001","depth8_refined_minus_depth6_reference","maximum continuum-enclosure depth 8 minus 6, with guard depth fixed at 6 and with identical samples, multipliers, B=999, bootstrap grid 0.005, enclosure grid 0.0025, node ceiling 57601, and every remaining inferential setting","ED1_TANGENCY_SV_POWER_n2000","diagnostic","TANGENCY_SV_POWER",2000,2000,"absolute","K1",0.25,1.5,"depth6_reference","depth8_refined","ED1_001_TANGENCY_SV_POWER_n2000_depth6_reference","ED1_002_TANGENCY_SV_POWER_n2000_depth8_refined","continuous","critical_value",254,254,254,254,254,,,,,,,,,2.15675492659583,2.15675492659583,0,0,0,0,0,0
"enclosure_depth_v001","depth8_refined_minus_depth6_reference","maximum continuum-enclosure depth 8 minus 6, with guard depth fixed at 6 and with identical samples, multipliers, B=999, bootstrap grid 0.005, enclosure grid 0.0025, node ceiling 57601, and every remaining inferential setting","ED1_TANGENCY_SV_POWER_n4000","diagnostic","TANGENCY_SV_POWER",4000,4000,"absolute","K1",0.25,1.5,"depth6_reference","depth8_refined","ED1_003_TANGENCY_SV_POWER_n4000_depth6_reference","ED1_004_TANGENCY_SV_POWER_n4000_depth8_refined","continuous","critical_value",254,254,254,254,254,,,,,,,,,2.15806739325092,2.15806739325092,0,0,0,0,0,0
"enclosure_depth_v001","depth8_refined_minus_depth6_reference","maximum continuum-enclosure depth 8 minus 6, with guard depth fixed at 6 and with identical samples, multipliers, B=999, bootstrap grid 0.005, enclosure grid 0.0025, node ceiling 57601, and every remaining inferential setting","ED1_TANGENCY_SV_POWER_n8000","diagnostic","TANGENCY_SV_POWER",8000,8000,"absolute","K1",0.25,1.5,"depth6_reference","depth8_refined","ED1_005_TANGENCY_SV_POWER_n8000_depth6_reference","ED1_006_TANGENCY_SV_POWER_n8000_depth8_refined","continuous","critical_value",254,254,254,254,254,,,,,,,,,2.14754867987635,2.14754867987635,0,0,0,0,0,0
"enclosure_depth_v001","depth8_refined_minus_depth6_reference","maximum continuum-enclosure depth 8 minus 6, with guard depth fixed at 6 and with identical samples, multipliers, B=999, bootstrap grid 0.005, enclosure grid 0.0025, node ceiling 57601, and every remaining inferential setting","ED1_TANGENCY_SV_POWER_n2000","diagnostic","TANGENCY_SV_POWER",2000,2000,"absolute","K1",0.25,1.5,"depth6_reference","depth8_refined","ED1_001_TANGENCY_SV_POWER_n2000_depth6_reference","ED1_002_TANGENCY_SV_POWER_n2000_depth8_refined","continuous","derivative_assisted_certificate_count",254,254,254,254,0,,,,,,,,,,,,,,,,
"enclosure_depth_v001","depth8_refined_minus_depth6_reference","maximum continuum-enclosure depth 8 minus 6, with guard depth fixed at 6 and with identical samples, multipliers, B=999, bootstrap grid 0.005, enclosure grid 0.0025, node ceiling 57601, and every remaining inferential setting","ED1_TANGENCY_SV_POWER_n4000","diagnostic","TANGENCY_SV_POWER",4000,4000,"absolute","K1",0.25,1.5,"depth6_reference","depth8_refined","ED1_003_TANGENCY_SV_POWER_n4000_depth6_reference","ED1_004_TANGENCY_SV_POWER_n4000_depth8_refined","continuous","derivative_assisted_certificate_count",254,254,254,254,0,,,,,,,,,,,,,,,,
"enclosure_depth_v001","depth8_refined_minus_depth6_reference","maximum continuum-enclosure depth 8 minus 6, with guard depth fixed at 6 and with identical samples, multipliers, B=999, bootstrap grid 0.005, enclosure grid 0.0025, node ceiling 57601, and every remaining inferential setting","ED1_TANGENCY_SV_POWER_n8000","diagnostic","TANGENCY_SV_POWER",8000,8000,"absolute","K1",0.25,1.5,"depth6_reference","depth8_refined","ED1_005_TANGENCY_SV_POWER_n8000_depth6_reference","ED1_006_TANGENCY_SV_POWER_n8000_depth8_refined","continuous","derivative_assisted_certificate_count",254,254,254,254,0,,,,,,,,,,,,,,,,
"enclosure_depth_v001","depth8_refined_minus_depth6_reference","maximum continuum-enclosure depth 8 minus 6, with guard depth fixed at 6 and with identical samples, multipliers, B=999, bootstrap grid 0.005, enclosure grid 0.0025, node ceiling 57601, and every remaining inferential setting","ED1_TANGENCY_SV_POWER_n2000","diagnostic","TANGENCY_SV_POWER",2000,2000,"absolute","K1",0.25,1.5,"depth6_reference","depth8_refined","ED1_001_TANGENCY_SV_POWER_n2000_depth6_reference","ED1_002_TANGENCY_SV_POWER_n2000_depth8_refined","continuous","derivative_assisted_correlation_01_max",254,254,254,254,0,,,,,,,,,,,,,,,,
"enclosure_depth_v001","depth8_refined_minus_depth6_reference","maximum continuum-enclosure depth 8 minus 6, with guard depth fixed at 6 and with identical samples, multipliers, B=999, bootstrap grid 0.005, enclosure grid 0.0025, node ceiling 57601, and every remaining inferential setting","ED1_TANGENCY_SV_POWER_n4000","diagnostic","TANGENCY_SV_POWER",4000,4000,"absolute","K1",0.25,1.5,"depth6_reference","depth8_refined","ED1_003_TANGENCY_SV_POWER_n4000_depth6_reference","ED1_004_TANGENCY_SV_POWER_n4000_depth8_refined","continuous","derivative_assisted_correlation_01_max",254,254,254,254,0,,,,,,,,,,,,,,,,
"enclosure_depth_v001","depth8_refined_minus_depth6_reference","maximum continuum-enclosure depth 8 minus 6, with guard depth fixed at 6 and with identical samples, multipliers, B=999, bootstrap grid 0.005, enclosure grid 0.0025, node ceiling 57601, and every remaining inferential setting","ED1_TANGENCY_SV_POWER_n8000","diagnostic","TANGENCY_SV_POWER",8000,8000,"absolute","K1",0.25,1.5,"depth6_reference","depth8_refined","ED1_005_TANGENCY_SV_POWER_n8000_depth6_reference","ED1_006_TANGENCY_SV_POWER_n8000_depth8_refined","continuous","derivative_assisted_correlation_01_max",254,254,254,254,0,,,,,,,,,,,,,,,,
"enclosure_depth_v001","depth8_refined_minus_depth6_reference","maximum continuum-enclosure depth 8 minus 6, with guard depth fixed at 6 and with identical samples, multipliers, B=999, bootstrap grid 0.005, enclosure grid 0.0025, node ceiling 57601, and every remaining inferential setting","ED1_TANGENCY_SV_POWER_n2000","diagnostic","TANGENCY_SV_POWER",2000,2000,"absolute","K1",0.25,1.5,"depth6_reference","depth8_refined","ED1_001_TANGENCY_SV_POWER_n2000_depth6_reference","ED1_002_TANGENCY_SV_POWER_n2000_depth8_refined","continuous","derivative_assisted_correlation_01_min",254,254,254,254,0,,,,,,,,,,,,,,,,
"enclosure_depth_v001","depth8_refined_minus_depth6_reference","maximum continuum-enclosure depth 8 minus 6, with guard depth fixed at 6 and with identical samples, multipliers, B=999, bootstrap grid 0.005, enclosure grid 0.0025, node ceiling 57601, and every remaining inferential setting","ED1_TANGENCY_SV_POWER_n4000","diagnostic","TANGENCY_SV_POWER",4000,4000,"absolute","K1",0.25,1.5,"depth6_reference","depth8_refined","ED1_003_TANGENCY_SV_POWER_n4000_depth6_reference","ED1_004_TANGENCY_SV_POWER_n4000_depth8_refined","continuous","derivative_assisted_correlation_01_min",254,254,254,254,0,,,,,,,,,,,,,,,,
"enclosure_depth_v001","depth8_refined_minus_depth6_reference","maximum continuum-enclosure depth 8 minus 6, with guard depth fixed at 6 and with identical samples, multipliers, B=999, bootstrap grid 0.005, enclosure grid 0.0025, node ceiling 57601, and every remaining inferential setting","ED1_TANGENCY_SV_POWER_n8000","diagnostic","TANGENCY_SV_POWER",8000,8000,"absolute","K1",0.25,1.5,"depth6_reference","depth8_refined","ED1_005_TANGENCY_SV_POWER_n8000_depth6_reference","ED1_006_TANGENCY_SV_POWER_n8000_depth8_refined","continuous","derivative_assisted_correlation_01_min",254,254,254,254,0,,,,,,,,,,,,,,,,
"enclosure_depth_v001","depth8_refined_minus_depth6_reference","maximum continuum-enclosure depth 8 minus 6, with guard depth fixed at 6 and with identical samples, multipliers, B=999, bootstrap grid 0.005, enclosure grid 0.0025, node ceiling 57601, and every remaining inferential setting","ED1_TANGENCY_SV_POWER_n2000","diagnostic","TANGENCY_SV_POWER",2000,2000,"absolute","K1",0.25,1.5,"depth6_reference","depth8_refined","ED1_001_TANGENCY_SV_POWER_n2000_depth6_reference","ED1_002_TANGENCY_SV_POWER_n2000_depth8_refined","continuous","derivative_assisted_covariance_01_max",254,254,254,254,0,,,,,,,,,,,,,,,,
"enclosure_depth_v001","depth8_refined_minus_depth6_reference","maximum continuum-enclosure depth 8 minus 6, with guard depth fixed at 6 and with identical samples, multipliers, B=999, bootstrap grid 0.005, enclosure grid 0.0025, node ceiling 57601, and every remaining inferential setting","ED1_TANGENCY_SV_POWER_n4000","diagnostic","TANGENCY_SV_POWER",4000,4000,"absolute","K1",0.25,1.5,"depth6_reference","depth8_refined","ED1_003_TANGENCY_SV_POWER_n4000_depth6_reference","ED1_004_TANGENCY_SV_POWER_n4000_depth8_refined","continuous","derivative_assisted_covariance_01_max",254,254,254,254,0,,,,,,,,,,,,,,,,
"enclosure_depth_v001","depth8_refined_minus_depth6_reference","maximum continuum-enclosure depth 8 minus 6, with guard depth fixed at 6 and with identical samples, multipliers, B=999, bootstrap grid 0.005, enclosure grid 0.0025, node ceiling 57601, and every remaining inferential setting","ED1_TANGENCY_SV_POWER_n8000","diagnostic","TANGENCY_SV_POWER",8000,8000,"absolute","K1",0.25,1.5,"depth6_reference","depth8_refined","ED1_005_TANGENCY_SV_POWER_n8000_depth6_reference","ED1_006_TANGENCY_SV_POWER_n8000_depth8_refined","continuous","derivative_assisted_covariance_01_max",254,254,254,254,0,,,,,,,,,,,,,,,,
"enclosure_depth_v001","depth8_refined_minus_depth6_reference","maximum continuum-enclosure depth 8 minus 6, with guard depth fixed at 6 and with identical samples, multipliers, B=999, bootstrap grid 0.005, enclosure grid 0.0025, node ceiling 57601, and every remaining inferential setting","ED1_TANGENCY_SV_POWER_n2000","diagnostic","TANGENCY_SV_POWER",2000,2000,"absolute","K1",0.25,1.5,"depth6_reference","depth8_refined","ED1_001_TANGENCY_SV_POWER_n2000_depth6_reference","ED1_002_TANGENCY_SV_POWER_n2000_depth8_refined","continuous","derivative_assisted_covariance_01_min",254,254,254,254,0,,,,,,,,,,,,,,,,
"enclosure_depth_v001","depth8_refined_minus_depth6_reference","maximum continuum-enclosure depth 8 minus 6, with guard depth fixed at 6 and with identical samples, multipliers, B=999, bootstrap grid 0.005, enclosure grid 0.0025, node ceiling 57601, and every remaining inferential setting","ED1_TANGENCY_SV_POWER_n4000","diagnostic","TANGENCY_SV_POWER",4000,4000,"absolute","K1",0.25,1.5,"depth6_reference","depth8_refined","ED1_003_TANGENCY_SV_POWER_n4000_depth6_reference","ED1_004_TANGENCY_SV_POWER_n4000_depth8_refined","continuous","derivative_assisted_covariance_01_min",254,254,254,254,0,,,,,,,,,,,,,,,,
"enclosure_depth_v001","depth8_refined_minus_depth6_reference","maximum continuum-enclosure depth 8 minus 6, with guard depth fixed at 6 and with identical samples, multipliers, B=999, bootstrap grid 0.005, enclosure grid 0.0025, node ceiling 57601, and every remaining inferential setting","ED1_TANGENCY_SV_POWER_n8000","diagnostic","TANGENCY_SV_POWER",8000,8000,"absolute","K1",0.25,1.5,"depth6_reference","depth8_refined","ED1_005_TANGENCY_SV_POWER_n8000_depth6_reference","ED1_006_TANGENCY_SV_POWER_n8000_depth8_refined","continuous","derivative_assisted_covariance_01_min",254,254,254,254,0,,,,,,,,,,,,,,,,
"enclosure_depth_v001","depth8_refined_minus_depth6_reference","maximum continuum-enclosure depth 8 minus 6, with guard depth fixed at 6 and with identical samples, multipliers, B=999, bootstrap grid 0.005, enclosure grid 0.0025, node ceiling 57601, and every remaining inferential setting","ED1_TANGENCY_SV_POWER_n2000","diagnostic","TANGENCY_SV_POWER",2000,2000,"absolute","K1",0.25,1.5,"depth6_reference","depth8_refined","ED1_001_TANGENCY_SV_POWER_n2000_depth6_reference","ED1_002_TANGENCY_SV_POWER_n2000_depth8_refined","continuous","derivative_assisted_critical_value",254,254,254,254,0,,,,,,,,,,,,,,,,
"enclosure_depth_v001","depth8_refined_minus_depth6_reference","maximum continuum-enclosure depth 8 minus 6, with guard depth fixed at 6 and with identical samples, multipliers, B=999, bootstrap grid 0.005, enclosure grid 0.0025, node ceiling 57601, and every remaining inferential setting","ED1_TANGENCY_SV_POWER_n4000","diagnostic","TANGENCY_SV_POWER",4000,4000,"absolute","K1",0.25,1.5,"depth6_reference","depth8_refined","ED1_003_TANGENCY_SV_POWER_n4000_depth6_reference","ED1_004_TANGENCY_SV_POWER_n4000_depth8_refined","continuous","derivative_assisted_critical_value",254,254,254,254,0,,,,,,,,,,,,,,,,
"enclosure_depth_v001","depth8_refined_minus_depth6_reference","maximum continuum-enclosure depth 8 minus 6, with guard depth fixed at 6 and with identical samples, multipliers, B=999, bootstrap grid 0.005, enclosure grid 0.0025, node ceiling 57601, and every remaining inferential setting","ED1_TANGENCY_SV_POWER_n8000","diagnostic","TANGENCY_SV_POWER",8000,8000,"absolute","K1",0.25,1.5,"depth6_reference","depth8_refined","ED1_005_TANGENCY_SV_POWER_n8000_depth6_reference","ED1_006_TANGENCY_SV_POWER_n8000_depth8_refined","continuous","derivative_assisted_critical_value",254,254,254,254,0,,,,,,,,,,,,,,,,
"enclosure_depth_v001","depth8_refined_minus_depth6_reference","maximum continuum-enclosure depth 8 minus 6, with guard depth fixed at 6 and with identical samples, multipliers, B=999, bootstrap grid 0.005, enclosure grid 0.0025, node ceiling 57601, and every remaining inferential setting","ED1_TANGENCY_SV_POWER_n2000","diagnostic","TANGENCY_SV_POWER",2000,2000,"absolute","K1",0.25,1.5,"depth6_reference","depth8_refined","ED1_001_TANGENCY_SV_POWER_n2000_depth6_reference","ED1_002_TANGENCY_SV_POWER_n2000_depth8_refined","continuous","derivative_assisted_critical_value_ratio",254,254,254,254,0,,,,,,,,,,,,,,,,
"enclosure_depth_v001","depth8_refined_minus_depth6_reference","maximum continuum-enclosure depth 8 minus 6, with guard depth fixed at 6 and with identical samples, multipliers, B=999, bootstrap grid 0.005, enclosure grid 0.0025, node ceiling 57601, and every remaining inferential setting","ED1_TANGENCY_SV_POWER_n4000","diagnostic","TANGENCY_SV_POWER",4000,4000,"absolute","K1",0.25,1.5,"depth6_reference","depth8_refined","ED1_003_TANGENCY_SV_POWER_n4000_depth6_reference","ED1_004_TANGENCY_SV_POWER_n4000_depth8_refined","continuous","derivative_assisted_critical_value_ratio",254,254,254,254,0,,,,,,,,,,,,,,,,
"enclosure_depth_v001","depth8_refined_minus_depth6_reference","maximum continuum-enclosure depth 8 minus 6, with guard depth fixed at 6 and with identical samples, multipliers, B=999, bootstrap grid 0.005, enclosure grid 0.0025, node ceiling 57601, and every remaining inferential setting","ED1_TANGENCY_SV_POWER_n8000","diagnostic","TANGENCY_SV_POWER",8000,8000,"absolute","K1",0.25,1.5,"depth6_reference","depth8_refined","ED1_005_TANGENCY_SV_POWER_n8000_depth6_reference","ED1_006_TANGENCY_SV_POWER_n8000_depth8_refined","continuous","derivative_assisted_critical_value_ratio",254,254,254,254,0,,,,,,,,,,,,,,,,
"enclosure_depth_v001","depth8_refined_minus_depth6_reference","maximum continuum-enclosure depth 8 minus 6, with guard depth fixed at 6 and with identical samples, multipliers, B=999, bootstrap grid 0.005, enclosure grid 0.0025, node ceiling 57601, and every remaining inferential setting","ED1_TANGENCY_SV_POWER_n2000","diagnostic","TANGENCY_SV_POWER",2000,2000,"absolute","K1",0.25,1.5,"depth6_reference","depth8_refined","ED1_001_TANGENCY_SV_POWER_n2000_depth6_reference","ED1_002_TANGENCY_SV_POWER_n2000_depth8_refined","continuous","derivative_assisted_derivative_enclosure_nodes_used",254,254,254,254,0,,,,,,,,,,,,,,,,
"enclosure_depth_v001","depth8_refined_minus_depth6_reference","maximum continuum-enclosure depth 8 minus 6, with guard depth fixed at 6 and with identical samples, multipliers, B=999, bootstrap grid 0.005, enclosure grid 0.0025, node ceiling 57601, and every remaining inferential setting","ED1_TANGENCY_SV_POWER_n4000","diagnostic","TANGENCY_SV_POWER",4000,4000,"absolute","K1",0.25,1.5,"depth6_reference","depth8_refined","ED1_003_TANGENCY_SV_POWER_n4000_depth6_reference","ED1_004_TANGENCY_SV_POWER_n4000_depth8_refined","continuous","derivative_assisted_derivative_enclosure_nodes_used",254,254,254,254,0,,,,,,,,,,,,,,,,
"enclosure_depth_v001","depth8_refined_minus_depth6_reference","maximum continuum-enclosure depth 8 minus 6, with guard depth fixed at 6 and with identical samples, multipliers, B=999, bootstrap grid 0.005, enclosure grid 0.0025, node ceiling 57601, and every remaining inferential setting","ED1_TANGENCY_SV_POWER_n8000","diagnostic","TANGENCY_SV_POWER",8000,8000,"absolute","K1",0.25,1.5,"depth6_reference","depth8_refined","ED1_005_TANGENCY_SV_POWER_n8000_depth6_reference","ED1_006_TANGENCY_SV_POWER_n8000_depth8_refined","continuous","derivative_assisted_derivative_enclosure_nodes_used",254,254,254,254,0,,,,,,,,,,,,,,,,
"enclosure_depth_v001","depth8_refined_minus_depth6_reference","maximum continuum-enclosure depth 8 minus 6, with guard depth fixed at 6 and with identical samples, multipliers, B=999, bootstrap grid 0.005, enclosure grid 0.0025, node ceiling 57601, and every remaining inferential setting","ED1_TANGENCY_SV_POWER_n2000","diagnostic","TANGENCY_SV_POWER",2000,2000,"absolute","K1",0.25,1.5,"depth6_reference","depth8_refined","ED1_001_TANGENCY_SV_POWER_n2000_depth6_reference","ED1_002_TANGENCY_SV_POWER_n2000_depth8_refined","continuous","derivative_assisted_derivative_maximum_half_width",254,254,254,254,0,,,,,,,,,,,,,,,,
"enclosure_depth_v001","depth8_refined_minus_depth6_reference","maximum continuum-enclosure depth 8 minus 6, with guard depth fixed at 6 and with identical samples, multipliers, B=999, bootstrap grid 0.005, enclosure grid 0.0025, node ceiling 57601, and every remaining inferential setting","ED1_TANGENCY_SV_POWER_n4000","diagnostic","TANGENCY_SV_POWER",4000,4000,"absolute","K1",0.25,1.5,"depth6_reference","depth8_refined","ED1_003_TANGENCY_SV_POWER_n4000_depth6_reference","ED1_004_TANGENCY_SV_POWER_n4000_depth8_refined","continuous","derivative_assisted_derivative_maximum_half_width",254,254,254,254,0,,,,,,,,,,,,,,,,
"enclosure_depth_v001","depth8_refined_minus_depth6_reference","maximum continuum-enclosure depth 8 minus 6, with guard depth fixed at 6 and with identical samples, multipliers, B=999, bootstrap grid 0.005, enclosure grid 0.0025, node ceiling 57601, and every remaining inferential setting","ED1_TANGENCY_SV_POWER_n8000","diagnostic","TANGENCY_SV_POWER",8000,8000,"absolute","K1",0.25,1.5,"depth6_reference","depth8_refined","ED1_005_TANGENCY_SV_POWER_n8000_depth6_reference","ED1_006_TANGENCY_SV_POWER_n8000_depth8_refined","continuous","derivative_assisted_derivative_maximum_half_width",254,254,254,254,0,,,,,,,,,,,,,,,,
"enclosure_depth_v001","depth8_refined_minus_depth6_reference","maximum continuum-enclosure depth 8 minus 6, with guard depth fixed at 6 and with identical samples, multipliers, B=999, bootstrap grid 0.005, enclosure grid 0.0025, node ceiling 57601, and every remaining inferential setting","ED1_TANGENCY_SV_POWER_n2000","diagnostic","TANGENCY_SV_POWER",2000,2000,"absolute","K1",0.25,1.5,"depth6_reference","depth8_refined","ED1_001_TANGENCY_SV_POWER_n2000_depth6_reference","ED1_002_TANGENCY_SV_POWER_n2000_depth8_refined","continuous","derivative_assisted_derivative_unresolved_cells",254,254,254,254,0,,,,,,,,,,,,,,,,
"enclosure_depth_v001","depth8_refined_minus_depth6_reference","maximum continuum-enclosure depth 8 minus 6, with guard depth fixed at 6 and with identical samples, multipliers, B=999, bootstrap grid 0.005, enclosure grid 0.0025, node ceiling 57601, and every remaining inferential setting","ED1_TANGENCY_SV_POWER_n4000","diagnostic","TANGENCY_SV_POWER",4000,4000,"absolute","K1",0.25,1.5,"depth6_reference","depth8_refined","ED1_003_TANGENCY_SV_POWER_n4000_depth6_reference","ED1_004_TANGENCY_SV_POWER_n4000_depth8_refined","continuous","derivative_assisted_derivative_unresolved_cells",254,254,254,254,0,,,,,,,,,,,,,,,,
"enclosure_depth_v001","depth8_refined_minus_depth6_reference","maximum continuum-enclosure depth 8 minus 6, with guard depth fixed at 6 and with identical samples, multipliers, B=999, bootstrap grid 0.005, enclosure grid 0.0025, node ceiling 57601, and every remaining inferential setting","ED1_TANGENCY_SV_POWER_n8000","diagnostic","TANGENCY_SV_POWER",8000,8000,"absolute","K1",0.25,1.5,"depth6_reference","depth8_refined","ED1_005_TANGENCY_SV_POWER_n8000_depth6_reference","ED1_006_TANGENCY_SV_POWER_n8000_depth8_refined","continuous","derivative_assisted_derivative_unresolved_cells",254,254,254,254,0,,,,,,,,,,,,,,,,
"enclosure_depth_v001","depth8_refined_minus_depth6_reference","maximum continuum-enclosure depth 8 minus 6, with guard depth fixed at 6 and with identical samples, multipliers, B=999, bootstrap grid 0.005, enclosure grid 0.0025, node ceiling 57601, and every remaining inferential setting","ED1_TANGENCY_SV_POWER_n2000","diagnostic","TANGENCY_SV_POWER",2000,2000,"absolute","K1",0.25,1.5,"depth6_reference","depth8_refined","ED1_001_TANGENCY_SV_POWER_n2000_depth6_reference","ED1_002_TANGENCY_SV_POWER_n2000_depth8_refined","continuous","derivative_assisted_derivative_variance_unresolved_cells",254,254,254,254,0,,,,,,,,,,,,,,,,
"enclosure_depth_v001","depth8_refined_minus_depth6_reference","maximum continuum-enclosure depth 8 minus 6, with guard depth fixed at 6 and with identical samples, multipliers, B=999, bootstrap grid 0.005, enclosure grid 0.0025, node ceiling 57601, and every remaining inferential setting","ED1_TANGENCY_SV_POWER_n4000","diagnostic","TANGENCY_SV_POWER",4000,4000,"absolute","K1",0.25,1.5,"depth6_reference","depth8_refined","ED1_003_TANGENCY_SV_POWER_n4000_depth6_reference","ED1_004_TANGENCY_SV_POWER_n4000_depth8_refined","continuous","derivative_assisted_derivative_variance_unresolved_cells",254,254,254,254,0,,,,,,,,,,,,,,,,
"enclosure_depth_v001","depth8_refined_minus_depth6_reference","maximum continuum-enclosure depth 8 minus 6, with guard depth fixed at 6 and with identical samples, multipliers, B=999, bootstrap grid 0.005, enclosure grid 0.0025, node ceiling 57601, and every remaining inferential setting","ED1_TANGENCY_SV_POWER_n8000","diagnostic","TANGENCY_SV_POWER",8000,8000,"absolute","K1",0.25,1.5,"depth6_reference","depth8_refined","ED1_005_TANGENCY_SV_POWER_n8000_depth6_reference","ED1_006_TANGENCY_SV_POWER_n8000_depth8_refined","continuous","derivative_assisted_derivative_variance_unresolved_cells",254,254,254,254,0,,,,,,,,,,,,,,,,
"enclosure_depth_v001","depth8_refined_minus_depth6_reference","maximum continuum-enclosure depth 8 minus 6, with guard depth fixed at 6 and with identical samples, multipliers, B=999, bootstrap grid 0.005, enclosure grid 0.0025, node ceiling 57601, and every remaining inferential setting","ED1_TANGENCY_SV_POWER_n2000","diagnostic","TANGENCY_SV_POWER",2000,2000,"absolute","K1",0.25,1.5,"depth6_reference","depth8_refined","ED1_001_TANGENCY_SV_POWER_n2000_depth6_reference","ED1_002_TANGENCY_SV_POWER_n2000_depth8_refined","continuous","derivative_assisted_guard_maximum_level",254,254,254,254,0,,,,,,,,,,,,,,,,
"enclosure_depth_v001","depth8_refined_minus_depth6_reference","maximum continuum-enclosure depth 8 minus 6, with guard depth fixed at 6 and with identical samples, multipliers, B=999, bootstrap grid 0.005, enclosure grid 0.0025, node ceiling 57601, and every remaining inferential setting","ED1_TANGENCY_SV_POWER_n4000","diagnostic","TANGENCY_SV_POWER",4000,4000,"absolute","K1",0.25,1.5,"depth6_reference","depth8_refined","ED1_003_TANGENCY_SV_POWER_n4000_depth6_reference","ED1_004_TANGENCY_SV_POWER_n4000_depth8_refined","continuous","derivative_assisted_guard_maximum_level",254,254,254,254,0,,,,,,,,,,,,,,,,
"enclosure_depth_v001","depth8_refined_minus_depth6_reference","maximum continuum-enclosure depth 8 minus 6, with guard depth fixed at 6 and with identical samples, multipliers, B=999, bootstrap grid 0.005, enclosure grid 0.0025, node ceiling 57601, and every remaining inferential setting","ED1_TANGENCY_SV_POWER_n8000","diagnostic","TANGENCY_SV_POWER",8000,8000,"absolute","K1",0.25,1.5,"depth6_reference","depth8_refined","ED1_005_TANGENCY_SV_POWER_n8000_depth6_reference","ED1_006_TANGENCY_SV_POWER_n8000_depth8_refined","continuous","derivative_assisted_guard_maximum_level",254,254,254,254,0,,,,,,,,,,,,,,,,
"enclosure_depth_v001","depth8_refined_minus_depth6_reference","maximum continuum-enclosure depth 8 minus 6, with guard depth fixed at 6 and with identical samples, multipliers, B=999, bootstrap grid 0.005, enclosure grid 0.0025, node ceiling 57601, and every remaining inferential setting","ED1_TANGENCY_SV_POWER_n2000","diagnostic","TANGENCY_SV_POWER",2000,2000,"absolute","K1",0.25,1.5,"depth6_reference","depth8_refined","ED1_001_TANGENCY_SV_POWER_n2000_depth6_reference","ED1_002_TANGENCY_SV_POWER_n2000_depth8_refined","continuous","derivative_assisted_guard_minimum_ratio",254,254,254,254,0,,,,,,,,,,,,,,,,
"enclosure_depth_v001","depth8_refined_minus_depth6_reference","maximum continuum-enclosure depth 8 minus 6, with guard depth fixed at 6 and with identical samples, multipliers, B=999, bootstrap grid 0.005, enclosure grid 0.0025, node ceiling 57601, and every remaining inferential setting","ED1_TANGENCY_SV_POWER_n4000","diagnostic","TANGENCY_SV_POWER",4000,4000,"absolute","K1",0.25,1.5,"depth6_reference","depth8_refined","ED1_003_TANGENCY_SV_POWER_n4000_depth6_reference","ED1_004_TANGENCY_SV_POWER_n4000_depth8_refined","continuous","derivative_assisted_guard_minimum_ratio",254,254,254,254,0,,,,,,,,,,,,,,,,
"enclosure_depth_v001","depth8_refined_minus_depth6_reference","maximum continuum-enclosure depth 8 minus 6, with guard depth fixed at 6 and with identical samples, multipliers, B=999, bootstrap grid 0.005, enclosure grid 0.0025, node ceiling 57601, and every remaining inferential setting","ED1_TANGENCY_SV_POWER_n8000","diagnostic","TANGENCY_SV_POWER",8000,8000,"absolute","K1",0.25,1.5,"depth6_reference","depth8_refined","ED1_005_TANGENCY_SV_POWER_n8000_depth6_reference","ED1_006_TANGENCY_SV_POWER_n8000_depth8_refined","continuous","derivative_assisted_guard_minimum_ratio",254,254,254,254,0,,,,,,,,,,,,,,,,
"enclosure_depth_v001","depth8_refined_minus_depth6_reference","maximum continuum-enclosure depth 8 minus 6, with guard depth fixed at 6 and with identical samples, multipliers, B=999, bootstrap grid 0.005, enclosure grid 0.0025, node ceiling 57601, and every remaining inferential setting","ED1_TANGENCY_SV_POWER_n2000","diagnostic","TANGENCY_SV_POWER",2000,2000,"absolute","K1",0.25,1.5,"depth6_reference","depth8_refined","ED1_001_TANGENCY_SV_POWER_n2000_depth6_reference","ED1_002_TANGENCY_SV_POWER_n2000_depth8_refined","continuous","derivative_assisted_guard_minimum_ratio_d0",254,254,254,254,0,,,,,,,,,,,,,,,,
"enclosure_depth_v001","depth8_refined_minus_depth6_reference","maximum continuum-enclosure depth 8 minus 6, with guard depth fixed at 6 and with identical samples, multipliers, B=999, bootstrap grid 0.005, enclosure grid 0.0025, node ceiling 57601, and every remaining inferential setting","ED1_TANGENCY_SV_POWER_n4000","diagnostic","TANGENCY_SV_POWER",4000,4000,"absolute","K1",0.25,1.5,"depth6_reference","depth8_refined","ED1_003_TANGENCY_SV_POWER_n4000_depth6_reference","ED1_004_TANGENCY_SV_POWER_n4000_depth8_refined","continuous","derivative_assisted_guard_minimum_ratio_d0",254,254,254,254,0,,,,,,,,,,,,,,,,
"enclosure_depth_v001","depth8_refined_minus_depth6_reference","maximum continuum-enclosure depth 8 minus 6, with guard depth fixed at 6 and with identical samples, multipliers, B=999, bootstrap grid 0.005, enclosure grid 0.0025, node ceiling 57601, and every remaining inferential setting","ED1_TANGENCY_SV_POWER_n8000","diagnostic","TANGENCY_SV_POWER",8000,8000,"absolute","K1",0.25,1.5,"depth6_reference","depth8_refined","ED1_005_TANGENCY_SV_POWER_n8000_depth6_reference","ED1_006_TANGENCY_SV_POWER_n8000_depth8_refined","continuous","derivative_assisted_guard_minimum_ratio_d0",254,254,254,254,0,,,,,,,,,,,,,,,,
"enclosure_depth_v001","depth8_refined_minus_depth6_reference","maximum continuum-enclosure depth 8 minus 6, with guard depth fixed at 6 and with identical samples, multipliers, B=999, bootstrap grid 0.005, enclosure grid 0.0025, node ceiling 57601, and every remaining inferential setting","ED1_TANGENCY_SV_POWER_n2000","diagnostic","TANGENCY_SV_POWER",2000,2000,"absolute","K1",0.25,1.5,"depth6_reference","depth8_refined","ED1_001_TANGENCY_SV_POWER_n2000_depth6_reference","ED1_002_TANGENCY_SV_POWER_n2000_depth8_refined","continuous","derivative_assisted_guard_minimum_ratio_d1",254,254,254,254,0,,,,,,,,,,,,,,,,
"enclosure_depth_v001","depth8_refined_minus_depth6_reference","maximum continuum-enclosure depth 8 minus 6, with guard depth fixed at 6 and with identical samples, multipliers, B=999, bootstrap grid 0.005, enclosure grid 0.0025, node ceiling 57601, and every remaining inferential setting","ED1_TANGENCY_SV_POWER_n4000","diagnostic","TANGENCY_SV_POWER",4000,4000,"absolute","K1",0.25,1.5,"depth6_reference","depth8_refined","ED1_003_TANGENCY_SV_POWER_n4000_depth6_reference","ED1_004_TANGENCY_SV_POWER_n4000_depth8_refined","continuous","derivative_assisted_guard_minimum_ratio_d1",254,254,254,254,0,,,,,,,,,,,,,,,,
"enclosure_depth_v001","depth8_refined_minus_depth6_reference","maximum continuum-enclosure depth 8 minus 6, with guard depth fixed at 6 and with identical samples, multipliers, B=999, bootstrap grid 0.005, enclosure grid 0.0025, node ceiling 57601, and every remaining inferential setting","ED1_TANGENCY_SV_POWER_n8000","diagnostic","TANGENCY_SV_POWER",8000,8000,"absolute","K1",0.25,1.5,"depth6_reference","depth8_refined","ED1_005_TANGENCY_SV_POWER_n8000_depth6_reference","ED1_006_TANGENCY_SV_POWER_n8000_depth8_refined","continuous","derivative_assisted_guard_minimum_ratio_d1",254,254,254,254,0,,,,,,,,,,,,,,,,
"enclosure_depth_v001","depth8_refined_minus_depth6_reference","maximum continuum-enclosure depth 8 minus 6, with guard depth fixed at 6 and with identical samples, multipliers, B=999, bootstrap grid 0.005, enclosure grid 0.0025, node ceiling 57601, and every remaining inferential setting","ED1_TANGENCY_SV_POWER_n2000","diagnostic","TANGENCY_SV_POWER",2000,2000,"absolute","K1",0.25,1.5,"depth6_reference","depth8_refined","ED1_001_TANGENCY_SV_POWER_n2000_depth6_reference","ED1_002_TANGENCY_SV_POWER_n2000_depth8_refined","continuous","derivative_assisted_guard_nodes_used",254,254,254,254,0,,,,,,,,,,,,,,,,
"enclosure_depth_v001","depth8_refined_minus_depth6_reference","maximum continuum-enclosure depth 8 minus 6, with guard depth fixed at 6 and with identical samples, multipliers, B=999, bootstrap grid 0.005, enclosure grid 0.0025, node ceiling 57601, and every remaining inferential setting","ED1_TANGENCY_SV_POWER_n4000","diagnostic","TANGENCY_SV_POWER",4000,4000,"absolute","K1",0.25,1.5,"depth6_reference","depth8_refined","ED1_003_TANGENCY_SV_POWER_n4000_depth6_reference","ED1_004_TANGENCY_SV_POWER_n4000_depth8_refined","continuous","derivative_assisted_guard_nodes_used",254,254,254,254,0,,,,,,,,,,,,,,,,
"enclosure_depth_v001","depth8_refined_minus_depth6_reference","maximum continuum-enclosure depth 8 minus 6, with guard depth fixed at 6 and with identical samples, multipliers, B=999, bootstrap grid 0.005, enclosure grid 0.0025, node ceiling 57601, and every remaining inferential setting","ED1_TANGENCY_SV_POWER_n8000","diagnostic","TANGENCY_SV_POWER",8000,8000,"absolute","K1",0.25,1.5,"depth6_reference","depth8_refined","ED1_005_TANGENCY_SV_POWER_n8000_depth6_reference","ED1_006_TANGENCY_SV_POWER_n8000_depth8_refined","continuous","derivative_assisted_guard_nodes_used",254,254,254,254,0,,,,,,,,,,,,,,,,
"enclosure_depth_v001","depth8_refined_minus_depth6_reference","maximum continuum-enclosure depth 8 minus 6, with guard depth fixed at 6 and with identical samples, multipliers, B=999, bootstrap grid 0.005, enclosure grid 0.0025, node ceiling 57601, and every remaining inferential setting","ED1_TANGENCY_SV_POWER_n2000","diagnostic","TANGENCY_SV_POWER",2000,2000,"absolute","K1",0.25,1.5,"depth6_reference","depth8_refined","ED1_001_TANGENCY_SV_POWER_n2000_depth6_reference","ED1_002_TANGENCY_SV_POWER_n2000_depth8_refined","continuous","derivative_assisted_value_enclosure_nodes_used",254,254,254,254,0,,,,,,,,,,,,,,,,
"enclosure_depth_v001","depth8_refined_minus_depth6_reference","maximum continuum-enclosure depth 8 minus 6, with guard depth fixed at 6 and with identical samples, multipliers, B=999, bootstrap grid 0.005, enclosure grid 0.0025, node ceiling 57601, and every remaining inferential setting","ED1_TANGENCY_SV_POWER_n4000","diagnostic","TANGENCY_SV_POWER",4000,4000,"absolute","K1",0.25,1.5,"depth6_reference","depth8_refined","ED1_003_TANGENCY_SV_POWER_n4000_depth6_reference","ED1_004_TANGENCY_SV_POWER_n4000_depth8_refined","continuous","derivative_assisted_value_enclosure_nodes_used",254,254,254,254,0,,,,,,,,,,,,,,,,
"enclosure_depth_v001","depth8_refined_minus_depth6_reference","maximum continuum-enclosure depth 8 minus 6, with guard depth fixed at 6 and with identical samples, multipliers, B=999, bootstrap grid 0.005, enclosure grid 0.0025, node ceiling 57601, and every remaining inferential setting","ED1_TANGENCY_SV_POWER_n8000","diagnostic","TANGENCY_SV_POWER",8000,8000,"absolute","K1",0.25,1.5,"depth6_reference","depth8_refined","ED1_005_TANGENCY_SV_POWER_n8000_depth6_reference","ED1_006_TANGENCY_SV_POWER_n8000_depth8_refined","continuous","derivative_assisted_value_enclosure_nodes_used",254,254,254,254,0,,,,,,,,,,,,,,,,
"enclosure_depth_v001","depth8_refined_minus_depth6_reference","maximum continuum-enclosure depth 8 minus 6, with guard depth fixed at 6 and with identical samples, multipliers, B=999, bootstrap grid 0.005, enclosure grid 0.0025, node ceiling 57601, and every remaining inferential setting","ED1_TANGENCY_SV_POWER_n2000","diagnostic","TANGENCY_SV_POWER",2000,2000,"absolute","K1",0.25,1.5,"depth6_reference","depth8_refined","ED1_001_TANGENCY_SV_POWER_n2000_depth6_reference","ED1_002_TANGENCY_SV_POWER_n2000_depth8_refined","continuous","derivative_assisted_value_maximum_half_width",254,254,254,254,0,,,,,,,,,,,,,,,,
"enclosure_depth_v001","depth8_refined_minus_depth6_reference","maximum continuum-enclosure depth 8 minus 6, with guard depth fixed at 6 and with identical samples, multipliers, B=999, bootstrap grid 0.005, enclosure grid 0.0025, node ceiling 57601, and every remaining inferential setting","ED1_TANGENCY_SV_POWER_n4000","diagnostic","TANGENCY_SV_POWER",4000,4000,"absolute","K1",0.25,1.5,"depth6_reference","depth8_refined","ED1_003_TANGENCY_SV_POWER_n4000_depth6_reference","ED1_004_TANGENCY_SV_POWER_n4000_depth8_refined","continuous","derivative_assisted_value_maximum_half_width",254,254,254,254,0,,,,,,,,,,,,,,,,
"enclosure_depth_v001","depth8_refined_minus_depth6_reference","maximum continuum-enclosure depth 8 minus 6, with guard depth fixed at 6 and with identical samples, multipliers, B=999, bootstrap grid 0.005, enclosure grid 0.0025, node ceiling 57601, and every remaining inferential setting","ED1_TANGENCY_SV_POWER_n8000","diagnostic","TANGENCY_SV_POWER",8000,8000,"absolute","K1",0.25,1.5,"depth6_reference","depth8_refined","ED1_005_TANGENCY_SV_POWER_n8000_depth6_reference","ED1_006_TANGENCY_SV_POWER_n8000_depth8_refined","continuous","derivative_assisted_value_maximum_half_width",254,254,254,254,0,,,,,,,,,,,,,,,,
"enclosure_depth_v001","depth8_refined_minus_depth6_reference","maximum continuum-enclosure depth 8 minus 6, with guard depth fixed at 6 and with identical samples, multipliers, B=999, bootstrap grid 0.005, enclosure grid 0.0025, node ceiling 57601, and every remaining inferential setting","ED1_TANGENCY_SV_POWER_n2000","diagnostic","TANGENCY_SV_POWER",2000,2000,"absolute","K1",0.25,1.5,"depth6_reference","depth8_refined","ED1_001_TANGENCY_SV_POWER_n2000_depth6_reference","ED1_002_TANGENCY_SV_POWER_n2000_depth8_refined","continuous","derivative_assisted_value_unresolved_cells",254,254,254,254,0,,,,,,,,,,,,,,,,
"enclosure_depth_v001","depth8_refined_minus_depth6_reference","maximum continuum-enclosure depth 8 minus 6, with guard depth fixed at 6 and with identical samples, multipliers, B=999, bootstrap grid 0.005, enclosure grid 0.0025, node ceiling 57601, and every remaining inferential setting","ED1_TANGENCY_SV_POWER_n4000","diagnostic","TANGENCY_SV_POWER",4000,4000,"absolute","K1",0.25,1.5,"depth6_reference","depth8_refined","ED1_003_TANGENCY_SV_POWER_n4000_depth6_reference","ED1_004_TANGENCY_SV_POWER_n4000_depth8_refined","continuous","derivative_assisted_value_unresolved_cells",254,254,254,254,0,,,,,,,,,,,,,,,,
"enclosure_depth_v001","depth8_refined_minus_depth6_reference","maximum continuum-enclosure depth 8 minus 6, with guard depth fixed at 6 and with identical samples, multipliers, B=999, bootstrap grid 0.005, enclosure grid 0.0025, node ceiling 57601, and every remaining inferential setting","ED1_TANGENCY_SV_POWER_n8000","diagnostic","TANGENCY_SV_POWER",8000,8000,"absolute","K1",0.25,1.5,"depth6_reference","depth8_refined","ED1_005_TANGENCY_SV_POWER_n8000_depth6_reference","ED1_006_TANGENCY_SV_POWER_n8000_depth8_refined","continuous","derivative_assisted_value_unresolved_cells",254,254,254,254,0,,,,,,,,,,,,,,,,
"enclosure_depth_v001","depth8_refined_minus_depth6_reference","maximum continuum-enclosure depth 8 minus 6, with guard depth fixed at 6 and with identical samples, multipliers, B=999, bootstrap grid 0.005, enclosure grid 0.0025, node ceiling 57601, and every remaining inferential setting","ED1_TANGENCY_SV_POWER_n2000","diagnostic","TANGENCY_SV_POWER",2000,2000,"absolute","K1",0.25,1.5,"depth6_reference","depth8_refined","ED1_001_TANGENCY_SV_POWER_n2000_depth6_reference","ED1_002_TANGENCY_SV_POWER_n2000_depth8_refined","continuous","derivative_assisted_value_variance_unresolved_cells",254,254,254,254,0,,,,,,,,,,,,,,,,
"enclosure_depth_v001","depth8_refined_minus_depth6_reference","maximum continuum-enclosure depth 8 minus 6, with guard depth fixed at 6 and with identical samples, multipliers, B=999, bootstrap grid 0.005, enclosure grid 0.0025, node ceiling 57601, and every remaining inferential setting","ED1_TANGENCY_SV_POWER_n4000","diagnostic","TANGENCY_SV_POWER",4000,4000,"absolute","K1",0.25,1.5,"depth6_reference","depth8_refined","ED1_003_TANGENCY_SV_POWER_n4000_depth6_reference","ED1_004_TANGENCY_SV_POWER_n4000_depth8_refined","continuous","derivative_assisted_value_variance_unresolved_cells",254,254,254,254,0,,,,,,,,,,,,,,,,
"enclosure_depth_v001","depth8_refined_minus_depth6_reference","maximum continuum-enclosure depth 8 minus 6, with guard depth fixed at 6 and with identical samples, multipliers, B=999, bootstrap grid 0.005, enclosure grid 0.0025, node ceiling 57601, and every remaining inferential setting","ED1_TANGENCY_SV_POWER_n8000","diagnostic","TANGENCY_SV_POWER",8000,8000,"absolute","K1",0.25,1.5,"depth6_reference","depth8_refined","ED1_005_TANGENCY_SV_POWER_n8000_depth6_reference","ED1_006_TANGENCY_SV_POWER_n8000_depth8_refined","continuous","derivative_assisted_value_variance_unresolved_cells",254,254,254,254,0,,,,,,,,,,,,,,,,
"enclosure_depth_v001","depth8_refined_minus_depth6_reference","maximum continuum-enclosure depth 8 minus 6, with guard depth fixed at 6 and with identical samples, multipliers, B=999, bootstrap grid 0.005, enclosure grid 0.0025, node ceiling 57601, and every remaining inferential setting","ED1_TANGENCY_SV_POWER_n2000","diagnostic","TANGENCY_SV_POWER",2000,2000,"absolute","K1",0.25,1.5,"depth6_reference","depth8_refined","ED1_001_TANGENCY_SV_POWER_n2000_depth6_reference","ED1_002_TANGENCY_SV_POWER_n2000_depth8_refined","continuous","derivative_assisted_value_width_inflation",254,254,254,254,0,,,,,,,,,,,,,,,,
"enclosure_depth_v001","depth8_refined_minus_depth6_reference","maximum continuum-enclosure depth 8 minus 6, with guard depth fixed at 6 and with identical samples, multipliers, B=999, bootstrap grid 0.005, enclosure grid 0.0025, node ceiling 57601, and every remaining inferential setting","ED1_TANGENCY_SV_POWER_n4000","diagnostic","TANGENCY_SV_POWER",4000,4000,"absolute","K1",0.25,1.5,"depth6_reference","depth8_refined","ED1_003_TANGENCY_SV_POWER_n4000_depth6_reference","ED1_004_TANGENCY_SV_POWER_n4000_depth8_refined","continuous","derivative_assisted_value_width_inflation",254,254,254,254,0,,,,,,,,,,,,,,,,
"enclosure_depth_v001","depth8_refined_minus_depth6_reference","maximum continuum-enclosure depth 8 minus 6, with guard depth fixed at 6 and with identical samples, multipliers, B=999, bootstrap grid 0.005, enclosure grid 0.0025, node ceiling 57601, and every remaining inferential setting","ED1_TANGENCY_SV_POWER_n8000","diagnostic","TANGENCY_SV_POWER",8000,8000,"absolute","K1",0.25,1.5,"depth6_reference","depth8_refined","ED1_005_TANGENCY_SV_POWER_n8000_depth6_reference","ED1_006_TANGENCY_SV_POWER_n8000_depth8_refined","continuous","derivative_assisted_value_width_inflation",254,254,254,254,0,,,,,,,,,,,,,,,,
"enclosure_depth_v001","depth8_refined_minus_depth6_reference","maximum continuum-enclosure depth 8 minus 6, with guard depth fixed at 6 and with identical samples, multipliers, B=999, bootstrap grid 0.005, enclosure grid 0.0025, node ceiling 57601, and every remaining inferential setting","ED1_TANGENCY_SV_POWER_n2000","diagnostic","TANGENCY_SV_POWER",2000,2000,"absolute","K1",0.25,1.5,"depth6_reference","depth8_refined","ED1_001_TANGENCY_SV_POWER_n2000_depth6_reference","ED1_002_TANGENCY_SV_POWER_n2000_depth8_refined","continuous","derivative_hat",254,254,254,254,0,,,,,,,,,,,,,,,,
"enclosure_depth_v001","depth8_refined_minus_depth6_reference","maximum continuum-enclosure depth 8 minus 6, with guard depth fixed at 6 and with identical samples, multipliers, B=999, bootstrap grid 0.005, enclosure grid 0.0025, node ceiling 57601, and every remaining inferential setting","ED1_TANGENCY_SV_POWER_n4000","diagnostic","TANGENCY_SV_POWER",4000,4000,"absolute","K1",0.25,1.5,"depth6_reference","depth8_refined","ED1_003_TANGENCY_SV_POWER_n4000_depth6_reference","ED1_004_TANGENCY_SV_POWER_n4000_depth8_refined","continuous","derivative_hat",254,254,254,254,0,,,,,,,,,,,,,,,,
"enclosure_depth_v001","depth8_refined_minus_depth6_reference","maximum continuum-enclosure depth 8 minus 6, with guard depth fixed at 6 and with identical samples, multipliers, B=999, bootstrap grid 0.005, enclosure grid 0.0025, node ceiling 57601, and every remaining inferential setting","ED1_TANGENCY_SV_POWER_n8000","diagnostic","TANGENCY_SV_POWER",8000,8000,"absolute","K1",0.25,1.5,"depth6_reference","depth8_refined","ED1_005_TANGENCY_SV_POWER_n8000_depth6_reference","ED1_006_TANGENCY_SV_POWER_n8000_depth8_refined","continuous","derivative_hat",254,254,254,254,0,,,,,,,,,,,,,,,,
"enclosure_depth_v001","depth8_refined_minus_depth6_reference","maximum continuum-enclosure depth 8 minus 6, with guard depth fixed at 6 and with identical samples, multipliers, B=999, bootstrap grid 0.005, enclosure grid 0.0025, node ceiling 57601, and every remaining inferential setting","ED1_TANGENCY_SV_POWER_n2000","diagnostic","TANGENCY_SV_POWER",2000,2000,"absolute","K1",0.25,1.5,"depth6_reference","depth8_refined","ED1_001_TANGENCY_SV_POWER_n2000_depth6_reference","ED1_002_TANGENCY_SV_POWER_n2000_depth8_refined","continuous","elapsed_seconds",254,254,254,254,254,,,,,,,,,5.98242125984252,5.99512992125984,0.0127086614173223,0.336093533711889,0.0210883838796922,-0.508350000000002,-0.00249999999999995,0.64085
"enclosure_depth_v001","depth8_refined_minus_depth6_reference","maximum continuum-enclosure depth 8 minus 6, with guard depth fixed at 6 and with identical samples, multipliers, B=999, bootstrap grid 0.005, enclosure grid 0.0025, node ceiling 57601, and every remaining inferential setting","ED1_TANGENCY_SV_POWER_n4000","diagnostic","TANGENCY_SV_POWER",4000,4000,"absolute","K1",0.25,1.5,"depth6_reference","depth8_refined","ED1_003_TANGENCY_SV_POWER_n4000_depth6_reference","ED1_004_TANGENCY_SV_POWER_n4000_depth8_refined","continuous","elapsed_seconds",254,254,254,254,254,,,,,,,,,8.96229921259842,9.01398031496063,0.0516811023622047,0.417340711462277,0.0261862852127495,-0.649100000000002,0.035499999999999,0.750050000000001
"enclosure_depth_v001","depth8_refined_minus_depth6_reference","maximum continuum-enclosure depth 8 minus 6, with guard depth fixed at 6 and with identical samples, multipliers, B=999, bootstrap grid 0.005, enclosure grid 0.0025, node ceiling 57601, and every remaining inferential setting","ED1_TANGENCY_SV_POWER_n8000","diagnostic","TANGENCY_SV_POWER",8000,8000,"absolute","K1",0.25,1.5,"depth6_reference","depth8_refined","ED1_005_TANGENCY_SV_POWER_n8000_depth6_reference","ED1_006_TANGENCY_SV_POWER_n8000_depth8_refined","continuous","elapsed_seconds",254,254,254,254,254,,,,,,,,,16.1455472440945,16.1864251968504,0.0408779527559055,0.521363874269614,0.032713278949979,-0.777350000000004,0.0425000000000004,0.92375
"enclosure_depth_v001","depth8_refined_minus_depth6_reference","maximum continuum-enclosure depth 8 minus 6, with guard depth fixed at 6 and with identical samples, multipliers, B=999, bootstrap grid 0.005, enclosure grid 0.0025, node ceiling 57601, and every remaining inferential setting","ED1_TANGENCY_SV_POWER_n2000","diagnostic","TANGENCY_SV_POWER",2000,2000,"absolute","K1",0.25,1.5,"depth6_reference","depth8_refined","ED1_001_TANGENCY_SV_POWER_n2000_depth6_reference","ED1_002_TANGENCY_SV_POWER_n2000_depth8_refined","continuous","empirical_root_count",254,254,254,254,254,,,,,,,,,0,0,0,0,0,0,0,0
"enclosure_depth_v001","depth8_refined_minus_depth6_reference","maximum continuum-enclosure depth 8 minus 6, with guard depth fixed at 6 and with identical samples, multipliers, B=999, bootstrap grid 0.005, enclosure grid 0.0025, node ceiling 57601, and every remaining inferential setting","ED1_TANGENCY_SV_POWER_n4000","diagnostic","TANGENCY_SV_POWER",4000,4000,"absolute","K1",0.25,1.5,"depth6_reference","depth8_refined","ED1_003_TANGENCY_SV_POWER_n4000_depth6_reference","ED1_004_TANGENCY_SV_POWER_n4000_depth8_refined","continuous","empirical_root_count",254,254,254,254,254,,,,,,,,,0,0,0,0,0,0,0,0
"enclosure_depth_v001","depth8_refined_minus_depth6_reference","maximum continuum-enclosure depth 8 minus 6, with guard depth fixed at 6 and with identical samples, multipliers, B=999, bootstrap grid 0.005, enclosure grid 0.0025, node ceiling 57601, and every remaining inferential setting","ED1_TANGENCY_SV_POWER_n8000","diagnostic","TANGENCY_SV_POWER",8000,8000,"absolute","K1",0.25,1.5,"depth6_reference","depth8_refined","ED1_005_TANGENCY_SV_POWER_n8000_depth6_reference","ED1_006_TANGENCY_SV_POWER_n8000_depth8_refined","continuous","empirical_root_count",254,254,254,254,254,,,,,,,,,0,0,0,0,0,0,0,0
"enclosure_depth_v001","depth8_refined_minus_depth6_reference","maximum continuum-enclosure depth 8 minus 6, with guard depth fixed at 6 and with identical samples, multipliers, B=999, bootstrap grid 0.005, enclosure grid 0.0025, node ceiling 57601, and every remaining inferential setting","ED1_TANGENCY_SV_POWER_n2000","diagnostic","TANGENCY_SV_POWER",2000,2000,"absolute","K1",0.25,1.5,"depth6_reference","depth8_refined","ED1_001_TANGENCY_SV_POWER_n2000_depth6_reference","ED1_002_TANGENCY_SV_POWER_n2000_depth8_refined","continuous","enclosure_depth_limit_cells",254,254,254,254,254,,,,,,,,,5.5748031496063,1.54724409448819,-4.02755905511811,8.83373140971743,0.554277605405849,-20.35,0,0
"enclosure_depth_v001","depth8_refined_minus_depth6_reference","maximum continuum-enclosure depth 8 minus 6, with guard depth fixed at 6 and with identical samples, multipliers, B=999, bootstrap grid 0.005, enclosure grid 0.0025, node ceiling 57601, and every remaining inferential setting","ED1_TANGENCY_SV_POWER_n4000","diagnostic","TANGENCY_SV_POWER",4000,4000,"absolute","K1",0.25,1.5,"depth6_reference","depth8_refined","ED1_003_TANGENCY_SV_POWER_n4000_depth6_reference","ED1_004_TANGENCY_SV_POWER_n4000_depth8_refined","continuous","enclosure_depth_limit_cells",254,254,254,254,254,,,,,,,,,7.47244094488189,1.96062992125984,-5.51181102362205,10.537991604806,0.661212400693268,-23,0,0
"enclosure_depth_v001","depth8_refined_minus_depth6_reference","maximum continuum-enclosure depth 8 minus 6, with guard depth fixed at 6 and with identical samples, multipliers, B=999, bootstrap grid 0.005, enclosure grid 0.0025, node ceiling 57601, and every remaining inferential setting","ED1_TANGENCY_SV_POWER_n8000","diagnostic","TANGENCY_SV_POWER",8000,8000,"absolute","K1",0.25,1.5,"depth6_reference","depth8_refined","ED1_005_TANGENCY_SV_POWER_n8000_depth6_reference","ED1_006_TANGENCY_SV_POWER_n8000_depth8_refined","continuous","enclosure_depth_limit_cells",254,254,254,254,254,,,,,,,,,12.5,3.36614173228346,-9.13385826771654,14.7280282952607,0.924118685210036,-27.35,-4,0
"enclosure_depth_v001","depth8_refined_minus_depth6_reference","maximum continuum-enclosure depth 8 minus 6, with guard depth fixed at 6 and with identical samples, multipliers, B=999, bootstrap grid 0.005, enclosure grid 0.0025, node ceiling 57601, and every remaining inferential setting","ED1_TANGENCY_SV_POWER_n2000","diagnostic","TANGENCY_SV_POWER",2000,2000,"absolute","K1",0.25,1.5,"depth6_reference","depth8_refined","ED1_001_TANGENCY_SV_POWER_n2000_depth6_reference","ED1_002_TANGENCY_SV_POWER_n2000_depth8_refined","continuous","enclosure_depth_limit_maximum_cell_width",254,254,254,254,254,,,,,,,,,1.33796751968699e-05,1.07652559055894e-06,-1.2303149606311e-05,1.72876278868772e-05,1.08472224746894e-06,-3.90625000000755e-05,0,0
"enclosure_depth_v001","depth8_refined_minus_depth6_reference","maximum continuum-enclosure depth 8 minus 6, with guard depth fixed at 6 and with identical samples, multipliers, B=999, bootstrap grid 0.005, enclosure grid 0.0025, node ceiling 57601, and every remaining inferential setting","ED1_TANGENCY_SV_POWER_n4000","diagnostic","TANGENCY_SV_POWER",4000,4000,"absolute","K1",0.25,1.5,"depth6_reference","depth8_refined","ED1_003_TANGENCY_SV_POWER_n4000_depth6_reference","ED1_004_TANGENCY_SV_POWER_n4000_depth8_refined","continuous","enclosure_depth_limit_maximum_cell_width",254,254,254,254,254,,,,,,,,,1.70706200787635e-05,1.23031496063776e-06,-1.58403051181258e-05,1.82514037884244e-05,1.14519492589675e-06,-3.90625000000755e-05,0,0
"enclosure_depth_v001","depth8_refined_minus_depth6_reference","maximum continuum-enclosure depth 8 minus 6, with guard depth fixed at 6 and with identical samples, multipliers, B=999, bootstrap grid 0.005, enclosure grid 0.0025, node ceiling 57601, and every remaining inferential setting","ED1_TANGENCY_SV_POWER_n8000","diagnostic","TANGENCY_SV_POWER",8000,8000,"absolute","K1",0.25,1.5,"depth6_reference","depth8_refined","ED1_005_TANGENCY_SV_POWER_n8000_depth6_reference","ED1_006_TANGENCY_SV_POWER_n8000_depth8_refined","continuous","enclosure_depth_limit_maximum_cell_width",254,254,254,254,254,,,,,,,,,2.2760826771679e-05,1.53789370079562e-06,-2.12229330708833e-05,1.82994766205897e-05,1.1482112836579e-06,-3.90625000000755e-05,-2.92968749999734e-05,0
"enclosure_depth_v001","depth8_refined_minus_depth6_reference","maximum continuum-enclosure depth 8 minus 6, with guard depth fixed at 6 and with identical samples, multipliers, B=999, bootstrap grid 0.005, enclosure grid 0.0025, node ceiling 57601, and every remaining inferential setting","ED1_TANGENCY_SV_POWER_n2000","diagnostic","TANGENCY_SV_POWER",2000,2000,"absolute","K1",0.25,1.5,"depth6_reference","depth8_refined","ED1_001_TANGENCY_SV_POWER_n2000_depth6_reference","ED1_002_TANGENCY_SV_POWER_n2000_depth8_refined","continuous","enclosure_depth_limit_total_width",254,254,254,254,254,,,,,,,,,0.00021776574803149,1.51098056102369e-05,-0.000202655942421253,0.000439234501613184,2.75600237854158e-05,-0.000963867187500012,0,0
"enclosure_depth_v001","depth8_refined_minus_depth6_reference","maximum continuum-enclosure depth 8 minus 6, with guard depth fixed at 6 and with identical samples, multipliers, B=999, bootstrap grid 0.005, enclosure grid 0.0025, node ceiling 57601, and every remaining inferential setting","ED1_TANGENCY_SV_POWER_n4000","diagnostic","TANGENCY_SV_POWER",4000,4000,"absolute","K1",0.25,1.5,"depth6_reference","depth8_refined","ED1_003_TANGENCY_SV_POWER_n4000_depth6_reference","ED1_004_TANGENCY_SV_POWER_n4000_depth8_refined","continuous","enclosure_depth_limit_total_width",254,254,254,254,254,,,,,,,,,0.000291892224409448,1.91467765748023e-05,-0.000272745447834645,0.00051966691190716,3.26068020614368e-05,-0.00101660156250007,0,0
"enclosure_depth_v001","depth8_refined_minus_depth6_reference","maximum continuum-enclosure depth 8 minus 6, with guard depth fixed at 6 and with identical samples, multipliers, B=999, bootstrap grid 0.005, enclosure grid 0.0025, node ceiling 57601, and every remaining inferential setting","ED1_TANGENCY_SV_POWER_n8000","diagnostic","TANGENCY_SV_POWER",8000,8000,"absolute","K1",0.25,1.5,"depth6_reference","depth8_refined","ED1_005_TANGENCY_SV_POWER_n8000_depth6_reference","ED1_006_TANGENCY_SV_POWER_n8000_depth8_refined","continuous","enclosure_depth_limit_total_width",254,254,254,254,254,,,,,,,,,0.000488281249999998,3.28724778543292e-05,-0.000455408772145669,0.000804590918364254,5.04845242489094e-05,-0.00140624999999998,-0.000195312499999989,0
"enclosure_depth_v001","depth8_refined_minus_depth6_reference","maximum continuum-enclosure depth 8 minus 6, with guard depth fixed at 6 and with identical samples, multipliers, B=999, bootstrap grid 0.005, enclosure grid 0.0025, node ceiling 57601, and every remaining inferential setting","ED1_TANGENCY_SV_POWER_n2000","diagnostic","TANGENCY_SV_POWER",2000,2000,"absolute","K1",0.25,1.5,"depth6_reference","depth8_refined","ED1_001_TANGENCY_SV_POWER_n2000_depth6_reference","ED1_002_TANGENCY_SV_POWER_n2000_depth8_refined","continuous","enclosure_depth_limit_width_proportion",254,254,254,254,254,,,,,,,,,0.000174212598425192,1.20878444881895e-05,-0.000162124753937002,0.000351387601290547,2.20480190283327e-05,-0.000771093750000009,0,0
"enclosure_depth_v001","depth8_refined_minus_depth6_reference","maximum continuum-enclosure depth 8 minus 6, with guard depth fixed at 6 and with identical samples, multipliers, B=999, bootstrap grid 0.005, enclosure grid 0.0025, node ceiling 57601, and every remaining inferential setting","ED1_TANGENCY_SV_POWER_n4000","diagnostic","TANGENCY_SV_POWER",4000,4000,"absolute","K1",0.25,1.5,"depth6_reference","depth8_refined","ED1_003_TANGENCY_SV_POWER_n4000_depth6_reference","ED1_004_TANGENCY_SV_POWER_n4000_depth8_refined","continuous","enclosure_depth_limit_width_proportion",254,254,254,254,254,,,,,,,,,0.000233513779527558,1.53174212598419e-05,-0.000218196358267716,0.000415733529525728,2.60854416491494e-05,-0.00081328125000006,0,0
"enclosure_depth_v001","depth8_refined_minus_depth6_reference","maximum continuum-enclosure depth 8 minus 6, with guard depth fixed at 6 and with identical samples, multipliers, B=999, bootstrap grid 0.005, enclosure grid 0.0025, node ceiling 57601, and every remaining inferential setting","ED1_TANGENCY_SV_POWER_n8000","diagnostic","TANGENCY_SV_POWER",8000,8000,"absolute","K1",0.25,1.5,"depth6_reference","depth8_refined","ED1_005_TANGENCY_SV_POWER_n8000_depth6_reference","ED1_006_TANGENCY_SV_POWER_n8000_depth8_refined","continuous","enclosure_depth_limit_width_proportion",254,254,254,254,254,,,,,,,,,0.000390624999999999,2.62979822834634e-05,-0.000364327017716535,0.000643672734691403,4.03876193991275e-05,-0.00112499999999998,-0.000156249999999991,0
"enclosure_depth_v001","depth8_refined_minus_depth6_reference","maximum continuum-enclosure depth 8 minus 6, with guard depth fixed at 6 and with identical samples, multipliers, B=999, bootstrap grid 0.005, enclosure grid 0.0025, node ceiling 57601, and every remaining inferential setting","ED1_TANGENCY_SV_POWER_n2000","diagnostic","TANGENCY_SV_POWER",2000,2000,"absolute","K1",0.25,1.5,"depth6_reference","depth8_refined","ED1_001_TANGENCY_SV_POWER_n2000_depth6_reference","ED1_002_TANGENCY_SV_POWER_n2000_depth8_refined","continuous","enclosure_grid_size",254,254,254,254,254,,,,,,,,,501,501,0,0,0,0,0,0
"enclosure_depth_v001","depth8_refined_minus_depth6_reference","maximum continuum-enclosure depth 8 minus 6, with guard depth fixed at 6 and with identical samples, multipliers, B=999, bootstrap grid 0.005, enclosure grid 0.0025, node ceiling 57601, and every remaining inferential setting","ED1_TANGENCY_SV_POWER_n4000","diagnostic","TANGENCY_SV_POWER",4000,4000,"absolute","K1",0.25,1.5,"depth6_reference","depth8_refined","ED1_003_TANGENCY_SV_POWER_n4000_depth6_reference","ED1_004_TANGENCY_SV_POWER_n4000_depth8_refined","continuous","enclosure_grid_size",254,254,254,254,254,,,,,,,,,501,501,0,0,0,0,0,0
"enclosure_depth_v001","depth8_refined_minus_depth6_reference","maximum continuum-enclosure depth 8 minus 6, with guard depth fixed at 6 and with identical samples, multipliers, B=999, bootstrap grid 0.005, enclosure grid 0.0025, node ceiling 57601, and every remaining inferential setting","ED1_TANGENCY_SV_POWER_n8000","diagnostic","TANGENCY_SV_POWER",8000,8000,"absolute","K1",0.25,1.5,"depth6_reference","depth8_refined","ED1_005_TANGENCY_SV_POWER_n8000_depth6_reference","ED1_006_TANGENCY_SV_POWER_n8000_depth8_refined","continuous","enclosure_grid_size",254,254,254,254,254,,,,,,,,,501,501,0,0,0,0,0,0
"enclosure_depth_v001","depth8_refined_minus_depth6_reference","maximum continuum-enclosure depth 8 minus 6, with guard depth fixed at 6 and with identical samples, multipliers, B=999, bootstrap grid 0.005, enclosure grid 0.0025, node ceiling 57601, and every remaining inferential setting","ED1_TANGENCY_SV_POWER_n2000","diagnostic","TANGENCY_SV_POWER",2000,2000,"absolute","K1",0.25,1.5,"depth6_reference","depth8_refined","ED1_001_TANGENCY_SV_POWER_n2000_depth6_reference","ED1_002_TANGENCY_SV_POWER_n2000_depth8_refined","continuous","enclosure_grid_spacing",254,254,254,254,254,,,,,,,,,0.00250000000000017,0.00250000000000017,0,0,0,0,0,0
"enclosure_depth_v001","depth8_refined_minus_depth6_reference","maximum continuum-enclosure depth 8 minus 6, with guard depth fixed at 6 and with identical samples, multipliers, B=999, bootstrap grid 0.005, enclosure grid 0.0025, node ceiling 57601, and every remaining inferential setting","ED1_TANGENCY_SV_POWER_n4000","diagnostic","TANGENCY_SV_POWER",4000,4000,"absolute","K1",0.25,1.5,"depth6_reference","depth8_refined","ED1_003_TANGENCY_SV_POWER_n4000_depth6_reference","ED1_004_TANGENCY_SV_POWER_n4000_depth8_refined","continuous","enclosure_grid_spacing",254,254,254,254,254,,,,,,,,,0.00250000000000017,0.00250000000000017,0,0,0,0,0,0
"enclosure_depth_v001","depth8_refined_minus_depth6_reference","maximum continuum-enclosure depth 8 minus 6, with guard depth fixed at 6 and with identical samples, multipliers, B=999, bootstrap grid 0.005, enclosure grid 0.0025, node ceiling 57601, and every remaining inferential setting","ED1_TANGENCY_SV_POWER_n8000","diagnostic","TANGENCY_SV_POWER",8000,8000,"absolute","K1",0.25,1.5,"depth6_reference","depth8_refined","ED1_005_TANGENCY_SV_POWER_n8000_depth6_reference","ED1_006_TANGENCY_SV_POWER_n8000_depth8_refined","continuous","enclosure_grid_spacing",254,254,254,254,254,,,,,,,,,0.00250000000000017,0.00250000000000017,0,0,0,0,0,0
"enclosure_depth_v001","depth8_refined_minus_depth6_reference","maximum continuum-enclosure depth 8 minus 6, with guard depth fixed at 6 and with identical samples, multipliers, B=999, bootstrap grid 0.005, enclosure grid 0.0025, node ceiling 57601, and every remaining inferential setting","ED1_TANGENCY_SV_POWER_n2000","diagnostic","TANGENCY_SV_POWER",2000,2000,"absolute","K1",0.25,1.5,"depth6_reference","depth8_refined","ED1_001_TANGENCY_SV_POWER_n2000_depth6_reference","ED1_002_TANGENCY_SV_POWER_n2000_depth8_refined","continuous","enclosure_limit_hit_cells",254,254,254,254,254,,,,,,,,,5.5748031496063,1.54724409448819,-4.02755905511811,8.83373140971743,0.554277605405849,-20.35,0,0
"enclosure_depth_v001","depth8_refined_minus_depth6_reference","maximum continuum-enclosure depth 8 minus 6, with guard depth fixed at 6 and with identical samples, multipliers, B=999, bootstrap grid 0.005, enclosure grid 0.0025, node ceiling 57601, and every remaining inferential setting","ED1_TANGENCY_SV_POWER_n4000","diagnostic","TANGENCY_SV_POWER",4000,4000,"absolute","K1",0.25,1.5,"depth6_reference","depth8_refined","ED1_003_TANGENCY_SV_POWER_n4000_depth6_reference","ED1_004_TANGENCY_SV_POWER_n4000_depth8_refined","continuous","enclosure_limit_hit_cells",254,254,254,254,254,,,,,,,,,7.47244094488189,1.96062992125984,-5.51181102362205,10.537991604806,0.661212400693268,-23,0,0
"enclosure_depth_v001","depth8_refined_minus_depth6_reference","maximum continuum-enclosure depth 8 minus 6, with guard depth fixed at 6 and with identical samples, multipliers, B=999, bootstrap grid 0.005, enclosure grid 0.0025, node ceiling 57601, and every remaining inferential setting","ED1_TANGENCY_SV_POWER_n8000","diagnostic","TANGENCY_SV_POWER",8000,8000,"absolute","K1",0.25,1.5,"depth6_reference","depth8_refined","ED1_005_TANGENCY_SV_POWER_n8000_depth6_reference","ED1_006_TANGENCY_SV_POWER_n8000_depth8_refined","continuous","enclosure_limit_hit_cells",254,254,254,254,254,,,,,,,,,12.5,3.36614173228346,-9.13385826771654,14.7280282952607,0.924118685210036,-27.35,-4,0
"enclosure_depth_v001","depth8_refined_minus_depth6_reference","maximum continuum-enclosure depth 8 minus 6, with guard depth fixed at 6 and with identical samples, multipliers, B=999, bootstrap grid 0.005, enclosure grid 0.0025, node ceiling 57601, and every remaining inferential setting","ED1_TANGENCY_SV_POWER_n2000","diagnostic","TANGENCY_SV_POWER",2000,2000,"absolute","K1",0.25,1.5,"depth6_reference","depth8_refined","ED1_001_TANGENCY_SV_POWER_n2000_depth6_reference","ED1_002_TANGENCY_SV_POWER_n2000_depth8_refined","continuous","enclosure_limit_hit_maximum_cell_width",254,254,254,254,254,,,,,,,,,1.33796751968699e-05,1.07652559055894e-06,-1.2303149606311e-05,1.72876278868772e-05,1.08472224746894e-06,-3.90625000000755e-05,0,0
"enclosure_depth_v001","depth8_refined_minus_depth6_reference","maximum continuum-enclosure depth 8 minus 6, with guard depth fixed at 6 and with identical samples, multipliers, B=999, bootstrap grid 0.005, enclosure grid 0.0025, node ceiling 57601, and every remaining inferential setting","ED1_TANGENCY_SV_POWER_n4000","diagnostic","TANGENCY_SV_POWER",4000,4000,"absolute","K1",0.25,1.5,"depth6_reference","depth8_refined","ED1_003_TANGENCY_SV_POWER_n4000_depth6_reference","ED1_004_TANGENCY_SV_POWER_n4000_depth8_refined","continuous","enclosure_limit_hit_maximum_cell_width",254,254,254,254,254,,,,,,,,,1.70706200787635e-05,1.23031496063776e-06,-1.58403051181258e-05,1.82514037884244e-05,1.14519492589675e-06,-3.90625000000755e-05,0,0
"enclosure_depth_v001","depth8_refined_minus_depth6_reference","maximum continuum-enclosure depth 8 minus 6, with guard depth fixed at 6 and with identical samples, multipliers, B=999, bootstrap grid 0.005, enclosure grid 0.0025, node ceiling 57601, and every remaining inferential setting","ED1_TANGENCY_SV_POWER_n8000","diagnostic","TANGENCY_SV_POWER",8000,8000,"absolute","K1",0.25,1.5,"depth6_reference","depth8_refined","ED1_005_TANGENCY_SV_POWER_n8000_depth6_reference","ED1_006_TANGENCY_SV_POWER_n8000_depth8_refined","continuous","enclosure_limit_hit_maximum_cell_width",254,254,254,254,254,,,,,,,,,2.2760826771679e-05,1.53789370079562e-06,-2.12229330708833e-05,1.82994766205897e-05,1.1482112836579e-06,-3.90625000000755e-05,-2.92968749999734e-05,0
"enclosure_depth_v001","depth8_refined_minus_depth6_reference","maximum continuum-enclosure depth 8 minus 6, with guard depth fixed at 6 and with identical samples, multipliers, B=999, bootstrap grid 0.005, enclosure grid 0.0025, node ceiling 57601, and every remaining inferential setting","ED1_TANGENCY_SV_POWER_n2000","diagnostic","TANGENCY_SV_POWER",2000,2000,"absolute","K1",0.25,1.5,"depth6_reference","depth8_refined","ED1_001_TANGENCY_SV_POWER_n2000_depth6_reference","ED1_002_TANGENCY_SV_POWER_n2000_depth8_refined","continuous","enclosure_limit_hit_total_width",254,254,254,254,254,,,,,,,,,0.00021776574803149,1.51098056102369e-05,-0.000202655942421253,0.000439234501613184,2.75600237854158e-05,-0.000963867187500012,0,0
"enclosure_depth_v001","depth8_refined_minus_depth6_reference","maximum continuum-enclosure depth 8 minus 6, with guard depth fixed at 6 and with identical samples, multipliers, B=999, bootstrap grid 0.005, enclosure grid 0.0025, node ceiling 57601, and every remaining inferential setting","ED1_TANGENCY_SV_POWER_n4000","diagnostic","TANGENCY_SV_POWER",4000,4000,"absolute","K1",0.25,1.5,"depth6_reference","depth8_refined","ED1_003_TANGENCY_SV_POWER_n4000_depth6_reference","ED1_004_TANGENCY_SV_POWER_n4000_depth8_refined","continuous","enclosure_limit_hit_total_width",254,254,254,254,254,,,,,,,,,0.000291892224409448,1.91467765748023e-05,-0.000272745447834645,0.00051966691190716,3.26068020614368e-05,-0.00101660156250007,0,0
"enclosure_depth_v001","depth8_refined_minus_depth6_reference","maximum continuum-enclosure depth 8 minus 6, with guard depth fixed at 6 and with identical samples, multipliers, B=999, bootstrap grid 0.005, enclosure grid 0.0025, node ceiling 57601, and every remaining inferential setting","ED1_TANGENCY_SV_POWER_n8000","diagnostic","TANGENCY_SV_POWER",8000,8000,"absolute","K1",0.25,1.5,"depth6_reference","depth8_refined","ED1_005_TANGENCY_SV_POWER_n8000_depth6_reference","ED1_006_TANGENCY_SV_POWER_n8000_depth8_refined","continuous","enclosure_limit_hit_total_width",254,254,254,254,254,,,,,,,,,0.000488281249999998,3.28724778543292e-05,-0.000455408772145669,0.000804590918364254,5.04845242489094e-05,-0.00140624999999998,-0.000195312499999989,0
"enclosure_depth_v001","depth8_refined_minus_depth6_reference","maximum continuum-enclosure depth 8 minus 6, with guard depth fixed at 6 and with identical samples, multipliers, B=999, bootstrap grid 0.005, enclosure grid 0.0025, node ceiling 57601, and every remaining inferential setting","ED1_TANGENCY_SV_POWER_n2000","diagnostic","TANGENCY_SV_POWER",2000,2000,"absolute","K1",0.25,1.5,"depth6_reference","depth8_refined","ED1_001_TANGENCY_SV_POWER_n2000_depth6_reference","ED1_002_TANGENCY_SV_POWER_n2000_depth8_refined","continuous","enclosure_limit_hit_width_proportion",254,254,254,254,254,,,,,,,,,0.000174212598425192,1.20878444881895e-05,-0.000162124753937002,0.000351387601290547,2.20480190283327e-05,-0.000771093750000009,0,0
"enclosure_depth_v001","depth8_refined_minus_depth6_reference","maximum continuum-enclosure depth 8 minus 6, with guard depth fixed at 6 and with identical samples, multipliers, B=999, bootstrap grid 0.005, enclosure grid 0.0025, node ceiling 57601, and every remaining inferential setting","ED1_TANGENCY_SV_POWER_n4000","diagnostic","TANGENCY_SV_POWER",4000,4000,"absolute","K1",0.25,1.5,"depth6_reference","depth8_refined","ED1_003_TANGENCY_SV_POWER_n4000_depth6_reference","ED1_004_TANGENCY_SV_POWER_n4000_depth8_refined","continuous","enclosure_limit_hit_width_proportion",254,254,254,254,254,,,,,,,,,0.000233513779527558,1.53174212598419e-05,-0.000218196358267716,0.000415733529525728,2.60854416491494e-05,-0.00081328125000006,0,0
"enclosure_depth_v001","depth8_refined_minus_depth6_reference","maximum continuum-enclosure depth 8 minus 6, with guard depth fixed at 6 and with identical samples, multipliers, B=999, bootstrap grid 0.005, enclosure grid 0.0025, node ceiling 57601, and every remaining inferential setting","ED1_TANGENCY_SV_POWER_n8000","diagnostic","TANGENCY_SV_POWER",8000,8000,"absolute","K1",0.25,1.5,"depth6_reference","depth8_refined","ED1_005_TANGENCY_SV_POWER_n8000_depth6_reference","ED1_006_TANGENCY_SV_POWER_n8000_depth8_refined","continuous","enclosure_limit_hit_width_proportion",254,254,254,254,254,,,,,,,,,0.000390624999999999,2.62979822834634e-05,-0.000364327017716535,0.000643672734691403,4.03876193991275e-05,-0.00112499999999998,-0.000156249999999991,0
"enclosure_depth_v001","depth8_refined_minus_depth6_reference","maximum continuum-enclosure depth 8 minus 6, with guard depth fixed at 6 and with identical samples, multipliers, B=999, bootstrap grid 0.005, enclosure grid 0.0025, node ceiling 57601, and every remaining inferential setting","ED1_TANGENCY_SV_POWER_n2000","diagnostic","TANGENCY_SV_POWER",2000,2000,"absolute","K1",0.25,1.5,"depth6_reference","depth8_refined","ED1_001_TANGENCY_SV_POWER_n2000_depth6_reference","ED1_002_TANGENCY_SV_POWER_n2000_depth8_refined","continuous","enclosure_maximum_level",254,254,254,254,254,,,,,,,,,5.4251968503937,5.96850393700787,0.543307086614173,0.807630658667157,0.0506752545188263,0,0,2
"enclosure_depth_v001","depth8_refined_minus_depth6_reference","maximum continuum-enclosure depth 8 minus 6, with guard depth fixed at 6 and with identical samples, multipliers, B=999, bootstrap grid 0.005, enclosure grid 0.0025, node ceiling 57601, and every remaining inferential setting","ED1_TANGENCY_SV_POWER_n4000","diagnostic","TANGENCY_SV_POWER",4000,4000,"absolute","K1",0.25,1.5,"depth6_reference","depth8_refined","ED1_003_TANGENCY_SV_POWER_n4000_depth6_reference","ED1_004_TANGENCY_SV_POWER_n4000_depth8_refined","continuous","enclosure_maximum_level",254,254,254,254,254,,,,,,,,,5.60236220472441,6.25984251968504,0.65748031496063,0.81778836859942,0.051312605925217,0,0,2
"enclosure_depth_v001","depth8_refined_minus_depth6_reference","maximum continuum-enclosure depth 8 minus 6, with guard depth fixed at 6 and with identical samples, multipliers, B=999, bootstrap grid 0.005, enclosure grid 0.0025, node ceiling 57601, and every remaining inferential setting","ED1_TANGENCY_SV_POWER_n8000","diagnostic","TANGENCY_SV_POWER",8000,8000,"absolute","K1",0.25,1.5,"depth6_reference","depth8_refined","ED1_005_TANGENCY_SV_POWER_n8000_depth6_reference","ED1_006_TANGENCY_SV_POWER_n8000_depth8_refined","continuous","enclosure_maximum_level",254,254,254,254,254,,,,,,,,,5.82283464566929,6.71653543307087,0.893700787401575,0.848458078928466,0.0532369947040036,0,1,2
"enclosure_depth_v001","depth8_refined_minus_depth6_reference","maximum continuum-enclosure depth 8 minus 6, with guard depth fixed at 6 and with identical samples, multipliers, B=999, bootstrap grid 0.005, enclosure grid 0.0025, node ceiling 57601, and every remaining inferential setting","ED1_TANGENCY_SV_POWER_n2000","diagnostic","TANGENCY_SV_POWER",2000,2000,"absolute","K1",0.25,1.5,"depth6_reference","depth8_refined","ED1_001_TANGENCY_SV_POWER_n2000_depth6_reference","ED1_002_TANGENCY_SV_POWER_n2000_depth8_refined","continuous","enclosure_node_limit_cells",254,254,254,254,254,,,,,,,,,0,0,0,0,0,0,0,0
"enclosure_depth_v001","depth8_refined_minus_depth6_reference","maximum continuum-enclosure depth 8 minus 6, with guard depth fixed at 6 and with identical samples, multipliers, B=999, bootstrap grid 0.005, enclosure grid 0.0025, node ceiling 57601, and every remaining inferential setting","ED1_TANGENCY_SV_POWER_n4000","diagnostic","TANGENCY_SV_POWER",4000,4000,"absolute","K1",0.25,1.5,"depth6_reference","depth8_refined","ED1_003_TANGENCY_SV_POWER_n4000_depth6_reference","ED1_004_TANGENCY_SV_POWER_n4000_depth8_refined","continuous","enclosure_node_limit_cells",254,254,254,254,254,,,,,,,,,0,0,0,0,0,0,0,0
"enclosure_depth_v001","depth8_refined_minus_depth6_reference","maximum continuum-enclosure depth 8 minus 6, with guard depth fixed at 6 and with identical samples, multipliers, B=999, bootstrap grid 0.005, enclosure grid 0.0025, node ceiling 57601, and every remaining inferential setting","ED1_TANGENCY_SV_POWER_n8000","diagnostic","TANGENCY_SV_POWER",8000,8000,"absolute","K1",0.25,1.5,"depth6_reference","depth8_refined","ED1_005_TANGENCY_SV_POWER_n8000_depth6_reference","ED1_006_TANGENCY_SV_POWER_n8000_depth8_refined","continuous","enclosure_node_limit_cells",254,254,254,254,254,,,,,,,,,0,0,0,0,0,0,0,0
"enclosure_depth_v001","depth8_refined_minus_depth6_reference","maximum continuum-enclosure depth 8 minus 6, with guard depth fixed at 6 and with identical samples, multipliers, B=999, bootstrap grid 0.005, enclosure grid 0.0025, node ceiling 57601, and every remaining inferential setting","ED1_TANGENCY_SV_POWER_n2000","diagnostic","TANGENCY_SV_POWER",2000,2000,"absolute","K1",0.25,1.5,"depth6_reference","depth8_refined","ED1_001_TANGENCY_SV_POWER_n2000_depth6_reference","ED1_002_TANGENCY_SV_POWER_n2000_depth8_refined","continuous","enclosure_node_limit_maximum_cell_width",254,254,254,254,254,,,,,,,,,0,0,0,0,0,0,0,0
"enclosure_depth_v001","depth8_refined_minus_depth6_reference","maximum continuum-enclosure depth 8 minus 6, with guard depth fixed at 6 and with identical samples, multipliers, B=999, bootstrap grid 0.005, enclosure grid 0.0025, node ceiling 57601, and every remaining inferential setting","ED1_TANGENCY_SV_POWER_n4000","diagnostic","TANGENCY_SV_POWER",4000,4000,"absolute","K1",0.25,1.5,"depth6_reference","depth8_refined","ED1_003_TANGENCY_SV_POWER_n4000_depth6_reference","ED1_004_TANGENCY_SV_POWER_n4000_depth8_refined","continuous","enclosure_node_limit_maximum_cell_width",254,254,254,254,254,,,,,,,,,0,0,0,0,0,0,0,0
"enclosure_depth_v001","depth8_refined_minus_depth6_reference","maximum continuum-enclosure depth 8 minus 6, with guard depth fixed at 6 and with identical samples, multipliers, B=999, bootstrap grid 0.005, enclosure grid 0.0025, node ceiling 57601, and every remaining inferential setting","ED1_TANGENCY_SV_POWER_n8000","diagnostic","TANGENCY_SV_POWER",8000,8000,"absolute","K1",0.25,1.5,"depth6_reference","depth8_refined","ED1_005_TANGENCY_SV_POWER_n8000_depth6_reference","ED1_006_TANGENCY_SV_POWER_n8000_depth8_refined","continuous","enclosure_node_limit_maximum_cell_width",254,254,254,254,254,,,,,,,,,0,0,0,0,0,0,0,0
"enclosure_depth_v001","depth8_refined_minus_depth6_reference","maximum continuum-enclosure depth 8 minus 6, with guard depth fixed at 6 and with identical samples, multipliers, B=999, bootstrap grid 0.005, enclosure grid 0.0025, node ceiling 57601, and every remaining inferential setting","ED1_TANGENCY_SV_POWER_n2000","diagnostic","TANGENCY_SV_POWER",2000,2000,"absolute","K1",0.25,1.5,"depth6_reference","depth8_refined","ED1_001_TANGENCY_SV_POWER_n2000_depth6_reference","ED1_002_TANGENCY_SV_POWER_n2000_depth8_refined","continuous","enclosure_node_limit_total_width",254,254,254,254,254,,,,,,,,,0,0,0,0,0,0,0,0
"enclosure_depth_v001","depth8_refined_minus_depth6_reference","maximum continuum-enclosure depth 8 minus 6, with guard depth fixed at 6 and with identical samples, multipliers, B=999, bootstrap grid 0.005, enclosure grid 0.0025, node ceiling 57601, and every remaining inferential setting","ED1_TANGENCY_SV_POWER_n4000","diagnostic","TANGENCY_SV_POWER",4000,4000,"absolute","K1",0.25,1.5,"depth6_reference","depth8_refined","ED1_003_TANGENCY_SV_POWER_n4000_depth6_reference","ED1_004_TANGENCY_SV_POWER_n4000_depth8_refined","continuous","enclosure_node_limit_total_width",254,254,254,254,254,,,,,,,,,0,0,0,0,0,0,0,0
"enclosure_depth_v001","depth8_refined_minus_depth6_reference","maximum continuum-enclosure depth 8 minus 6, with guard depth fixed at 6 and with identical samples, multipliers, B=999, bootstrap grid 0.005, enclosure grid 0.0025, node ceiling 57601, and every remaining inferential setting","ED1_TANGENCY_SV_POWER_n8000","diagnostic","TANGENCY_SV_POWER",8000,8000,"absolute","K1",0.25,1.5,"depth6_reference","depth8_refined","ED1_005_TANGENCY_SV_POWER_n8000_depth6_reference","ED1_006_TANGENCY_SV_POWER_n8000_depth8_refined","continuous","enclosure_node_limit_total_width",254,254,254,254,254,,,,,,,,,0,0,0,0,0,0,0,0
"enclosure_depth_v001","depth8_refined_minus_depth6_reference","maximum continuum-enclosure depth 8 minus 6, with guard depth fixed at 6 and with identical samples, multipliers, B=999, bootstrap grid 0.005, enclosure grid 0.0025, node ceiling 57601, and every remaining inferential setting","ED1_TANGENCY_SV_POWER_n2000","diagnostic","TANGENCY_SV_POWER",2000,2000,"absolute","K1",0.25,1.5,"depth6_reference","depth8_refined","ED1_001_TANGENCY_SV_POWER_n2000_depth6_reference","ED1_002_TANGENCY_SV_POWER_n2000_depth8_refined","continuous","enclosure_node_limit_width_proportion",254,254,254,254,254,,,,,,,,,0,0,0,0,0,0,0,0
"enclosure_depth_v001","depth8_refined_minus_depth6_reference","maximum continuum-enclosure depth 8 minus 6, with guard depth fixed at 6 and with identical samples, multipliers, B=999, bootstrap grid 0.005, enclosure grid 0.0025, node ceiling 57601, and every remaining inferential setting","ED1_TANGENCY_SV_POWER_n4000","diagnostic","TANGENCY_SV_POWER",4000,4000,"absolute","K1",0.25,1.5,"depth6_reference","depth8_refined","ED1_003_TANGENCY_SV_POWER_n4000_depth6_reference","ED1_004_TANGENCY_SV_POWER_n4000_depth8_refined","continuous","enclosure_node_limit_width_proportion",254,254,254,254,254,,,,,,,,,0,0,0,0,0,0,0,0
"enclosure_depth_v001","depth8_refined_minus_depth6_reference","maximum continuum-enclosure depth 8 minus 6, with guard depth fixed at 6 and with identical samples, multipliers, B=999, bootstrap grid 0.005, enclosure grid 0.0025, node ceiling 57601, and every remaining inferential setting","ED1_TANGENCY_SV_POWER_n8000","diagnostic","TANGENCY_SV_POWER",8000,8000,"absolute","K1",0.25,1.5,"depth6_reference","depth8_refined","ED1_005_TANGENCY_SV_POWER_n8000_depth6_reference","ED1_006_TANGENCY_SV_POWER_n8000_depth8_refined","continuous","enclosure_node_limit_width_proportion",254,254,254,254,254,,,,,,,,,0,0,0,0,0,0,0,0
"enclosure_depth_v001","depth8_refined_minus_depth6_reference","maximum continuum-enclosure depth 8 minus 6, with guard depth fixed at 6 and with identical samples, multipliers, B=999, bootstrap grid 0.005, enclosure grid 0.0025, node ceiling 57601, and every remaining inferential setting","ED1_TANGENCY_SV_POWER_n2000","diagnostic","TANGENCY_SV_POWER",2000,2000,"absolute","K1",0.25,1.5,"depth6_reference","depth8_refined","ED1_001_TANGENCY_SV_POWER_n2000_depth6_reference","ED1_002_TANGENCY_SV_POWER_n2000_depth8_refined","continuous","enclosure_nodes_used",254,254,254,254,254,,,,,,,,,626.279527559055,634.791338582677,8.51181102362205,19.7761648934519,1.24086694657659,0,0,49.35
"enclosure_depth_v001","depth8_refined_minus_depth6_reference","maximum continuum-enclosure depth 8 minus 6, with guard depth fixed at 6 and with identical samples, multipliers, B=999, bootstrap grid 0.005, enclosure grid 0.0025, node ceiling 57601, and every remaining inferential setting","ED1_TANGENCY_SV_POWER_n4000","diagnostic","TANGENCY_SV_POWER",4000,4000,"absolute","K1",0.25,1.5,"depth6_reference","depth8_refined","ED1_003_TANGENCY_SV_POWER_n4000_depth6_reference","ED1_004_TANGENCY_SV_POWER_n4000_depth8_refined","continuous","enclosure_nodes_used",254,254,254,254,254,,,,,,,,,668.665354330709,679.748031496063,11.0826771653543,23.0832197646188,1.448370024259,0,0,54.35
"enclosure_depth_v001","depth8_refined_minus_depth6_reference","maximum continuum-enclosure depth 8 minus 6, with guard depth fixed at 6 and with identical samples, multipliers, B=999, bootstrap grid 0.005, enclosure grid 0.0025, node ceiling 57601, and every remaining inferential setting","ED1_TANGENCY_SV_POWER_n8000","diagnostic","TANGENCY_SV_POWER",8000,8000,"absolute","K1",0.25,1.5,"depth6_reference","depth8_refined","ED1_005_TANGENCY_SV_POWER_n8000_depth6_reference","ED1_006_TANGENCY_SV_POWER_n8000_depth8_refined","continuous","enclosure_nodes_used",254,254,254,254,254,,,,,,,,,741.086614173228,760.01968503937,18.9330708661417,40.4421150874425,2.53756398836813,0,5,66
"enclosure_depth_v001","depth8_refined_minus_depth6_reference","maximum continuum-enclosure depth 8 minus 6, with guard depth fixed at 6 and with identical samples, multipliers, B=999, bootstrap grid 0.005, enclosure grid 0.0025, node ceiling 57601, and every remaining inferential setting","ED1_TANGENCY_SV_POWER_n2000","diagnostic","TANGENCY_SV_POWER",2000,2000,"absolute","K1",0.25,1.5,"depth6_reference","depth8_refined","ED1_001_TANGENCY_SV_POWER_n2000_depth6_reference","ED1_002_TANGENCY_SV_POWER_n2000_depth8_refined","continuous","enclosure_statistical_limit_cells",254,254,254,254,254,,,,,,,,,5.5748031496063,1.54724409448819,-4.02755905511811,8.83373140971743,0.554277605405849,-20.35,0,0
"enclosure_depth_v001","depth8_refined_minus_depth6_reference","maximum continuum-enclosure depth 8 minus 6, with guard depth fixed at 6 and with identical samples, multipliers, B=999, bootstrap grid 0.005, enclosure grid 0.0025, node ceiling 57601, and every remaining inferential setting","ED1_TANGENCY_SV_POWER_n4000","diagnostic","TANGENCY_SV_POWER",4000,4000,"absolute","K1",0.25,1.5,"depth6_reference","depth8_refined","ED1_003_TANGENCY_SV_POWER_n4000_depth6_reference","ED1_004_TANGENCY_SV_POWER_n4000_depth8_refined","continuous","enclosure_statistical_limit_cells",254,254,254,254,254,,,,,,,,,7.47244094488189,1.96062992125984,-5.51181102362205,10.537991604806,0.661212400693268,-23,0,0
"enclosure_depth_v001","depth8_refined_minus_depth6_reference","maximum continuum-enclosure depth 8 minus 6, with guard depth fixed at 6 and with identical samples, multipliers, B=999, bootstrap grid 0.005, enclosure grid 0.0025, node ceiling 57601, and every remaining inferential setting","ED1_TANGENCY_SV_POWER_n8000","diagnostic","TANGENCY_SV_POWER",8000,8000,"absolute","K1",0.25,1.5,"depth6_reference","depth8_refined","ED1_005_TANGENCY_SV_POWER_n8000_depth6_reference","ED1_006_TANGENCY_SV_POWER_n8000_depth8_refined","continuous","enclosure_statistical_limit_cells",254,254,254,254,254,,,,,,,,,12.5,3.36614173228346,-9.13385826771654,14.7280282952607,0.924118685210036,-27.35,-4,0
"enclosure_depth_v001","depth8_refined_minus_depth6_reference","maximum continuum-enclosure depth 8 minus 6, with guard depth fixed at 6 and with identical samples, multipliers, B=999, bootstrap grid 0.005, enclosure grid 0.0025, node ceiling 57601, and every remaining inferential setting","ED1_TANGENCY_SV_POWER_n2000","diagnostic","TANGENCY_SV_POWER",2000,2000,"absolute","K1",0.25,1.5,"depth6_reference","depth8_refined","ED1_001_TANGENCY_SV_POWER_n2000_depth6_reference","ED1_002_TANGENCY_SV_POWER_n2000_depth8_refined","continuous","enclosure_statistical_limit_maximum_cell_width",254,254,254,254,254,,,,,,,,,1.33796751968699e-05,1.07652559055894e-06,-1.2303149606311e-05,1.72876278868772e-05,1.08472224746894e-06,-3.90625000000755e-05,0,0
"enclosure_depth_v001","depth8_refined_minus_depth6_reference","maximum continuum-enclosure depth 8 minus 6, with guard depth fixed at 6 and with identical samples, multipliers, B=999, bootstrap grid 0.005, enclosure grid 0.0025, node ceiling 57601, and every remaining inferential setting","ED1_TANGENCY_SV_POWER_n4000","diagnostic","TANGENCY_SV_POWER",4000,4000,"absolute","K1",0.25,1.5,"depth6_reference","depth8_refined","ED1_003_TANGENCY_SV_POWER_n4000_depth6_reference","ED1_004_TANGENCY_SV_POWER_n4000_depth8_refined","continuous","enclosure_statistical_limit_maximum_cell_width",254,254,254,254,254,,,,,,,,,1.70706200787635e-05,1.23031496063776e-06,-1.58403051181258e-05,1.82514037884244e-05,1.14519492589675e-06,-3.90625000000755e-05,0,0
"enclosure_depth_v001","depth8_refined_minus_depth6_reference","maximum continuum-enclosure depth 8 minus 6, with guard depth fixed at 6 and with identical samples, multipliers, B=999, bootstrap grid 0.005, enclosure grid 0.0025, node ceiling 57601, and every remaining inferential setting","ED1_TANGENCY_SV_POWER_n8000","diagnostic","TANGENCY_SV_POWER",8000,8000,"absolute","K1",0.25,1.5,"depth6_reference","depth8_refined","ED1_005_TANGENCY_SV_POWER_n8000_depth6_reference","ED1_006_TANGENCY_SV_POWER_n8000_depth8_refined","continuous","enclosure_statistical_limit_maximum_cell_width",254,254,254,254,254,,,,,,,,,2.2760826771679e-05,1.53789370079562e-06,-2.12229330708833e-05,1.82994766205897e-05,1.1482112836579e-06,-3.90625000000755e-05,-2.92968749999734e-05,0
"enclosure_depth_v001","depth8_refined_minus_depth6_reference","maximum continuum-enclosure depth 8 minus 6, with guard depth fixed at 6 and with identical samples, multipliers, B=999, bootstrap grid 0.005, enclosure grid 0.0025, node ceiling 57601, and every remaining inferential setting","ED1_TANGENCY_SV_POWER_n2000","diagnostic","TANGENCY_SV_POWER",2000,2000,"absolute","K1",0.25,1.5,"depth6_reference","depth8_refined","ED1_001_TANGENCY_SV_POWER_n2000_depth6_reference","ED1_002_TANGENCY_SV_POWER_n2000_depth8_refined","continuous","enclosure_statistical_limit_total_width",254,254,254,254,254,,,,,,,,,0.00021776574803149,1.51098056102369e-05,-0.000202655942421253,0.000439234501613184,2.75600237854158e-05,-0.000963867187500012,0,0
"enclosure_depth_v001","depth8_refined_minus_depth6_reference","maximum continuum-enclosure depth 8 minus 6, with guard depth fixed at 6 and with identical samples, multipliers, B=999, bootstrap grid 0.005, enclosure grid 0.0025, node ceiling 57601, and every remaining inferential setting","ED1_TANGENCY_SV_POWER_n4000","diagnostic","TANGENCY_SV_POWER",4000,4000,"absolute","K1",0.25,1.5,"depth6_reference","depth8_refined","ED1_003_TANGENCY_SV_POWER_n4000_depth6_reference","ED1_004_TANGENCY_SV_POWER_n4000_depth8_refined","continuous","enclosure_statistical_limit_total_width",254,254,254,254,254,,,,,,,,,0.000291892224409448,1.91467765748023e-05,-0.000272745447834645,0.00051966691190716,3.26068020614368e-05,-0.00101660156250007,0,0
"enclosure_depth_v001","depth8_refined_minus_depth6_reference","maximum continuum-enclosure depth 8 minus 6, with guard depth fixed at 6 and with identical samples, multipliers, B=999, bootstrap grid 0.005, enclosure grid 0.0025, node ceiling 57601, and every remaining inferential setting","ED1_TANGENCY_SV_POWER_n8000","diagnostic","TANGENCY_SV_POWER",8000,8000,"absolute","K1",0.25,1.5,"depth6_reference","depth8_refined","ED1_005_TANGENCY_SV_POWER_n8000_depth6_reference","ED1_006_TANGENCY_SV_POWER_n8000_depth8_refined","continuous","enclosure_statistical_limit_total_width",254,254,254,254,254,,,,,,,,,0.000488281249999998,3.28724778543292e-05,-0.000455408772145669,0.000804590918364254,5.04845242489094e-05,-0.00140624999999998,-0.000195312499999989,0
"enclosure_depth_v001","depth8_refined_minus_depth6_reference","maximum continuum-enclosure depth 8 minus 6, with guard depth fixed at 6 and with identical samples, multipliers, B=999, bootstrap grid 0.005, enclosure grid 0.0025, node ceiling 57601, and every remaining inferential setting","ED1_TANGENCY_SV_POWER_n2000","diagnostic","TANGENCY_SV_POWER",2000,2000,"absolute","K1",0.25,1.5,"depth6_reference","depth8_refined","ED1_001_TANGENCY_SV_POWER_n2000_depth6_reference","ED1_002_TANGENCY_SV_POWER_n2000_depth8_refined","continuous","enclosure_statistical_limit_width_proportion",254,254,254,254,254,,,,,,,,,0.000174212598425192,1.20878444881895e-05,-0.000162124753937002,0.000351387601290547,2.20480190283327e-05,-0.000771093750000009,0,0
"enclosure_depth_v001","depth8_refined_minus_depth6_reference","maximum continuum-enclosure depth 8 minus 6, with guard depth fixed at 6 and with identical samples, multipliers, B=999, bootstrap grid 0.005, enclosure grid 0.0025, node ceiling 57601, and every remaining inferential setting","ED1_TANGENCY_SV_POWER_n4000","diagnostic","TANGENCY_SV_POWER",4000,4000,"absolute","K1",0.25,1.5,"depth6_reference","depth8_refined","ED1_003_TANGENCY_SV_POWER_n4000_depth6_reference","ED1_004_TANGENCY_SV_POWER_n4000_depth8_refined","continuous","enclosure_statistical_limit_width_proportion",254,254,254,254,254,,,,,,,,,0.000233513779527558,1.53174212598419e-05,-0.000218196358267716,0.000415733529525728,2.60854416491494e-05,-0.00081328125000006,0,0
"enclosure_depth_v001","depth8_refined_minus_depth6_reference","maximum continuum-enclosure depth 8 minus 6, with guard depth fixed at 6 and with identical samples, multipliers, B=999, bootstrap grid 0.005, enclosure grid 0.0025, node ceiling 57601, and every remaining inferential setting","ED1_TANGENCY_SV_POWER_n8000","diagnostic","TANGENCY_SV_POWER",8000,8000,"absolute","K1",0.25,1.5,"depth6_reference","depth8_refined","ED1_005_TANGENCY_SV_POWER_n8000_depth6_reference","ED1_006_TANGENCY_SV_POWER_n8000_depth8_refined","continuous","enclosure_statistical_limit_width_proportion",254,254,254,254,254,,,,,,,,,0.000390624999999999,2.62979822834634e-05,-0.000364327017716535,0.000643672734691403,4.03876193991275e-05,-0.00112499999999998,-0.000156249999999991,0
"enclosure_depth_v001","depth8_refined_minus_depth6_reference","maximum continuum-enclosure depth 8 minus 6, with guard depth fixed at 6 and with identical samples, multipliers, B=999, bootstrap grid 0.005, enclosure grid 0.0025, node ceiling 57601, and every remaining inferential setting","ED1_TANGENCY_SV_POWER_n2000","diagnostic","TANGENCY_SV_POWER",2000,2000,"absolute","K1",0.25,1.5,"depth6_reference","depth8_refined","ED1_001_TANGENCY_SV_POWER_n2000_depth6_reference","ED1_002_TANGENCY_SV_POWER_n2000_depth8_refined","continuous","enclosure_unresolved_cells",254,254,254,254,254,,,,,,,,,316.433070866142,312.405511811024,-4.02755905511811,8.83373140971743,0.554277605405849,-20.35,0,0
"enclosure_depth_v001","depth8_refined_minus_depth6_reference","maximum continuum-enclosure depth 8 minus 6, with guard depth fixed at 6 and with identical samples, multipliers, B=999, bootstrap grid 0.005, enclosure grid 0.0025, node ceiling 57601, and every remaining inferential setting","ED1_TANGENCY_SV_POWER_n4000","diagnostic","TANGENCY_SV_POWER",4000,4000,"absolute","K1",0.25,1.5,"depth6_reference","depth8_refined","ED1_003_TANGENCY_SV_POWER_n4000_depth6_reference","ED1_004_TANGENCY_SV_POWER_n4000_depth8_refined","continuous","enclosure_unresolved_cells",254,254,254,254,254,,,,,,,,,275.248031496063,269.736220472441,-5.51181102362205,10.537991604806,0.661212400693268,-23,0,0
"enclosure_depth_v001","depth8_refined_minus_depth6_reference","maximum continuum-enclosure depth 8 minus 6, with guard depth fixed at 6 and with identical samples, multipliers, B=999, bootstrap grid 0.005, enclosure grid 0.0025, node ceiling 57601, and every remaining inferential setting","ED1_TANGENCY_SV_POWER_n8000","diagnostic","TANGENCY_SV_POWER",8000,8000,"absolute","K1",0.25,1.5,"depth6_reference","depth8_refined","ED1_005_TANGENCY_SV_POWER_n8000_depth6_reference","ED1_006_TANGENCY_SV_POWER_n8000_depth8_refined","continuous","enclosure_unresolved_cells",254,254,254,254,254,,,,,,,,,234.295275590551,225.161417322835,-9.13385826771654,14.7280282952607,0.924118685210036,-27.35,-4,0
"enclosure_depth_v001","depth8_refined_minus_depth6_reference","maximum continuum-enclosure depth 8 minus 6, with guard depth fixed at 6 and with identical samples, multipliers, B=999, bootstrap grid 0.005, enclosure grid 0.0025, node ceiling 57601, and every remaining inferential setting","ED1_TANGENCY_SV_POWER_n2000","diagnostic","TANGENCY_SV_POWER",2000,2000,"absolute","K1",0.25,1.5,"depth6_reference","depth8_refined","ED1_001_TANGENCY_SV_POWER_n2000_depth6_reference","ED1_002_TANGENCY_SV_POWER_n2000_depth8_refined","continuous","enclosure_variance_limit_cells",254,254,254,254,254,,,,,,,,,0,0,0,0,0,0,0,0
"enclosure_depth_v001","depth8_refined_minus_depth6_reference","maximum continuum-enclosure depth 8 minus 6, with guard depth fixed at 6 and with identical samples, multipliers, B=999, bootstrap grid 0.005, enclosure grid 0.0025, node ceiling 57601, and every remaining inferential setting","ED1_TANGENCY_SV_POWER_n4000","diagnostic","TANGENCY_SV_POWER",4000,4000,"absolute","K1",0.25,1.5,"depth6_reference","depth8_refined","ED1_003_TANGENCY_SV_POWER_n4000_depth6_reference","ED1_004_TANGENCY_SV_POWER_n4000_depth8_refined","continuous","enclosure_variance_limit_cells",254,254,254,254,254,,,,,,,,,0,0,0,0,0,0,0,0
"enclosure_depth_v001","depth8_refined_minus_depth6_reference","maximum continuum-enclosure depth 8 minus 6, with guard depth fixed at 6 and with identical samples, multipliers, B=999, bootstrap grid 0.005, enclosure grid 0.0025, node ceiling 57601, and every remaining inferential setting","ED1_TANGENCY_SV_POWER_n8000","diagnostic","TANGENCY_SV_POWER",8000,8000,"absolute","K1",0.25,1.5,"depth6_reference","depth8_refined","ED1_005_TANGENCY_SV_POWER_n8000_depth6_reference","ED1_006_TANGENCY_SV_POWER_n8000_depth8_refined","continuous","enclosure_variance_limit_cells",254,254,254,254,254,,,,,,,,,0,0,0,0,0,0,0,0
"enclosure_depth_v001","depth8_refined_minus_depth6_reference","maximum continuum-enclosure depth 8 minus 6, with guard depth fixed at 6 and with identical samples, multipliers, B=999, bootstrap grid 0.005, enclosure grid 0.0025, node ceiling 57601, and every remaining inferential setting","ED1_TANGENCY_SV_POWER_n2000","diagnostic","TANGENCY_SV_POWER",2000,2000,"absolute","K1",0.25,1.5,"depth6_reference","depth8_refined","ED1_001_TANGENCY_SV_POWER_n2000_depth6_reference","ED1_002_TANGENCY_SV_POWER_n2000_depth8_refined","continuous","enclosure_variance_limit_maximum_cell_width",254,254,254,254,254,,,,,,,,,0,0,0,0,0,0,0,0
"enclosure_depth_v001","depth8_refined_minus_depth6_reference","maximum continuum-enclosure depth 8 minus 6, with guard depth fixed at 6 and with identical samples, multipliers, B=999, bootstrap grid 0.005, enclosure grid 0.0025, node ceiling 57601, and every remaining inferential setting","ED1_TANGENCY_SV_POWER_n4000","diagnostic","TANGENCY_SV_POWER",4000,4000,"absolute","K1",0.25,1.5,"depth6_reference","depth8_refined","ED1_003_TANGENCY_SV_POWER_n4000_depth6_reference","ED1_004_TANGENCY_SV_POWER_n4000_depth8_refined","continuous","enclosure_variance_limit_maximum_cell_width",254,254,254,254,254,,,,,,,,,0,0,0,0,0,0,0,0
"enclosure_depth_v001","depth8_refined_minus_depth6_reference","maximum continuum-enclosure depth 8 minus 6, with guard depth fixed at 6 and with identical samples, multipliers, B=999, bootstrap grid 0.005, enclosure grid 0.0025, node ceiling 57601, and every remaining inferential setting","ED1_TANGENCY_SV_POWER_n8000","diagnostic","TANGENCY_SV_POWER",8000,8000,"absolute","K1",0.25,1.5,"depth6_reference","depth8_refined","ED1_005_TANGENCY_SV_POWER_n8000_depth6_reference","ED1_006_TANGENCY_SV_POWER_n8000_depth8_refined","continuous","enclosure_variance_limit_maximum_cell_width",254,254,254,254,254,,,,,,,,,0,0,0,0,0,0,0,0
"enclosure_depth_v001","depth8_refined_minus_depth6_reference","maximum continuum-enclosure depth 8 minus 6, with guard depth fixed at 6 and with identical samples, multipliers, B=999, bootstrap grid 0.005, enclosure grid 0.0025, node ceiling 57601, and every remaining inferential setting","ED1_TANGENCY_SV_POWER_n2000","diagnostic","TANGENCY_SV_POWER",2000,2000,"absolute","K1",0.25,1.5,"depth6_reference","depth8_refined","ED1_001_TANGENCY_SV_POWER_n2000_depth6_reference","ED1_002_TANGENCY_SV_POWER_n2000_depth8_refined","continuous","enclosure_variance_limit_total_width",254,254,254,254,254,,,,,,,,,0,0,0,0,0,0,0,0
"enclosure_depth_v001","depth8_refined_minus_depth6_reference","maximum continuum-enclosure depth 8 minus 6, with guard depth fixed at 6 and with identical samples, multipliers, B=999, bootstrap grid 0.005, enclosure grid 0.0025, node ceiling 57601, and every remaining inferential setting","ED1_TANGENCY_SV_POWER_n4000","diagnostic","TANGENCY_SV_POWER",4000,4000,"absolute","K1",0.25,1.5,"depth6_reference","depth8_refined","ED1_003_TANGENCY_SV_POWER_n4000_depth6_reference","ED1_004_TANGENCY_SV_POWER_n4000_depth8_refined","continuous","enclosure_variance_limit_total_width",254,254,254,254,254,,,,,,,,,0,0,0,0,0,0,0,0
"enclosure_depth_v001","depth8_refined_minus_depth6_reference","maximum continuum-enclosure depth 8 minus 6, with guard depth fixed at 6 and with identical samples, multipliers, B=999, bootstrap grid 0.005, enclosure grid 0.0025, node ceiling 57601, and every remaining inferential setting","ED1_TANGENCY_SV_POWER_n8000","diagnostic","TANGENCY_SV_POWER",8000,8000,"absolute","K1",0.25,1.5,"depth6_reference","depth8_refined","ED1_005_TANGENCY_SV_POWER_n8000_depth6_reference","ED1_006_TANGENCY_SV_POWER_n8000_depth8_refined","continuous","enclosure_variance_limit_total_width",254,254,254,254,254,,,,,,,,,0,0,0,0,0,0,0,0
"enclosure_depth_v001","depth8_refined_minus_depth6_reference","maximum continuum-enclosure depth 8 minus 6, with guard depth fixed at 6 and with identical samples, multipliers, B=999, bootstrap grid 0.005, enclosure grid 0.0025, node ceiling 57601, and every remaining inferential setting","ED1_TANGENCY_SV_POWER_n2000","diagnostic","TANGENCY_SV_POWER",2000,2000,"absolute","K1",0.25,1.5,"depth6_reference","depth8_refined","ED1_001_TANGENCY_SV_POWER_n2000_depth6_reference","ED1_002_TANGENCY_SV_POWER_n2000_depth8_refined","continuous","enclosure_variance_limit_width_proportion",254,254,254,254,254,,,,,,,,,0,0,0,0,0,0,0,0
"enclosure_depth_v001","depth8_refined_minus_depth6_reference","maximum continuum-enclosure depth 8 minus 6, with guard depth fixed at 6 and with identical samples, multipliers, B=999, bootstrap grid 0.005, enclosure grid 0.0025, node ceiling 57601, and every remaining inferential setting","ED1_TANGENCY_SV_POWER_n4000","diagnostic","TANGENCY_SV_POWER",4000,4000,"absolute","K1",0.25,1.5,"depth6_reference","depth8_refined","ED1_003_TANGENCY_SV_POWER_n4000_depth6_reference","ED1_004_TANGENCY_SV_POWER_n4000_depth8_refined","continuous","enclosure_variance_limit_width_proportion",254,254,254,254,254,,,,,,,,,0,0,0,0,0,0,0,0
"enclosure_depth_v001","depth8_refined_minus_depth6_reference","maximum continuum-enclosure depth 8 minus 6, with guard depth fixed at 6 and with identical samples, multipliers, B=999, bootstrap grid 0.005, enclosure grid 0.0025, node ceiling 57601, and every remaining inferential setting","ED1_TANGENCY_SV_POWER_n8000","diagnostic","TANGENCY_SV_POWER",8000,8000,"absolute","K1",0.25,1.5,"depth6_reference","depth8_refined","ED1_005_TANGENCY_SV_POWER_n8000_depth6_reference","ED1_006_TANGENCY_SV_POWER_n8000_depth8_refined","continuous","enclosure_variance_limit_width_proportion",254,254,254,254,254,,,,,,,,,0,0,0,0,0,0,0,0
"enclosure_depth_v001","depth8_refined_minus_depth6_reference","maximum continuum-enclosure depth 8 minus 6, with guard depth fixed at 6 and with identical samples, multipliers, B=999, bootstrap grid 0.005, enclosure grid 0.0025, node ceiling 57601, and every remaining inferential setting","ED1_TANGENCY_SV_POWER_n2000","diagnostic","TANGENCY_SV_POWER",2000,2000,"absolute","K1",0.25,1.5,"depth6_reference","depth8_refined","ED1_001_TANGENCY_SV_POWER_n2000_depth6_reference","ED1_002_TANGENCY_SV_POWER_n2000_depth8_refined","continuous","enclosure_variance_unresolved_cells",254,254,254,254,254,,,,,,,,,0,0,0,0,0,0,0,0
"enclosure_depth_v001","depth8_refined_minus_depth6_reference","maximum continuum-enclosure depth 8 minus 6, with guard depth fixed at 6 and with identical samples, multipliers, B=999, bootstrap grid 0.005, enclosure grid 0.0025, node ceiling 57601, and every remaining inferential setting","ED1_TANGENCY_SV_POWER_n4000","diagnostic","TANGENCY_SV_POWER",4000,4000,"absolute","K1",0.25,1.5,"depth6_reference","depth8_refined","ED1_003_TANGENCY_SV_POWER_n4000_depth6_reference","ED1_004_TANGENCY_SV_POWER_n4000_depth8_refined","continuous","enclosure_variance_unresolved_cells",254,254,254,254,254,,,,,,,,,0,0,0,0,0,0,0,0
"enclosure_depth_v001","depth8_refined_minus_depth6_reference","maximum continuum-enclosure depth 8 minus 6, with guard depth fixed at 6 and with identical samples, multipliers, B=999, bootstrap grid 0.005, enclosure grid 0.0025, node ceiling 57601, and every remaining inferential setting","ED1_TANGENCY_SV_POWER_n8000","diagnostic","TANGENCY_SV_POWER",8000,8000,"absolute","K1",0.25,1.5,"depth6_reference","depth8_refined","ED1_005_TANGENCY_SV_POWER_n8000_depth6_reference","ED1_006_TANGENCY_SV_POWER_n8000_depth8_refined","continuous","enclosure_variance_unresolved_cells",254,254,254,254,254,,,,,,,,,0,0,0,0,0,0,0,0
"enclosure_depth_v001","depth8_refined_minus_depth6_reference","maximum continuum-enclosure depth 8 minus 6, with guard depth fixed at 6 and with identical samples, multipliers, B=999, bootstrap grid 0.005, enclosure grid 0.0025, node ceiling 57601, and every remaining inferential setting","ED1_TANGENCY_SV_POWER_n2000","diagnostic","TANGENCY_SV_POWER",2000,2000,"absolute","K1",0.25,1.5,"depth6_reference","depth8_refined","ED1_001_TANGENCY_SV_POWER_n2000_depth6_reference","ED1_002_TANGENCY_SV_POWER_n2000_depth8_refined","continuous","guard_maximum_level",254,254,254,254,254,,,,,,,,,0,0,0,0,0,0,0,0
"enclosure_depth_v001","depth8_refined_minus_depth6_reference","maximum continuum-enclosure depth 8 minus 6, with guard depth fixed at 6 and with identical samples, multipliers, B=999, bootstrap grid 0.005, enclosure grid 0.0025, node ceiling 57601, and every remaining inferential setting","ED1_TANGENCY_SV_POWER_n4000","diagnostic","TANGENCY_SV_POWER",4000,4000,"absolute","K1",0.25,1.5,"depth6_reference","depth8_refined","ED1_003_TANGENCY_SV_POWER_n4000_depth6_reference","ED1_004_TANGENCY_SV_POWER_n4000_depth8_refined","continuous","guard_maximum_level",254,254,254,254,254,,,,,,,,,0,0,0,0,0,0,0,0
"enclosure_depth_v001","depth8_refined_minus_depth6_reference","maximum continuum-enclosure depth 8 minus 6, with guard depth fixed at 6 and with identical samples, multipliers, B=999, bootstrap grid 0.005, enclosure grid 0.0025, node ceiling 57601, and every remaining inferential setting","ED1_TANGENCY_SV_POWER_n8000","diagnostic","TANGENCY_SV_POWER",8000,8000,"absolute","K1",0.25,1.5,"depth6_reference","depth8_refined","ED1_005_TANGENCY_SV_POWER_n8000_depth6_reference","ED1_006_TANGENCY_SV_POWER_n8000_depth8_refined","continuous","guard_maximum_level",254,254,254,254,254,,,,,,,,,0,0,0,0,0,0,0,0
"enclosure_depth_v001","depth8_refined_minus_depth6_reference","maximum continuum-enclosure depth 8 minus 6, with guard depth fixed at 6 and with identical samples, multipliers, B=999, bootstrap grid 0.005, enclosure grid 0.0025, node ceiling 57601, and every remaining inferential setting","ED1_TANGENCY_SV_POWER_n2000","diagnostic","TANGENCY_SV_POWER",2000,2000,"absolute","K1",0.25,1.5,"depth6_reference","depth8_refined","ED1_001_TANGENCY_SV_POWER_n2000_depth6_reference","ED1_002_TANGENCY_SV_POWER_n2000_depth8_refined","continuous","guard_minimum_ratio",254,254,254,254,254,,,,,,,,,0.0585543822395624,0.0585543822395624,0,0,0,0,0,0
"enclosure_depth_v001","depth8_refined_minus_depth6_reference","maximum continuum-enclosure depth 8 minus 6, with guard depth fixed at 6 and with identical samples, multipliers, B=999, bootstrap grid 0.005, enclosure grid 0.0025, node ceiling 57601, and every remaining inferential setting","ED1_TANGENCY_SV_POWER_n4000","diagnostic","TANGENCY_SV_POWER",4000,4000,"absolute","K1",0.25,1.5,"depth6_reference","depth8_refined","ED1_003_TANGENCY_SV_POWER_n4000_depth6_reference","ED1_004_TANGENCY_SV_POWER_n4000_depth8_refined","continuous","guard_minimum_ratio",254,254,254,254,254,,,,,,,,,0.0585713551753278,0.0585713551753278,0,0,0,0,0,0
"enclosure_depth_v001","depth8_refined_minus_depth6_reference","maximum continuum-enclosure depth 8 minus 6, with guard depth fixed at 6 and with identical samples, multipliers, B=999, bootstrap grid 0.005, enclosure grid 0.0025, node ceiling 57601, and every remaining inferential setting","ED1_TANGENCY_SV_POWER_n8000","diagnostic","TANGENCY_SV_POWER",8000,8000,"absolute","K1",0.25,1.5,"depth6_reference","depth8_refined","ED1_005_TANGENCY_SV_POWER_n8000_depth6_reference","ED1_006_TANGENCY_SV_POWER_n8000_depth8_refined","continuous","guard_minimum_ratio",254,254,254,254,254,,,,,,,,,0.058645143588226,0.058645143588226,0,0,0,0,0,0
"enclosure_depth_v001","depth8_refined_minus_depth6_reference","maximum continuum-enclosure depth 8 minus 6, with guard depth fixed at 6 and with identical samples, multipliers, B=999, bootstrap grid 0.005, enclosure grid 0.0025, node ceiling 57601, and every remaining inferential setting","ED1_TANGENCY_SV_POWER_n2000","diagnostic","TANGENCY_SV_POWER",2000,2000,"absolute","K1",0.25,1.5,"depth6_reference","depth8_refined","ED1_001_TANGENCY_SV_POWER_n2000_depth6_reference","ED1_002_TANGENCY_SV_POWER_n2000_depth8_refined","continuous","guard_nodes_used",254,254,254,254,254,,,,,,,,,251,251,0,0,0,0,0,0
"enclosure_depth_v001","depth8_refined_minus_depth6_reference","maximum continuum-enclosure depth 8 minus 6, with guard depth fixed at 6 and with identical samples, multipliers, B=999, bootstrap grid 0.005, enclosure grid 0.0025, node ceiling 57601, and every remaining inferential setting","ED1_TANGENCY_SV_POWER_n4000","diagnostic","TANGENCY_SV_POWER",4000,4000,"absolute","K1",0.25,1.5,"depth6_reference","depth8_refined","ED1_003_TANGENCY_SV_POWER_n4000_depth6_reference","ED1_004_TANGENCY_SV_POWER_n4000_depth8_refined","continuous","guard_nodes_used",254,254,254,254,254,,,,,,,,,251,251,0,0,0,0,0,0
"enclosure_depth_v001","depth8_refined_minus_depth6_reference","maximum continuum-enclosure depth 8 minus 6, with guard depth fixed at 6 and with identical samples, multipliers, B=999, bootstrap grid 0.005, enclosure grid 0.0025, node ceiling 57601, and every remaining inferential setting","ED1_TANGENCY_SV_POWER_n8000","diagnostic","TANGENCY_SV_POWER",8000,8000,"absolute","K1",0.25,1.5,"depth6_reference","depth8_refined","ED1_005_TANGENCY_SV_POWER_n8000_depth6_reference","ED1_006_TANGENCY_SV_POWER_n8000_depth8_refined","continuous","guard_nodes_used",254,254,254,254,254,,,,,,,,,251,251,0,0,0,0,0,0
"enclosure_depth_v001","depth8_refined_minus_depth6_reference","maximum continuum-enclosure depth 8 minus 6, with guard depth fixed at 6 and with identical samples, multipliers, B=999, bootstrap grid 0.005, enclosure grid 0.0025, node ceiling 57601, and every remaining inferential setting","ED1_TANGENCY_SV_POWER_n2000","diagnostic","TANGENCY_SV_POWER",2000,2000,"absolute","K1",0.25,1.5,"depth6_reference","depth8_refined","ED1_001_TANGENCY_SV_POWER_n2000_depth6_reference","ED1_002_TANGENCY_SV_POWER_n2000_depth8_refined","continuous","integrated_half_width",254,254,254,254,254,,,,,,,,,2.42005491639205,2.42005491639205,0,0,0,0,0,0
"enclosure_depth_v001","depth8_refined_minus_depth6_reference","maximum continuum-enclosure depth 8 minus 6, with guard depth fixed at 6 and with identical samples, multipliers, B=999, bootstrap grid 0.005, enclosure grid 0.0025, node ceiling 57601, and every remaining inferential setting","ED1_TANGENCY_SV_POWER_n4000","diagnostic","TANGENCY_SV_POWER",4000,4000,"absolute","K1",0.25,1.5,"depth6_reference","depth8_refined","ED1_003_TANGENCY_SV_POWER_n4000_depth6_reference","ED1_004_TANGENCY_SV_POWER_n4000_depth8_refined","continuous","integrated_half_width",254,254,254,254,254,,,,,,,,,1.71447836026381,1.71447836026381,0,0,0,0,0,0
"enclosure_depth_v001","depth8_refined_minus_depth6_reference","maximum continuum-enclosure depth 8 minus 6, with guard depth fixed at 6 and with identical samples, multipliers, B=999, bootstrap grid 0.005, enclosure grid 0.0025, node ceiling 57601, and every remaining inferential setting","ED1_TANGENCY_SV_POWER_n8000","diagnostic","TANGENCY_SV_POWER",8000,8000,"absolute","K1",0.25,1.5,"depth6_reference","depth8_refined","ED1_005_TANGENCY_SV_POWER_n8000_depth6_reference","ED1_006_TANGENCY_SV_POWER_n8000_depth8_refined","continuous","integrated_half_width",254,254,254,254,254,,,,,,,,,1.20565347226316,1.20565347226316,0,0,0,0,0,0
"enclosure_depth_v001","depth8_refined_minus_depth6_reference","maximum continuum-enclosure depth 8 minus 6, with guard depth fixed at 6 and with identical samples, multipliers, B=999, bootstrap grid 0.005, enclosure grid 0.0025, node ceiling 57601, and every remaining inferential setting","ED1_TANGENCY_SV_POWER_n2000","diagnostic","TANGENCY_SV_POWER",2000,2000,"absolute","K1",0.25,1.5,"depth6_reference","depth8_refined","ED1_001_TANGENCY_SV_POWER_n2000_depth6_reference","ED1_002_TANGENCY_SV_POWER_n2000_depth8_refined","continuous","maximum_half_width",254,254,254,254,254,,,,,,,,,10.2001791328493,10.2001791328493,0,0,0,0,0,0
"enclosure_depth_v001","depth8_refined_minus_depth6_reference","maximum continuum-enclosure depth 8 minus 6, with guard depth fixed at 6 and with identical samples, multipliers, B=999, bootstrap grid 0.005, enclosure grid 0.0025, node ceiling 57601, and every remaining inferential setting","ED1_TANGENCY_SV_POWER_n4000","diagnostic","TANGENCY_SV_POWER",4000,4000,"absolute","K1",0.25,1.5,"depth6_reference","depth8_refined","ED1_003_TANGENCY_SV_POWER_n4000_depth6_reference","ED1_004_TANGENCY_SV_POWER_n4000_depth8_refined","continuous","maximum_half_width",254,254,254,254,254,,,,,,,,,7.22700570581267,7.22700570581267,0,0,0,0,0,0
"enclosure_depth_v001","depth8_refined_minus_depth6_reference","maximum continuum-enclosure depth 8 minus 6, with guard depth fixed at 6 and with identical samples, multipliers, B=999, bootstrap grid 0.005, enclosure grid 0.0025, node ceiling 57601, and every remaining inferential setting","ED1_TANGENCY_SV_POWER_n8000","diagnostic","TANGENCY_SV_POWER",8000,8000,"absolute","K1",0.25,1.5,"depth6_reference","depth8_refined","ED1_005_TANGENCY_SV_POWER_n8000_depth6_reference","ED1_006_TANGENCY_SV_POWER_n8000_depth8_refined","continuous","maximum_half_width",254,254,254,254,254,,,,,,,,,5.08161084617086,5.08161084617086,0,0,0,0,0,0
"enclosure_depth_v001","depth8_refined_minus_depth6_reference","maximum continuum-enclosure depth 8 minus 6, with guard depth fixed at 6 and with identical samples, multipliers, B=999, bootstrap grid 0.005, enclosure grid 0.0025, node ceiling 57601, and every remaining inferential setting","ED1_TANGENCY_SV_POWER_n2000","diagnostic","TANGENCY_SV_POWER",2000,2000,"absolute","K1",0.25,1.5,"depth6_reference","depth8_refined","ED1_001_TANGENCY_SV_POWER_n2000_depth6_reference","ED1_002_TANGENCY_SV_POWER_n2000_depth8_refined","continuous","numerical_outer_component_count",254,254,254,254,254,,,,,,,,,1.02362204724409,1.02362204724409,0,0,0,0,0,0
"enclosure_depth_v001","depth8_refined_minus_depth6_reference","maximum continuum-enclosure depth 8 minus 6, with guard depth fixed at 6 and with identical samples, multipliers, B=999, bootstrap grid 0.005, enclosure grid 0.0025, node ceiling 57601, and every remaining inferential setting","ED1_TANGENCY_SV_POWER_n4000","diagnostic","TANGENCY_SV_POWER",4000,4000,"absolute","K1",0.25,1.5,"depth6_reference","depth8_refined","ED1_003_TANGENCY_SV_POWER_n4000_depth6_reference","ED1_004_TANGENCY_SV_POWER_n4000_depth8_refined","continuous","numerical_outer_component_count",254,254,254,254,254,,,,,,,,,1.00787401574803,1.00787401574803,0,0,0,0,0,0
"enclosure_depth_v001","depth8_refined_minus_depth6_reference","maximum continuum-enclosure depth 8 minus 6, with guard depth fixed at 6 and with identical samples, multipliers, B=999, bootstrap grid 0.005, enclosure grid 0.0025, node ceiling 57601, and every remaining inferential setting","ED1_TANGENCY_SV_POWER_n8000","diagnostic","TANGENCY_SV_POWER",8000,8000,"absolute","K1",0.25,1.5,"depth6_reference","depth8_refined","ED1_005_TANGENCY_SV_POWER_n8000_depth6_reference","ED1_006_TANGENCY_SV_POWER_n8000_depth8_refined","continuous","numerical_outer_component_count",254,254,254,254,254,,,,,,,,,1.00787401574803,1.00787401574803,0,0,0,0,0,0
"enclosure_depth_v001","depth8_refined_minus_depth6_reference","maximum continuum-enclosure depth 8 minus 6, with guard depth fixed at 6 and with identical samples, multipliers, B=999, bootstrap grid 0.005, enclosure grid 0.0025, node ceiling 57601, and every remaining inferential setting","ED1_TANGENCY_SV_POWER_n2000","diagnostic","TANGENCY_SV_POWER",2000,2000,"absolute","K1",0.25,1.5,"depth6_reference","depth8_refined","ED1_001_TANGENCY_SV_POWER_n2000_depth6_reference","ED1_002_TANGENCY_SV_POWER_n2000_depth8_refined","continuous","numerical_outer_hausdorff",254,254,254,254,252,,,,,,,,,0.465635075644841,0.465560244605655,-7.48310391865002e-05,0.000182342489128209,1.14864971350891e-05,-0.000438476562500045,0,0
"enclosure_depth_v001","depth8_refined_minus_depth6_reference","maximum continuum-enclosure depth 8 minus 6, with guard depth fixed at 6 and with identical samples, multipliers, B=999, bootstrap grid 0.005, enclosure grid 0.0025, node ceiling 57601, and every remaining inferential setting","ED1_TANGENCY_SV_POWER_n4000","diagnostic","TANGENCY_SV_POWER",4000,4000,"absolute","K1",0.25,1.5,"depth6_reference","depth8_refined","ED1_003_TANGENCY_SV_POWER_n4000_depth6_reference","ED1_004_TANGENCY_SV_POWER_n4000_depth8_refined","continuous","numerical_outer_hausdorff",254,254,254,254,252,,,,,,,,,0.377830016121032,0.377717052641369,-0.000112963479662695,0.000275719214924748,1.73686779612584e-05,-0.000590332031249968,0,0
"enclosure_depth_v001","depth8_refined_minus_depth6_reference","maximum continuum-enclosure depth 8 minus 6, with guard depth fixed at 6 and with identical samples, multipliers, B=999, bootstrap grid 0.005, enclosure grid 0.0025, node ceiling 57601, and every remaining inferential setting","ED1_TANGENCY_SV_POWER_n8000","diagnostic","TANGENCY_SV_POWER",8000,8000,"absolute","K1",0.25,1.5,"depth6_reference","depth8_refined","ED1_005_TANGENCY_SV_POWER_n8000_depth6_reference","ED1_006_TANGENCY_SV_POWER_n8000_depth8_refined","continuous","numerical_outer_hausdorff",254,254,254,254,250,,,,,,,,,0.306256875,0.306118359375,-0.000138515624999999,0.000394717447625126,2.49641233340724e-05,-0.000607421875000003,0,0
"enclosure_depth_v001","depth8_refined_minus_depth6_reference","maximum continuum-enclosure depth 8 minus 6, with guard depth fixed at 6 and with identical samples, multipliers, B=999, bootstrap grid 0.005, enclosure grid 0.0025, node ceiling 57601, and every remaining inferential setting","ED1_TANGENCY_SV_POWER_n2000","diagnostic","TANGENCY_SV_POWER",2000,2000,"absolute","K1",0.25,1.5,"depth6_reference","depth8_refined","ED1_001_TANGENCY_SV_POWER_n2000_depth6_reference","ED1_002_TANGENCY_SV_POWER_n2000_depth8_refined","continuous","numerical_outer_retained_proportion",254,254,254,254,254,,,,,,,,,0.621890748031496,0.621728623277559,-0.000162124753937004,0.000351387601290549,2.20480190283328e-05,-0.000771093749999999,0,0
"enclosure_depth_v001","depth8_refined_minus_depth6_reference","maximum continuum-enclosure depth 8 minus 6, with guard depth fixed at 6 and with identical samples, multipliers, B=999, bootstrap grid 0.005, enclosure grid 0.0025, node ceiling 57601, and every remaining inferential setting","ED1_TANGENCY_SV_POWER_n4000","diagnostic","TANGENCY_SV_POWER",4000,4000,"absolute","K1",0.25,1.5,"depth6_reference","depth8_refined","ED1_003_TANGENCY_SV_POWER_n4000_depth6_reference","ED1_004_TANGENCY_SV_POWER_n4000_depth8_refined","continuous","numerical_outer_retained_proportion",254,254,254,254,254,,,,,,,,,0.53578469488189,0.535566498523622,-0.000218196358267714,0.000415733529525728,2.60854416491494e-05,-0.000813281250000067,0,0
"enclosure_depth_v001","depth8_refined_minus_depth6_reference","maximum continuum-enclosure depth 8 minus 6, with guard depth fixed at 6 and with identical samples, multipliers, B=999, bootstrap grid 0.005, enclosure grid 0.0025, node ceiling 57601, and every remaining inferential setting","ED1_TANGENCY_SV_POWER_n8000","diagnostic","TANGENCY_SV_POWER",8000,8000,"absolute","K1",0.25,1.5,"depth6_reference","depth8_refined","ED1_005_TANGENCY_SV_POWER_n8000_depth6_reference","ED1_006_TANGENCY_SV_POWER_n8000_depth8_refined","continuous","numerical_outer_retained_proportion",254,254,254,254,254,,,,,,,,,0.443981176181102,0.443616849163386,-0.000364327017716534,0.000643672734691403,4.03876193991275e-05,-0.00112499999999997,-0.000156249999999969,0
"enclosure_depth_v001","depth8_refined_minus_depth6_reference","maximum continuum-enclosure depth 8 minus 6, with guard depth fixed at 6 and with identical samples, multipliers, B=999, bootstrap grid 0.005, enclosure grid 0.0025, node ceiling 57601, and every remaining inferential setting","ED1_TANGENCY_SV_POWER_n2000","diagnostic","TANGENCY_SV_POWER",2000,2000,"absolute","K1",0.25,1.5,"depth6_reference","depth8_refined","ED1_001_TANGENCY_SV_POWER_n2000_depth6_reference","ED1_002_TANGENCY_SV_POWER_n2000_depth8_refined","continuous","numerical_outer_total_length",254,254,254,254,254,,,,,,,,,0.77736343503937,0.777160779096949,-0.000202655942421253,0.000439234501613184,2.75600237854158e-05,-0.000963867187500012,0,0
"enclosure_depth_v001","depth8_refined_minus_depth6_reference","maximum continuum-enclosure depth 8 minus 6, with guard depth fixed at 6 and with identical samples, multipliers, B=999, bootstrap grid 0.005, enclosure grid 0.0025, node ceiling 57601, and every remaining inferential setting","ED1_TANGENCY_SV_POWER_n4000","diagnostic","TANGENCY_SV_POWER",4000,4000,"absolute","K1",0.25,1.5,"depth6_reference","depth8_refined","ED1_003_TANGENCY_SV_POWER_n4000_depth6_reference","ED1_004_TANGENCY_SV_POWER_n4000_depth8_refined","continuous","numerical_outer_total_length",254,254,254,254,254,,,,,,,,,0.669730868602362,0.669458123154528,-0.000272745447834647,0.000519666911907161,3.26068020614368e-05,-0.00101660156250007,0,0
"enclosure_depth_v001","depth8_refined_minus_depth6_reference","maximum continuum-enclosure depth 8 minus 6, with guard depth fixed at 6 and with identical samples, multipliers, B=999, bootstrap grid 0.005, enclosure grid 0.0025, node ceiling 57601, and every remaining inferential setting","ED1_TANGENCY_SV_POWER_n8000","diagnostic","TANGENCY_SV_POWER",8000,8000,"absolute","K1",0.25,1.5,"depth6_reference","depth8_refined","ED1_005_TANGENCY_SV_POWER_n8000_depth6_reference","ED1_006_TANGENCY_SV_POWER_n8000_depth8_refined","continuous","numerical_outer_total_length",254,254,254,254,254,,,,,,,,,0.554976470226378,0.554521061454232,-0.00045540877214567,0.000804590918364254,5.04845242489094e-05,-0.00140624999999998,-0.000195312499999989,0
"enclosure_depth_v001","depth8_refined_minus_depth6_reference","maximum continuum-enclosure depth 8 minus 6, with guard depth fixed at 6 and with identical samples, multipliers, B=999, bootstrap grid 0.005, enclosure grid 0.0025, node ceiling 57601, and every remaining inferential setting","ED1_TANGENCY_SV_POWER_n2000","diagnostic","TANGENCY_SV_POWER",2000,2000,"absolute","K1",0.25,1.5,"depth6_reference","depth8_refined","ED1_001_TANGENCY_SV_POWER_n2000_depth6_reference","ED1_002_TANGENCY_SV_POWER_n2000_depth8_refined","continuous","peak_r_heap_mb",254,254,254,254,254,,,,,,,,,167.629133858268,167.699606299213,0.0704724409448821,0.770474273390661,0.0483438555548575,0,0,0
"enclosure_depth_v001","depth8_refined_minus_depth6_reference","maximum continuum-enclosure depth 8 minus 6, with guard depth fixed at 6 and with identical samples, multipliers, B=999, bootstrap grid 0.005, enclosure grid 0.0025, node ceiling 57601, and every remaining inferential setting","ED1_TANGENCY_SV_POWER_n4000","diagnostic","TANGENCY_SV_POWER",4000,4000,"absolute","K1",0.25,1.5,"depth6_reference","depth8_refined","ED1_003_TANGENCY_SV_POWER_n4000_depth6_reference","ED1_004_TANGENCY_SV_POWER_n4000_depth8_refined","continuous","peak_r_heap_mb",254,254,254,254,254,,,,,,,,,262.942913385827,263.04842519685,0.105511811023622,0.986334058701221,0.0618881030937562,0,0,0
"enclosure_depth_v001","depth8_refined_minus_depth6_reference","maximum continuum-enclosure depth 8 minus 6, with guard depth fixed at 6 and with identical samples, multipliers, B=999, bootstrap grid 0.005, enclosure grid 0.0025, node ceiling 57601, and every remaining inferential setting","ED1_TANGENCY_SV_POWER_n8000","diagnostic","TANGENCY_SV_POWER",8000,8000,"absolute","K1",0.25,1.5,"depth6_reference","depth8_refined","ED1_005_TANGENCY_SV_POWER_n8000_depth6_reference","ED1_006_TANGENCY_SV_POWER_n8000_depth8_refined","continuous","peak_r_heap_mb",254,254,254,254,254,,,,,,,,,418.855511811024,418.876377952756,0.0208661417322837,1.62922835035003,0.102226878632279,0,0,0
"enclosure_depth_v001","depth8_refined_minus_depth6_reference","maximum continuum-enclosure depth 8 minus 6, with guard depth fixed at 6 and with identical samples, multipliers, B=999, bootstrap grid 0.005, enclosure grid 0.0025, node ceiling 57601, and every remaining inferential setting","ED1_TANGENCY_SV_POWER_n2000","diagnostic","TANGENCY_SV_POWER",2000,2000,"absolute","K1",0.25,1.5,"depth6_reference","depth8_refined","ED1_001_TANGENCY_SV_POWER_n2000_depth6_reference","ED1_002_TANGENCY_SV_POWER_n2000_depth8_refined","continuous","root_error_conditional_on_isolation",254,254,254,254,0,,,,,,,,,,,,,,,,
"enclosure_depth_v001","depth8_refined_minus_depth6_reference","maximum continuum-enclosure depth 8 minus 6, with guard depth fixed at 6 and with identical samples, multipliers, B=999, bootstrap grid 0.005, enclosure grid 0.0025, node ceiling 57601, and every remaining inferential setting","ED1_TANGENCY_SV_POWER_n4000","diagnostic","TANGENCY_SV_POWER",4000,4000,"absolute","K1",0.25,1.5,"depth6_reference","depth8_refined","ED1_003_TANGENCY_SV_POWER_n4000_depth6_reference","ED1_004_TANGENCY_SV_POWER_n4000_depth8_refined","continuous","root_error_conditional_on_isolation",254,254,254,254,0,,,,,,,,,,,,,,,,
"enclosure_depth_v001","depth8_refined_minus_depth6_reference","maximum continuum-enclosure depth 8 minus 6, with guard depth fixed at 6 and with identical samples, multipliers, B=999, bootstrap grid 0.005, enclosure grid 0.0025, node ceiling 57601, and every remaining inferential setting","ED1_TANGENCY_SV_POWER_n8000","diagnostic","TANGENCY_SV_POWER",8000,8000,"absolute","K1",0.25,1.5,"depth6_reference","depth8_refined","ED1_005_TANGENCY_SV_POWER_n8000_depth6_reference","ED1_006_TANGENCY_SV_POWER_n8000_depth8_refined","continuous","root_error_conditional_on_isolation",254,254,254,254,0,,,,,,,,,,,,,,,,
"enclosure_depth_v001","depth8_refined_minus_depth6_reference","maximum continuum-enclosure depth 8 minus 6, with guard depth fixed at 6 and with identical samples, multipliers, B=999, bootstrap grid 0.005, enclosure grid 0.0025, node ceiling 57601, and every remaining inferential setting","ED1_TANGENCY_SV_POWER_n2000","diagnostic","TANGENCY_SV_POWER",2000,2000,"absolute","K1",0.25,1.5,"depth6_reference","depth8_refined","ED1_001_TANGENCY_SV_POWER_n2000_depth6_reference","ED1_002_TANGENCY_SV_POWER_n2000_depth8_refined","continuous","root_isolation_maximum_bisections",254,254,254,254,0,,,,,,,,,,,,,,,,
"enclosure_depth_v001","depth8_refined_minus_depth6_reference","maximum continuum-enclosure depth 8 minus 6, with guard depth fixed at 6 and with identical samples, multipliers, B=999, bootstrap grid 0.005, enclosure grid 0.0025, node ceiling 57601, and every remaining inferential setting","ED1_TANGENCY_SV_POWER_n4000","diagnostic","TANGENCY_SV_POWER",4000,4000,"absolute","K1",0.25,1.5,"depth6_reference","depth8_refined","ED1_003_TANGENCY_SV_POWER_n4000_depth6_reference","ED1_004_TANGENCY_SV_POWER_n4000_depth8_refined","continuous","root_isolation_maximum_bisections",254,254,254,254,0,,,,,,,,,,,,,,,,
"enclosure_depth_v001","depth8_refined_minus_depth6_reference","maximum continuum-enclosure depth 8 minus 6, with guard depth fixed at 6 and with identical samples, multipliers, B=999, bootstrap grid 0.005, enclosure grid 0.0025, node ceiling 57601, and every remaining inferential setting","ED1_TANGENCY_SV_POWER_n8000","diagnostic","TANGENCY_SV_POWER",8000,8000,"absolute","K1",0.25,1.5,"depth6_reference","depth8_refined","ED1_005_TANGENCY_SV_POWER_n8000_depth6_reference","ED1_006_TANGENCY_SV_POWER_n8000_depth8_refined","continuous","root_isolation_maximum_bisections",254,254,254,254,0,,,,,,,,,,,,,,,,
"enclosure_depth_v001","depth8_refined_minus_depth6_reference","maximum continuum-enclosure depth 8 minus 6, with guard depth fixed at 6 and with identical samples, multipliers, B=999, bootstrap grid 0.005, enclosure grid 0.0025, node ceiling 57601, and every remaining inferential setting","ED1_TANGENCY_SV_POWER_n2000","diagnostic","TANGENCY_SV_POWER",2000,2000,"absolute","K1",0.25,1.5,"depth6_reference","depth8_refined","ED1_001_TANGENCY_SV_POWER_n2000_depth6_reference","ED1_002_TANGENCY_SV_POWER_n2000_depth8_refined","continuous","root_multiplier_critical_value",254,254,254,254,0,,,,,,,,,,,,,,,,
"enclosure_depth_v001","depth8_refined_minus_depth6_reference","maximum continuum-enclosure depth 8 minus 6, with guard depth fixed at 6 and with identical samples, multipliers, B=999, bootstrap grid 0.005, enclosure grid 0.0025, node ceiling 57601, and every remaining inferential setting","ED1_TANGENCY_SV_POWER_n4000","diagnostic","TANGENCY_SV_POWER",4000,4000,"absolute","K1",0.25,1.5,"depth6_reference","depth8_refined","ED1_003_TANGENCY_SV_POWER_n4000_depth6_reference","ED1_004_TANGENCY_SV_POWER_n4000_depth8_refined","continuous","root_multiplier_critical_value",254,254,254,254,0,,,,,,,,,,,,,,,,
"enclosure_depth_v001","depth8_refined_minus_depth6_reference","maximum continuum-enclosure depth 8 minus 6, with guard depth fixed at 6 and with identical samples, multipliers, B=999, bootstrap grid 0.005, enclosure grid 0.0025, node ceiling 57601, and every remaining inferential setting","ED1_TANGENCY_SV_POWER_n8000","diagnostic","TANGENCY_SV_POWER",8000,8000,"absolute","K1",0.25,1.5,"depth6_reference","depth8_refined","ED1_005_TANGENCY_SV_POWER_n8000_depth6_reference","ED1_006_TANGENCY_SV_POWER_n8000_depth8_refined","continuous","root_multiplier_critical_value",254,254,254,254,0,,,,,,,,,,,,,,,,
"enclosure_depth_v001","depth8_refined_minus_depth6_reference","maximum continuum-enclosure depth 8 minus 6, with guard depth fixed at 6 and with identical samples, multipliers, B=999, bootstrap grid 0.005, enclosure grid 0.0025, node ceiling 57601, and every remaining inferential setting","ED1_TANGENCY_SV_POWER_n2000","diagnostic","TANGENCY_SV_POWER",2000,2000,"absolute","K1",0.25,1.5,"depth6_reference","depth8_refined","ED1_001_TANGENCY_SV_POWER_n2000_depth6_reference","ED1_002_TANGENCY_SV_POWER_n2000_depth8_refined","continuous","root_multiplier_total_length",254,254,254,254,0,,,,,,,,,,,,,,,,
"enclosure_depth_v001","depth8_refined_minus_depth6_reference","maximum continuum-enclosure depth 8 minus 6, with guard depth fixed at 6 and with identical samples, multipliers, B=999, bootstrap grid 0.005, enclosure grid 0.0025, node ceiling 57601, and every remaining inferential setting","ED1_TANGENCY_SV_POWER_n4000","diagnostic","TANGENCY_SV_POWER",4000,4000,"absolute","K1",0.25,1.5,"depth6_reference","depth8_refined","ED1_003_TANGENCY_SV_POWER_n4000_depth6_reference","ED1_004_TANGENCY_SV_POWER_n4000_depth8_refined","continuous","root_multiplier_total_length",254,254,254,254,0,,,,,,,,,,,,,,,,
"enclosure_depth_v001","depth8_refined_minus_depth6_reference","maximum continuum-enclosure depth 8 minus 6, with guard depth fixed at 6 and with identical samples, multipliers, B=999, bootstrap grid 0.005, enclosure grid 0.0025, node ceiling 57601, and every remaining inferential setting","ED1_TANGENCY_SV_POWER_n8000","diagnostic","TANGENCY_SV_POWER",8000,8000,"absolute","K1",0.25,1.5,"depth6_reference","depth8_refined","ED1_005_TANGENCY_SV_POWER_n8000_depth6_reference","ED1_006_TANGENCY_SV_POWER_n8000_depth8_refined","continuous","root_multiplier_total_length",254,254,254,254,0,,,,,,,,,,,,,,,,
"enclosure_depth_v001","depth8_refined_minus_depth6_reference","maximum continuum-enclosure depth 8 minus 6, with guard depth fixed at 6 and with identical samples, multipliers, B=999, bootstrap grid 0.005, enclosure grid 0.0025, node ceiling 57601, and every remaining inferential setting","ED1_TANGENCY_SV_POWER_n2000","diagnostic","TANGENCY_SV_POWER",2000,2000,"absolute","K1",0.25,1.5,"depth6_reference","depth8_refined","ED1_001_TANGENCY_SV_POWER_n2000_depth6_reference","ED1_002_TANGENCY_SV_POWER_n2000_depth8_refined","continuous","root_standard_error",254,254,254,254,0,,,,,,,,,,,,,,,,
"enclosure_depth_v001","depth8_refined_minus_depth6_reference","maximum continuum-enclosure depth 8 minus 6, with guard depth fixed at 6 and with identical samples, multipliers, B=999, bootstrap grid 0.005, enclosure grid 0.0025, node ceiling 57601, and every remaining inferential setting","ED1_TANGENCY_SV_POWER_n4000","diagnostic","TANGENCY_SV_POWER",4000,4000,"absolute","K1",0.25,1.5,"depth6_reference","depth8_refined","ED1_003_TANGENCY_SV_POWER_n4000_depth6_reference","ED1_004_TANGENCY_SV_POWER_n4000_depth8_refined","continuous","root_standard_error",254,254,254,254,0,,,,,,,,,,,,,,,,
"enclosure_depth_v001","depth8_refined_minus_depth6_reference","maximum continuum-enclosure depth 8 minus 6, with guard depth fixed at 6 and with identical samples, multipliers, B=999, bootstrap grid 0.005, enclosure grid 0.0025, node ceiling 57601, and every remaining inferential setting","ED1_TANGENCY_SV_POWER_n8000","diagnostic","TANGENCY_SV_POWER",8000,8000,"absolute","K1",0.25,1.5,"depth6_reference","depth8_refined","ED1_005_TANGENCY_SV_POWER_n8000_depth6_reference","ED1_006_TANGENCY_SV_POWER_n8000_depth8_refined","continuous","root_standard_error",254,254,254,254,0,,,,,,,,,,,,,,,,
"enclosure_depth_v001","depth8_refined_minus_depth6_reference","maximum continuum-enclosure depth 8 minus 6, with guard depth fixed at 6 and with identical samples, multipliers, B=999, bootstrap grid 0.005, enclosure grid 0.0025, node ceiling 57601, and every remaining inferential setting","ED1_TANGENCY_SV_POWER_n2000","diagnostic","TANGENCY_SV_POWER",2000,2000,"absolute","K1",0.25,1.5,"depth6_reference","depth8_refined","ED1_001_TANGENCY_SV_POWER_n2000_depth6_reference","ED1_002_TANGENCY_SV_POWER_n2000_depth8_refined","continuous","tangency_global_outer_component_count_conditional_on_continuum_band_coverage",254,254,254,254,240,,,,,,,,,1,1,0,0,0,0,0,0
"enclosure_depth_v001","depth8_refined_minus_depth6_reference","maximum continuum-enclosure depth 8 minus 6, with guard depth fixed at 6 and with identical samples, multipliers, B=999, bootstrap grid 0.005, enclosure grid 0.0025, node ceiling 57601, and every remaining inferential setting","ED1_TANGENCY_SV_POWER_n4000","diagnostic","TANGENCY_SV_POWER",4000,4000,"absolute","K1",0.25,1.5,"depth6_reference","depth8_refined","ED1_003_TANGENCY_SV_POWER_n4000_depth6_reference","ED1_004_TANGENCY_SV_POWER_n4000_depth8_refined","continuous","tangency_global_outer_component_count_conditional_on_continuum_band_coverage",254,254,254,254,243,,,,,,,,,1,1,0,0,0,0,0,0
"enclosure_depth_v001","depth8_refined_minus_depth6_reference","maximum continuum-enclosure depth 8 minus 6, with guard depth fixed at 6 and with identical samples, multipliers, B=999, bootstrap grid 0.005, enclosure grid 0.0025, node ceiling 57601, and every remaining inferential setting","ED1_TANGENCY_SV_POWER_n8000","diagnostic","TANGENCY_SV_POWER",8000,8000,"absolute","K1",0.25,1.5,"depth6_reference","depth8_refined","ED1_005_TANGENCY_SV_POWER_n8000_depth6_reference","ED1_006_TANGENCY_SV_POWER_n8000_depth8_refined","continuous","tangency_global_outer_component_count_conditional_on_continuum_band_coverage",254,254,254,254,240,,,,,,,,,1,1,0,0,0,0,0,0
"enclosure_depth_v001","depth8_refined_minus_depth6_reference","maximum continuum-enclosure depth 8 minus 6, with guard depth fixed at 6 and with identical samples, multipliers, B=999, bootstrap grid 0.005, enclosure grid 0.0025, node ceiling 57601, and every remaining inferential setting","ED1_TANGENCY_SV_POWER_n2000","diagnostic","TANGENCY_SV_POWER",2000,2000,"absolute","K1",0.25,1.5,"depth6_reference","depth8_refined","ED1_001_TANGENCY_SV_POWER_n2000_depth6_reference","ED1_002_TANGENCY_SV_POWER_n2000_depth8_refined","continuous","tangency_global_outer_hausdorff_conditional_on_continuum_band_coverage",254,254,254,254,240,,,,,,,,,0.45979345703125,0.459723551432292,-6.9905598958326e-05,0.000173902969802748,1.12253884317009e-05,-0.000420410156250062,0,0
"enclosure_depth_v001","depth8_refined_minus_depth6_reference","maximum continuum-enclosure depth 8 minus 6, with guard depth fixed at 6 and with identical samples, multipliers, B=999, bootstrap grid 0.005, enclosure grid 0.0025, node ceiling 57601, and every remaining inferential setting","ED1_TANGENCY_SV_POWER_n4000","diagnostic","TANGENCY_SV_POWER",4000,4000,"absolute","K1",0.25,1.5,"depth6_reference","depth8_refined","ED1_003_TANGENCY_SV_POWER_n4000_depth6_reference","ED1_004_TANGENCY_SV_POWER_n4000_depth8_refined","continuous","tangency_global_outer_hausdorff_conditional_on_continuum_band_coverage",254,254,254,254,243,,,,,,,,,0.377633262602881,0.377529618377058,-0.000103644225823041,0.000254344826022494,1.63162281967861e-05,-0.000585937500000022,0,0
"enclosure_depth_v001","depth8_refined_minus_depth6_reference","maximum continuum-enclosure depth 8 minus 6, with guard depth fixed at 6 and with identical samples, multipliers, B=999, bootstrap grid 0.005, enclosure grid 0.0025, node ceiling 57601, and every remaining inferential setting","ED1_TANGENCY_SV_POWER_n8000","diagnostic","TANGENCY_SV_POWER",8000,8000,"absolute","K1",0.25,1.5,"depth6_reference","depth8_refined","ED1_005_TANGENCY_SV_POWER_n8000_depth6_reference","ED1_006_TANGENCY_SV_POWER_n8000_depth8_refined","continuous","tangency_global_outer_hausdorff_conditional_on_continuum_band_coverage",254,254,254,254,240,,,,,,,,,0.305395182291667,0.305279541015625,-0.000115641276041667,0.000266671654489656,1.72135812790669e-05,-0.000576660156250136,0,0
"enclosure_depth_v001","depth8_refined_minus_depth6_reference","maximum continuum-enclosure depth 8 minus 6, with guard depth fixed at 6 and with identical samples, multipliers, B=999, bootstrap grid 0.005, enclosure grid 0.0025, node ceiling 57601, and every remaining inferential setting","ED1_TANGENCY_SV_POWER_n2000","diagnostic","TANGENCY_SV_POWER",2000,2000,"absolute","K1",0.25,1.5,"depth6_reference","depth8_refined","ED1_001_TANGENCY_SV_POWER_n2000_depth6_reference","ED1_002_TANGENCY_SV_POWER_n2000_depth8_refined","continuous","tangency_global_outer_left_radius_conditional_on_continuum_band_coverage",254,254,254,254,240,,,,,,,,,0.329818359375,0.329725219726562,-9.31396484375011e-05,0.000253059076426126,1.63348931434169e-05,-0.000787109375000008,0,0
"enclosure_depth_v001","depth8_refined_minus_depth6_reference","maximum continuum-enclosure depth 8 minus 6, with guard depth fixed at 6 and with identical samples, multipliers, B=999, bootstrap grid 0.005, enclosure grid 0.0025, node ceiling 57601, and every remaining inferential setting","ED1_TANGENCY_SV_POWER_n4000","diagnostic","TANGENCY_SV_POWER",4000,4000,"absolute","K1",0.25,1.5,"depth6_reference","depth8_refined","ED1_003_TANGENCY_SV_POWER_n4000_depth6_reference","ED1_004_TANGENCY_SV_POWER_n4000_depth8_refined","continuous","tangency_global_outer_left_radius_conditional_on_continuum_band_coverage",254,254,254,254,243,,,,,,,,,0.305935892489712,0.305774297518004,-0.000161594971707822,0.000337464358407604,2.16483486853927e-05,-0.00093749999999998,0,0
"enclosure_depth_v001","depth8_refined_minus_depth6_reference","maximum continuum-enclosure depth 8 minus 6, with guard depth fixed at 6 and with identical samples, multipliers, B=999, bootstrap grid 0.005, enclosure grid 0.0025, node ceiling 57601, and every remaining inferential setting","ED1_TANGENCY_SV_POWER_n8000","diagnostic","TANGENCY_SV_POWER",8000,8000,"absolute","K1",0.25,1.5,"depth6_reference","depth8_refined","ED1_005_TANGENCY_SV_POWER_n8000_depth6_reference","ED1_006_TANGENCY_SV_POWER_n8000_depth8_refined","continuous","tangency_global_outer_left_radius_conditional_on_continuum_band_coverage",254,254,254,254,240,,,,,,,,,0.264972819010417,0.264705607096354,-0.000267211914062501,0.000381080618021471,2.45986481193265e-05,-0.00091845703125005,0,0
"enclosure_depth_v001","depth8_refined_minus_depth6_reference","maximum continuum-enclosure depth 8 minus 6, with guard depth fixed at 6 and with identical samples, multipliers, B=999, bootstrap grid 0.005, enclosure grid 0.0025, node ceiling 57601, and every remaining inferential setting","ED1_TANGENCY_SV_POWER_n2000","diagnostic","TANGENCY_SV_POWER",2000,2000,"absolute","K1",0.25,1.5,"depth6_reference","depth8_refined","ED1_001_TANGENCY_SV_POWER_n2000_depth6_reference","ED1_002_TANGENCY_SV_POWER_n2000_depth8_refined","continuous","tangency_global_outer_right_radius_conditional_on_continuum_band_coverage",254,254,254,254,240,,,,,,,,,0.459048177083333,0.458993448893229,-5.4728190104159e-05,0.000133364104749634,8.60861594461993e-06,-0.000390624999999978,0,0
"enclosure_depth_v001","depth8_refined_minus_depth6_reference","maximum continuum-enclosure depth 8 minus 6, with guard depth fixed at 6 and with identical samples, multipliers, B=999, bootstrap grid 0.005, enclosure grid 0.0025, node ceiling 57601, and every remaining inferential setting","ED1_TANGENCY_SV_POWER_n4000","diagnostic","TANGENCY_SV_POWER",4000,4000,"absolute","K1",0.25,1.5,"depth6_reference","depth8_refined","ED1_003_TANGENCY_SV_POWER_n4000_depth6_reference","ED1_004_TANGENCY_SV_POWER_n4000_depth8_refined","continuous","tangency_global_outer_right_radius_conditional_on_continuum_band_coverage",254,254,254,254,243,,,,,,,,,0.376602687757202,0.376527416087963,-7.52716692386782e-05,0.000169541491500091,1.08760917507098e-05,-0.000427734374999955,0,0
"enclosure_depth_v001","depth8_refined_minus_depth6_reference","maximum continuum-enclosure depth 8 minus 6, with guard depth fixed at 6 and with identical samples, multipliers, B=999, bootstrap grid 0.005, enclosure grid 0.0025, node ceiling 57601, and every remaining inferential setting","ED1_TANGENCY_SV_POWER_n8000","diagnostic","TANGENCY_SV_POWER",8000,8000,"absolute","K1",0.25,1.5,"depth6_reference","depth8_refined","ED1_005_TANGENCY_SV_POWER_n8000_depth6_reference","ED1_006_TANGENCY_SV_POWER_n8000_depth8_refined","continuous","tangency_global_outer_right_radius_conditional_on_continuum_band_coverage",254,254,254,254,240,,,,,,,,,0.304559407552083,0.304446736653646,-0.000112670898437501,0.000247170547410834,1.59547902299188e-05,-0.000589843750000024,0,0
"enclosure_depth_v001","depth8_refined_minus_depth6_reference","maximum continuum-enclosure depth 8 minus 6, with guard depth fixed at 6 and with identical samples, multipliers, B=999, bootstrap grid 0.005, enclosure grid 0.0025, node ceiling 57601, and every remaining inferential setting","ED1_TANGENCY_SV_POWER_n2000","diagnostic","TANGENCY_SV_POWER",2000,2000,"absolute","K1",0.25,1.5,"depth6_reference","depth8_refined","ED1_001_TANGENCY_SV_POWER_n2000_depth6_reference","ED1_002_TANGENCY_SV_POWER_n2000_depth8_refined","continuous","tangency_global_outer_total_length_conditional_on_continuum_band_coverage",254,254,254,254,240,,,,,,,,,0.788866536458333,0.788718668619792,-0.00014786783854166,0.000286524464531231,1.84950746568409e-05,-0.00089843749999996,0,0
"enclosure_depth_v001","depth8_refined_minus_depth6_reference","maximum continuum-enclosure depth 8 minus 6, with guard depth fixed at 6 and with identical samples, multipliers, B=999, bootstrap grid 0.005, enclosure grid 0.0025, node ceiling 57601, and every remaining inferential setting","ED1_TANGENCY_SV_POWER_n4000","diagnostic","TANGENCY_SV_POWER",4000,4000,"absolute","K1",0.25,1.5,"depth6_reference","depth8_refined","ED1_003_TANGENCY_SV_POWER_n4000_depth6_reference","ED1_004_TANGENCY_SV_POWER_n4000_depth8_refined","continuous","tangency_global_outer_total_length_conditional_on_continuum_band_coverage",254,254,254,254,243,,,,,,,,,0.682538580246914,0.682301713605967,-0.000236866640946501,0.000407662190002817,2.61515416818398e-05,-0.000973632812500003,0,0
"enclosure_depth_v001","depth8_refined_minus_depth6_reference","maximum continuum-enclosure depth 8 minus 6, with guard depth fixed at 6 and with identical samples, multipliers, B=999, bootstrap grid 0.005, enclosure grid 0.0025, node ceiling 57601, and every remaining inferential setting","ED1_TANGENCY_SV_POWER_n8000","diagnostic","TANGENCY_SV_POWER",8000,8000,"absolute","K1",0.25,1.5,"depth6_reference","depth8_refined","ED1_005_TANGENCY_SV_POWER_n8000_depth6_reference","ED1_006_TANGENCY_SV_POWER_n8000_depth8_refined","continuous","tangency_global_outer_total_length_conditional_on_continuum_band_coverage",254,254,254,254,240,,,,,,,,,0.5695322265625,0.56915234375,-0.000379882812500003,0.000511726142239964,3.30317804452392e-05,-0.00127099609374985,-0.00015625000000008,0
"enclosure_depth_v001","depth8_refined_minus_depth6_reference","maximum continuum-enclosure depth 8 minus 6, with guard depth fixed at 6 and with identical samples, multipliers, B=999, bootstrap grid 0.005, enclosure grid 0.0025, node ceiling 57601, and every remaining inferential setting","ED1_TANGENCY_SV_POWER_n2000","diagnostic","TANGENCY_SV_POWER",2000,2000,"absolute","K1",0.25,1.5,"depth6_reference","depth8_refined","ED1_001_TANGENCY_SV_POWER_n2000_depth6_reference","ED1_002_TANGENCY_SV_POWER_n2000_depth8_refined","continuous","tangency_global_root_component_left_conditional_on_continuum_band_coverage",254,254,254,254,240,,,,,,,,,0.270181640625,0.270274780273437,9.31396484375011e-05,0.000253059076426126,1.63348931434169e-05,0,0,0.000787109375000007
"enclosure_depth_v001","depth8_refined_minus_depth6_reference","maximum continuum-enclosure depth 8 minus 6, with guard depth fixed at 6 and with identical samples, multipliers, B=999, bootstrap grid 0.005, enclosure grid 0.0025, node ceiling 57601, and every remaining inferential setting","ED1_TANGENCY_SV_POWER_n4000","diagnostic","TANGENCY_SV_POWER",4000,4000,"absolute","K1",0.25,1.5,"depth6_reference","depth8_refined","ED1_003_TANGENCY_SV_POWER_n4000_depth6_reference","ED1_004_TANGENCY_SV_POWER_n4000_depth8_refined","continuous","tangency_global_root_component_left_conditional_on_continuum_band_coverage",254,254,254,254,243,,,,,,,,,0.294064107510288,0.294225702481996,0.000161594971707822,0.000337464358407604,2.16483486853927e-05,0,0,0.00093749999999998
"enclosure_depth_v001","depth8_refined_minus_depth6_reference","maximum continuum-enclosure depth 8 minus 6, with guard depth fixed at 6 and with identical samples, multipliers, B=999, bootstrap grid 0.005, enclosure grid 0.0025, node ceiling 57601, and every remaining inferential setting","ED1_TANGENCY_SV_POWER_n8000","diagnostic","TANGENCY_SV_POWER",8000,8000,"absolute","K1",0.25,1.5,"depth6_reference","depth8_refined","ED1_005_TANGENCY_SV_POWER_n8000_depth6_reference","ED1_006_TANGENCY_SV_POWER_n8000_depth8_refined","continuous","tangency_global_root_component_left_conditional_on_continuum_band_coverage",254,254,254,254,240,,,,,,,,,0.335027180989583,0.335294392903646,0.000267211914062501,0.000381080618021471,2.45986481193265e-05,0,0,0.00091845703125005
"enclosure_depth_v001","depth8_refined_minus_depth6_reference","maximum continuum-enclosure depth 8 minus 6, with guard depth fixed at 6 and with identical samples, multipliers, B=999, bootstrap grid 0.005, enclosure grid 0.0025, node ceiling 57601, and every remaining inferential setting","ED1_TANGENCY_SV_POWER_n2000","diagnostic","TANGENCY_SV_POWER",2000,2000,"absolute","K1",0.25,1.5,"depth6_reference","depth8_refined","ED1_001_TANGENCY_SV_POWER_n2000_depth6_reference","ED1_002_TANGENCY_SV_POWER_n2000_depth8_refined","continuous","tangency_global_root_component_left_radius_conditional_on_continuum_band_coverage",254,254,254,254,240,,,,,,,,,0.329818359375,0.329725219726562,-9.31396484375011e-05,0.000253059076426126,1.63348931434169e-05,-0.000787109375000008,0,0
"enclosure_depth_v001","depth8_refined_minus_depth6_reference","maximum continuum-enclosure depth 8 minus 6, with guard depth fixed at 6 and with identical samples, multipliers, B=999, bootstrap grid 0.005, enclosure grid 0.0025, node ceiling 57601, and every remaining inferential setting","ED1_TANGENCY_SV_POWER_n4000","diagnostic","TANGENCY_SV_POWER",4000,4000,"absolute","K1",0.25,1.5,"depth6_reference","depth8_refined","ED1_003_TANGENCY_SV_POWER_n4000_depth6_reference","ED1_004_TANGENCY_SV_POWER_n4000_depth8_refined","continuous","tangency_global_root_component_left_radius_conditional_on_continuum_band_coverage",254,254,254,254,243,,,,,,,,,0.305935892489712,0.305774297518004,-0.000161594971707822,0.000337464358407604,2.16483486853927e-05,-0.00093749999999998,0,0
"enclosure_depth_v001","depth8_refined_minus_depth6_reference","maximum continuum-enclosure depth 8 minus 6, with guard depth fixed at 6 and with identical samples, multipliers, B=999, bootstrap grid 0.005, enclosure grid 0.0025, node ceiling 57601, and every remaining inferential setting","ED1_TANGENCY_SV_POWER_n8000","diagnostic","TANGENCY_SV_POWER",8000,8000,"absolute","K1",0.25,1.5,"depth6_reference","depth8_refined","ED1_005_TANGENCY_SV_POWER_n8000_depth6_reference","ED1_006_TANGENCY_SV_POWER_n8000_depth8_refined","continuous","tangency_global_root_component_left_radius_conditional_on_continuum_band_coverage",254,254,254,254,240,,,,,,,,,0.264972819010417,0.264705607096354,-0.000267211914062501,0.000381080618021471,2.45986481193265e-05,-0.00091845703125005,0,0
"enclosure_depth_v001","depth8_refined_minus_depth6_reference","maximum continuum-enclosure depth 8 minus 6, with guard depth fixed at 6 and with identical samples, multipliers, B=999, bootstrap grid 0.005, enclosure grid 0.0025, node ceiling 57601, and every remaining inferential setting","ED1_TANGENCY_SV_POWER_n2000","diagnostic","TANGENCY_SV_POWER",2000,2000,"absolute","K1",0.25,1.5,"depth6_reference","depth8_refined","ED1_001_TANGENCY_SV_POWER_n2000_depth6_reference","ED1_002_TANGENCY_SV_POWER_n2000_depth8_refined","continuous","tangency_global_root_component_length_conditional_on_continuum_band_coverage",254,254,254,254,240,,,,,,,,,0.788866536458333,0.788718668619792,-0.00014786783854166,0.000286524464531231,1.84950746568409e-05,-0.00089843749999996,0,0
"enclosure_depth_v001","depth8_refined_minus_depth6_reference","maximum continuum-enclosure depth 8 minus 6, with guard depth fixed at 6 and with identical samples, multipliers, B=999, bootstrap grid 0.005, enclosure grid 0.0025, node ceiling 57601, and every remaining inferential setting","ED1_TANGENCY_SV_POWER_n4000","diagnostic","TANGENCY_SV_POWER",4000,4000,"absolute","K1",0.25,1.5,"depth6_reference","depth8_refined","ED1_003_TANGENCY_SV_POWER_n4000_depth6_reference","ED1_004_TANGENCY_SV_POWER_n4000_depth8_refined","continuous","tangency_global_root_component_length_conditional_on_continuum_band_coverage",254,254,254,254,243,,,,,,,,,0.682538580246914,0.682301713605967,-0.000236866640946501,0.000407662190002817,2.61515416818398e-05,-0.000973632812500003,0,0
"enclosure_depth_v001","depth8_refined_minus_depth6_reference","maximum continuum-enclosure depth 8 minus 6, with guard depth fixed at 6 and with identical samples, multipliers, B=999, bootstrap grid 0.005, enclosure grid 0.0025, node ceiling 57601, and every remaining inferential setting","ED1_TANGENCY_SV_POWER_n8000","diagnostic","TANGENCY_SV_POWER",8000,8000,"absolute","K1",0.25,1.5,"depth6_reference","depth8_refined","ED1_005_TANGENCY_SV_POWER_n8000_depth6_reference","ED1_006_TANGENCY_SV_POWER_n8000_depth8_refined","continuous","tangency_global_root_component_length_conditional_on_continuum_band_coverage",254,254,254,254,240,,,,,,,,,0.5695322265625,0.56915234375,-0.000379882812500003,0.000511726142239964,3.30317804452392e-05,-0.00127099609374985,-0.00015625000000008,0
"enclosure_depth_v001","depth8_refined_minus_depth6_reference","maximum continuum-enclosure depth 8 minus 6, with guard depth fixed at 6 and with identical samples, multipliers, B=999, bootstrap grid 0.005, enclosure grid 0.0025, node ceiling 57601, and every remaining inferential setting","ED1_TANGENCY_SV_POWER_n2000","diagnostic","TANGENCY_SV_POWER",2000,2000,"absolute","K1",0.25,1.5,"depth6_reference","depth8_refined","ED1_001_TANGENCY_SV_POWER_n2000_depth6_reference","ED1_002_TANGENCY_SV_POWER_n2000_depth8_refined","continuous","tangency_global_root_component_right_conditional_on_continuum_band_coverage",254,254,254,254,240,,,,,,,,,1.05904817708333,1.05899344889323,-5.4728190104159e-05,0.000133364104749634,8.60861594461993e-06,-0.000390624999999978,0,0
"enclosure_depth_v001","depth8_refined_minus_depth6_reference","maximum continuum-enclosure depth 8 minus 6, with guard depth fixed at 6 and with identical samples, multipliers, B=999, bootstrap grid 0.005, enclosure grid 0.0025, node ceiling 57601, and every remaining inferential setting","ED1_TANGENCY_SV_POWER_n4000","diagnostic","TANGENCY_SV_POWER",4000,4000,"absolute","K1",0.25,1.5,"depth6_reference","depth8_refined","ED1_003_TANGENCY_SV_POWER_n4000_depth6_reference","ED1_004_TANGENCY_SV_POWER_n4000_depth8_refined","continuous","tangency_global_root_component_right_conditional_on_continuum_band_coverage",254,254,254,254,243,,,,,,,,,0.976602687757202,0.976527416087963,-7.52716692386782e-05,0.000169541491500091,1.08760917507098e-05,-0.000427734374999955,0,0
"enclosure_depth_v001","depth8_refined_minus_depth6_reference","maximum continuum-enclosure depth 8 minus 6, with guard depth fixed at 6 and with identical samples, multipliers, B=999, bootstrap grid 0.005, enclosure grid 0.0025, node ceiling 57601, and every remaining inferential setting","ED1_TANGENCY_SV_POWER_n8000","diagnostic","TANGENCY_SV_POWER",8000,8000,"absolute","K1",0.25,1.5,"depth6_reference","depth8_refined","ED1_005_TANGENCY_SV_POWER_n8000_depth6_reference","ED1_006_TANGENCY_SV_POWER_n8000_depth8_refined","continuous","tangency_global_root_component_right_conditional_on_continuum_band_coverage",254,254,254,254,240,,,,,,,,,0.904559407552083,0.904446736653646,-0.000112670898437501,0.000247170547410834,1.59547902299188e-05,-0.000589843750000024,0,0
"enclosure_depth_v001","depth8_refined_minus_depth6_reference","maximum continuum-enclosure depth 8 minus 6, with guard depth fixed at 6 and with identical samples, multipliers, B=999, bootstrap grid 0.005, enclosure grid 0.0025, node ceiling 57601, and every remaining inferential setting","ED1_TANGENCY_SV_POWER_n2000","diagnostic","TANGENCY_SV_POWER",2000,2000,"absolute","K1",0.25,1.5,"depth6_reference","depth8_refined","ED1_001_TANGENCY_SV_POWER_n2000_depth6_reference","ED1_002_TANGENCY_SV_POWER_n2000_depth8_refined","continuous","tangency_global_root_component_right_radius_conditional_on_continuum_band_coverage",254,254,254,254,240,,,,,,,,,0.459048177083333,0.458993448893229,-5.4728190104159e-05,0.000133364104749634,8.60861594461993e-06,-0.000390624999999978,0,0
"enclosure_depth_v001","depth8_refined_minus_depth6_reference","maximum continuum-enclosure depth 8 minus 6, with guard depth fixed at 6 and with identical samples, multipliers, B=999, bootstrap grid 0.005, enclosure grid 0.0025, node ceiling 57601, and every remaining inferential setting","ED1_TANGENCY_SV_POWER_n4000","diagnostic","TANGENCY_SV_POWER",4000,4000,"absolute","K1",0.25,1.5,"depth6_reference","depth8_refined","ED1_003_TANGENCY_SV_POWER_n4000_depth6_reference","ED1_004_TANGENCY_SV_POWER_n4000_depth8_refined","continuous","tangency_global_root_component_right_radius_conditional_on_continuum_band_coverage",254,254,254,254,243,,,,,,,,,0.376602687757202,0.376527416087963,-7.52716692386782e-05,0.000169541491500091,1.08760917507098e-05,-0.000427734374999955,0,0
"enclosure_depth_v001","depth8_refined_minus_depth6_reference","maximum continuum-enclosure depth 8 minus 6, with guard depth fixed at 6 and with identical samples, multipliers, B=999, bootstrap grid 0.005, enclosure grid 0.0025, node ceiling 57601, and every remaining inferential setting","ED1_TANGENCY_SV_POWER_n8000","diagnostic","TANGENCY_SV_POWER",8000,8000,"absolute","K1",0.25,1.5,"depth6_reference","depth8_refined","ED1_005_TANGENCY_SV_POWER_n8000_depth6_reference","ED1_006_TANGENCY_SV_POWER_n8000_depth8_refined","continuous","tangency_global_root_component_right_radius_conditional_on_continuum_band_coverage",254,254,254,254,240,,,,,,,,,0.304559407552083,0.304446736653646,-0.000112670898437501,0.000247170547410834,1.59547902299188e-05,-0.000589843750000024,0,0
"enclosure_depth_v001","depth8_refined_minus_depth6_reference","maximum continuum-enclosure depth 8 minus 6, with guard depth fixed at 6 and with identical samples, multipliers, B=999, bootstrap grid 0.005, enclosure grid 0.0025, node ceiling 57601, and every remaining inferential setting","ED1_TANGENCY_SV_POWER_n2000","diagnostic","TANGENCY_SV_POWER",2000,2000,"absolute","K1",0.25,1.5,"depth6_reference","depth8_refined","ED1_001_TANGENCY_SV_POWER_n2000_depth6_reference","ED1_002_TANGENCY_SV_POWER_n2000_depth8_refined","continuous","tangency_global_scaled_outer_hausdorff_conditional_on_continuum_band_coverage",254,254,254,254,240,,,,,,,,,2.58560861940805,2.58521551133649,-0.000393108071564504,0.000977928264934156,6.31249980645917e-05,-0.0023641400438913,0,0
"enclosure_depth_v001","depth8_refined_minus_depth6_reference","maximum continuum-enclosure depth 8 minus 6, with guard depth fixed at 6 and with identical samples, multipliers, B=999, bootstrap grid 0.005, enclosure grid 0.0025, node ceiling 57601, and every remaining inferential setting","ED1_TANGENCY_SV_POWER_n4000","diagnostic","TANGENCY_SV_POWER",4000,4000,"absolute","K1",0.25,1.5,"depth6_reference","depth8_refined","ED1_003_TANGENCY_SV_POWER_n4000_depth6_reference","ED1_004_TANGENCY_SV_POWER_n4000_depth8_refined","continuous","tangency_global_scaled_outer_hausdorff_conditional_on_continuum_band_coverage",254,254,254,254,243,,,,,,,,,2.52538583202292,2.52469272131106,-0.000693110711859444,0.00170090636523457,0.000109113194203836,-0.00391840022447141,0,0
"enclosure_depth_v001","depth8_refined_minus_depth6_reference","maximum continuum-enclosure depth 8 minus 6, with guard depth fixed at 6 and with identical samples, multipliers, B=999, bootstrap grid 0.005, enclosure grid 0.0025, node ceiling 57601, and every remaining inferential setting","ED1_TANGENCY_SV_POWER_n8000","diagnostic","TANGENCY_SV_POWER",8000,8000,"absolute","K1",0.25,1.5,"depth6_reference","depth8_refined","ED1_005_TANGENCY_SV_POWER_n8000_depth6_reference","ED1_006_TANGENCY_SV_POWER_n8000_depth8_refined","continuous","tangency_global_scaled_outer_hausdorff_conditional_on_continuum_band_coverage",254,254,254,254,240,,,,,,,,,2.4287184918304,2.42779883061167,-0.000919661218732079,0.00212076161007504,0.000136894573284944,-0.00458600942711972,0,0
"enclosure_depth_v001","depth8_refined_minus_depth6_reference","maximum continuum-enclosure depth 8 minus 6, with guard depth fixed at 6 and with identical samples, multipliers, B=999, bootstrap grid 0.005, enclosure grid 0.0025, node ceiling 57601, and every remaining inferential setting","ED1_TANGENCY_SV_POWER_n2000","diagnostic","TANGENCY_SV_POWER",2000,2000,"absolute","K1",0.25,1.5,"depth6_reference","depth8_refined","ED1_001_TANGENCY_SV_POWER_n2000_depth6_reference","ED1_002_TANGENCY_SV_POWER_n2000_depth8_refined","continuous","tangency_global_scaled_outer_left_radius_conditional_on_continuum_band_coverage",254,254,254,254,240,,,,,,,,,1.85470493283044,1.85418117009714,-0.000523762733301077,0.00142305576388913,9.18578545711179e-05,-0.00442624129007244,0,0
"enclosure_depth_v001","depth8_refined_minus_depth6_reference","maximum continuum-enclosure depth 8 minus 6, with guard depth fixed at 6 and with identical samples, multipliers, B=999, bootstrap grid 0.005, enclosure grid 0.0025, node ceiling 57601, and every remaining inferential setting","ED1_TANGENCY_SV_POWER_n4000","diagnostic","TANGENCY_SV_POWER",4000,4000,"absolute","K1",0.25,1.5,"depth6_reference","depth8_refined","ED1_003_TANGENCY_SV_POWER_n4000_depth6_reference","ED1_004_TANGENCY_SV_POWER_n4000_depth8_refined","continuous","tangency_global_scaled_outer_left_radius_conditional_on_continuum_band_coverage",254,254,254,254,243,,,,,,,,,2.04591662046804,2.04483596976141,-0.00108065070662545,0.00225676017960173,0.000144771233021054,-0.00626944035915387,0,0
"enclosure_depth_v001","depth8_refined_minus_depth6_reference","maximum continuum-enclosure depth 8 minus 6, with guard depth fixed at 6 and with identical samples, multipliers, B=999, bootstrap grid 0.005, enclosure grid 0.0025, node ceiling 57601, and every remaining inferential setting","ED1_TANGENCY_SV_POWER_n8000","diagnostic","TANGENCY_SV_POWER",8000,8000,"absolute","K1",0.25,1.5,"depth6_reference","depth8_refined","ED1_005_TANGENCY_SV_POWER_n8000_depth6_reference","ED1_006_TANGENCY_SV_POWER_n8000_depth8_refined","continuous","tangency_global_scaled_outer_left_radius_conditional_on_continuum_band_coverage",254,254,254,254,240,,,,,,,,,2.10725126877874,2.10512621064242,-0.00212505813631724,0.00303062260812933,0.000195625848165409,-0.00730421992583485,0,0
"enclosure_depth_v001","depth8_refined_minus_depth6_reference","maximum continuum-enclosure depth 8 minus 6, with guard depth fixed at 6 and with identical samples, multipliers, B=999, bootstrap grid 0.005, enclosure grid 0.0025, node ceiling 57601, and every remaining inferential setting","ED1_TANGENCY_SV_POWER_n2000","diagnostic","TANGENCY_SV_POWER",2000,2000,"absolute","K1",0.25,1.5,"depth6_reference","depth8_refined","ED1_001_TANGENCY_SV_POWER_n2000_depth6_reference","ED1_002_TANGENCY_SV_POWER_n2000_depth8_refined","continuous","tangency_global_scaled_outer_right_radius_conditional_on_continuum_band_coverage",254,254,254,254,240,,,,,,,,,2.58141760227256,2.58110984304307,-0.000307759229484423,0.000749961473977347,4.84098049835239e-05,-0.00219664580152479,0,0
"enclosure_depth_v001","depth8_refined_minus_depth6_reference","maximum continuum-enclosure depth 8 minus 6, with guard depth fixed at 6 and with identical samples, multipliers, B=999, bootstrap grid 0.005, enclosure grid 0.0025, node ceiling 57601, and every remaining inferential setting","ED1_TANGENCY_SV_POWER_n4000","diagnostic","TANGENCY_SV_POWER",4000,4000,"absolute","K1",0.25,1.5,"depth6_reference","depth8_refined","ED1_003_TANGENCY_SV_POWER_n4000_depth6_reference","ED1_004_TANGENCY_SV_POWER_n4000_depth8_refined","continuous","tangency_global_scaled_outer_right_radius_conditional_on_continuum_band_coverage",254,254,254,254,243,,,,,,,,,2.51849396265691,2.51799059066649,-0.00050337199042757,0.00113379228731927,7.27328091432112e-05,-0.0028604321638634,0,0
"enclosure_depth_v001","depth8_refined_minus_depth6_reference","maximum continuum-enclosure depth 8 minus 6, with guard depth fixed at 6 and with identical samples, multipliers, B=999, bootstrap grid 0.005, enclosure grid 0.0025, node ceiling 57601, and every remaining inferential setting","ED1_TANGENCY_SV_POWER_n8000","diagnostic","TANGENCY_SV_POWER",8000,8000,"absolute","K1",0.25,1.5,"depth6_reference","depth8_refined","ED1_005_TANGENCY_SV_POWER_n8000_depth6_reference","ED1_006_TANGENCY_SV_POWER_n8000_depth8_refined","continuous","tangency_global_scaled_outer_right_radius_conditional_on_continuum_band_coverage",254,254,254,254,240,,,,,,,,,2.42207181996807,2.42117578129295,-0.0008960386751123,0.00196567501369165,0.00012688377653473,-0.00469085468921205,0,0
"enclosure_depth_v001","depth8_refined_minus_depth6_reference","maximum continuum-enclosure depth 8 minus 6, with guard depth fixed at 6 and with identical samples, multipliers, B=999, bootstrap grid 0.005, enclosure grid 0.0025, node ceiling 57601, and every remaining inferential setting","ED1_TANGENCY_SV_POWER_n2000","diagnostic","TANGENCY_SV_POWER",2000,2000,"absolute","K1",0.25,1.5,"depth6_reference","depth8_refined","ED1_001_TANGENCY_SV_POWER_n2000_depth6_reference","ED1_002_TANGENCY_SV_POWER_n2000_depth8_refined","continuous","tangency_global_scaled_outer_total_length_conditional_on_continuum_band_coverage",254,254,254,254,240,,,,,,,,,4.436122535103,4.43529101314021,-0.000831521962785524,0.0016112454708395,0.000104005447920225,-0.0050522853435071,0,0
"enclosure_depth_v001","depth8_refined_minus_depth6_reference","maximum continuum-enclosure depth 8 minus 6, with guard depth fixed at 6 and with identical samples, multipliers, B=999, bootstrap grid 0.005, enclosure grid 0.0025, node ceiling 57601, and every remaining inferential setting","ED1_TANGENCY_SV_POWER_n4000","diagnostic","TANGENCY_SV_POWER",4000,4000,"absolute","K1",0.25,1.5,"depth6_reference","depth8_refined","ED1_003_TANGENCY_SV_POWER_n4000_depth6_reference","ED1_004_TANGENCY_SV_POWER_n4000_depth8_refined","continuous","tangency_global_scaled_outer_total_length_conditional_on_continuum_band_coverage",254,254,254,254,243,,,,,,,,,4.56441058312495,4.5628265604279,-0.00158402269705305,0.00272620137269842,0.000174885899599173,-0.00651107503966273,0,0
"enclosure_depth_v001","depth8_refined_minus_depth6_reference","maximum continuum-enclosure depth 8 minus 6, with guard depth fixed at 6 and with identical samples, multipliers, B=999, bootstrap grid 0.005, enclosure grid 0.0025, node ceiling 57601, and every remaining inferential setting","ED1_TANGENCY_SV_POWER_n8000","diagnostic","TANGENCY_SV_POWER",8000,8000,"absolute","K1",0.25,1.5,"depth6_reference","depth8_refined","ED1_005_TANGENCY_SV_POWER_n8000_depth6_reference","ED1_006_TANGENCY_SV_POWER_n8000_depth8_refined","continuous","tangency_global_scaled_outer_total_length_conditional_on_continuum_band_coverage",254,254,254,254,240,,,,,,,,,4.5293230887468,4.52630199193537,-0.00302109681142954,0.0040696082206833,0.000262692081071587,-0.0101078598973652,-0.00124261051369912,0
"enclosure_depth_v001","depth8_refined_minus_depth6_reference","maximum continuum-enclosure depth 8 minus 6, with guard depth fixed at 6 and with identical samples, multipliers, B=999, bootstrap grid 0.005, enclosure grid 0.0025, node ceiling 57601, and every remaining inferential setting","ED1_TANGENCY_SV_POWER_n2000","diagnostic","TANGENCY_SV_POWER",2000,2000,"absolute","K1",0.25,1.5,"depth6_reference","depth8_refined","ED1_001_TANGENCY_SV_POWER_n2000_depth6_reference","ED1_002_TANGENCY_SV_POWER_n2000_depth8_refined","continuous","tangency_global_scaled_root_component_left_radius_conditional_on_continuum_band_coverage",254,254,254,254,240,,,,,,,,,1.85470493283044,1.85418117009714,-0.000523762733301077,0.00142305576388913,9.18578545711179e-05,-0.00442624129007244,0,0
"enclosure_depth_v001","depth8_refined_minus_depth6_reference","maximum continuum-enclosure depth 8 minus 6, with guard depth fixed at 6 and with identical samples, multipliers, B=999, bootstrap grid 0.005, enclosure grid 0.0025, node ceiling 57601, and every remaining inferential setting","ED1_TANGENCY_SV_POWER_n4000","diagnostic","TANGENCY_SV_POWER",4000,4000,"absolute","K1",0.25,1.5,"depth6_reference","depth8_refined","ED1_003_TANGENCY_SV_POWER_n4000_depth6_reference","ED1_004_TANGENCY_SV_POWER_n4000_depth8_refined","continuous","tangency_global_scaled_root_component_left_radius_conditional_on_continuum_band_coverage",254,254,254,254,243,,,,,,,,,2.04591662046804,2.04483596976141,-0.00108065070662545,0.00225676017960173,0.000144771233021054,-0.00626944035915387,0,0
"enclosure_depth_v001","depth8_refined_minus_depth6_reference","maximum continuum-enclosure depth 8 minus 6, with guard depth fixed at 6 and with identical samples, multipliers, B=999, bootstrap grid 0.005, enclosure grid 0.0025, node ceiling 57601, and every remaining inferential setting","ED1_TANGENCY_SV_POWER_n8000","diagnostic","TANGENCY_SV_POWER",8000,8000,"absolute","K1",0.25,1.5,"depth6_reference","depth8_refined","ED1_005_TANGENCY_SV_POWER_n8000_depth6_reference","ED1_006_TANGENCY_SV_POWER_n8000_depth8_refined","continuous","tangency_global_scaled_root_component_left_radius_conditional_on_continuum_band_coverage",254,254,254,254,240,,,,,,,,,2.10725126877874,2.10512621064242,-0.00212505813631724,0.00303062260812933,0.000195625848165409,-0.00730421992583485,0,0
"enclosure_depth_v001","depth8_refined_minus_depth6_reference","maximum continuum-enclosure depth 8 minus 6, with guard depth fixed at 6 and with identical samples, multipliers, B=999, bootstrap grid 0.005, enclosure grid 0.0025, node ceiling 57601, and every remaining inferential setting","ED1_TANGENCY_SV_POWER_n2000","diagnostic","TANGENCY_SV_POWER",2000,2000,"absolute","K1",0.25,1.5,"depth6_reference","depth8_refined","ED1_001_TANGENCY_SV_POWER_n2000_depth6_reference","ED1_002_TANGENCY_SV_POWER_n2000_depth8_refined","continuous","tangency_global_scaled_root_component_length_conditional_on_continuum_band_coverage",254,254,254,254,240,,,,,,,,,4.436122535103,4.43529101314021,-0.000831521962785524,0.0016112454708395,0.000104005447920225,-0.0050522853435071,0,0
"enclosure_depth_v001","depth8_refined_minus_depth6_reference","maximum continuum-enclosure depth 8 minus 6, with guard depth fixed at 6 and with identical samples, multipliers, B=999, bootstrap grid 0.005, enclosure grid 0.0025, node ceiling 57601, and every remaining inferential setting","ED1_TANGENCY_SV_POWER_n4000","diagnostic","TANGENCY_SV_POWER",4000,4000,"absolute","K1",0.25,1.5,"depth6_reference","depth8_refined","ED1_003_TANGENCY_SV_POWER_n4000_depth6_reference","ED1_004_TANGENCY_SV_POWER_n4000_depth8_refined","continuous","tangency_global_scaled_root_component_length_conditional_on_continuum_band_coverage",254,254,254,254,243,,,,,,,,,4.56441058312495,4.5628265604279,-0.00158402269705305,0.00272620137269842,0.000174885899599173,-0.00651107503966273,0,0
"enclosure_depth_v001","depth8_refined_minus_depth6_reference","maximum continuum-enclosure depth 8 minus 6, with guard depth fixed at 6 and with identical samples, multipliers, B=999, bootstrap grid 0.005, enclosure grid 0.0025, node ceiling 57601, and every remaining inferential setting","ED1_TANGENCY_SV_POWER_n8000","diagnostic","TANGENCY_SV_POWER",8000,8000,"absolute","K1",0.25,1.5,"depth6_reference","depth8_refined","ED1_005_TANGENCY_SV_POWER_n8000_depth6_reference","ED1_006_TANGENCY_SV_POWER_n8000_depth8_refined","continuous","tangency_global_scaled_root_component_length_conditional_on_continuum_band_coverage",254,254,254,254,240,,,,,,,,,4.5293230887468,4.52630199193537,-0.00302109681142954,0.0040696082206833,0.000262692081071587,-0.0101078598973652,-0.00124261051369912,0
"enclosure_depth_v001","depth8_refined_minus_depth6_reference","maximum continuum-enclosure depth 8 minus 6, with guard depth fixed at 6 and with identical samples, multipliers, B=999, bootstrap grid 0.005, enclosure grid 0.0025, node ceiling 57601, and every remaining inferential setting","ED1_TANGENCY_SV_POWER_n2000","diagnostic","TANGENCY_SV_POWER",2000,2000,"absolute","K1",0.25,1.5,"depth6_reference","depth8_refined","ED1_001_TANGENCY_SV_POWER_n2000_depth6_reference","ED1_002_TANGENCY_SV_POWER_n2000_depth8_refined","continuous","tangency_global_scaled_root_component_right_radius_conditional_on_continuum_band_coverage",254,254,254,254,240,,,,,,,,,2.58141760227256,2.58110984304307,-0.000307759229484423,0.000749961473977347,4.84098049835239e-05,-0.00219664580152479,0,0
"enclosure_depth_v001","depth8_refined_minus_depth6_reference","maximum continuum-enclosure depth 8 minus 6, with guard depth fixed at 6 and with identical samples, multipliers, B=999, bootstrap grid 0.005, enclosure grid 0.0025, node ceiling 57601, and every remaining inferential setting","ED1_TANGENCY_SV_POWER_n4000","diagnostic","TANGENCY_SV_POWER",4000,4000,"absolute","K1",0.25,1.5,"depth6_reference","depth8_refined","ED1_003_TANGENCY_SV_POWER_n4000_depth6_reference","ED1_004_TANGENCY_SV_POWER_n4000_depth8_refined","continuous","tangency_global_scaled_root_component_right_radius_conditional_on_continuum_band_coverage",254,254,254,254,243,,,,,,,,,2.51849396265691,2.51799059066649,-0.00050337199042757,0.00113379228731927,7.27328091432112e-05,-0.0028604321638634,0,0
"enclosure_depth_v001","depth8_refined_minus_depth6_reference","maximum continuum-enclosure depth 8 minus 6, with guard depth fixed at 6 and with identical samples, multipliers, B=999, bootstrap grid 0.005, enclosure grid 0.0025, node ceiling 57601, and every remaining inferential setting","ED1_TANGENCY_SV_POWER_n8000","diagnostic","TANGENCY_SV_POWER",8000,8000,"absolute","K1",0.25,1.5,"depth6_reference","depth8_refined","ED1_005_TANGENCY_SV_POWER_n8000_depth6_reference","ED1_006_TANGENCY_SV_POWER_n8000_depth8_refined","continuous","tangency_global_scaled_root_component_right_radius_conditional_on_continuum_band_coverage",254,254,254,254,240,,,,,,,,,2.42207181996807,2.42117578129295,-0.0008960386751123,0.00196567501369165,0.00012688377653473,-0.00469085468921205,0,0
"enclosure_depth_v001","depth8_refined_minus_depth6_reference","maximum continuum-enclosure depth 8 minus 6, with guard depth fixed at 6 and with identical samples, multipliers, B=999, bootstrap grid 0.005, enclosure grid 0.0025, node ceiling 57601, and every remaining inferential setting","ED1_TANGENCY_SV_POWER_n2000","diagnostic","TANGENCY_SV_POWER",2000,2000,"absolute","K1",0.25,1.5,"depth6_reference","depth8_refined","ED1_001_TANGENCY_SV_POWER_n2000_depth6_reference","ED1_002_TANGENCY_SV_POWER_n2000_depth8_refined","continuous","tangency_local_outer_total_length",254,254,254,254,254,,,,,,,,,0.481004705954724,0.48092300535187,-8.17006028543314e-05,0.00037746430364332,2.36842168553433e-05,-0.000652343750000001,0,0
"enclosure_depth_v001","depth8_refined_minus_depth6_reference","maximum continuum-enclosure depth 8 minus 6, with guard depth fixed at 6 and with identical samples, multipliers, B=999, bootstrap grid 0.005, enclosure grid 0.0025, node ceiling 57601, and every remaining inferential setting","ED1_TANGENCY_SV_POWER_n4000","diagnostic","TANGENCY_SV_POWER",4000,4000,"absolute","K1",0.25,1.5,"depth6_reference","depth8_refined","ED1_003_TANGENCY_SV_POWER_n4000_depth6_reference","ED1_004_TANGENCY_SV_POWER_n4000_depth8_refined","continuous","tangency_local_outer_total_length",254,254,254,254,254,,,,,,,,,0.473784756397638,0.473650921198327,-0.000133835199311025,0.000485689318753623,3.04748582545559e-05,-0.000983398437500033,0,0
"enclosure_depth_v001","depth8_refined_minus_depth6_reference","maximum continuum-enclosure depth 8 minus 6, with guard depth fixed at 6 and with identical samples, multipliers, B=999, bootstrap grid 0.005, enclosure grid 0.0025, node ceiling 57601, and every remaining inferential setting","ED1_TANGENCY_SV_POWER_n8000","diagnostic","TANGENCY_SV_POWER",8000,8000,"absolute","K1",0.25,1.5,"depth6_reference","depth8_refined","ED1_005_TANGENCY_SV_POWER_n8000_depth6_reference","ED1_006_TANGENCY_SV_POWER_n8000_depth8_refined","continuous","tangency_local_outer_total_length",254,254,254,254,254,,,,,,,,,0.455149637057087,0.454865242064468,-0.000284394992618108,0.000803172065871962,5.0395497525617e-05,-0.00139990234374988,0,0
"enclosure_depth_v001","depth8_refined_minus_depth6_reference","maximum continuum-enclosure depth 8 minus 6, with guard depth fixed at 6 and with identical samples, multipliers, B=999, bootstrap grid 0.005, enclosure grid 0.0025, node ceiling 57601, and every remaining inferential setting","ED1_TANGENCY_SV_POWER_n2000","diagnostic","TANGENCY_SV_POWER",2000,2000,"absolute","K1",0.25,1.5,"depth6_reference","depth8_refined","ED1_001_TANGENCY_SV_POWER_n2000_depth6_reference","ED1_002_TANGENCY_SV_POWER_n2000_depth8_refined","continuous","tangency_scaled_outer_hausdorff",254,254,254,254,240,,,,,,,,,1.4003250877087,1.40028847694534,-3.66107633587474e-05,0.000408202609822335,2.63493651620051e-05,0,0,0
"enclosure_depth_v001","depth8_refined_minus_depth6_reference","maximum continuum-enclosure depth 8 minus 6, with guard depth fixed at 6 and with identical samples, multipliers, B=999, bootstrap grid 0.005, enclosure grid 0.0025, node ceiling 57601, and every remaining inferential setting","ED1_TANGENCY_SV_POWER_n4000","diagnostic","TANGENCY_SV_POWER",4000,4000,"absolute","K1",0.25,1.5,"depth6_reference","depth8_refined","ED1_003_TANGENCY_SV_POWER_n4000_depth6_reference","ED1_004_TANGENCY_SV_POWER_n4000_depth8_refined","continuous","tangency_scaled_outer_hausdorff",254,254,254,254,243,,,,,,,,,1.64049603559684,1.64028318422663,-0.00021285137021819,0.00128531402126751,8.24529329079996e-05,0,0,0
"enclosure_depth_v001","depth8_refined_minus_depth6_reference","maximum continuum-enclosure depth 8 minus 6, with guard depth fixed at 6 and with identical samples, multipliers, B=999, bootstrap grid 0.005, enclosure grid 0.0025, node ceiling 57601, and every remaining inferential setting","ED1_TANGENCY_SV_POWER_n8000","diagnostic","TANGENCY_SV_POWER",8000,8000,"absolute","K1",0.25,1.5,"depth6_reference","depth8_refined","ED1_005_TANGENCY_SV_POWER_n8000_depth6_reference","ED1_006_TANGENCY_SV_POWER_n8000_depth8_refined","continuous","tangency_scaled_outer_hausdorff",254,254,254,254,240,,,,,,,,,1.90638845678318,1.90595904424368,-0.000429412539499452,0.00186534903513577,0.000120407762465748,-0.00343271154409172,0,0
"enclosure_depth_v001","depth8_refined_minus_depth6_reference","maximum continuum-enclosure depth 8 minus 6, with guard depth fixed at 6 and with identical samples, multipliers, B=999, bootstrap grid 0.005, enclosure grid 0.0025, node ceiling 57601, and every remaining inferential setting","ED1_TANGENCY_SV_POWER_n2000","diagnostic","TANGENCY_SV_POWER",2000,2000,"absolute","K1",0.25,1.5,"depth6_reference","depth8_refined","ED1_001_TANGENCY_SV_POWER_n2000_depth6_reference","ED1_002_TANGENCY_SV_POWER_n2000_depth8_refined","continuous","tangency_scaled_outer_radius",254,254,254,254,240,,,,,,,,,1.4003250877087,1.40028847694534,-3.66107633587474e-05,0.000408202609822335,2.63493651620051e-05,0,0,0
"enclosure_depth_v001","depth8_refined_minus_depth6_reference","maximum continuum-enclosure depth 8 minus 6, with guard depth fixed at 6 and with identical samples, multipliers, B=999, bootstrap grid 0.005, enclosure grid 0.0025, node ceiling 57601, and every remaining inferential setting","ED1_TANGENCY_SV_POWER_n4000","diagnostic","TANGENCY_SV_POWER",4000,4000,"absolute","K1",0.25,1.5,"depth6_reference","depth8_refined","ED1_003_TANGENCY_SV_POWER_n4000_depth6_reference","ED1_004_TANGENCY_SV_POWER_n4000_depth8_refined","continuous","tangency_scaled_outer_radius",254,254,254,254,243,,,,,,,,,1.64049603559684,1.64028318422663,-0.00021285137021819,0.00128531402126751,8.24529329079996e-05,0,0,0
"enclosure_depth_v001","depth8_refined_minus_depth6_reference","maximum continuum-enclosure depth 8 minus 6, with guard depth fixed at 6 and with identical samples, multipliers, B=999, bootstrap grid 0.005, enclosure grid 0.0025, node ceiling 57601, and every remaining inferential setting","ED1_TANGENCY_SV_POWER_n8000","diagnostic","TANGENCY_SV_POWER",8000,8000,"absolute","K1",0.25,1.5,"depth6_reference","depth8_refined","ED1_005_TANGENCY_SV_POWER_n8000_depth6_reference","ED1_006_TANGENCY_SV_POWER_n8000_depth8_refined","continuous","tangency_scaled_outer_radius",254,254,254,254,240,,,,,,,,,1.90638845678318,1.90595904424368,-0.000429412539499452,0.00186534903513577,0.000120407762465748,-0.00343271154409172,0,0
"enclosure_depth_v001","depth8_refined_minus_depth6_reference","maximum continuum-enclosure depth 8 minus 6, with guard depth fixed at 6 and with identical samples, multipliers, B=999, bootstrap grid 0.005, enclosure grid 0.0025, node ceiling 57601, and every remaining inferential setting","ED1_TANGENCY_SV_POWER_n2000","diagnostic","TANGENCY_SV_POWER",2000,2000,"absolute","K1",0.25,1.5,"depth6_reference","depth8_refined","ED1_001_TANGENCY_SV_POWER_n2000_depth6_reference","ED1_002_TANGENCY_SV_POWER_n2000_depth8_refined","continuous","tangency_truncated_local_outer_total_length",254,254,254,254,254,,,,,,,,,0.481004705954724,0.48092300535187,-8.17006028543314e-05,0.00037746430364332,2.36842168553433e-05,-0.000652343750000001,0,0
"enclosure_depth_v001","depth8_refined_minus_depth6_reference","maximum continuum-enclosure depth 8 minus 6, with guard depth fixed at 6 and with identical samples, multipliers, B=999, bootstrap grid 0.005, enclosure grid 0.0025, node ceiling 57601, and every remaining inferential setting","ED1_TANGENCY_SV_POWER_n4000","diagnostic","TANGENCY_SV_POWER",4000,4000,"absolute","K1",0.25,1.5,"depth6_reference","depth8_refined","ED1_003_TANGENCY_SV_POWER_n4000_depth6_reference","ED1_004_TANGENCY_SV_POWER_n4000_depth8_refined","continuous","tangency_truncated_local_outer_total_length",254,254,254,254,254,,,,,,,,,0.473784756397638,0.473650921198327,-0.000133835199311025,0.000485689318753623,3.04748582545559e-05,-0.000983398437500033,0,0
"enclosure_depth_v001","depth8_refined_minus_depth6_reference","maximum continuum-enclosure depth 8 minus 6, with guard depth fixed at 6 and with identical samples, multipliers, B=999, bootstrap grid 0.005, enclosure grid 0.0025, node ceiling 57601, and every remaining inferential setting","ED1_TANGENCY_SV_POWER_n8000","diagnostic","TANGENCY_SV_POWER",8000,8000,"absolute","K1",0.25,1.5,"depth6_reference","depth8_refined","ED1_005_TANGENCY_SV_POWER_n8000_depth6_reference","ED1_006_TANGENCY_SV_POWER_n8000_depth8_refined","continuous","tangency_truncated_local_outer_total_length",254,254,254,254,254,,,,,,,,,0.455149637057087,0.454865242064468,-0.000284394992618108,0.000803172065871962,5.0395497525617e-05,-0.00139990234374988,0,0
"enclosure_depth_v001","depth8_refined_minus_depth6_reference","maximum continuum-enclosure depth 8 minus 6, with guard depth fixed at 6 and with identical samples, multipliers, B=999, bootstrap grid 0.005, enclosure grid 0.0025, node ceiling 57601, and every remaining inferential setting","ED1_TANGENCY_SV_POWER_n2000","diagnostic","TANGENCY_SV_POWER",2000,2000,"absolute","K1",0.25,1.5,"depth6_reference","depth8_refined","ED1_001_TANGENCY_SV_POWER_n2000_depth6_reference","ED1_002_TANGENCY_SV_POWER_n2000_depth8_refined","continuous","tangency_truncated_local_scaled_outer_hausdorff",254,254,254,254,240,,,,,,,,,1.4003250877087,1.40028847694534,-3.66107633587474e-05,0.000408202609822335,2.63493651620051e-05,0,0,0
"enclosure_depth_v001","depth8_refined_minus_depth6_reference","maximum continuum-enclosure depth 8 minus 6, with guard depth fixed at 6 and with identical samples, multipliers, B=999, bootstrap grid 0.005, enclosure grid 0.0025, node ceiling 57601, and every remaining inferential setting","ED1_TANGENCY_SV_POWER_n4000","diagnostic","TANGENCY_SV_POWER",4000,4000,"absolute","K1",0.25,1.5,"depth6_reference","depth8_refined","ED1_003_TANGENCY_SV_POWER_n4000_depth6_reference","ED1_004_TANGENCY_SV_POWER_n4000_depth8_refined","continuous","tangency_truncated_local_scaled_outer_hausdorff",254,254,254,254,243,,,,,,,,,1.64049603559684,1.64028318422663,-0.00021285137021819,0.00128531402126751,8.24529329079996e-05,0,0,0
"enclosure_depth_v001","depth8_refined_minus_depth6_reference","maximum continuum-enclosure depth 8 minus 6, with guard depth fixed at 6 and with identical samples, multipliers, B=999, bootstrap grid 0.005, enclosure grid 0.0025, node ceiling 57601, and every remaining inferential setting","ED1_TANGENCY_SV_POWER_n8000","diagnostic","TANGENCY_SV_POWER",8000,8000,"absolute","K1",0.25,1.5,"depth6_reference","depth8_refined","ED1_005_TANGENCY_SV_POWER_n8000_depth6_reference","ED1_006_TANGENCY_SV_POWER_n8000_depth8_refined","continuous","tangency_truncated_local_scaled_outer_hausdorff",254,254,254,254,240,,,,,,,,,1.90638845678318,1.90595904424368,-0.000429412539499452,0.00186534903513577,0.000120407762465748,-0.00343271154409172,0,0
"enclosure_depth_v001","depth8_refined_minus_depth6_reference","maximum continuum-enclosure depth 8 minus 6, with guard depth fixed at 6 and with identical samples, multipliers, B=999, bootstrap grid 0.005, enclosure grid 0.0025, node ceiling 57601, and every remaining inferential setting","ED1_TANGENCY_SV_POWER_n2000","diagnostic","TANGENCY_SV_POWER",2000,2000,"absolute","K1",0.25,1.5,"depth6_reference","depth8_refined","ED1_001_TANGENCY_SV_POWER_n2000_depth6_reference","ED1_002_TANGENCY_SV_POWER_n2000_depth8_refined","continuous","tangency_truncated_local_scaled_outer_radius",254,254,254,254,240,,,,,,,,,1.4003250877087,1.40028847694534,-3.66107633587474e-05,0.000408202609822335,2.63493651620051e-05,0,0,0
"enclosure_depth_v001","depth8_refined_minus_depth6_reference","maximum continuum-enclosure depth 8 minus 6, with guard depth fixed at 6 and with identical samples, multipliers, B=999, bootstrap grid 0.005, enclosure grid 0.0025, node ceiling 57601, and every remaining inferential setting","ED1_TANGENCY_SV_POWER_n4000","diagnostic","TANGENCY_SV_POWER",4000,4000,"absolute","K1",0.25,1.5,"depth6_reference","depth8_refined","ED1_003_TANGENCY_SV_POWER_n4000_depth6_reference","ED1_004_TANGENCY_SV_POWER_n4000_depth8_refined","continuous","tangency_truncated_local_scaled_outer_radius",254,254,254,254,243,,,,,,,,,1.64049603559684,1.64028318422663,-0.00021285137021819,0.00128531402126751,8.24529329079996e-05,0,0,0
"enclosure_depth_v001","depth8_refined_minus_depth6_reference","maximum continuum-enclosure depth 8 minus 6, with guard depth fixed at 6 and with identical samples, multipliers, B=999, bootstrap grid 0.005, enclosure grid 0.0025, node ceiling 57601, and every remaining inferential setting","ED1_TANGENCY_SV_POWER_n8000","diagnostic","TANGENCY_SV_POWER",8000,8000,"absolute","K1",0.25,1.5,"depth6_reference","depth8_refined","ED1_005_TANGENCY_SV_POWER_n8000_depth6_reference","ED1_006_TANGENCY_SV_POWER_n8000_depth8_refined","continuous","tangency_truncated_local_scaled_outer_radius",254,254,254,254,240,,,,,,,,,1.90638845678318,1.90595904424368,-0.000429412539499452,0.00186534903513577,0.000120407762465748,-0.00343271154409172,0,0
"enclosure_depth_v001","depth8_refined_minus_depth6_reference","maximum continuum-enclosure depth 8 minus 6, with guard depth fixed at 6 and with identical samples, multipliers, B=999, bootstrap grid 0.005, enclosure grid 0.0025, node ceiling 57601, and every remaining inferential setting","ED1_TANGENCY_SV_POWER_n2000","diagnostic","TANGENCY_SV_POWER",2000,2000,"absolute","K1",0.25,1.5,"depth6_reference","depth8_refined","ED1_001_TANGENCY_SV_POWER_n2000_depth6_reference","ED1_002_TANGENCY_SV_POWER_n2000_depth8_refined","continuous","variance_at_root_hat",254,254,254,254,0,,,,,,,,,,,,,,,,
"enclosure_depth_v001","depth8_refined_minus_depth6_reference","maximum continuum-enclosure depth 8 minus 6, with guard depth fixed at 6 and with identical samples, multipliers, B=999, bootstrap grid 0.005, enclosure grid 0.0025, node ceiling 57601, and every remaining inferential setting","ED1_TANGENCY_SV_POWER_n4000","diagnostic","TANGENCY_SV_POWER",4000,4000,"absolute","K1",0.25,1.5,"depth6_reference","depth8_refined","ED1_003_TANGENCY_SV_POWER_n4000_depth6_reference","ED1_004_TANGENCY_SV_POWER_n4000_depth8_refined","continuous","variance_at_root_hat",254,254,254,254,0,,,,,,,,,,,,,,,,
"enclosure_depth_v001","depth8_refined_minus_depth6_reference","maximum continuum-enclosure depth 8 minus 6, with guard depth fixed at 6 and with identical samples, multipliers, B=999, bootstrap grid 0.005, enclosure grid 0.0025, node ceiling 57601, and every remaining inferential setting","ED1_TANGENCY_SV_POWER_n8000","diagnostic","TANGENCY_SV_POWER",8000,8000,"absolute","K1",0.25,1.5,"depth6_reference","depth8_refined","ED1_005_TANGENCY_SV_POWER_n8000_depth6_reference","ED1_006_TANGENCY_SV_POWER_n8000_depth8_refined","continuous","variance_at_root_hat",254,254,254,254,0,,,,,,,,,,,,,,,,
"enclosure_depth_v001","depth8_refined_minus_depth6_reference","maximum continuum-enclosure depth 8 minus 6, with guard depth fixed at 6 and with identical samples, multipliers, B=999, bootstrap grid 0.005, enclosure grid 0.0025, node ceiling 57601, and every remaining inferential setting","ED1_TANGENCY_SV_POWER_n2000","diagnostic","TANGENCY_SV_POWER",2000,2000,"absolute","K1",0.25,1.5,"depth6_reference","depth8_refined","ED1_001_TANGENCY_SV_POWER_n2000_depth6_reference","ED1_002_TANGENCY_SV_POWER_n2000_depth8_refined","continuous","wald_collection_bias_conditional_on_isolation",254,254,254,254,0,,,,,,,,,,,,,,,,
"enclosure_depth_v001","depth8_refined_minus_depth6_reference","maximum continuum-enclosure depth 8 minus 6, with guard depth fixed at 6 and with identical samples, multipliers, B=999, bootstrap grid 0.005, enclosure grid 0.0025, node ceiling 57601, and every remaining inferential setting","ED1_TANGENCY_SV_POWER_n4000","diagnostic","TANGENCY_SV_POWER",4000,4000,"absolute","K1",0.25,1.5,"depth6_reference","depth8_refined","ED1_003_TANGENCY_SV_POWER_n4000_depth6_reference","ED1_004_TANGENCY_SV_POWER_n4000_depth8_refined","continuous","wald_collection_bias_conditional_on_isolation",254,254,254,254,0,,,,,,,,,,,,,,,,
"enclosure_depth_v001","depth8_refined_minus_depth6_reference","maximum continuum-enclosure depth 8 minus 6, with guard depth fixed at 6 and with identical samples, multipliers, B=999, bootstrap grid 0.005, enclosure grid 0.0025, node ceiling 57601, and every remaining inferential setting","ED1_TANGENCY_SV_POWER_n8000","diagnostic","TANGENCY_SV_POWER",8000,8000,"absolute","K1",0.25,1.5,"depth6_reference","depth8_refined","ED1_005_TANGENCY_SV_POWER_n8000_depth6_reference","ED1_006_TANGENCY_SV_POWER_n8000_depth8_refined","continuous","wald_collection_bias_conditional_on_isolation",254,254,254,254,0,,,,,,,,,,,,,,,,
"enclosure_depth_v001","depth8_refined_minus_depth6_reference","maximum continuum-enclosure depth 8 minus 6, with guard depth fixed at 6 and with identical samples, multipliers, B=999, bootstrap grid 0.005, enclosure grid 0.0025, node ceiling 57601, and every remaining inferential setting","ED1_TANGENCY_SV_POWER_n2000","diagnostic","TANGENCY_SV_POWER",2000,2000,"absolute","K1",0.25,1.5,"depth6_reference","depth8_refined","ED1_001_TANGENCY_SV_POWER_n2000_depth6_reference","ED1_002_TANGENCY_SV_POWER_n2000_depth8_refined","continuous","wald_collection_rmse_conditional_on_isolation",254,254,254,254,0,,,,,,,,,,,,,,,,
"enclosure_depth_v001","depth8_refined_minus_depth6_reference","maximum continuum-enclosure depth 8 minus 6, with guard depth fixed at 6 and with identical samples, multipliers, B=999, bootstrap grid 0.005, enclosure grid 0.0025, node ceiling 57601, and every remaining inferential setting","ED1_TANGENCY_SV_POWER_n4000","diagnostic","TANGENCY_SV_POWER",4000,4000,"absolute","K1",0.25,1.5,"depth6_reference","depth8_refined","ED1_003_TANGENCY_SV_POWER_n4000_depth6_reference","ED1_004_TANGENCY_SV_POWER_n4000_depth8_refined","continuous","wald_collection_rmse_conditional_on_isolation",254,254,254,254,0,,,,,,,,,,,,,,,,
"enclosure_depth_v001","depth8_refined_minus_depth6_reference","maximum continuum-enclosure depth 8 minus 6, with guard depth fixed at 6 and with identical samples, multipliers, B=999, bootstrap grid 0.005, enclosure grid 0.0025, node ceiling 57601, and every remaining inferential setting","ED1_TANGENCY_SV_POWER_n8000","diagnostic","TANGENCY_SV_POWER",8000,8000,"absolute","K1",0.25,1.5,"depth6_reference","depth8_refined","ED1_005_TANGENCY_SV_POWER_n8000_depth6_reference","ED1_006_TANGENCY_SV_POWER_n8000_depth8_refined","continuous","wald_collection_rmse_conditional_on_isolation",254,254,254,254,0,,,,,,,,,,,,,,,,
"enclosure_depth_v001","depth8_refined_minus_depth6_reference","maximum continuum-enclosure depth 8 minus 6, with guard depth fixed at 6 and with identical samples, multipliers, B=999, bootstrap grid 0.005, enclosure grid 0.0025, node ceiling 57601, and every remaining inferential setting","ED1_TANGENCY_SV_POWER_n2000","diagnostic","TANGENCY_SV_POWER",2000,2000,"absolute","K1",0.25,1.5,"depth6_reference","depth8_refined","ED1_001_TANGENCY_SV_POWER_n2000_depth6_reference","ED1_002_TANGENCY_SV_POWER_n2000_depth8_refined","continuous","wald_collection_total_length",254,254,254,254,0,,,,,,,,,,,,,,,,
"enclosure_depth_v001","depth8_refined_minus_depth6_reference","maximum continuum-enclosure depth 8 minus 6, with guard depth fixed at 6 and with identical samples, multipliers, B=999, bootstrap grid 0.005, enclosure grid 0.0025, node ceiling 57601, and every remaining inferential setting","ED1_TANGENCY_SV_POWER_n4000","diagnostic","TANGENCY_SV_POWER",4000,4000,"absolute","K1",0.25,1.5,"depth6_reference","depth8_refined","ED1_003_TANGENCY_SV_POWER_n4000_depth6_reference","ED1_004_TANGENCY_SV_POWER_n4000_depth8_refined","continuous","wald_collection_total_length",254,254,254,254,0,,,,,,,,,,,,,,,,
"enclosure_depth_v001","depth8_refined_minus_depth6_reference","maximum continuum-enclosure depth 8 minus 6, with guard depth fixed at 6 and with identical samples, multipliers, B=999, bootstrap grid 0.005, enclosure grid 0.0025, node ceiling 57601, and every remaining inferential setting","ED1_TANGENCY_SV_POWER_n8000","diagnostic","TANGENCY_SV_POWER",8000,8000,"absolute","K1",0.25,1.5,"depth6_reference","depth8_refined","ED1_005_TANGENCY_SV_POWER_n8000_depth6_reference","ED1_006_TANGENCY_SV_POWER_n8000_depth8_refined","continuous","wald_collection_total_length",254,254,254,254,0,,,,,,,,,,,,,,,,
"enclosure_depth_v001","depth8_refined_minus_depth6_reference","maximum continuum-enclosure depth 8 minus 6, with guard depth fixed at 6 and with identical samples, multipliers, B=999, bootstrap grid 0.005, enclosure grid 0.0025, node ceiling 57601, and every remaining inferential setting","ED1_TANGENCY_SV_POWER_n2000","diagnostic","TANGENCY_SV_POWER",2000,2000,"absolute","K1",0.25,1.5,"depth6_reference","depth8_refined","ED1_001_TANGENCY_SV_POWER_n2000_depth6_reference","ED1_002_TANGENCY_SV_POWER_n2000_depth8_refined","continuous","wald_length",254,254,254,254,0,,,,,,,,,,,,,,,,
"enclosure_depth_v001","depth8_refined_minus_depth6_reference","maximum continuum-enclosure depth 8 minus 6, with guard depth fixed at 6 and with identical samples, multipliers, B=999, bootstrap grid 0.005, enclosure grid 0.0025, node ceiling 57601, and every remaining inferential setting","ED1_TANGENCY_SV_POWER_n4000","diagnostic","TANGENCY_SV_POWER",4000,4000,"absolute","K1",0.25,1.5,"depth6_reference","depth8_refined","ED1_003_TANGENCY_SV_POWER_n4000_depth6_reference","ED1_004_TANGENCY_SV_POWER_n4000_depth8_refined","continuous","wald_length",254,254,254,254,0,,,,,,,,,,,,,,,,
"enclosure_depth_v001","depth8_refined_minus_depth6_reference","maximum continuum-enclosure depth 8 minus 6, with guard depth fixed at 6 and with identical samples, multipliers, B=999, bootstrap grid 0.005, enclosure grid 0.0025, node ceiling 57601, and every remaining inferential setting","ED1_TANGENCY_SV_POWER_n8000","diagnostic","TANGENCY_SV_POWER",8000,8000,"absolute","K1",0.25,1.5,"depth6_reference","depth8_refined","ED1_005_TANGENCY_SV_POWER_n8000_depth6_reference","ED1_006_TANGENCY_SV_POWER_n8000_depth8_refined","continuous","wald_length",254,254,254,254,0,,,,,,,,,,,,,,,,
"enclosure_depth_v001","depth8_refined_minus_depth6_reference","maximum continuum-enclosure depth 8 minus 6, with guard depth fixed at 6 and with identical samples, multipliers, B=999, bootstrap grid 0.005, enclosure grid 0.0025, node ceiling 57601, and every remaining inferential setting","ED1_TANGENCY_SV_POWER_n2000","diagnostic","TANGENCY_SV_POWER",2000,2000,"absolute","K1",0.25,1.5,"depth6_reference","depth8_refined","ED1_001_TANGENCY_SV_POWER_n2000_depth6_reference","ED1_002_TANGENCY_SV_POWER_n2000_depth8_refined","continuous","x_count_above_q95",254,254,254,254,254,,,,,,,,,100.279527559055,100.279527559055,0,0,0,0,0,0
"enclosure_depth_v001","depth8_refined_minus_depth6_reference","maximum continuum-enclosure depth 8 minus 6, with guard depth fixed at 6 and with identical samples, multipliers, B=999, bootstrap grid 0.005, enclosure grid 0.0025, node ceiling 57601, and every remaining inferential setting","ED1_TANGENCY_SV_POWER_n4000","diagnostic","TANGENCY_SV_POWER",4000,4000,"absolute","K1",0.25,1.5,"depth6_reference","depth8_refined","ED1_003_TANGENCY_SV_POWER_n4000_depth6_reference","ED1_004_TANGENCY_SV_POWER_n4000_depth8_refined","continuous","x_count_above_q95",254,254,254,254,254,,,,,,,,,200.685039370079,200.685039370079,0,0,0,0,0,0
"enclosure_depth_v001","depth8_refined_minus_depth6_reference","maximum continuum-enclosure depth 8 minus 6, with guard depth fixed at 6 and with identical samples, multipliers, B=999, bootstrap grid 0.005, enclosure grid 0.0025, node ceiling 57601, and every remaining inferential setting","ED1_TANGENCY_SV_POWER_n8000","diagnostic","TANGENCY_SV_POWER",8000,8000,"absolute","K1",0.25,1.5,"depth6_reference","depth8_refined","ED1_005_TANGENCY_SV_POWER_n8000_depth6_reference","ED1_006_TANGENCY_SV_POWER_n8000_depth8_refined","continuous","x_count_above_q95",254,254,254,254,254,,,,,,,,,398.232283464567,398.232283464567,0,0,0,0,0,0
"enclosure_depth_v001","depth8_refined_minus_depth6_reference","maximum continuum-enclosure depth 8 minus 6, with guard depth fixed at 6 and with identical samples, multipliers, B=999, bootstrap grid 0.005, enclosure grid 0.0025, node ceiling 57601, and every remaining inferential setting","ED1_TANGENCY_SV_POWER_n2000","diagnostic","TANGENCY_SV_POWER",2000,2000,"absolute","K1",0.25,1.5,"depth6_reference","depth8_refined","ED1_001_TANGENCY_SV_POWER_n2000_depth6_reference","ED1_002_TANGENCY_SV_POWER_n2000_depth8_refined","continuous","x_count_above_q99",254,254,254,254,254,,,,,,,,,20.0590551181102,20.0590551181102,0,0,0,0,0,0
"enclosure_depth_v001","depth8_refined_minus_depth6_reference","maximum continuum-enclosure depth 8 minus 6, with guard depth fixed at 6 and with identical samples, multipliers, B=999, bootstrap grid 0.005, enclosure grid 0.0025, node ceiling 57601, and every remaining inferential setting","ED1_TANGENCY_SV_POWER_n4000","diagnostic","TANGENCY_SV_POWER",4000,4000,"absolute","K1",0.25,1.5,"depth6_reference","depth8_refined","ED1_003_TANGENCY_SV_POWER_n4000_depth6_reference","ED1_004_TANGENCY_SV_POWER_n4000_depth8_refined","continuous","x_count_above_q99",254,254,254,254,254,,,,,,,,,41.1259842519685,41.1259842519685,0,0,0,0,0,0
"enclosure_depth_v001","depth8_refined_minus_depth6_reference","maximum continuum-enclosure depth 8 minus 6, with guard depth fixed at 6 and with identical samples, multipliers, B=999, bootstrap grid 0.005, enclosure grid 0.0025, node ceiling 57601, and every remaining inferential setting","ED1_TANGENCY_SV_POWER_n8000","diagnostic","TANGENCY_SV_POWER",8000,8000,"absolute","K1",0.25,1.5,"depth6_reference","depth8_refined","ED1_005_TANGENCY_SV_POWER_n8000_depth6_reference","ED1_006_TANGENCY_SV_POWER_n8000_depth8_refined","continuous","x_count_above_q99",254,254,254,254,254,,,,,,,,,80.0590551181102,80.0590551181102,0,0,0,0,0,0
"enclosure_depth_v001","depth8_refined_minus_depth6_reference","maximum continuum-enclosure depth 8 minus 6, with guard depth fixed at 6 and with identical samples, multipliers, B=999, bootstrap grid 0.005, enclosure grid 0.0025, node ceiling 57601, and every remaining inferential setting","ED1_TANGENCY_SV_POWER_n2000","diagnostic","TANGENCY_SV_POWER",2000,2000,"absolute","K1",0.25,1.5,"depth6_reference","depth8_refined","ED1_001_TANGENCY_SV_POWER_n2000_depth6_reference","ED1_002_TANGENCY_SV_POWER_n2000_depth8_refined","continuous","x_ess_ratio_p1",254,254,254,254,254,,,,,,,,,0.60353816725466,0.60353816725466,0,0,0,0,0,0
"enclosure_depth_v001","depth8_refined_minus_depth6_reference","maximum continuum-enclosure depth 8 minus 6, with guard depth fixed at 6 and with identical samples, multipliers, B=999, bootstrap grid 0.005, enclosure grid 0.0025, node ceiling 57601, and every remaining inferential setting","ED1_TANGENCY_SV_POWER_n4000","diagnostic","TANGENCY_SV_POWER",4000,4000,"absolute","K1",0.25,1.5,"depth6_reference","depth8_refined","ED1_003_TANGENCY_SV_POWER_n4000_depth6_reference","ED1_004_TANGENCY_SV_POWER_n4000_depth8_refined","continuous","x_ess_ratio_p1",254,254,254,254,254,,,,,,,,,0.603025547647453,0.603025547647453,0,0,0,0,0,0
"enclosure_depth_v001","depth8_refined_minus_depth6_reference","maximum continuum-enclosure depth 8 minus 6, with guard depth fixed at 6 and with identical samples, multipliers, B=999, bootstrap grid 0.005, enclosure grid 0.0025, node ceiling 57601, and every remaining inferential setting","ED1_TANGENCY_SV_POWER_n8000","diagnostic","TANGENCY_SV_POWER",8000,8000,"absolute","K1",0.25,1.5,"depth6_reference","depth8_refined","ED1_005_TANGENCY_SV_POWER_n8000_depth6_reference","ED1_006_TANGENCY_SV_POWER_n8000_depth8_refined","continuous","x_ess_ratio_p1",254,254,254,254,254,,,,,,,,,0.602645883807688,0.602645883807688,0,0,0,0,0,0
"enclosure_depth_v001","depth8_refined_minus_depth6_reference","maximum continuum-enclosure depth 8 minus 6, with guard depth fixed at 6 and with identical samples, multipliers, B=999, bootstrap grid 0.005, enclosure grid 0.0025, node ceiling 57601, and every remaining inferential setting","ED1_TANGENCY_SV_POWER_n2000","diagnostic","TANGENCY_SV_POWER",2000,2000,"absolute","K1",0.25,1.5,"depth6_reference","depth8_refined","ED1_001_TANGENCY_SV_POWER_n2000_depth6_reference","ED1_002_TANGENCY_SV_POWER_n2000_depth8_refined","continuous","x_ess_ratio_upper",254,254,254,254,254,,,,,,,,,0.483264278692821,0.483264278692821,0,0,0,0,0,0
"enclosure_depth_v001","depth8_refined_minus_depth6_reference","maximum continuum-enclosure depth 8 minus 6, with guard depth fixed at 6 and with identical samples, multipliers, B=999, bootstrap grid 0.005, enclosure grid 0.0025, node ceiling 57601, and every remaining inferential setting","ED1_TANGENCY_SV_POWER_n4000","diagnostic","TANGENCY_SV_POWER",4000,4000,"absolute","K1",0.25,1.5,"depth6_reference","depth8_refined","ED1_003_TANGENCY_SV_POWER_n4000_depth6_reference","ED1_004_TANGENCY_SV_POWER_n4000_depth8_refined","continuous","x_ess_ratio_upper",254,254,254,254,254,,,,,,,,,0.481625212000072,0.481625212000072,0,0,0,0,0,0
"enclosure_depth_v001","depth8_refined_minus_depth6_reference","maximum continuum-enclosure depth 8 minus 6, with guard depth fixed at 6 and with identical samples, multipliers, B=999, bootstrap grid 0.005, enclosure grid 0.0025, node ceiling 57601, and every remaining inferential setting","ED1_TANGENCY_SV_POWER_n8000","diagnostic","TANGENCY_SV_POWER",8000,8000,"absolute","K1",0.25,1.5,"depth6_reference","depth8_refined","ED1_005_TANGENCY_SV_POWER_n8000_depth6_reference","ED1_006_TANGENCY_SV_POWER_n8000_depth8_refined","continuous","x_ess_ratio_upper",254,254,254,254,254,,,,,,,,,0.481728759721383,0.481728759721383,0,0,0,0,0,0
"enclosure_depth_v001","depth8_refined_minus_depth6_reference","maximum continuum-enclosure depth 8 minus 6, with guard depth fixed at 6 and with identical samples, multipliers, B=999, bootstrap grid 0.005, enclosure grid 0.0025, node ceiling 57601, and every remaining inferential setting","ED1_TANGENCY_SV_POWER_n2000","diagnostic","TANGENCY_SV_POWER",2000,2000,"absolute","K1",0.25,1.5,"depth6_reference","depth8_refined","ED1_001_TANGENCY_SV_POWER_n2000_depth6_reference","ED1_002_TANGENCY_SV_POWER_n2000_depth8_refined","continuous","x_latent_high_count",254,254,254,254,254,,,,,,,,,1270.7125984252,1270.7125984252,0,0,0,0,0,0
"enclosure_depth_v001","depth8_refined_minus_depth6_reference","maximum continuum-enclosure depth 8 minus 6, with guard depth fixed at 6 and with identical samples, multipliers, B=999, bootstrap grid 0.005, enclosure grid 0.0025, node ceiling 57601, and every remaining inferential setting","ED1_TANGENCY_SV_POWER_n4000","diagnostic","TANGENCY_SV_POWER",4000,4000,"absolute","K1",0.25,1.5,"depth6_reference","depth8_refined","ED1_003_TANGENCY_SV_POWER_n4000_depth6_reference","ED1_004_TANGENCY_SV_POWER_n4000_depth8_refined","continuous","x_latent_high_count",254,254,254,254,254,,,,,,,,,2543.17322834646,2543.17322834646,0,0,0,0,0,0
"enclosure_depth_v001","depth8_refined_minus_depth6_reference","maximum continuum-enclosure depth 8 minus 6, with guard depth fixed at 6 and with identical samples, multipliers, B=999, bootstrap grid 0.005, enclosure grid 0.0025, node ceiling 57601, and every remaining inferential setting","ED1_TANGENCY_SV_POWER_n8000","diagnostic","TANGENCY_SV_POWER",8000,8000,"absolute","K1",0.25,1.5,"depth6_reference","depth8_refined","ED1_005_TANGENCY_SV_POWER_n8000_depth6_reference","ED1_006_TANGENCY_SV_POWER_n8000_depth8_refined","continuous","x_latent_high_count",254,254,254,254,254,,,,,,,,,5079.84251968504,5079.84251968504,0,0,0,0,0,0
"enclosure_depth_v001","depth8_refined_minus_depth6_reference","maximum continuum-enclosure depth 8 minus 6, with guard depth fixed at 6 and with identical samples, multipliers, B=999, bootstrap grid 0.005, enclosure grid 0.0025, node ceiling 57601, and every remaining inferential setting","ED1_TANGENCY_SV_POWER_n2000","diagnostic","TANGENCY_SV_POWER",2000,2000,"absolute","K1",0.25,1.5,"depth6_reference","depth8_refined","ED1_001_TANGENCY_SV_POWER_n2000_depth6_reference","ED1_002_TANGENCY_SV_POWER_n2000_depth8_refined","continuous","x_max_share_p1",254,254,254,254,254,,,,,,,,,0.00218413285546463,0.00218413285546463,0,0,0,0,0,0
"enclosure_depth_v001","depth8_refined_minus_depth6_reference","maximum continuum-enclosure depth 8 minus 6, with guard depth fixed at 6 and with identical samples, multipliers, B=999, bootstrap grid 0.005, enclosure grid 0.0025, node ceiling 57601, and every remaining inferential setting","ED1_TANGENCY_SV_POWER_n4000","diagnostic","TANGENCY_SV_POWER",4000,4000,"absolute","K1",0.25,1.5,"depth6_reference","depth8_refined","ED1_003_TANGENCY_SV_POWER_n4000_depth6_reference","ED1_004_TANGENCY_SV_POWER_n4000_depth8_refined","continuous","x_max_share_p1",254,254,254,254,254,,,,,,,,,0.00109264056791423,0.00109264056791423,0,0,0,0,0,0
"enclosure_depth_v001","depth8_refined_minus_depth6_reference","maximum continuum-enclosure depth 8 minus 6, with guard depth fixed at 6 and with identical samples, multipliers, B=999, bootstrap grid 0.005, enclosure grid 0.0025, node ceiling 57601, and every remaining inferential setting","ED1_TANGENCY_SV_POWER_n8000","diagnostic","TANGENCY_SV_POWER",8000,8000,"absolute","K1",0.25,1.5,"depth6_reference","depth8_refined","ED1_005_TANGENCY_SV_POWER_n8000_depth6_reference","ED1_006_TANGENCY_SV_POWER_n8000_depth8_refined","continuous","x_max_share_p1",254,254,254,254,254,,,,,,,,,0.000547873085023453,0.000547873085023453,0,0,0,0,0,0
"enclosure_depth_v001","depth8_refined_minus_depth6_reference","maximum continuum-enclosure depth 8 minus 6, with guard depth fixed at 6 and with identical samples, multipliers, B=999, bootstrap grid 0.005, enclosure grid 0.0025, node ceiling 57601, and every remaining inferential setting","ED1_TANGENCY_SV_POWER_n2000","diagnostic","TANGENCY_SV_POWER",2000,2000,"absolute","K1",0.25,1.5,"depth6_reference","depth8_refined","ED1_001_TANGENCY_SV_POWER_n2000_depth6_reference","ED1_002_TANGENCY_SV_POWER_n2000_depth8_refined","continuous","x_max_share_upper",254,254,254,254,254,,,,,,,,,0.00362583584473763,0.00362583584473763,0,0,0,0,0,0
"enclosure_depth_v001","depth8_refined_minus_depth6_reference","maximum continuum-enclosure depth 8 minus 6, with guard depth fixed at 6 and with identical samples, multipliers, B=999, bootstrap grid 0.005, enclosure grid 0.0025, node ceiling 57601, and every remaining inferential setting","ED1_TANGENCY_SV_POWER_n4000","diagnostic","TANGENCY_SV_POWER",4000,4000,"absolute","K1",0.25,1.5,"depth6_reference","depth8_refined","ED1_003_TANGENCY_SV_POWER_n4000_depth6_reference","ED1_004_TANGENCY_SV_POWER_n4000_depth8_refined","continuous","x_max_share_upper",254,254,254,254,254,,,,,,,,,0.00181396954310289,0.00181396954310289,0,0,0,0,0,0
"enclosure_depth_v001","depth8_refined_minus_depth6_reference","maximum continuum-enclosure depth 8 minus 6, with guard depth fixed at 6 and with identical samples, multipliers, B=999, bootstrap grid 0.005, enclosure grid 0.0025, node ceiling 57601, and every remaining inferential setting","ED1_TANGENCY_SV_POWER_n8000","diagnostic","TANGENCY_SV_POWER",8000,8000,"absolute","K1",0.25,1.5,"depth6_reference","depth8_refined","ED1_005_TANGENCY_SV_POWER_n8000_depth6_reference","ED1_006_TANGENCY_SV_POWER_n8000_depth8_refined","continuous","x_max_share_upper",254,254,254,254,254,,,,,,,,,0.00091051775243721,0.00091051775243721,0,0,0,0,0,0
"enclosure_depth_v001","depth8_refined_minus_depth6_reference","maximum continuum-enclosure depth 8 minus 6, with guard depth fixed at 6 and with identical samples, multipliers, B=999, bootstrap grid 0.005, enclosure grid 0.0025, node ceiling 57601, and every remaining inferential setting","ED1_TANGENCY_SV_POWER_n2000","diagnostic","TANGENCY_SV_POWER",2000,2000,"absolute","K1",0.25,1.5,"depth6_reference","depth8_refined","ED1_001_TANGENCY_SV_POWER_n2000_depth6_reference","ED1_002_TANGENCY_SV_POWER_n2000_depth8_refined","continuous","x_top1pct_share_p1",254,254,254,254,254,,,,,,,,,0.0417761410751737,0.0417761410751737,0,0,0,0,0,0
"enclosure_depth_v001","depth8_refined_minus_depth6_reference","maximum continuum-enclosure depth 8 minus 6, with guard depth fixed at 6 and with identical samples, multipliers, B=999, bootstrap grid 0.005, enclosure grid 0.0025, node ceiling 57601, and every remaining inferential setting","ED1_TANGENCY_SV_POWER_n4000","diagnostic","TANGENCY_SV_POWER",4000,4000,"absolute","K1",0.25,1.5,"depth6_reference","depth8_refined","ED1_003_TANGENCY_SV_POWER_n4000_depth6_reference","ED1_004_TANGENCY_SV_POWER_n4000_depth8_refined","continuous","x_top1pct_share_p1",254,254,254,254,254,,,,,,,,,0.0418206759155703,0.0418206759155703,0,0,0,0,0,0
"enclosure_depth_v001","depth8_refined_minus_depth6_reference","maximum continuum-enclosure depth 8 minus 6, with guard depth fixed at 6 and with identical samples, multipliers, B=999, bootstrap grid 0.005, enclosure grid 0.0025, node ceiling 57601, and every remaining inferential setting","ED1_TANGENCY_SV_POWER_n8000","diagnostic","TANGENCY_SV_POWER",8000,8000,"absolute","K1",0.25,1.5,"depth6_reference","depth8_refined","ED1_005_TANGENCY_SV_POWER_n8000_depth6_reference","ED1_006_TANGENCY_SV_POWER_n8000_depth8_refined","continuous","x_top1pct_share_p1",254,254,254,254,254,,,,,,,,,0.0418607134330194,0.0418607134330194,0,0,0,0,0,0
"enclosure_depth_v001","depth8_refined_minus_depth6_reference","maximum continuum-enclosure depth 8 minus 6, with guard depth fixed at 6 and with identical samples, multipliers, B=999, bootstrap grid 0.005, enclosure grid 0.0025, node ceiling 57601, and every remaining inferential setting","ED1_TANGENCY_SV_POWER_n2000","diagnostic","TANGENCY_SV_POWER",2000,2000,"absolute","K1",0.25,1.5,"depth6_reference","depth8_refined","ED1_001_TANGENCY_SV_POWER_n2000_depth6_reference","ED1_002_TANGENCY_SV_POWER_n2000_depth8_refined","continuous","x_top1pct_share_upper",254,254,254,254,254,,,,,,,,,0.0678400519257207,0.0678400519257207,0,0,0,0,0,0
"enclosure_depth_v001","depth8_refined_minus_depth6_reference","maximum continuum-enclosure depth 8 minus 6, with guard depth fixed at 6 and with identical samples, multipliers, B=999, bootstrap grid 0.005, enclosure grid 0.0025, node ceiling 57601, and every remaining inferential setting","ED1_TANGENCY_SV_POWER_n4000","diagnostic","TANGENCY_SV_POWER",4000,4000,"absolute","K1",0.25,1.5,"depth6_reference","depth8_refined","ED1_003_TANGENCY_SV_POWER_n4000_depth6_reference","ED1_004_TANGENCY_SV_POWER_n4000_depth8_refined","continuous","x_top1pct_share_upper",254,254,254,254,254,,,,,,,,,0.0679341306398782,0.0679341306398782,0,0,0,0,0,0
"enclosure_depth_v001","depth8_refined_minus_depth6_reference","maximum continuum-enclosure depth 8 minus 6, with guard depth fixed at 6 and with identical samples, multipliers, B=999, bootstrap grid 0.005, enclosure grid 0.0025, node ceiling 57601, and every remaining inferential setting","ED1_TANGENCY_SV_POWER_n8000","diagnostic","TANGENCY_SV_POWER",8000,8000,"absolute","K1",0.25,1.5,"depth6_reference","depth8_refined","ED1_005_TANGENCY_SV_POWER_n8000_depth6_reference","ED1_006_TANGENCY_SV_POWER_n8000_depth8_refined","continuous","x_top1pct_share_upper",254,254,254,254,254,,,,,,,,,0.0680072325667985,0.0680072325667985,0,0,0,0,0,0
"enclosure_depth_v001","depth8_refined_minus_depth6_reference","maximum continuum-enclosure depth 8 minus 6, with guard depth fixed at 6 and with identical samples, multipliers, B=999, bootstrap grid 0.005, enclosure grid 0.0025, node ceiling 57601, and every remaining inferential setting","ED1_TANGENCY_SV_POWER_n2000","diagnostic","TANGENCY_SV_POWER",2000,2000,"absolute","K1",0.25,1.5,"depth6_reference","depth8_refined","ED1_001_TANGENCY_SV_POWER_n2000_depth6_reference","ED1_002_TANGENCY_SV_POWER_n2000_depth8_refined","continuous","y_count_above_q95",254,254,254,254,254,,,,,,,,,100.712598425197,100.712598425197,0,0,0,0,0,0
"enclosure_depth_v001","depth8_refined_minus_depth6_reference","maximum continuum-enclosure depth 8 minus 6, with guard depth fixed at 6 and with identical samples, multipliers, B=999, bootstrap grid 0.005, enclosure grid 0.0025, node ceiling 57601, and every remaining inferential setting","ED1_TANGENCY_SV_POWER_n4000","diagnostic","TANGENCY_SV_POWER",4000,4000,"absolute","K1",0.25,1.5,"depth6_reference","depth8_refined","ED1_003_TANGENCY_SV_POWER_n4000_depth6_reference","ED1_004_TANGENCY_SV_POWER_n4000_depth8_refined","continuous","y_count_above_q95",254,254,254,254,254,,,,,,,,,201.011811023622,201.011811023622,0,0,0,0,0,0
"enclosure_depth_v001","depth8_refined_minus_depth6_reference","maximum continuum-enclosure depth 8 minus 6, with guard depth fixed at 6 and with identical samples, multipliers, B=999, bootstrap grid 0.005, enclosure grid 0.0025, node ceiling 57601, and every remaining inferential setting","ED1_TANGENCY_SV_POWER_n8000","diagnostic","TANGENCY_SV_POWER",8000,8000,"absolute","K1",0.25,1.5,"depth6_reference","depth8_refined","ED1_005_TANGENCY_SV_POWER_n8000_depth6_reference","ED1_006_TANGENCY_SV_POWER_n8000_depth8_refined","continuous","y_count_above_q95",254,254,254,254,254,,,,,,,,,400.775590551181,400.775590551181,0,0,0,0,0,0
"enclosure_depth_v001","depth8_refined_minus_depth6_reference","maximum continuum-enclosure depth 8 minus 6, with guard depth fixed at 6 and with identical samples, multipliers, B=999, bootstrap grid 0.005, enclosure grid 0.0025, node ceiling 57601, and every remaining inferential setting","ED1_TANGENCY_SV_POWER_n2000","diagnostic","TANGENCY_SV_POWER",2000,2000,"absolute","K1",0.25,1.5,"depth6_reference","depth8_refined","ED1_001_TANGENCY_SV_POWER_n2000_depth6_reference","ED1_002_TANGENCY_SV_POWER_n2000_depth8_refined","continuous","y_count_above_q99",254,254,254,254,254,,,,,,,,,19.6102362204724,19.6102362204724,0,0,0,0,0,0
"enclosure_depth_v001","depth8_refined_minus_depth6_reference","maximum continuum-enclosure depth 8 minus 6, with guard depth fixed at 6 and with identical samples, multipliers, B=999, bootstrap grid 0.005, enclosure grid 0.0025, node ceiling 57601, and every remaining inferential setting","ED1_TANGENCY_SV_POWER_n4000","diagnostic","TANGENCY_SV_POWER",4000,4000,"absolute","K1",0.25,1.5,"depth6_reference","depth8_refined","ED1_003_TANGENCY_SV_POWER_n4000_depth6_reference","ED1_004_TANGENCY_SV_POWER_n4000_depth8_refined","continuous","y_count_above_q99",254,254,254,254,254,,,,,,,,,40.8503937007874,40.8503937007874,0,0,0,0,0,0
"enclosure_depth_v001","depth8_refined_minus_depth6_reference","maximum continuum-enclosure depth 8 minus 6, with guard depth fixed at 6 and with identical samples, multipliers, B=999, bootstrap grid 0.005, enclosure grid 0.0025, node ceiling 57601, and every remaining inferential setting","ED1_TANGENCY_SV_POWER_n8000","diagnostic","TANGENCY_SV_POWER",8000,8000,"absolute","K1",0.25,1.5,"depth6_reference","depth8_refined","ED1_005_TANGENCY_SV_POWER_n8000_depth6_reference","ED1_006_TANGENCY_SV_POWER_n8000_depth8_refined","continuous","y_count_above_q99",254,254,254,254,254,,,,,,,,,79.7913385826772,79.7913385826772,0,0,0,0,0,0
"enclosure_depth_v001","depth8_refined_minus_depth6_reference","maximum continuum-enclosure depth 8 minus 6, with guard depth fixed at 6 and with identical samples, multipliers, B=999, bootstrap grid 0.005, enclosure grid 0.0025, node ceiling 57601, and every remaining inferential setting","ED1_TANGENCY_SV_POWER_n2000","diagnostic","TANGENCY_SV_POWER",2000,2000,"absolute","K1",0.25,1.5,"depth6_reference","depth8_refined","ED1_001_TANGENCY_SV_POWER_n2000_depth6_reference","ED1_002_TANGENCY_SV_POWER_n2000_depth8_refined","continuous","y_ess_ratio_p1",254,254,254,254,254,,,,,,,,,0.361176102523591,0.361176102523591,0,0,0,0,0,0
"enclosure_depth_v001","depth8_refined_minus_depth6_reference","maximum continuum-enclosure depth 8 minus 6, with guard depth fixed at 6 and with identical samples, multipliers, B=999, bootstrap grid 0.005, enclosure grid 0.0025, node ceiling 57601, and every remaining inferential setting","ED1_TANGENCY_SV_POWER_n4000","diagnostic","TANGENCY_SV_POWER",4000,4000,"absolute","K1",0.25,1.5,"depth6_reference","depth8_refined","ED1_003_TANGENCY_SV_POWER_n4000_depth6_reference","ED1_004_TANGENCY_SV_POWER_n4000_depth8_refined","continuous","y_ess_ratio_p1",254,254,254,254,254,,,,,,,,,0.361381440866463,0.361381440866463,0,0,0,0,0,0
"enclosure_depth_v001","depth8_refined_minus_depth6_reference","maximum continuum-enclosure depth 8 minus 6, with guard depth fixed at 6 and with identical samples, multipliers, B=999, bootstrap grid 0.005, enclosure grid 0.0025, node ceiling 57601, and every remaining inferential setting","ED1_TANGENCY_SV_POWER_n8000","diagnostic","TANGENCY_SV_POWER",8000,8000,"absolute","K1",0.25,1.5,"depth6_reference","depth8_refined","ED1_005_TANGENCY_SV_POWER_n8000_depth6_reference","ED1_006_TANGENCY_SV_POWER_n8000_depth8_refined","continuous","y_ess_ratio_p1",254,254,254,254,254,,,,,,,,,0.361280552724841,0.361280552724841,0,0,0,0,0,0
"enclosure_depth_v001","depth8_refined_minus_depth6_reference","maximum continuum-enclosure depth 8 minus 6, with guard depth fixed at 6 and with identical samples, multipliers, B=999, bootstrap grid 0.005, enclosure grid 0.0025, node ceiling 57601, and every remaining inferential setting","ED1_TANGENCY_SV_POWER_n2000","diagnostic","TANGENCY_SV_POWER",2000,2000,"absolute","K1",0.25,1.5,"depth6_reference","depth8_refined","ED1_001_TANGENCY_SV_POWER_n2000_depth6_reference","ED1_002_TANGENCY_SV_POWER_n2000_depth8_refined","continuous","y_ess_ratio_upper",254,254,254,254,254,,,,,,,,,0.239045334891767,0.239045334891767,0,0,0,0,0,0
"enclosure_depth_v001","depth8_refined_minus_depth6_reference","maximum continuum-enclosure depth 8 minus 6, with guard depth fixed at 6 and with identical samples, multipliers, B=999, bootstrap grid 0.005, enclosure grid 0.0025, node ceiling 57601, and every remaining inferential setting","ED1_TANGENCY_SV_POWER_n4000","diagnostic","TANGENCY_SV_POWER",4000,4000,"absolute","K1",0.25,1.5,"depth6_reference","depth8_refined","ED1_003_TANGENCY_SV_POWER_n4000_depth6_reference","ED1_004_TANGENCY_SV_POWER_n4000_depth8_refined","continuous","y_ess_ratio_upper",254,254,254,254,254,,,,,,,,,0.239392055397799,0.239392055397799,0,0,0,0,0,0
"enclosure_depth_v001","depth8_refined_minus_depth6_reference","maximum continuum-enclosure depth 8 minus 6, with guard depth fixed at 6 and with identical samples, multipliers, B=999, bootstrap grid 0.005, enclosure grid 0.0025, node ceiling 57601, and every remaining inferential setting","ED1_TANGENCY_SV_POWER_n8000","diagnostic","TANGENCY_SV_POWER",8000,8000,"absolute","K1",0.25,1.5,"depth6_reference","depth8_refined","ED1_005_TANGENCY_SV_POWER_n8000_depth6_reference","ED1_006_TANGENCY_SV_POWER_n8000_depth8_refined","continuous","y_ess_ratio_upper",254,254,254,254,254,,,,,,,,,0.239257118106594,0.239257118106594,0,0,0,0,0,0
"enclosure_depth_v001","depth8_refined_minus_depth6_reference","maximum continuum-enclosure depth 8 minus 6, with guard depth fixed at 6 and with identical samples, multipliers, B=999, bootstrap grid 0.005, enclosure grid 0.0025, node ceiling 57601, and every remaining inferential setting","ED1_TANGENCY_SV_POWER_n2000","diagnostic","TANGENCY_SV_POWER",2000,2000,"absolute","K1",0.25,1.5,"depth6_reference","depth8_refined","ED1_001_TANGENCY_SV_POWER_n2000_depth6_reference","ED1_002_TANGENCY_SV_POWER_n2000_depth8_refined","continuous","y_latent_high_count",254,254,254,254,254,,,,,,,,,1960.08661417323,1960.08661417323,0,0,0,0,0,0
"enclosure_depth_v001","depth8_refined_minus_depth6_reference","maximum continuum-enclosure depth 8 minus 6, with guard depth fixed at 6 and with identical samples, multipliers, B=999, bootstrap grid 0.005, enclosure grid 0.0025, node ceiling 57601, and every remaining inferential setting","ED1_TANGENCY_SV_POWER_n4000","diagnostic","TANGENCY_SV_POWER",4000,4000,"absolute","K1",0.25,1.5,"depth6_reference","depth8_refined","ED1_003_TANGENCY_SV_POWER_n4000_depth6_reference","ED1_004_TANGENCY_SV_POWER_n4000_depth8_refined","continuous","y_latent_high_count",254,254,254,254,254,,,,,,,,,3920.09842519685,3920.09842519685,0,0,0,0,0,0
"enclosure_depth_v001","depth8_refined_minus_depth6_reference","maximum continuum-enclosure depth 8 minus 6, with guard depth fixed at 6 and with identical samples, multipliers, B=999, bootstrap grid 0.005, enclosure grid 0.0025, node ceiling 57601, and every remaining inferential setting","ED1_TANGENCY_SV_POWER_n8000","diagnostic","TANGENCY_SV_POWER",8000,8000,"absolute","K1",0.25,1.5,"depth6_reference","depth8_refined","ED1_005_TANGENCY_SV_POWER_n8000_depth6_reference","ED1_006_TANGENCY_SV_POWER_n8000_depth8_refined","continuous","y_latent_high_count",254,254,254,254,254,,,,,,,,,7840.53543307087,7840.53543307087,0,0,0,0,0,0
"enclosure_depth_v001","depth8_refined_minus_depth6_reference","maximum continuum-enclosure depth 8 minus 6, with guard depth fixed at 6 and with identical samples, multipliers, B=999, bootstrap grid 0.005, enclosure grid 0.0025, node ceiling 57601, and every remaining inferential setting","ED1_TANGENCY_SV_POWER_n2000","diagnostic","TANGENCY_SV_POWER",2000,2000,"absolute","K1",0.25,1.5,"depth6_reference","depth8_refined","ED1_001_TANGENCY_SV_POWER_n2000_depth6_reference","ED1_002_TANGENCY_SV_POWER_n2000_depth8_refined","continuous","y_max_share_p1",254,254,254,254,254,,,,,,,,,0.00206928064753763,0.00206928064753763,0,0,0,0,0,0
"enclosure_depth_v001","depth8_refined_minus_depth6_reference","maximum continuum-enclosure depth 8 minus 6, with guard depth fixed at 6 and with identical samples, multipliers, B=999, bootstrap grid 0.005, enclosure grid 0.0025, node ceiling 57601, and every remaining inferential setting","ED1_TANGENCY_SV_POWER_n4000","diagnostic","TANGENCY_SV_POWER",4000,4000,"absolute","K1",0.25,1.5,"depth6_reference","depth8_refined","ED1_003_TANGENCY_SV_POWER_n4000_depth6_reference","ED1_004_TANGENCY_SV_POWER_n4000_depth8_refined","continuous","y_max_share_p1",254,254,254,254,254,,,,,,,,,0.00103318170372571,0.00103318170372571,0,0,0,0,0,0
"enclosure_depth_v001","depth8_refined_minus_depth6_reference","maximum continuum-enclosure depth 8 minus 6, with guard depth fixed at 6 and with identical samples, multipliers, B=999, bootstrap grid 0.005, enclosure grid 0.0025, node ceiling 57601, and every remaining inferential setting","ED1_TANGENCY_SV_POWER_n8000","diagnostic","TANGENCY_SV_POWER",8000,8000,"absolute","K1",0.25,1.5,"depth6_reference","depth8_refined","ED1_005_TANGENCY_SV_POWER_n8000_depth6_reference","ED1_006_TANGENCY_SV_POWER_n8000_depth8_refined","continuous","y_max_share_p1",254,254,254,254,254,,,,,,,,,0.000516823108577793,0.000516823108577793,0,0,0,0,0,0
"enclosure_depth_v001","depth8_refined_minus_depth6_reference","maximum continuum-enclosure depth 8 minus 6, with guard depth fixed at 6 and with identical samples, multipliers, B=999, bootstrap grid 0.005, enclosure grid 0.0025, node ceiling 57601, and every remaining inferential setting","ED1_TANGENCY_SV_POWER_n2000","diagnostic","TANGENCY_SV_POWER",2000,2000,"absolute","K1",0.25,1.5,"depth6_reference","depth8_refined","ED1_001_TANGENCY_SV_POWER_n2000_depth6_reference","ED1_002_TANGENCY_SV_POWER_n2000_depth8_refined","continuous","y_max_share_upper",254,254,254,254,254,,,,,,,,,0.00271526859506612,0.00271526859506612,0,0,0,0,0,0
"enclosure_depth_v001","depth8_refined_minus_depth6_reference","maximum continuum-enclosure depth 8 minus 6, with guard depth fixed at 6 and with identical samples, multipliers, B=999, bootstrap grid 0.005, enclosure grid 0.0025, node ceiling 57601, and every remaining inferential setting","ED1_TANGENCY_SV_POWER_n4000","diagnostic","TANGENCY_SV_POWER",4000,4000,"absolute","K1",0.25,1.5,"depth6_reference","depth8_refined","ED1_003_TANGENCY_SV_POWER_n4000_depth6_reference","ED1_004_TANGENCY_SV_POWER_n4000_depth8_refined","continuous","y_max_share_upper",254,254,254,254,254,,,,,,,,,0.00135486727257588,0.00135486727257588,0,0,0,0,0,0
"enclosure_depth_v001","depth8_refined_minus_depth6_reference","maximum continuum-enclosure depth 8 minus 6, with guard depth fixed at 6 and with identical samples, multipliers, B=999, bootstrap grid 0.005, enclosure grid 0.0025, node ceiling 57601, and every remaining inferential setting","ED1_TANGENCY_SV_POWER_n8000","diagnostic","TANGENCY_SV_POWER",8000,8000,"absolute","K1",0.25,1.5,"depth6_reference","depth8_refined","ED1_005_TANGENCY_SV_POWER_n8000_depth6_reference","ED1_006_TANGENCY_SV_POWER_n8000_depth8_refined","continuous","y_max_share_upper",254,254,254,254,254,,,,,,,,,0.000677806252993879,0.000677806252993879,0,0,0,0,0,0
"enclosure_depth_v001","depth8_refined_minus_depth6_reference","maximum continuum-enclosure depth 8 minus 6, with guard depth fixed at 6 and with identical samples, multipliers, B=999, bootstrap grid 0.005, enclosure grid 0.0025, node ceiling 57601, and every remaining inferential setting","ED1_TANGENCY_SV_POWER_n2000","diagnostic","TANGENCY_SV_POWER",2000,2000,"absolute","K1",0.25,1.5,"depth6_reference","depth8_refined","ED1_001_TANGENCY_SV_POWER_n2000_depth6_reference","ED1_002_TANGENCY_SV_POWER_n2000_depth8_refined","continuous","y_top1pct_share_p1",254,254,254,254,254,,,,,,,,,0.0411919556278641,0.0411919556278641,0,0,0,0,0,0
"enclosure_depth_v001","depth8_refined_minus_depth6_reference","maximum continuum-enclosure depth 8 minus 6, with guard depth fixed at 6 and with identical samples, multipliers, B=999, bootstrap grid 0.005, enclosure grid 0.0025, node ceiling 57601, and every remaining inferential setting","ED1_TANGENCY_SV_POWER_n4000","diagnostic","TANGENCY_SV_POWER",4000,4000,"absolute","K1",0.25,1.5,"depth6_reference","depth8_refined","ED1_003_TANGENCY_SV_POWER_n4000_depth6_reference","ED1_004_TANGENCY_SV_POWER_n4000_depth8_refined","continuous","y_top1pct_share_p1",254,254,254,254,254,,,,,,,,,0.0411332364521829,0.0411332364521829,0,0,0,0,0,0
"enclosure_depth_v001","depth8_refined_minus_depth6_reference","maximum continuum-enclosure depth 8 minus 6, with guard depth fixed at 6 and with identical samples, multipliers, B=999, bootstrap grid 0.005, enclosure grid 0.0025, node ceiling 57601, and every remaining inferential setting","ED1_TANGENCY_SV_POWER_n8000","diagnostic","TANGENCY_SV_POWER",8000,8000,"absolute","K1",0.25,1.5,"depth6_reference","depth8_refined","ED1_005_TANGENCY_SV_POWER_n8000_depth6_reference","ED1_006_TANGENCY_SV_POWER_n8000_depth8_refined","continuous","y_top1pct_share_p1",254,254,254,254,254,,,,,,,,,0.0411457417685779,0.0411457417685779,0,0,0,0,0,0
"enclosure_depth_v001","depth8_refined_minus_depth6_reference","maximum continuum-enclosure depth 8 minus 6, with guard depth fixed at 6 and with identical samples, multipliers, B=999, bootstrap grid 0.005, enclosure grid 0.0025, node ceiling 57601, and every remaining inferential setting","ED1_TANGENCY_SV_POWER_n2000","diagnostic","TANGENCY_SV_POWER",2000,2000,"absolute","K1",0.25,1.5,"depth6_reference","depth8_refined","ED1_001_TANGENCY_SV_POWER_n2000_depth6_reference","ED1_002_TANGENCY_SV_POWER_n2000_depth8_refined","continuous","y_top1pct_share_upper",254,254,254,254,254,,,,,,,,,0.0539246827970105,0.0539246827970105,0,0,0,0,0,0
"enclosure_depth_v001","depth8_refined_minus_depth6_reference","maximum continuum-enclosure depth 8 minus 6, with guard depth fixed at 6 and with identical samples, multipliers, B=999, bootstrap grid 0.005, enclosure grid 0.0025, node ceiling 57601, and every remaining inferential setting","ED1_TANGENCY_SV_POWER_n4000","diagnostic","TANGENCY_SV_POWER",4000,4000,"absolute","K1",0.25,1.5,"depth6_reference","depth8_refined","ED1_003_TANGENCY_SV_POWER_n4000_depth6_reference","ED1_004_TANGENCY_SV_POWER_n4000_depth8_refined","continuous","y_top1pct_share_upper",254,254,254,254,254,,,,,,,,,0.0538135090257854,0.0538135090257854,0,0,0,0,0,0
"enclosure_depth_v001","depth8_refined_minus_depth6_reference","maximum continuum-enclosure depth 8 minus 6, with guard depth fixed at 6 and with identical samples, multipliers, B=999, bootstrap grid 0.005, enclosure grid 0.0025, node ceiling 57601, and every remaining inferential setting","ED1_TANGENCY_SV_POWER_n8000","diagnostic","TANGENCY_SV_POWER",8000,8000,"absolute","K1",0.25,1.5,"depth6_reference","depth8_refined","ED1_005_TANGENCY_SV_POWER_n8000_depth6_reference","ED1_006_TANGENCY_SV_POWER_n8000_depth8_refined","continuous","y_top1pct_share_upper",254,254,254,254,254,,,,,,,,,0.0538314690659634,0.0538314690659634,0,0,0,0,0,0
"enclosure_depth_v001","depth8_refined_minus_depth6_reference","maximum continuum-enclosure depth 8 minus 6, with guard depth fixed at 6 and with identical samples, multipliers, B=999, bootstrap grid 0.005, enclosure grid 0.0025, node ceiling 57601, and every remaining inferential setting","ED1_TWO_ROOT_SV_POWER_n2000","diagnostic","TWO_ROOT_SV_POWER",2000,2000,"absolute","K3",0.25,2.5,"depth6_reference","depth8_refined","ED1_007_TWO_ROOT_SV_POWER_n2000_depth6_reference","ED1_008_TWO_ROOT_SV_POWER_n2000_depth8_refined","binary","across_interval_joint_any_primary_false_report",254,254,254,254,254,7,7,0,0,0,0,0,0.0148985304313125,0.0275590551181102,0.0275590551181102,0,0,0,0,0,0
"enclosure_depth_v001","depth8_refined_minus_depth6_reference","maximum continuum-enclosure depth 8 minus 6, with guard depth fixed at 6 and with identical samples, multipliers, B=999, bootstrap grid 0.005, enclosure grid 0.0025, node ceiling 57601, and every remaining inferential setting","ED1_TWO_ROOT_SV_POWER_n4000","diagnostic","TWO_ROOT_SV_POWER",4000,4000,"absolute","K3",0.25,2.5,"depth6_reference","depth8_refined","ED1_009_TWO_ROOT_SV_POWER_n4000_depth6_reference","ED1_010_TWO_ROOT_SV_POWER_n4000_depth8_refined","binary","across_interval_joint_any_primary_false_report",254,254,254,254,254,9,9,0,0,0,0,0,0.0148985304313125,0.0354330708661417,0.0354330708661417,0,0,0,0,0,0
"enclosure_depth_v001","depth8_refined_minus_depth6_reference","maximum continuum-enclosure depth 8 minus 6, with guard depth fixed at 6 and with identical samples, multipliers, B=999, bootstrap grid 0.005, enclosure grid 0.0025, node ceiling 57601, and every remaining inferential setting","ED1_TWO_ROOT_SV_POWER_n8000","diagnostic","TWO_ROOT_SV_POWER",8000,8000,"absolute","K3",0.25,2.5,"depth6_reference","depth8_refined","ED1_011_TWO_ROOT_SV_POWER_n8000_depth6_reference","ED1_012_TWO_ROOT_SV_POWER_n8000_depth8_refined","binary","across_interval_joint_any_primary_false_report",254,254,254,254,254,6,6,0,0,0,0,0,0.0148985304313125,0.0236220472440945,0.0236220472440945,0,0,0,0,0,0
"enclosure_depth_v001","depth8_refined_minus_depth6_reference","maximum continuum-enclosure depth 8 minus 6, with guard depth fixed at 6 and with identical samples, multipliers, B=999, bootstrap grid 0.005, enclosure grid 0.0025, node ceiling 57601, and every remaining inferential setting","ED1_TWO_ROOT_SV_POWER_n2000","diagnostic","TWO_ROOT_SV_POWER",2000,2000,"absolute","K3",0.25,2.5,"depth6_reference","depth8_refined","ED1_007_TWO_ROOT_SV_POWER_n2000_depth6_reference","ED1_008_TWO_ROOT_SV_POWER_n2000_depth8_refined","binary","across_interval_joint_band_covers_truth_on_audit_grid",254,254,254,254,254,245,245,0,0,0,0,0,0.0148985304313125,0.964566929133858,0.964566929133858,0,0,0,0,0,0
"enclosure_depth_v001","depth8_refined_minus_depth6_reference","maximum continuum-enclosure depth 8 minus 6, with guard depth fixed at 6 and with identical samples, multipliers, B=999, bootstrap grid 0.005, enclosure grid 0.0025, node ceiling 57601, and every remaining inferential setting","ED1_TWO_ROOT_SV_POWER_n4000","diagnostic","TWO_ROOT_SV_POWER",4000,4000,"absolute","K3",0.25,2.5,"depth6_reference","depth8_refined","ED1_009_TWO_ROOT_SV_POWER_n4000_depth6_reference","ED1_010_TWO_ROOT_SV_POWER_n4000_depth8_refined","binary","across_interval_joint_band_covers_truth_on_audit_grid",254,254,254,254,254,242,242,0,0,0,0,0,0.0148985304313125,0.952755905511811,0.952755905511811,0,0,0,0,0,0
"enclosure_depth_v001","depth8_refined_minus_depth6_reference","maximum continuum-enclosure depth 8 minus 6, with guard depth fixed at 6 and with identical samples, multipliers, B=999, bootstrap grid 0.005, enclosure grid 0.0025, node ceiling 57601, and every remaining inferential setting","ED1_TWO_ROOT_SV_POWER_n8000","diagnostic","TWO_ROOT_SV_POWER",8000,8000,"absolute","K3",0.25,2.5,"depth6_reference","depth8_refined","ED1_011_TWO_ROOT_SV_POWER_n8000_depth6_reference","ED1_012_TWO_ROOT_SV_POWER_n8000_depth8_refined","binary","across_interval_joint_band_covers_truth_on_audit_grid",254,254,254,254,254,244,244,0,0,0,0,0,0.0148985304313125,0.960629921259842,0.960629921259842,0,0,0,0,0,0
"enclosure_depth_v001","depth8_refined_minus_depth6_reference","maximum continuum-enclosure depth 8 minus 6, with guard depth fixed at 6 and with identical samples, multipliers, B=999, bootstrap grid 0.005, enclosure grid 0.0025, node ceiling 57601, and every remaining inferential setting","ED1_TWO_ROOT_SV_POWER_n2000","diagnostic","TWO_ROOT_SV_POWER",2000,2000,"absolute","K3",0.25,2.5,"depth6_reference","depth8_refined","ED1_007_TWO_ROOT_SV_POWER_n2000_depth6_reference","ED1_008_TWO_ROOT_SV_POWER_n2000_depth8_refined","binary","across_interval_joint_band_covers_truth_on_grid",254,254,254,254,254,245,245,0,0,0,0,0,0.0148985304313125,0.964566929133858,0.964566929133858,0,0,0,0,0,0
"enclosure_depth_v001","depth8_refined_minus_depth6_reference","maximum continuum-enclosure depth 8 minus 6, with guard depth fixed at 6 and with identical samples, multipliers, B=999, bootstrap grid 0.005, enclosure grid 0.0025, node ceiling 57601, and every remaining inferential setting","ED1_TWO_ROOT_SV_POWER_n4000","diagnostic","TWO_ROOT_SV_POWER",4000,4000,"absolute","K3",0.25,2.5,"depth6_reference","depth8_refined","ED1_009_TWO_ROOT_SV_POWER_n4000_depth6_reference","ED1_010_TWO_ROOT_SV_POWER_n4000_depth8_refined","binary","across_interval_joint_band_covers_truth_on_grid",254,254,254,254,254,242,242,0,0,0,0,0,0.0148985304313125,0.952755905511811,0.952755905511811,0,0,0,0,0,0
"enclosure_depth_v001","depth8_refined_minus_depth6_reference","maximum continuum-enclosure depth 8 minus 6, with guard depth fixed at 6 and with identical samples, multipliers, B=999, bootstrap grid 0.005, enclosure grid 0.0025, node ceiling 57601, and every remaining inferential setting","ED1_TWO_ROOT_SV_POWER_n8000","diagnostic","TWO_ROOT_SV_POWER",8000,8000,"absolute","K3",0.25,2.5,"depth6_reference","depth8_refined","ED1_011_TWO_ROOT_SV_POWER_n8000_depth6_reference","ED1_012_TWO_ROOT_SV_POWER_n8000_depth8_refined","binary","across_interval_joint_band_covers_truth_on_grid",254,254,254,254,254,244,244,0,0,0,0,0,0.0148985304313125,0.960629921259842,0.960629921259842,0,0,0,0,0,0
"enclosure_depth_v001","depth8_refined_minus_depth6_reference","maximum continuum-enclosure depth 8 minus 6, with guard depth fixed at 6 and with identical samples, multipliers, B=999, bootstrap grid 0.005, enclosure grid 0.0025, node ceiling 57601, and every remaining inferential setting","ED1_TWO_ROOT_SV_POWER_n2000","diagnostic","TWO_ROOT_SV_POWER",2000,2000,"absolute","K3",0.25,2.5,"depth6_reference","depth8_refined","ED1_007_TWO_ROOT_SV_POWER_n2000_depth6_reference","ED1_008_TWO_ROOT_SV_POWER_n2000_depth8_refined","binary","across_interval_joint_continuum_band_covers_truth",254,254,254,254,254,245,245,0,0,0,0,0,0.0148985304313125,0.964566929133858,0.964566929133858,0,0,0,0,0,0
"enclosure_depth_v001","depth8_refined_minus_depth6_reference","maximum continuum-enclosure depth 8 minus 6, with guard depth fixed at 6 and with identical samples, multipliers, B=999, bootstrap grid 0.005, enclosure grid 0.0025, node ceiling 57601, and every remaining inferential setting","ED1_TWO_ROOT_SV_POWER_n4000","diagnostic","TWO_ROOT_SV_POWER",4000,4000,"absolute","K3",0.25,2.5,"depth6_reference","depth8_refined","ED1_009_TWO_ROOT_SV_POWER_n4000_depth6_reference","ED1_010_TWO_ROOT_SV_POWER_n4000_depth8_refined","binary","across_interval_joint_continuum_band_covers_truth",254,254,254,254,254,242,242,0,0,0,0,0,0.0148985304313125,0.952755905511811,0.952755905511811,0,0,0,0,0,0
"enclosure_depth_v001","depth8_refined_minus_depth6_reference","maximum continuum-enclosure depth 8 minus 6, with guard depth fixed at 6 and with identical samples, multipliers, B=999, bootstrap grid 0.005, enclosure grid 0.0025, node ceiling 57601, and every remaining inferential setting","ED1_TWO_ROOT_SV_POWER_n8000","diagnostic","TWO_ROOT_SV_POWER",8000,8000,"absolute","K3",0.25,2.5,"depth6_reference","depth8_refined","ED1_011_TWO_ROOT_SV_POWER_n8000_depth6_reference","ED1_012_TWO_ROOT_SV_POWER_n8000_depth8_refined","binary","across_interval_joint_continuum_band_covers_truth",254,254,254,254,254,244,244,0,0,0,0,0,0.0148985304313125,0.960629921259842,0.960629921259842,0,0,0,0,0,0
"enclosure_depth_v001","depth8_refined_minus_depth6_reference","maximum continuum-enclosure depth 8 minus 6, with guard depth fixed at 6 and with identical samples, multipliers, B=999, bootstrap grid 0.005, enclosure grid 0.0025, node ceiling 57601, and every remaining inferential setting","ED1_TWO_ROOT_SV_POWER_n2000","diagnostic","TWO_ROOT_SV_POWER",2000,2000,"absolute","K3",0.25,2.5,"depth6_reference","depth8_refined","ED1_007_TWO_ROOT_SV_POWER_n2000_depth6_reference","ED1_008_TWO_ROOT_SV_POWER_n2000_depth8_refined","binary","any_primary_false_report",254,254,254,254,254,7,7,0,0,0,0,0,0.0148985304313125,0.0275590551181102,0.0275590551181102,0,0,0,0,0,0
"enclosure_depth_v001","depth8_refined_minus_depth6_reference","maximum continuum-enclosure depth 8 minus 6, with guard depth fixed at 6 and with identical samples, multipliers, B=999, bootstrap grid 0.005, enclosure grid 0.0025, node ceiling 57601, and every remaining inferential setting","ED1_TWO_ROOT_SV_POWER_n4000","diagnostic","TWO_ROOT_SV_POWER",4000,4000,"absolute","K3",0.25,2.5,"depth6_reference","depth8_refined","ED1_009_TWO_ROOT_SV_POWER_n4000_depth6_reference","ED1_010_TWO_ROOT_SV_POWER_n4000_depth8_refined","binary","any_primary_false_report",254,254,254,254,254,9,9,0,0,0,0,0,0.0148985304313125,0.0354330708661417,0.0354330708661417,0,0,0,0,0,0
"enclosure_depth_v001","depth8_refined_minus_depth6_reference","maximum continuum-enclosure depth 8 minus 6, with guard depth fixed at 6 and with identical samples, multipliers, B=999, bootstrap grid 0.005, enclosure grid 0.0025, node ceiling 57601, and every remaining inferential setting","ED1_TWO_ROOT_SV_POWER_n8000","diagnostic","TWO_ROOT_SV_POWER",8000,8000,"absolute","K3",0.25,2.5,"depth6_reference","depth8_refined","ED1_011_TWO_ROOT_SV_POWER_n8000_depth6_reference","ED1_012_TWO_ROOT_SV_POWER_n8000_depth8_refined","binary","any_primary_false_report",254,254,254,254,254,6,6,0,0,0,0,0,0.0148985304313125,0.0236220472440945,0.0236220472440945,0,0,0,0,0,0
"enclosure_depth_v001","depth8_refined_minus_depth6_reference","maximum continuum-enclosure depth 8 minus 6, with guard depth fixed at 6 and with identical samples, multipliers, B=999, bootstrap grid 0.005, enclosure grid 0.0025, node ceiling 57601, and every remaining inferential setting","ED1_TWO_ROOT_SV_POWER_n2000","diagnostic","TWO_ROOT_SV_POWER",2000,2000,"absolute","K3",0.25,2.5,"depth6_reference","depth8_refined","ED1_007_TWO_ROOT_SV_POWER_n2000_depth6_reference","ED1_008_TWO_ROOT_SV_POWER_n2000_depth8_refined","binary","band_covers_truth_on_audit_grid",254,254,254,254,254,245,245,0,0,0,0,0,0.0148985304313125,0.964566929133858,0.964566929133858,0,0,0,0,0,0
"enclosure_depth_v001","depth8_refined_minus_depth6_reference","maximum continuum-enclosure depth 8 minus 6, with guard depth fixed at 6 and with identical samples, multipliers, B=999, bootstrap grid 0.005, enclosure grid 0.0025, node ceiling 57601, and every remaining inferential setting","ED1_TWO_ROOT_SV_POWER_n4000","diagnostic","TWO_ROOT_SV_POWER",4000,4000,"absolute","K3",0.25,2.5,"depth6_reference","depth8_refined","ED1_009_TWO_ROOT_SV_POWER_n4000_depth6_reference","ED1_010_TWO_ROOT_SV_POWER_n4000_depth8_refined","binary","band_covers_truth_on_audit_grid",254,254,254,254,254,242,242,0,0,0,0,0,0.0148985304313125,0.952755905511811,0.952755905511811,0,0,0,0,0,0
"enclosure_depth_v001","depth8_refined_minus_depth6_reference","maximum continuum-enclosure depth 8 minus 6, with guard depth fixed at 6 and with identical samples, multipliers, B=999, bootstrap grid 0.005, enclosure grid 0.0025, node ceiling 57601, and every remaining inferential setting","ED1_TWO_ROOT_SV_POWER_n8000","diagnostic","TWO_ROOT_SV_POWER",8000,8000,"absolute","K3",0.25,2.5,"depth6_reference","depth8_refined","ED1_011_TWO_ROOT_SV_POWER_n8000_depth6_reference","ED1_012_TWO_ROOT_SV_POWER_n8000_depth8_refined","binary","band_covers_truth_on_audit_grid",254,254,254,254,254,244,244,0,0,0,0,0,0.0148985304313125,0.960629921259842,0.960629921259842,0,0,0,0,0,0
"enclosure_depth_v001","depth8_refined_minus_depth6_reference","maximum continuum-enclosure depth 8 minus 6, with guard depth fixed at 6 and with identical samples, multipliers, B=999, bootstrap grid 0.005, enclosure grid 0.0025, node ceiling 57601, and every remaining inferential setting","ED1_TWO_ROOT_SV_POWER_n2000","diagnostic","TWO_ROOT_SV_POWER",2000,2000,"absolute","K3",0.25,2.5,"depth6_reference","depth8_refined","ED1_007_TWO_ROOT_SV_POWER_n2000_depth6_reference","ED1_008_TWO_ROOT_SV_POWER_n2000_depth8_refined","binary","band_covers_truth_on_grid",254,254,254,254,254,245,245,0,0,0,0,0,0.0148985304313125,0.964566929133858,0.964566929133858,0,0,0,0,0,0
"enclosure_depth_v001","depth8_refined_minus_depth6_reference","maximum continuum-enclosure depth 8 minus 6, with guard depth fixed at 6 and with identical samples, multipliers, B=999, bootstrap grid 0.005, enclosure grid 0.0025, node ceiling 57601, and every remaining inferential setting","ED1_TWO_ROOT_SV_POWER_n4000","diagnostic","TWO_ROOT_SV_POWER",4000,4000,"absolute","K3",0.25,2.5,"depth6_reference","depth8_refined","ED1_009_TWO_ROOT_SV_POWER_n4000_depth6_reference","ED1_010_TWO_ROOT_SV_POWER_n4000_depth8_refined","binary","band_covers_truth_on_grid",254,254,254,254,254,242,242,0,0,0,0,0,0.0148985304313125,0.952755905511811,0.952755905511811,0,0,0,0,0,0
"enclosure_depth_v001","depth8_refined_minus_depth6_reference","maximum continuum-enclosure depth 8 minus 6, with guard depth fixed at 6 and with identical samples, multipliers, B=999, bootstrap grid 0.005, enclosure grid 0.0025, node ceiling 57601, and every remaining inferential setting","ED1_TWO_ROOT_SV_POWER_n8000","diagnostic","TWO_ROOT_SV_POWER",8000,8000,"absolute","K3",0.25,2.5,"depth6_reference","depth8_refined","ED1_011_TWO_ROOT_SV_POWER_n8000_depth6_reference","ED1_012_TWO_ROOT_SV_POWER_n8000_depth8_refined","binary","band_covers_truth_on_grid",254,254,254,254,254,244,244,0,0,0,0,0,0.0148985304313125,0.960629921259842,0.960629921259842,0,0,0,0,0,0
"enclosure_depth_v001","depth8_refined_minus_depth6_reference","maximum continuum-enclosure depth 8 minus 6, with guard depth fixed at 6 and with identical samples, multipliers, B=999, bootstrap grid 0.005, enclosure grid 0.0025, node ceiling 57601, and every remaining inferential setting","ED1_TWO_ROOT_SV_POWER_n2000","diagnostic","TWO_ROOT_SV_POWER",2000,2000,"absolute","K3",0.25,2.5,"depth6_reference","depth8_refined","ED1_007_TWO_ROOT_SV_POWER_n2000_depth6_reference","ED1_008_TWO_ROOT_SV_POWER_n2000_depth8_refined","binary","bracket_covers_root",254,254,254,254,95,93,93,0,0,0,0,0,0.0388648535394729,0.978947368421053,0.978947368421053,0,0,0,0,0,0
"enclosure_depth_v001","depth8_refined_minus_depth6_reference","maximum continuum-enclosure depth 8 minus 6, with guard depth fixed at 6 and with identical samples, multipliers, B=999, bootstrap grid 0.005, enclosure grid 0.0025, node ceiling 57601, and every remaining inferential setting","ED1_TWO_ROOT_SV_POWER_n4000","diagnostic","TWO_ROOT_SV_POWER",4000,4000,"absolute","K3",0.25,2.5,"depth6_reference","depth8_refined","ED1_009_TWO_ROOT_SV_POWER_n4000_depth6_reference","ED1_010_TWO_ROOT_SV_POWER_n4000_depth8_refined","binary","bracket_covers_root",254,254,254,254,191,190,190,0,0,0,0,0,0.0197158184092087,0.994764397905759,0.994764397905759,0,0,0,0,0,0
"enclosure_depth_v001","depth8_refined_minus_depth6_reference","maximum continuum-enclosure depth 8 minus 6, with guard depth fixed at 6 and with identical samples, multipliers, B=999, bootstrap grid 0.005, enclosure grid 0.0025, node ceiling 57601, and every remaining inferential setting","ED1_TWO_ROOT_SV_POWER_n8000","diagnostic","TWO_ROOT_SV_POWER",8000,8000,"absolute","K3",0.25,2.5,"depth6_reference","depth8_refined","ED1_011_TWO_ROOT_SV_POWER_n8000_depth6_reference","ED1_012_TWO_ROOT_SV_POWER_n8000_depth8_refined","binary","bracket_covers_root",254,254,254,254,246,245,245,0,0,0,0,0,0.0153755859368843,0.995934959349594,0.995934959349594,0,0,0,0,0,0
"enclosure_depth_v001","depth8_refined_minus_depth6_reference","maximum continuum-enclosure depth 8 minus 6, with guard depth fixed at 6 and with identical samples, multipliers, B=999, bootstrap grid 0.005, enclosure grid 0.0025, node ceiling 57601, and every remaining inferential setting","ED1_TWO_ROOT_SV_POWER_n2000","diagnostic","TWO_ROOT_SV_POWER",2000,2000,"absolute","K3",0.25,2.5,"depth6_reference","depth8_refined","ED1_007_TWO_ROOT_SV_POWER_n2000_depth6_reference","ED1_008_TWO_ROOT_SV_POWER_n2000_depth8_refined","binary","brackets_cover_all_distinct_roots",254,254,254,254,95,90,90,0,0,0,0,0,0.0388648535394729,0.947368421052632,0.947368421052632,0,0,0,0,0,0
"enclosure_depth_v001","depth8_refined_minus_depth6_reference","maximum continuum-enclosure depth 8 minus 6, with guard depth fixed at 6 and with identical samples, multipliers, B=999, bootstrap grid 0.005, enclosure grid 0.0025, node ceiling 57601, and every remaining inferential setting","ED1_TWO_ROOT_SV_POWER_n4000","diagnostic","TWO_ROOT_SV_POWER",4000,4000,"absolute","K3",0.25,2.5,"depth6_reference","depth8_refined","ED1_009_TWO_ROOT_SV_POWER_n4000_depth6_reference","ED1_010_TWO_ROOT_SV_POWER_n4000_depth8_refined","binary","brackets_cover_all_distinct_roots",254,254,254,254,191,190,190,0,0,0,0,0,0.0197158184092087,0.994764397905759,0.994764397905759,0,0,0,0,0,0
"enclosure_depth_v001","depth8_refined_minus_depth6_reference","maximum continuum-enclosure depth 8 minus 6, with guard depth fixed at 6 and with identical samples, multipliers, B=999, bootstrap grid 0.005, enclosure grid 0.0025, node ceiling 57601, and every remaining inferential setting","ED1_TWO_ROOT_SV_POWER_n8000","diagnostic","TWO_ROOT_SV_POWER",8000,8000,"absolute","K3",0.25,2.5,"depth6_reference","depth8_refined","ED1_011_TWO_ROOT_SV_POWER_n8000_depth6_reference","ED1_012_TWO_ROOT_SV_POWER_n8000_depth8_refined","binary","brackets_cover_all_distinct_roots",254,254,254,254,246,245,245,0,0,0,0,0,0.0153755859368843,0.995934959349594,0.995934959349594,0,0,0,0,0,0
"enclosure_depth_v001","depth8_refined_minus_depth6_reference","maximum continuum-enclosure depth 8 minus 6, with guard depth fixed at 6 and with identical samples, multipliers, B=999, bootstrap grid 0.005, enclosure grid 0.0025, node ceiling 57601, and every remaining inferential setting","ED1_TWO_ROOT_SV_POWER_n2000","diagnostic","TWO_ROOT_SV_POWER",2000,2000,"absolute","K3",0.25,2.5,"depth6_reference","depth8_refined","ED1_007_TWO_ROOT_SV_POWER_n2000_depth6_reference","ED1_008_TWO_ROOT_SV_POWER_n2000_depth8_refined","binary","budget_rejected",254,254,254,254,254,0,0,0,0,0,0,0,0.0148985304313125,0,0,0,0,0,0,0,0
"enclosure_depth_v001","depth8_refined_minus_depth6_reference","maximum continuum-enclosure depth 8 minus 6, with guard depth fixed at 6 and with identical samples, multipliers, B=999, bootstrap grid 0.005, enclosure grid 0.0025, node ceiling 57601, and every remaining inferential setting","ED1_TWO_ROOT_SV_POWER_n4000","diagnostic","TWO_ROOT_SV_POWER",4000,4000,"absolute","K3",0.25,2.5,"depth6_reference","depth8_refined","ED1_009_TWO_ROOT_SV_POWER_n4000_depth6_reference","ED1_010_TWO_ROOT_SV_POWER_n4000_depth8_refined","binary","budget_rejected",254,254,254,254,254,0,0,0,0,0,0,0,0.0148985304313125,0,0,0,0,0,0,0,0
"enclosure_depth_v001","depth8_refined_minus_depth6_reference","maximum continuum-enclosure depth 8 minus 6, with guard depth fixed at 6 and with identical samples, multipliers, B=999, bootstrap grid 0.005, enclosure grid 0.0025, node ceiling 57601, and every remaining inferential setting","ED1_TWO_ROOT_SV_POWER_n8000","diagnostic","TWO_ROOT_SV_POWER",8000,8000,"absolute","K3",0.25,2.5,"depth6_reference","depth8_refined","ED1_011_TWO_ROOT_SV_POWER_n8000_depth6_reference","ED1_012_TWO_ROOT_SV_POWER_n8000_depth8_refined","binary","budget_rejected",254,254,254,254,254,0,0,0,0,0,0,0,0.0148985304313125,0,0,0,0,0,0,0,0
"enclosure_depth_v001","depth8_refined_minus_depth6_reference","maximum continuum-enclosure depth 8 minus 6, with guard depth fixed at 6 and with identical samples, multipliers, B=999, bootstrap grid 0.005, enclosure grid 0.0025, node ceiling 57601, and every remaining inferential setting","ED1_TWO_ROOT_SV_POWER_n2000","diagnostic","TWO_ROOT_SV_POWER",2000,2000,"absolute","K3",0.25,2.5,"depth6_reference","depth8_refined","ED1_007_TWO_ROOT_SV_POWER_n2000_depth6_reference","ED1_008_TWO_ROOT_SV_POWER_n2000_depth8_refined","binary","continuum_band_covers_truth",254,254,254,254,254,245,245,0,0,0,0,0,0.0148985304313125,0.964566929133858,0.964566929133858,0,0,0,0,0,0
"enclosure_depth_v001","depth8_refined_minus_depth6_reference","maximum continuum-enclosure depth 8 minus 6, with guard depth fixed at 6 and with identical samples, multipliers, B=999, bootstrap grid 0.005, enclosure grid 0.0025, node ceiling 57601, and every remaining inferential setting","ED1_TWO_ROOT_SV_POWER_n4000","diagnostic","TWO_ROOT_SV_POWER",4000,4000,"absolute","K3",0.25,2.5,"depth6_reference","depth8_refined","ED1_009_TWO_ROOT_SV_POWER_n4000_depth6_reference","ED1_010_TWO_ROOT_SV_POWER_n4000_depth8_refined","binary","continuum_band_covers_truth",254,254,254,254,254,242,242,0,0,0,0,0,0.0148985304313125,0.952755905511811,0.952755905511811,0,0,0,0,0,0
"enclosure_depth_v001","depth8_refined_minus_depth6_reference","maximum continuum-enclosure depth 8 minus 6, with guard depth fixed at 6 and with identical samples, multipliers, B=999, bootstrap grid 0.005, enclosure grid 0.0025, node ceiling 57601, and every remaining inferential setting","ED1_TWO_ROOT_SV_POWER_n8000","diagnostic","TWO_ROOT_SV_POWER",8000,8000,"absolute","K3",0.25,2.5,"depth6_reference","depth8_refined","ED1_011_TWO_ROOT_SV_POWER_n8000_depth6_reference","ED1_012_TWO_ROOT_SV_POWER_n8000_depth8_refined","binary","continuum_band_covers_truth",254,254,254,254,254,244,244,0,0,0,0,0,0.0148985304313125,0.960629921259842,0.960629921259842,0,0,0,0,0,0
"enclosure_depth_v001","depth8_refined_minus_depth6_reference","maximum continuum-enclosure depth 8 minus 6, with guard depth fixed at 6 and with identical samples, multipliers, B=999, bootstrap grid 0.005, enclosure grid 0.0025, node ceiling 57601, and every remaining inferential setting","ED1_TWO_ROOT_SV_POWER_n2000","diagnostic","TWO_ROOT_SV_POWER",2000,2000,"absolute","K3",0.25,2.5,"depth6_reference","depth8_refined","ED1_007_TWO_ROOT_SV_POWER_n2000_depth6_reference","ED1_008_TWO_ROOT_SV_POWER_n2000_depth8_refined","binary","continuum_no_root_certified",254,254,254,254,254,0,0,0,0,0,0,0,0.0148985304313125,0,0,0,0,0,0,0,0
"enclosure_depth_v001","depth8_refined_minus_depth6_reference","maximum continuum-enclosure depth 8 minus 6, with guard depth fixed at 6 and with identical samples, multipliers, B=999, bootstrap grid 0.005, enclosure grid 0.0025, node ceiling 57601, and every remaining inferential setting","ED1_TWO_ROOT_SV_POWER_n4000","diagnostic","TWO_ROOT_SV_POWER",4000,4000,"absolute","K3",0.25,2.5,"depth6_reference","depth8_refined","ED1_009_TWO_ROOT_SV_POWER_n4000_depth6_reference","ED1_010_TWO_ROOT_SV_POWER_n4000_depth8_refined","binary","continuum_no_root_certified",254,254,254,254,254,0,0,0,0,0,0,0,0.0148985304313125,0,0,0,0,0,0,0,0
"enclosure_depth_v001","depth8_refined_minus_depth6_reference","maximum continuum-enclosure depth 8 minus 6, with guard depth fixed at 6 and with identical samples, multipliers, B=999, bootstrap grid 0.005, enclosure grid 0.0025, node ceiling 57601, and every remaining inferential setting","ED1_TWO_ROOT_SV_POWER_n8000","diagnostic","TWO_ROOT_SV_POWER",8000,8000,"absolute","K3",0.25,2.5,"depth6_reference","depth8_refined","ED1_011_TWO_ROOT_SV_POWER_n8000_depth6_reference","ED1_012_TWO_ROOT_SV_POWER_n8000_depth8_refined","binary","continuum_no_root_certified",254,254,254,254,254,0,0,0,0,0,0,0,0.0148985304313125,0,0,0,0,0,0,0,0
"enclosure_depth_v001","depth8_refined_minus_depth6_reference","maximum continuum-enclosure depth 8 minus 6, with guard depth fixed at 6 and with identical samples, multipliers, B=999, bootstrap grid 0.005, enclosure grid 0.0025, node ceiling 57601, and every remaining inferential setting","ED1_TWO_ROOT_SV_POWER_n2000","diagnostic","TWO_ROOT_SV_POWER",2000,2000,"absolute","K3",0.25,2.5,"depth6_reference","depth8_refined","ED1_007_TWO_ROOT_SV_POWER_n2000_depth6_reference","ED1_008_TWO_ROOT_SV_POWER_n2000_depth8_refined","binary","continuum_truth_endpoint_violation",254,254,254,254,254,9,9,0,0,0,0,0,0.0148985304313125,0.0354330708661417,0.0354330708661417,0,0,0,0,0,0
"enclosure_depth_v001","depth8_refined_minus_depth6_reference","maximum continuum-enclosure depth 8 minus 6, with guard depth fixed at 6 and with identical samples, multipliers, B=999, bootstrap grid 0.005, enclosure grid 0.0025, node ceiling 57601, and every remaining inferential setting","ED1_TWO_ROOT_SV_POWER_n4000","diagnostic","TWO_ROOT_SV_POWER",4000,4000,"absolute","K3",0.25,2.5,"depth6_reference","depth8_refined","ED1_009_TWO_ROOT_SV_POWER_n4000_depth6_reference","ED1_010_TWO_ROOT_SV_POWER_n4000_depth8_refined","binary","continuum_truth_endpoint_violation",254,254,254,254,254,12,12,0,0,0,0,0,0.0148985304313125,0.047244094488189,0.047244094488189,0,0,0,0,0,0
"enclosure_depth_v001","depth8_refined_minus_depth6_reference","maximum continuum-enclosure depth 8 minus 6, with guard depth fixed at 6 and with identical samples, multipliers, B=999, bootstrap grid 0.005, enclosure grid 0.0025, node ceiling 57601, and every remaining inferential setting","ED1_TWO_ROOT_SV_POWER_n8000","diagnostic","TWO_ROOT_SV_POWER",8000,8000,"absolute","K3",0.25,2.5,"depth6_reference","depth8_refined","ED1_011_TWO_ROOT_SV_POWER_n8000_depth6_reference","ED1_012_TWO_ROOT_SV_POWER_n8000_depth8_refined","binary","continuum_truth_endpoint_violation",254,254,254,254,254,10,10,0,0,0,0,0,0.0148985304313125,0.0393700787401575,0.0393700787401575,0,0,0,0,0,0
"enclosure_depth_v001","depth8_refined_minus_depth6_reference","maximum continuum-enclosure depth 8 minus 6, with guard depth fixed at 6 and with identical samples, multipliers, B=999, bootstrap grid 0.005, enclosure grid 0.0025, node ceiling 57601, and every remaining inferential setting","ED1_TWO_ROOT_SV_POWER_n2000","diagnostic","TWO_ROOT_SV_POWER",2000,2000,"absolute","K3",0.25,2.5,"depth6_reference","depth8_refined","ED1_007_TWO_ROOT_SV_POWER_n2000_depth6_reference","ED1_008_TWO_ROOT_SV_POWER_n2000_depth8_refined","binary","continuum_truth_limit_hit",254,254,254,254,254,0,0,0,0,0,0,0,0.0148985304313125,0,0,0,0,0,0,0,0
"enclosure_depth_v001","depth8_refined_minus_depth6_reference","maximum continuum-enclosure depth 8 minus 6, with guard depth fixed at 6 and with identical samples, multipliers, B=999, bootstrap grid 0.005, enclosure grid 0.0025, node ceiling 57601, and every remaining inferential setting","ED1_TWO_ROOT_SV_POWER_n4000","diagnostic","TWO_ROOT_SV_POWER",4000,4000,"absolute","K3",0.25,2.5,"depth6_reference","depth8_refined","ED1_009_TWO_ROOT_SV_POWER_n4000_depth6_reference","ED1_010_TWO_ROOT_SV_POWER_n4000_depth8_refined","binary","continuum_truth_limit_hit",254,254,254,254,254,0,0,0,0,0,0,0,0.0148985304313125,0,0,0,0,0,0,0,0
"enclosure_depth_v001","depth8_refined_minus_depth6_reference","maximum continuum-enclosure depth 8 minus 6, with guard depth fixed at 6 and with identical samples, multipliers, B=999, bootstrap grid 0.005, enclosure grid 0.0025, node ceiling 57601, and every remaining inferential setting","ED1_TWO_ROOT_SV_POWER_n8000","diagnostic","TWO_ROOT_SV_POWER",8000,8000,"absolute","K3",0.25,2.5,"depth6_reference","depth8_refined","ED1_011_TWO_ROOT_SV_POWER_n8000_depth6_reference","ED1_012_TWO_ROOT_SV_POWER_n8000_depth8_refined","binary","continuum_truth_limit_hit",254,254,254,254,254,0,0,0,0,0,0,0,0.0148985304313125,0,0,0,0,0,0,0,0
"enclosure_depth_v001","depth8_refined_minus_depth6_reference","maximum continuum-enclosure depth 8 minus 6, with guard depth fixed at 6 and with identical samples, multipliers, B=999, bootstrap grid 0.005, enclosure grid 0.0025, node ceiling 57601, and every remaining inferential setting","ED1_TWO_ROOT_SV_POWER_n2000","diagnostic","TWO_ROOT_SV_POWER",2000,2000,"absolute","K3",0.25,2.5,"depth6_reference","depth8_refined","ED1_007_TWO_ROOT_SV_POWER_n2000_depth6_reference","ED1_008_TWO_ROOT_SV_POWER_n2000_depth8_refined","binary","derivative_assisted_applicable",254,254,254,254,254,0,0,0,0,0,0,0,0.0148985304313125,0,0,0,0,0,0,0,0
"enclosure_depth_v001","depth8_refined_minus_depth6_reference","maximum continuum-enclosure depth 8 minus 6, with guard depth fixed at 6 and with identical samples, multipliers, B=999, bootstrap grid 0.005, enclosure grid 0.0025, node ceiling 57601, and every remaining inferential setting","ED1_TWO_ROOT_SV_POWER_n4000","diagnostic","TWO_ROOT_SV_POWER",4000,4000,"absolute","K3",0.25,2.5,"depth6_reference","depth8_refined","ED1_009_TWO_ROOT_SV_POWER_n4000_depth6_reference","ED1_010_TWO_ROOT_SV_POWER_n4000_depth8_refined","binary","derivative_assisted_applicable",254,254,254,254,254,0,0,0,0,0,0,0,0.0148985304313125,0,0,0,0,0,0,0,0
"enclosure_depth_v001","depth8_refined_minus_depth6_reference","maximum continuum-enclosure depth 8 minus 6, with guard depth fixed at 6 and with identical samples, multipliers, B=999, bootstrap grid 0.005, enclosure grid 0.0025, node ceiling 57601, and every remaining inferential setting","ED1_TWO_ROOT_SV_POWER_n8000","diagnostic","TWO_ROOT_SV_POWER",8000,8000,"absolute","K3",0.25,2.5,"depth6_reference","depth8_refined","ED1_011_TWO_ROOT_SV_POWER_n8000_depth6_reference","ED1_012_TWO_ROOT_SV_POWER_n8000_depth8_refined","binary","derivative_assisted_applicable",254,254,254,254,254,0,0,0,0,0,0,0,0.0148985304313125,0,0,0,0,0,0,0,0
"enclosure_depth_v001","depth8_refined_minus_depth6_reference","maximum continuum-enclosure depth 8 minus 6, with guard depth fixed at 6 and with identical samples, multipliers, B=999, bootstrap grid 0.005, enclosure grid 0.0025, node ceiling 57601, and every remaining inferential setting","ED1_TWO_ROOT_SV_POWER_n2000","diagnostic","TWO_ROOT_SV_POWER",2000,2000,"absolute","K3",0.25,2.5,"depth6_reference","depth8_refined","ED1_007_TWO_ROOT_SV_POWER_n2000_depth6_reference","ED1_008_TWO_ROOT_SV_POWER_n2000_depth8_refined","binary","derivative_assisted_certificate_reported",254,254,254,254,0,0,0,0,0,0,,,,,,,,,,,
"enclosure_depth_v001","depth8_refined_minus_depth6_reference","maximum continuum-enclosure depth 8 minus 6, with guard depth fixed at 6 and with identical samples, multipliers, B=999, bootstrap grid 0.005, enclosure grid 0.0025, node ceiling 57601, and every remaining inferential setting","ED1_TWO_ROOT_SV_POWER_n4000","diagnostic","TWO_ROOT_SV_POWER",4000,4000,"absolute","K3",0.25,2.5,"depth6_reference","depth8_refined","ED1_009_TWO_ROOT_SV_POWER_n4000_depth6_reference","ED1_010_TWO_ROOT_SV_POWER_n4000_depth8_refined","binary","derivative_assisted_certificate_reported",254,254,254,254,0,0,0,0,0,0,,,,,,,,,,,
"enclosure_depth_v001","depth8_refined_minus_depth6_reference","maximum continuum-enclosure depth 8 minus 6, with guard depth fixed at 6 and with identical samples, multipliers, B=999, bootstrap grid 0.005, enclosure grid 0.0025, node ceiling 57601, and every remaining inferential setting","ED1_TWO_ROOT_SV_POWER_n8000","diagnostic","TWO_ROOT_SV_POWER",8000,8000,"absolute","K3",0.25,2.5,"depth6_reference","depth8_refined","ED1_011_TWO_ROOT_SV_POWER_n8000_depth6_reference","ED1_012_TWO_ROOT_SV_POWER_n8000_depth8_refined","binary","derivative_assisted_certificate_reported",254,254,254,254,0,0,0,0,0,0,,,,,,,,,,,
"enclosure_depth_v001","depth8_refined_minus_depth6_reference","maximum continuum-enclosure depth 8 minus 6, with guard depth fixed at 6 and with identical samples, multipliers, B=999, bootstrap grid 0.005, enclosure grid 0.0025, node ceiling 57601, and every remaining inferential setting","ED1_TWO_ROOT_SV_POWER_n2000","diagnostic","TWO_ROOT_SV_POWER",2000,2000,"absolute","K3",0.25,2.5,"depth6_reference","depth8_refined","ED1_007_TWO_ROOT_SV_POWER_n2000_depth6_reference","ED1_008_TWO_ROOT_SV_POWER_n2000_depth8_refined","binary","derivative_assisted_certificate_statement_true",254,254,254,254,0,0,0,0,0,0,,,,,,,,,,,
"enclosure_depth_v001","depth8_refined_minus_depth6_reference","maximum continuum-enclosure depth 8 minus 6, with guard depth fixed at 6 and with identical samples, multipliers, B=999, bootstrap grid 0.005, enclosure grid 0.0025, node ceiling 57601, and every remaining inferential setting","ED1_TWO_ROOT_SV_POWER_n4000","diagnostic","TWO_ROOT_SV_POWER",4000,4000,"absolute","K3",0.25,2.5,"depth6_reference","depth8_refined","ED1_009_TWO_ROOT_SV_POWER_n4000_depth6_reference","ED1_010_TWO_ROOT_SV_POWER_n4000_depth8_refined","binary","derivative_assisted_certificate_statement_true",254,254,254,254,0,0,0,0,0,0,,,,,,,,,,,
"enclosure_depth_v001","depth8_refined_minus_depth6_reference","maximum continuum-enclosure depth 8 minus 6, with guard depth fixed at 6 and with identical samples, multipliers, B=999, bootstrap grid 0.005, enclosure grid 0.0025, node ceiling 57601, and every remaining inferential setting","ED1_TWO_ROOT_SV_POWER_n8000","diagnostic","TWO_ROOT_SV_POWER",8000,8000,"absolute","K3",0.25,2.5,"depth6_reference","depth8_refined","ED1_011_TWO_ROOT_SV_POWER_n8000_depth6_reference","ED1_012_TWO_ROOT_SV_POWER_n8000_depth8_refined","binary","derivative_assisted_certificate_statement_true",254,254,254,254,0,0,0,0,0,0,,,,,,,,,,,
"enclosure_depth_v001","depth8_refined_minus_depth6_reference","maximum continuum-enclosure depth 8 minus 6, with guard depth fixed at 6 and with identical samples, multipliers, B=999, bootstrap grid 0.005, enclosure grid 0.0025, node ceiling 57601, and every remaining inferential setting","ED1_TWO_ROOT_SV_POWER_n2000","diagnostic","TWO_ROOT_SV_POWER",2000,2000,"absolute","K3",0.25,2.5,"depth6_reference","depth8_refined","ED1_007_TWO_ROOT_SV_POWER_n2000_depth6_reference","ED1_008_TWO_ROOT_SV_POWER_n2000_depth8_refined","binary","derivative_assisted_derivative_grid_coverage",254,254,254,254,0,0,0,0,0,0,,,,,,,,,,,
"enclosure_depth_v001","depth8_refined_minus_depth6_reference","maximum continuum-enclosure depth 8 minus 6, with guard depth fixed at 6 and with identical samples, multipliers, B=999, bootstrap grid 0.005, enclosure grid 0.0025, node ceiling 57601, and every remaining inferential setting","ED1_TWO_ROOT_SV_POWER_n4000","diagnostic","TWO_ROOT_SV_POWER",4000,4000,"absolute","K3",0.25,2.5,"depth6_reference","depth8_refined","ED1_009_TWO_ROOT_SV_POWER_n4000_depth6_reference","ED1_010_TWO_ROOT_SV_POWER_n4000_depth8_refined","binary","derivative_assisted_derivative_grid_coverage",254,254,254,254,0,0,0,0,0,0,,,,,,,,,,,
"enclosure_depth_v001","depth8_refined_minus_depth6_reference","maximum continuum-enclosure depth 8 minus 6, with guard depth fixed at 6 and with identical samples, multipliers, B=999, bootstrap grid 0.005, enclosure grid 0.0025, node ceiling 57601, and every remaining inferential setting","ED1_TWO_ROOT_SV_POWER_n8000","diagnostic","TWO_ROOT_SV_POWER",8000,8000,"absolute","K3",0.25,2.5,"depth6_reference","depth8_refined","ED1_011_TWO_ROOT_SV_POWER_n8000_depth6_reference","ED1_012_TWO_ROOT_SV_POWER_n8000_depth8_refined","binary","derivative_assisted_derivative_grid_coverage",254,254,254,254,0,0,0,0,0,0,,,,,,,,,,,
"enclosure_depth_v001","depth8_refined_minus_depth6_reference","maximum continuum-enclosure depth 8 minus 6, with guard depth fixed at 6 and with identical samples, multipliers, B=999, bootstrap grid 0.005, enclosure grid 0.0025, node ceiling 57601, and every remaining inferential setting","ED1_TWO_ROOT_SV_POWER_n2000","diagnostic","TWO_ROOT_SV_POWER",2000,2000,"absolute","K3",0.25,2.5,"depth6_reference","depth8_refined","ED1_007_TWO_ROOT_SV_POWER_n2000_depth6_reference","ED1_008_TWO_ROOT_SV_POWER_n2000_depth8_refined","binary","derivative_assisted_derivative_negative_throughout_K",254,254,254,254,0,0,0,0,0,0,,,,,,,,,,,
"enclosure_depth_v001","depth8_refined_minus_depth6_reference","maximum continuum-enclosure depth 8 minus 6, with guard depth fixed at 6 and with identical samples, multipliers, B=999, bootstrap grid 0.005, enclosure grid 0.0025, node ceiling 57601, and every remaining inferential setting","ED1_TWO_ROOT_SV_POWER_n4000","diagnostic","TWO_ROOT_SV_POWER",4000,4000,"absolute","K3",0.25,2.5,"depth6_reference","depth8_refined","ED1_009_TWO_ROOT_SV_POWER_n4000_depth6_reference","ED1_010_TWO_ROOT_SV_POWER_n4000_depth8_refined","binary","derivative_assisted_derivative_negative_throughout_K",254,254,254,254,0,0,0,0,0,0,,,,,,,,,,,
"enclosure_depth_v001","depth8_refined_minus_depth6_reference","maximum continuum-enclosure depth 8 minus 6, with guard depth fixed at 6 and with identical samples, multipliers, B=999, bootstrap grid 0.005, enclosure grid 0.0025, node ceiling 57601, and every remaining inferential setting","ED1_TWO_ROOT_SV_POWER_n8000","diagnostic","TWO_ROOT_SV_POWER",8000,8000,"absolute","K3",0.25,2.5,"depth6_reference","depth8_refined","ED1_011_TWO_ROOT_SV_POWER_n8000_depth6_reference","ED1_012_TWO_ROOT_SV_POWER_n8000_depth8_refined","binary","derivative_assisted_derivative_negative_throughout_K",254,254,254,254,0,0,0,0,0,0,,,,,,,,,,,
"enclosure_depth_v001","depth8_refined_minus_depth6_reference","maximum continuum-enclosure depth 8 minus 6, with guard depth fixed at 6 and with identical samples, multipliers, B=999, bootstrap grid 0.005, enclosure grid 0.0025, node ceiling 57601, and every remaining inferential setting","ED1_TWO_ROOT_SV_POWER_n2000","diagnostic","TWO_ROOT_SV_POWER",2000,2000,"absolute","K3",0.25,2.5,"depth6_reference","depth8_refined","ED1_007_TWO_ROOT_SV_POWER_n2000_depth6_reference","ED1_008_TWO_ROOT_SV_POWER_n2000_depth8_refined","binary","derivative_assisted_derivative_positive_throughout_K",254,254,254,254,0,0,0,0,0,0,,,,,,,,,,,
"enclosure_depth_v001","depth8_refined_minus_depth6_reference","maximum continuum-enclosure depth 8 minus 6, with guard depth fixed at 6 and with identical samples, multipliers, B=999, bootstrap grid 0.005, enclosure grid 0.0025, node ceiling 57601, and every remaining inferential setting","ED1_TWO_ROOT_SV_POWER_n4000","diagnostic","TWO_ROOT_SV_POWER",4000,4000,"absolute","K3",0.25,2.5,"depth6_reference","depth8_refined","ED1_009_TWO_ROOT_SV_POWER_n4000_depth6_reference","ED1_010_TWO_ROOT_SV_POWER_n4000_depth8_refined","binary","derivative_assisted_derivative_positive_throughout_K",254,254,254,254,0,0,0,0,0,0,,,,,,,,,,,
"enclosure_depth_v001","depth8_refined_minus_depth6_reference","maximum continuum-enclosure depth 8 minus 6, with guard depth fixed at 6 and with identical samples, multipliers, B=999, bootstrap grid 0.005, enclosure grid 0.0025, node ceiling 57601, and every remaining inferential setting","ED1_TWO_ROOT_SV_POWER_n8000","diagnostic","TWO_ROOT_SV_POWER",8000,8000,"absolute","K3",0.25,2.5,"depth6_reference","depth8_refined","ED1_011_TWO_ROOT_SV_POWER_n8000_depth6_reference","ED1_012_TWO_ROOT_SV_POWER_n8000_depth8_refined","binary","derivative_assisted_derivative_positive_throughout_K",254,254,254,254,0,0,0,0,0,0,,,,,,,,,,,
"enclosure_depth_v001","depth8_refined_minus_depth6_reference","maximum continuum-enclosure depth 8 minus 6, with guard depth fixed at 6 and with identical samples, multipliers, B=999, bootstrap grid 0.005, enclosure grid 0.0025, node ceiling 57601, and every remaining inferential setting","ED1_TWO_ROOT_SV_POWER_n2000","diagnostic","TWO_ROOT_SV_POWER",2000,2000,"absolute","K3",0.25,2.5,"depth6_reference","depth8_refined","ED1_007_TWO_ROOT_SV_POWER_n2000_depth6_reference","ED1_008_TWO_ROOT_SV_POWER_n2000_depth8_refined","binary","derivative_assisted_enclosure_limit_hit",254,254,254,254,0,0,0,0,0,0,,,,,,,,,,,
"enclosure_depth_v001","depth8_refined_minus_depth6_reference","maximum continuum-enclosure depth 8 minus 6, with guard depth fixed at 6 and with identical samples, multipliers, B=999, bootstrap grid 0.005, enclosure grid 0.0025, node ceiling 57601, and every remaining inferential setting","ED1_TWO_ROOT_SV_POWER_n4000","diagnostic","TWO_ROOT_SV_POWER",4000,4000,"absolute","K3",0.25,2.5,"depth6_reference","depth8_refined","ED1_009_TWO_ROOT_SV_POWER_n4000_depth6_reference","ED1_010_TWO_ROOT_SV_POWER_n4000_depth8_refined","binary","derivative_assisted_enclosure_limit_hit",254,254,254,254,0,0,0,0,0,0,,,,,,,,,,,
"enclosure_depth_v001","depth8_refined_minus_depth6_reference","maximum continuum-enclosure depth 8 minus 6, with guard depth fixed at 6 and with identical samples, multipliers, B=999, bootstrap grid 0.005, enclosure grid 0.0025, node ceiling 57601, and every remaining inferential setting","ED1_TWO_ROOT_SV_POWER_n8000","diagnostic","TWO_ROOT_SV_POWER",8000,8000,"absolute","K3",0.25,2.5,"depth6_reference","depth8_refined","ED1_011_TWO_ROOT_SV_POWER_n8000_depth6_reference","ED1_012_TWO_ROOT_SV_POWER_n8000_depth8_refined","binary","derivative_assisted_enclosure_limit_hit",254,254,254,254,0,0,0,0,0,0,,,,,,,,,,,
"enclosure_depth_v001","depth8_refined_minus_depth6_reference","maximum continuum-enclosure depth 8 minus 6, with guard depth fixed at 6 and with identical samples, multipliers, B=999, bootstrap grid 0.005, enclosure grid 0.0025, node ceiling 57601, and every remaining inferential setting","ED1_TWO_ROOT_SV_POWER_n2000","diagnostic","TWO_ROOT_SV_POWER",2000,2000,"absolute","K3",0.25,2.5,"depth6_reference","depth8_refined","ED1_007_TWO_ROOT_SV_POWER_n2000_depth6_reference","ED1_008_TWO_ROOT_SV_POWER_n2000_depth8_refined","binary","derivative_assisted_exact_root_certified",254,254,254,254,0,0,0,0,0,0,,,,,,,,,,,
"enclosure_depth_v001","depth8_refined_minus_depth6_reference","maximum continuum-enclosure depth 8 minus 6, with guard depth fixed at 6 and with identical samples, multipliers, B=999, bootstrap grid 0.005, enclosure grid 0.0025, node ceiling 57601, and every remaining inferential setting","ED1_TWO_ROOT_SV_POWER_n4000","diagnostic","TWO_ROOT_SV_POWER",4000,4000,"absolute","K3",0.25,2.5,"depth6_reference","depth8_refined","ED1_009_TWO_ROOT_SV_POWER_n4000_depth6_reference","ED1_010_TWO_ROOT_SV_POWER_n4000_depth8_refined","binary","derivative_assisted_exact_root_certified",254,254,254,254,0,0,0,0,0,0,,,,,,,,,,,
"enclosure_depth_v001","depth8_refined_minus_depth6_reference","maximum continuum-enclosure depth 8 minus 6, with guard depth fixed at 6 and with identical samples, multipliers, B=999, bootstrap grid 0.005, enclosure grid 0.0025, node ceiling 57601, and every remaining inferential setting","ED1_TWO_ROOT_SV_POWER_n8000","diagnostic","TWO_ROOT_SV_POWER",8000,8000,"absolute","K3",0.25,2.5,"depth6_reference","depth8_refined","ED1_011_TWO_ROOT_SV_POWER_n8000_depth6_reference","ED1_012_TWO_ROOT_SV_POWER_n8000_depth8_refined","binary","derivative_assisted_exact_root_certified",254,254,254,254,0,0,0,0,0,0,,,,,,,,,,,
"enclosure_depth_v001","depth8_refined_minus_depth6_reference","maximum continuum-enclosure depth 8 minus 6, with guard depth fixed at 6 and with identical samples, multipliers, B=999, bootstrap grid 0.005, enclosure grid 0.0025, node ceiling 57601, and every remaining inferential setting","ED1_TWO_ROOT_SV_POWER_n2000","diagnostic","TWO_ROOT_SV_POWER",2000,2000,"absolute","K3",0.25,2.5,"depth6_reference","depth8_refined","ED1_007_TWO_ROOT_SV_POWER_n2000_depth6_reference","ED1_008_TWO_ROOT_SV_POWER_n2000_depth8_refined","binary","derivative_assisted_exact_root_on_K_certified",254,254,254,254,0,0,0,0,0,0,,,,,,,,,,,
"enclosure_depth_v001","depth8_refined_minus_depth6_reference","maximum continuum-enclosure depth 8 minus 6, with guard depth fixed at 6 and with identical samples, multipliers, B=999, bootstrap grid 0.005, enclosure grid 0.0025, node ceiling 57601, and every remaining inferential setting","ED1_TWO_ROOT_SV_POWER_n4000","diagnostic","TWO_ROOT_SV_POWER",4000,4000,"absolute","K3",0.25,2.5,"depth6_reference","depth8_refined","ED1_009_TWO_ROOT_SV_POWER_n4000_depth6_reference","ED1_010_TWO_ROOT_SV_POWER_n4000_depth8_refined","binary","derivative_assisted_exact_root_on_K_certified",254,254,254,254,0,0,0,0,0,0,,,,,,,,,,,
"enclosure_depth_v001","depth8_refined_minus_depth6_reference","maximum continuum-enclosure depth 8 minus 6, with guard depth fixed at 6 and with identical samples, multipliers, B=999, bootstrap grid 0.005, enclosure grid 0.0025, node ceiling 57601, and every remaining inferential setting","ED1_TWO_ROOT_SV_POWER_n8000","diagnostic","TWO_ROOT_SV_POWER",8000,8000,"absolute","K3",0.25,2.5,"depth6_reference","depth8_refined","ED1_011_TWO_ROOT_SV_POWER_n8000_depth6_reference","ED1_012_TWO_ROOT_SV_POWER_n8000_depth8_refined","binary","derivative_assisted_exact_root_on_K_certified",254,254,254,254,0,0,0,0,0,0,,,,,,,,,,,
"enclosure_depth_v001","depth8_refined_minus_depth6_reference","maximum continuum-enclosure depth 8 minus 6, with guard depth fixed at 6 and with identical samples, multipliers, B=999, bootstrap grid 0.005, enclosure grid 0.0025, node ceiling 57601, and every remaining inferential setting","ED1_TWO_ROOT_SV_POWER_n2000","diagnostic","TWO_ROOT_SV_POWER",2000,2000,"absolute","K3",0.25,2.5,"depth6_reference","depth8_refined","ED1_007_TWO_ROOT_SV_POWER_n2000_depth6_reference","ED1_008_TWO_ROOT_SV_POWER_n2000_depth8_refined","binary","derivative_assisted_exact_root_on_K_statement_true",254,254,254,254,0,0,0,0,0,0,,,,,,,,,,,
"enclosure_depth_v001","depth8_refined_minus_depth6_reference","maximum continuum-enclosure depth 8 minus 6, with guard depth fixed at 6 and with identical samples, multipliers, B=999, bootstrap grid 0.005, enclosure grid 0.0025, node ceiling 57601, and every remaining inferential setting","ED1_TWO_ROOT_SV_POWER_n4000","diagnostic","TWO_ROOT_SV_POWER",4000,4000,"absolute","K3",0.25,2.5,"depth6_reference","depth8_refined","ED1_009_TWO_ROOT_SV_POWER_n4000_depth6_reference","ED1_010_TWO_ROOT_SV_POWER_n4000_depth8_refined","binary","derivative_assisted_exact_root_on_K_statement_true",254,254,254,254,0,0,0,0,0,0,,,,,,,,,,,
"enclosure_depth_v001","depth8_refined_minus_depth6_reference","maximum continuum-enclosure depth 8 minus 6, with guard depth fixed at 6 and with identical samples, multipliers, B=999, bootstrap grid 0.005, enclosure grid 0.0025, node ceiling 57601, and every remaining inferential setting","ED1_TWO_ROOT_SV_POWER_n8000","diagnostic","TWO_ROOT_SV_POWER",8000,8000,"absolute","K3",0.25,2.5,"depth6_reference","depth8_refined","ED1_011_TWO_ROOT_SV_POWER_n8000_depth6_reference","ED1_012_TWO_ROOT_SV_POWER_n8000_depth8_refined","binary","derivative_assisted_exact_root_on_K_statement_true",254,254,254,254,0,0,0,0,0,0,,,,,,,,,,,
"enclosure_depth_v001","depth8_refined_minus_depth6_reference","maximum continuum-enclosure depth 8 minus 6, with guard depth fixed at 6 and with identical samples, multipliers, B=999, bootstrap grid 0.005, enclosure grid 0.0025, node ceiling 57601, and every remaining inferential setting","ED1_TWO_ROOT_SV_POWER_n2000","diagnostic","TWO_ROOT_SV_POWER",2000,2000,"absolute","K3",0.25,2.5,"depth6_reference","depth8_refined","ED1_007_TWO_ROOT_SV_POWER_n2000_depth6_reference","ED1_008_TWO_ROOT_SV_POWER_n2000_depth8_refined","binary","derivative_assisted_failure",254,254,254,254,0,0,0,0,0,0,,,,,,,,,,,
"enclosure_depth_v001","depth8_refined_minus_depth6_reference","maximum continuum-enclosure depth 8 minus 6, with guard depth fixed at 6 and with identical samples, multipliers, B=999, bootstrap grid 0.005, enclosure grid 0.0025, node ceiling 57601, and every remaining inferential setting","ED1_TWO_ROOT_SV_POWER_n4000","diagnostic","TWO_ROOT_SV_POWER",4000,4000,"absolute","K3",0.25,2.5,"depth6_reference","depth8_refined","ED1_009_TWO_ROOT_SV_POWER_n4000_depth6_reference","ED1_010_TWO_ROOT_SV_POWER_n4000_depth8_refined","binary","derivative_assisted_failure",254,254,254,254,0,0,0,0,0,0,,,,,,,,,,,
"enclosure_depth_v001","depth8_refined_minus_depth6_reference","maximum continuum-enclosure depth 8 minus 6, with guard depth fixed at 6 and with identical samples, multipliers, B=999, bootstrap grid 0.005, enclosure grid 0.0025, node ceiling 57601, and every remaining inferential setting","ED1_TWO_ROOT_SV_POWER_n8000","diagnostic","TWO_ROOT_SV_POWER",8000,8000,"absolute","K3",0.25,2.5,"depth6_reference","depth8_refined","ED1_011_TWO_ROOT_SV_POWER_n8000_depth6_reference","ED1_012_TWO_ROOT_SV_POWER_n8000_depth8_refined","binary","derivative_assisted_failure",254,254,254,254,0,0,0,0,0,0,,,,,,,,,,,
"enclosure_depth_v001","depth8_refined_minus_depth6_reference","maximum continuum-enclosure depth 8 minus 6, with guard depth fixed at 6 and with identical samples, multipliers, B=999, bootstrap grid 0.005, enclosure grid 0.0025, node ceiling 57601, and every remaining inferential setting","ED1_TWO_ROOT_SV_POWER_n2000","diagnostic","TWO_ROOT_SV_POWER",2000,2000,"absolute","K3",0.25,2.5,"depth6_reference","depth8_refined","ED1_007_TWO_ROOT_SV_POWER_n2000_depth6_reference","ED1_008_TWO_ROOT_SV_POWER_n2000_depth8_refined","binary","derivative_assisted_false_exact_root_on_K_report",254,254,254,254,0,0,0,0,0,0,,,,,,,,,,,
"enclosure_depth_v001","depth8_refined_minus_depth6_reference","maximum continuum-enclosure depth 8 minus 6, with guard depth fixed at 6 and with identical samples, multipliers, B=999, bootstrap grid 0.005, enclosure grid 0.0025, node ceiling 57601, and every remaining inferential setting","ED1_TWO_ROOT_SV_POWER_n4000","diagnostic","TWO_ROOT_SV_POWER",4000,4000,"absolute","K3",0.25,2.5,"depth6_reference","depth8_refined","ED1_009_TWO_ROOT_SV_POWER_n4000_depth6_reference","ED1_010_TWO_ROOT_SV_POWER_n4000_depth8_refined","binary","derivative_assisted_false_exact_root_on_K_report",254,254,254,254,0,0,0,0,0,0,,,,,,,,,,,
"enclosure_depth_v001","depth8_refined_minus_depth6_reference","maximum continuum-enclosure depth 8 minus 6, with guard depth fixed at 6 and with identical samples, multipliers, B=999, bootstrap grid 0.005, enclosure grid 0.0025, node ceiling 57601, and every remaining inferential setting","ED1_TWO_ROOT_SV_POWER_n8000","diagnostic","TWO_ROOT_SV_POWER",8000,8000,"absolute","K3",0.25,2.5,"depth6_reference","depth8_refined","ED1_011_TWO_ROOT_SV_POWER_n8000_depth6_reference","ED1_012_TWO_ROOT_SV_POWER_n8000_depth8_refined","binary","derivative_assisted_false_exact_root_on_K_report",254,254,254,254,0,0,0,0,0,0,,,,,,,,,,,
"enclosure_depth_v001","depth8_refined_minus_depth6_reference","maximum continuum-enclosure depth 8 minus 6, with guard depth fixed at 6 and with identical samples, multipliers, B=999, bootstrap grid 0.005, enclosure grid 0.0025, node ceiling 57601, and every remaining inferential setting","ED1_TWO_ROOT_SV_POWER_n2000","diagnostic","TWO_ROOT_SV_POWER",2000,2000,"absolute","K3",0.25,2.5,"depth6_reference","depth8_refined","ED1_007_TWO_ROOT_SV_POWER_n2000_depth6_reference","ED1_008_TWO_ROOT_SV_POWER_n2000_depth8_refined","binary","derivative_assisted_false_exact_root_report",254,254,254,254,0,0,0,0,0,0,,,,,,,,,,,
"enclosure_depth_v001","depth8_refined_minus_depth6_reference","maximum continuum-enclosure depth 8 minus 6, with guard depth fixed at 6 and with identical samples, multipliers, B=999, bootstrap grid 0.005, enclosure grid 0.0025, node ceiling 57601, and every remaining inferential setting","ED1_TWO_ROOT_SV_POWER_n4000","diagnostic","TWO_ROOT_SV_POWER",4000,4000,"absolute","K3",0.25,2.5,"depth6_reference","depth8_refined","ED1_009_TWO_ROOT_SV_POWER_n4000_depth6_reference","ED1_010_TWO_ROOT_SV_POWER_n4000_depth8_refined","binary","derivative_assisted_false_exact_root_report",254,254,254,254,0,0,0,0,0,0,,,,,,,,,,,
"enclosure_depth_v001","depth8_refined_minus_depth6_reference","maximum continuum-enclosure depth 8 minus 6, with guard depth fixed at 6 and with identical samples, multipliers, B=999, bootstrap grid 0.005, enclosure grid 0.0025, node ceiling 57601, and every remaining inferential setting","ED1_TWO_ROOT_SV_POWER_n8000","diagnostic","TWO_ROOT_SV_POWER",8000,8000,"absolute","K3",0.25,2.5,"depth6_reference","depth8_refined","ED1_011_TWO_ROOT_SV_POWER_n8000_depth6_reference","ED1_012_TWO_ROOT_SV_POWER_n8000_depth8_refined","binary","derivative_assisted_false_exact_root_report",254,254,254,254,0,0,0,0,0,0,,,,,,,,,,,
"enclosure_depth_v001","depth8_refined_minus_depth6_reference","maximum continuum-enclosure depth 8 minus 6, with guard depth fixed at 6 and with identical samples, multipliers, B=999, bootstrap grid 0.005, enclosure grid 0.0025, node ceiling 57601, and every remaining inferential setting","ED1_TWO_ROOT_SV_POWER_n2000","diagnostic","TWO_ROOT_SV_POWER",2000,2000,"absolute","K3",0.25,2.5,"depth6_reference","depth8_refined","ED1_007_TWO_ROOT_SV_POWER_n2000_depth6_reference","ED1_008_TWO_ROOT_SV_POWER_n2000_depth8_refined","binary","derivative_assisted_guard_failed",254,254,254,254,0,0,0,0,0,0,,,,,,,,,,,
"enclosure_depth_v001","depth8_refined_minus_depth6_reference","maximum continuum-enclosure depth 8 minus 6, with guard depth fixed at 6 and with identical samples, multipliers, B=999, bootstrap grid 0.005, enclosure grid 0.0025, node ceiling 57601, and every remaining inferential setting","ED1_TWO_ROOT_SV_POWER_n4000","diagnostic","TWO_ROOT_SV_POWER",4000,4000,"absolute","K3",0.25,2.5,"depth6_reference","depth8_refined","ED1_009_TWO_ROOT_SV_POWER_n4000_depth6_reference","ED1_010_TWO_ROOT_SV_POWER_n4000_depth8_refined","binary","derivative_assisted_guard_failed",254,254,254,254,0,0,0,0,0,0,,,,,,,,,,,
"enclosure_depth_v001","depth8_refined_minus_depth6_reference","maximum continuum-enclosure depth 8 minus 6, with guard depth fixed at 6 and with identical samples, multipliers, B=999, bootstrap grid 0.005, enclosure grid 0.0025, node ceiling 57601, and every remaining inferential setting","ED1_TWO_ROOT_SV_POWER_n8000","diagnostic","TWO_ROOT_SV_POWER",8000,8000,"absolute","K3",0.25,2.5,"depth6_reference","depth8_refined","ED1_011_TWO_ROOT_SV_POWER_n8000_depth6_reference","ED1_012_TWO_ROOT_SV_POWER_n8000_depth8_refined","binary","derivative_assisted_guard_failed",254,254,254,254,0,0,0,0,0,0,,,,,,,,,,,
"enclosure_depth_v001","depth8_refined_minus_depth6_reference","maximum continuum-enclosure depth 8 minus 6, with guard depth fixed at 6 and with identical samples, multipliers, B=999, bootstrap grid 0.005, enclosure grid 0.0025, node ceiling 57601, and every remaining inferential setting","ED1_TWO_ROOT_SV_POWER_n2000","diagnostic","TWO_ROOT_SV_POWER",2000,2000,"absolute","K3",0.25,2.5,"depth6_reference","depth8_refined","ED1_007_TWO_ROOT_SV_POWER_n2000_depth6_reference","ED1_008_TWO_ROOT_SV_POWER_n2000_depth8_refined","binary","derivative_assisted_implemented",254,254,254,254,254,254,254,0,0,0,0,0,0.0148985304313125,1,1,0,0,0,0,0,0
"enclosure_depth_v001","depth8_refined_minus_depth6_reference","maximum continuum-enclosure depth 8 minus 6, with guard depth fixed at 6 and with identical samples, multipliers, B=999, bootstrap grid 0.005, enclosure grid 0.0025, node ceiling 57601, and every remaining inferential setting","ED1_TWO_ROOT_SV_POWER_n4000","diagnostic","TWO_ROOT_SV_POWER",4000,4000,"absolute","K3",0.25,2.5,"depth6_reference","depth8_refined","ED1_009_TWO_ROOT_SV_POWER_n4000_depth6_reference","ED1_010_TWO_ROOT_SV_POWER_n4000_depth8_refined","binary","derivative_assisted_implemented",254,254,254,254,254,254,254,0,0,0,0,0,0.0148985304313125,1,1,0,0,0,0,0,0
"enclosure_depth_v001","depth8_refined_minus_depth6_reference","maximum continuum-enclosure depth 8 minus 6, with guard depth fixed at 6 and with identical samples, multipliers, B=999, bootstrap grid 0.005, enclosure grid 0.0025, node ceiling 57601, and every remaining inferential setting","ED1_TWO_ROOT_SV_POWER_n8000","diagnostic","TWO_ROOT_SV_POWER",8000,8000,"absolute","K3",0.25,2.5,"depth6_reference","depth8_refined","ED1_011_TWO_ROOT_SV_POWER_n8000_depth6_reference","ED1_012_TWO_ROOT_SV_POWER_n8000_depth8_refined","binary","derivative_assisted_implemented",254,254,254,254,254,254,254,0,0,0,0,0,0.0148985304313125,1,1,0,0,0,0,0,0
"enclosure_depth_v001","depth8_refined_minus_depth6_reference","maximum continuum-enclosure depth 8 minus 6, with guard depth fixed at 6 and with identical samples, multipliers, B=999, bootstrap grid 0.005, enclosure grid 0.0025, node ceiling 57601, and every remaining inferential setting","ED1_TWO_ROOT_SV_POWER_n2000","diagnostic","TWO_ROOT_SV_POWER",2000,2000,"absolute","K3",0.25,2.5,"depth6_reference","depth8_refined","ED1_007_TWO_ROOT_SV_POWER_n2000_depth6_reference","ED1_008_TWO_ROOT_SV_POWER_n2000_depth8_refined","binary","derivative_assisted_joint_grid_coverage",254,254,254,254,0,0,0,0,0,0,,,,,,,,,,,
"enclosure_depth_v001","depth8_refined_minus_depth6_reference","maximum continuum-enclosure depth 8 minus 6, with guard depth fixed at 6 and with identical samples, multipliers, B=999, bootstrap grid 0.005, enclosure grid 0.0025, node ceiling 57601, and every remaining inferential setting","ED1_TWO_ROOT_SV_POWER_n4000","diagnostic","TWO_ROOT_SV_POWER",4000,4000,"absolute","K3",0.25,2.5,"depth6_reference","depth8_refined","ED1_009_TWO_ROOT_SV_POWER_n4000_depth6_reference","ED1_010_TWO_ROOT_SV_POWER_n4000_depth8_refined","binary","derivative_assisted_joint_grid_coverage",254,254,254,254,0,0,0,0,0,0,,,,,,,,,,,
"enclosure_depth_v001","depth8_refined_minus_depth6_reference","maximum continuum-enclosure depth 8 minus 6, with guard depth fixed at 6 and with identical samples, multipliers, B=999, bootstrap grid 0.005, enclosure grid 0.0025, node ceiling 57601, and every remaining inferential setting","ED1_TWO_ROOT_SV_POWER_n8000","diagnostic","TWO_ROOT_SV_POWER",8000,8000,"absolute","K3",0.25,2.5,"depth6_reference","depth8_refined","ED1_011_TWO_ROOT_SV_POWER_n8000_depth6_reference","ED1_012_TWO_ROOT_SV_POWER_n8000_depth8_refined","binary","derivative_assisted_joint_grid_coverage",254,254,254,254,0,0,0,0,0,0,,,,,,,,,,,
"enclosure_depth_v001","depth8_refined_minus_depth6_reference","maximum continuum-enclosure depth 8 minus 6, with guard depth fixed at 6 and with identical samples, multipliers, B=999, bootstrap grid 0.005, enclosure grid 0.0025, node ceiling 57601, and every remaining inferential setting","ED1_TWO_ROOT_SV_POWER_n2000","diagnostic","TWO_ROOT_SV_POWER",2000,2000,"absolute","K3",0.25,2.5,"depth6_reference","depth8_refined","ED1_007_TWO_ROOT_SV_POWER_n2000_depth6_reference","ED1_008_TWO_ROOT_SV_POWER_n2000_depth8_refined","binary","derivative_assisted_local_exact_root_certified",254,254,254,254,0,0,0,0,0,0,,,,,,,,,,,
"enclosure_depth_v001","depth8_refined_minus_depth6_reference","maximum continuum-enclosure depth 8 minus 6, with guard depth fixed at 6 and with identical samples, multipliers, B=999, bootstrap grid 0.005, enclosure grid 0.0025, node ceiling 57601, and every remaining inferential setting","ED1_TWO_ROOT_SV_POWER_n4000","diagnostic","TWO_ROOT_SV_POWER",4000,4000,"absolute","K3",0.25,2.5,"depth6_reference","depth8_refined","ED1_009_TWO_ROOT_SV_POWER_n4000_depth6_reference","ED1_010_TWO_ROOT_SV_POWER_n4000_depth8_refined","binary","derivative_assisted_local_exact_root_certified",254,254,254,254,0,0,0,0,0,0,,,,,,,,,,,
"enclosure_depth_v001","depth8_refined_minus_depth6_reference","maximum continuum-enclosure depth 8 minus 6, with guard depth fixed at 6 and with identical samples, multipliers, B=999, bootstrap grid 0.005, enclosure grid 0.0025, node ceiling 57601, and every remaining inferential setting","ED1_TWO_ROOT_SV_POWER_n8000","diagnostic","TWO_ROOT_SV_POWER",8000,8000,"absolute","K3",0.25,2.5,"depth6_reference","depth8_refined","ED1_011_TWO_ROOT_SV_POWER_n8000_depth6_reference","ED1_012_TWO_ROOT_SV_POWER_n8000_depth8_refined","binary","derivative_assisted_local_exact_root_certified",254,254,254,254,0,0,0,0,0,0,,,,,,,,,,,
"enclosure_depth_v001","depth8_refined_minus_depth6_reference","maximum continuum-enclosure depth 8 minus 6, with guard depth fixed at 6 and with identical samples, multipliers, B=999, bootstrap grid 0.005, enclosure grid 0.0025, node ceiling 57601, and every remaining inferential setting","ED1_TWO_ROOT_SV_POWER_n2000","diagnostic","TWO_ROOT_SV_POWER",2000,2000,"absolute","K3",0.25,2.5,"depth6_reference","depth8_refined","ED1_007_TWO_ROOT_SV_POWER_n2000_depth6_reference","ED1_008_TWO_ROOT_SV_POWER_n2000_depth8_refined","binary","derivative_assisted_reported",254,254,254,254,0,0,0,0,0,0,,,,,,,,,,,
"enclosure_depth_v001","depth8_refined_minus_depth6_reference","maximum continuum-enclosure depth 8 minus 6, with guard depth fixed at 6 and with identical samples, multipliers, B=999, bootstrap grid 0.005, enclosure grid 0.0025, node ceiling 57601, and every remaining inferential setting","ED1_TWO_ROOT_SV_POWER_n4000","diagnostic","TWO_ROOT_SV_POWER",4000,4000,"absolute","K3",0.25,2.5,"depth6_reference","depth8_refined","ED1_009_TWO_ROOT_SV_POWER_n4000_depth6_reference","ED1_010_TWO_ROOT_SV_POWER_n4000_depth8_refined","binary","derivative_assisted_reported",254,254,254,254,0,0,0,0,0,0,,,,,,,,,,,
"enclosure_depth_v001","depth8_refined_minus_depth6_reference","maximum continuum-enclosure depth 8 minus 6, with guard depth fixed at 6 and with identical samples, multipliers, B=999, bootstrap grid 0.005, enclosure grid 0.0025, node ceiling 57601, and every remaining inferential setting","ED1_TWO_ROOT_SV_POWER_n8000","diagnostic","TWO_ROOT_SV_POWER",8000,8000,"absolute","K3",0.25,2.5,"depth6_reference","depth8_refined","ED1_011_TWO_ROOT_SV_POWER_n8000_depth6_reference","ED1_012_TWO_ROOT_SV_POWER_n8000_depth8_refined","binary","derivative_assisted_reported",254,254,254,254,0,0,0,0,0,0,,,,,,,,,,,
"enclosure_depth_v001","depth8_refined_minus_depth6_reference","maximum continuum-enclosure depth 8 minus 6, with guard depth fixed at 6 and with identical samples, multipliers, B=999, bootstrap grid 0.005, enclosure grid 0.0025, node ceiling 57601, and every remaining inferential setting","ED1_TWO_ROOT_SV_POWER_n2000","diagnostic","TWO_ROOT_SV_POWER",2000,2000,"absolute","K3",0.25,2.5,"depth6_reference","depth8_refined","ED1_007_TWO_ROOT_SV_POWER_n2000_depth6_reference","ED1_008_TWO_ROOT_SV_POWER_n2000_depth8_refined","binary","derivative_assisted_requested",254,254,254,254,254,0,0,0,0,0,0,0,0.0148985304313125,0,0,0,0,0,0,0,0
"enclosure_depth_v001","depth8_refined_minus_depth6_reference","maximum continuum-enclosure depth 8 minus 6, with guard depth fixed at 6 and with identical samples, multipliers, B=999, bootstrap grid 0.005, enclosure grid 0.0025, node ceiling 57601, and every remaining inferential setting","ED1_TWO_ROOT_SV_POWER_n4000","diagnostic","TWO_ROOT_SV_POWER",4000,4000,"absolute","K3",0.25,2.5,"depth6_reference","depth8_refined","ED1_009_TWO_ROOT_SV_POWER_n4000_depth6_reference","ED1_010_TWO_ROOT_SV_POWER_n4000_depth8_refined","binary","derivative_assisted_requested",254,254,254,254,254,0,0,0,0,0,0,0,0.0148985304313125,0,0,0,0,0,0,0,0
"enclosure_depth_v001","depth8_refined_minus_depth6_reference","maximum continuum-enclosure depth 8 minus 6, with guard depth fixed at 6 and with identical samples, multipliers, B=999, bootstrap grid 0.005, enclosure grid 0.0025, node ceiling 57601, and every remaining inferential setting","ED1_TWO_ROOT_SV_POWER_n8000","diagnostic","TWO_ROOT_SV_POWER",8000,8000,"absolute","K3",0.25,2.5,"depth6_reference","depth8_refined","ED1_011_TWO_ROOT_SV_POWER_n8000_depth6_reference","ED1_012_TWO_ROOT_SV_POWER_n8000_depth8_refined","binary","derivative_assisted_requested",254,254,254,254,254,0,0,0,0,0,0,0,0.0148985304313125,0,0,0,0,0,0,0,0
"enclosure_depth_v001","depth8_refined_minus_depth6_reference","maximum continuum-enclosure depth 8 minus 6, with guard depth fixed at 6 and with identical samples, multipliers, B=999, bootstrap grid 0.005, enclosure grid 0.0025, node ceiling 57601, and every remaining inferential setting","ED1_TWO_ROOT_SV_POWER_n2000","diagnostic","TWO_ROOT_SV_POWER",2000,2000,"absolute","K3",0.25,2.5,"depth6_reference","depth8_refined","ED1_007_TWO_ROOT_SV_POWER_n2000_depth6_reference","ED1_008_TWO_ROOT_SV_POWER_n2000_depth8_refined","binary","derivative_assisted_same_multiplier_seed",254,254,254,254,0,0,0,0,0,0,,,,,,,,,,,
"enclosure_depth_v001","depth8_refined_minus_depth6_reference","maximum continuum-enclosure depth 8 minus 6, with guard depth fixed at 6 and with identical samples, multipliers, B=999, bootstrap grid 0.005, enclosure grid 0.0025, node ceiling 57601, and every remaining inferential setting","ED1_TWO_ROOT_SV_POWER_n4000","diagnostic","TWO_ROOT_SV_POWER",4000,4000,"absolute","K3",0.25,2.5,"depth6_reference","depth8_refined","ED1_009_TWO_ROOT_SV_POWER_n4000_depth6_reference","ED1_010_TWO_ROOT_SV_POWER_n4000_depth8_refined","binary","derivative_assisted_same_multiplier_seed",254,254,254,254,0,0,0,0,0,0,,,,,,,,,,,
"enclosure_depth_v001","depth8_refined_minus_depth6_reference","maximum continuum-enclosure depth 8 minus 6, with guard depth fixed at 6 and with identical samples, multipliers, B=999, bootstrap grid 0.005, enclosure grid 0.0025, node ceiling 57601, and every remaining inferential setting","ED1_TWO_ROOT_SV_POWER_n8000","diagnostic","TWO_ROOT_SV_POWER",8000,8000,"absolute","K3",0.25,2.5,"depth6_reference","depth8_refined","ED1_011_TWO_ROOT_SV_POWER_n8000_depth6_reference","ED1_012_TWO_ROOT_SV_POWER_n8000_depth8_refined","binary","derivative_assisted_same_multiplier_seed",254,254,254,254,0,0,0,0,0,0,,,,,,,,,,,
"enclosure_depth_v001","depth8_refined_minus_depth6_reference","maximum continuum-enclosure depth 8 minus 6, with guard depth fixed at 6 and with identical samples, multipliers, B=999, bootstrap grid 0.005, enclosure grid 0.0025, node ceiling 57601, and every remaining inferential setting","ED1_TWO_ROOT_SV_POWER_n2000","diagnostic","TWO_ROOT_SV_POWER",2000,2000,"absolute","K3",0.25,2.5,"depth6_reference","depth8_refined","ED1_007_TWO_ROOT_SV_POWER_n2000_depth6_reference","ED1_008_TWO_ROOT_SV_POWER_n2000_depth8_refined","binary","derivative_assisted_value_grid_coverage",254,254,254,254,0,0,0,0,0,0,,,,,,,,,,,
"enclosure_depth_v001","depth8_refined_minus_depth6_reference","maximum continuum-enclosure depth 8 minus 6, with guard depth fixed at 6 and with identical samples, multipliers, B=999, bootstrap grid 0.005, enclosure grid 0.0025, node ceiling 57601, and every remaining inferential setting","ED1_TWO_ROOT_SV_POWER_n4000","diagnostic","TWO_ROOT_SV_POWER",4000,4000,"absolute","K3",0.25,2.5,"depth6_reference","depth8_refined","ED1_009_TWO_ROOT_SV_POWER_n4000_depth6_reference","ED1_010_TWO_ROOT_SV_POWER_n4000_depth8_refined","binary","derivative_assisted_value_grid_coverage",254,254,254,254,0,0,0,0,0,0,,,,,,,,,,,
"enclosure_depth_v001","depth8_refined_minus_depth6_reference","maximum continuum-enclosure depth 8 minus 6, with guard depth fixed at 6 and with identical samples, multipliers, B=999, bootstrap grid 0.005, enclosure grid 0.0025, node ceiling 57601, and every remaining inferential setting","ED1_TWO_ROOT_SV_POWER_n8000","diagnostic","TWO_ROOT_SV_POWER",8000,8000,"absolute","K3",0.25,2.5,"depth6_reference","depth8_refined","ED1_011_TWO_ROOT_SV_POWER_n8000_depth6_reference","ED1_012_TWO_ROOT_SV_POWER_n8000_depth8_refined","binary","derivative_assisted_value_grid_coverage",254,254,254,254,0,0,0,0,0,0,,,,,,,,,,,
"enclosure_depth_v001","depth8_refined_minus_depth6_reference","maximum continuum-enclosure depth 8 minus 6, with guard depth fixed at 6 and with identical samples, multipliers, B=999, bootstrap grid 0.005, enclosure grid 0.0025, node ceiling 57601, and every remaining inferential setting","ED1_TWO_ROOT_SV_POWER_n2000","diagnostic","TWO_ROOT_SV_POWER",2000,2000,"absolute","K3",0.25,2.5,"depth6_reference","depth8_refined","ED1_007_TWO_ROOT_SV_POWER_n2000_depth6_reference","ED1_008_TWO_ROOT_SV_POWER_n2000_depth8_refined","binary","direction_correct",254,254,254,254,95,93,93,0,0,0,0,0,0.0388648535394729,0.978947368421053,0.978947368421053,0,0,0,0,0,0
"enclosure_depth_v001","depth8_refined_minus_depth6_reference","maximum continuum-enclosure depth 8 minus 6, with guard depth fixed at 6 and with identical samples, multipliers, B=999, bootstrap grid 0.005, enclosure grid 0.0025, node ceiling 57601, and every remaining inferential setting","ED1_TWO_ROOT_SV_POWER_n4000","diagnostic","TWO_ROOT_SV_POWER",4000,4000,"absolute","K3",0.25,2.5,"depth6_reference","depth8_refined","ED1_009_TWO_ROOT_SV_POWER_n4000_depth6_reference","ED1_010_TWO_ROOT_SV_POWER_n4000_depth8_refined","binary","direction_correct",254,254,254,254,191,190,190,0,0,0,0,0,0.0197158184092087,0.994764397905759,0.994764397905759,0,0,0,0,0,0
"enclosure_depth_v001","depth8_refined_minus_depth6_reference","maximum continuum-enclosure depth 8 minus 6, with guard depth fixed at 6 and with identical samples, multipliers, B=999, bootstrap grid 0.005, enclosure grid 0.0025, node ceiling 57601, and every remaining inferential setting","ED1_TWO_ROOT_SV_POWER_n8000","diagnostic","TWO_ROOT_SV_POWER",8000,8000,"absolute","K3",0.25,2.5,"depth6_reference","depth8_refined","ED1_011_TWO_ROOT_SV_POWER_n8000_depth6_reference","ED1_012_TWO_ROOT_SV_POWER_n8000_depth8_refined","binary","direction_correct",254,254,254,254,246,245,245,0,0,0,0,0,0.0153755859368843,0.995934959349594,0.995934959349594,0,0,0,0,0,0
"enclosure_depth_v001","depth8_refined_minus_depth6_reference","maximum continuum-enclosure depth 8 minus 6, with guard depth fixed at 6 and with identical samples, multipliers, B=999, bootstrap grid 0.005, enclosure grid 0.0025, node ceiling 57601, and every remaining inferential setting","ED1_TWO_ROOT_SV_POWER_n2000","diagnostic","TWO_ROOT_SV_POWER",2000,2000,"absolute","K3",0.25,2.5,"depth6_reference","depth8_refined","ED1_007_TWO_ROOT_SV_POWER_n2000_depth6_reference","ED1_008_TWO_ROOT_SV_POWER_n2000_depth8_refined","binary","enclosure_depth_limit_hit",254,254,254,254,254,113,26,87,0,87,0.34251968503937,0.286894770181182,0.402837050427105,0.44488188976378,0.102362204724409,-0.34251968503937,0.475489294076037,0.0298348517849054,-1,0,0
"enclosure_depth_v001","depth8_refined_minus_depth6_reference","maximum continuum-enclosure depth 8 minus 6, with guard depth fixed at 6 and with identical samples, multipliers, B=999, bootstrap grid 0.005, enclosure grid 0.0025, node ceiling 57601, and every remaining inferential setting","ED1_TWO_ROOT_SV_POWER_n4000","diagnostic","TWO_ROOT_SV_POWER",4000,4000,"absolute","K3",0.25,2.5,"depth6_reference","depth8_refined","ED1_009_TWO_ROOT_SV_POWER_n4000_depth6_reference","ED1_010_TWO_ROOT_SV_POWER_n4000_depth8_refined","binary","enclosure_depth_limit_hit",254,254,254,254,254,156,62,94,0,94,0.37007874015748,0.313049140085418,0.43097961191642,0.614173228346457,0.244094488188976,-0.37007874015748,0.4837787624614,0.0303549792908959,-1,0,0
"enclosure_depth_v001","depth8_refined_minus_depth6_reference","maximum continuum-enclosure depth 8 minus 6, with guard depth fixed at 6 and with identical samples, multipliers, B=999, bootstrap grid 0.005, enclosure grid 0.0025, node ceiling 57601, and every remaining inferential setting","ED1_TWO_ROOT_SV_POWER_n8000","diagnostic","TWO_ROOT_SV_POWER",8000,8000,"absolute","K3",0.25,2.5,"depth6_reference","depth8_refined","ED1_011_TWO_ROOT_SV_POWER_n8000_depth6_reference","ED1_012_TWO_ROOT_SV_POWER_n8000_depth8_refined","binary","enclosure_depth_limit_hit",254,254,254,254,254,156,51,105,0,105,0.413385826771654,0.354555299220842,0.474797202113716,0.614173228346457,0.200787401574803,-0.413385826771654,0.493413087640815,0.0309594906171372,-1,0,0
"enclosure_depth_v001","depth8_refined_minus_depth6_reference","maximum continuum-enclosure depth 8 minus 6, with guard depth fixed at 6 and with identical samples, multipliers, B=999, bootstrap grid 0.005, enclosure grid 0.0025, node ceiling 57601, and every remaining inferential setting","ED1_TWO_ROOT_SV_POWER_n2000","diagnostic","TWO_ROOT_SV_POWER",2000,2000,"absolute","K3",0.25,2.5,"depth6_reference","depth8_refined","ED1_007_TWO_ROOT_SV_POWER_n2000_depth6_reference","ED1_008_TWO_ROOT_SV_POWER_n2000_depth8_refined","binary","enclosure_limit_hit",254,254,254,254,254,113,26,87,0,87,0.34251968503937,0.286894770181182,0.402837050427105,0.44488188976378,0.102362204724409,-0.34251968503937,0.475489294076037,0.0298348517849054,-1,0,0
"enclosure_depth_v001","depth8_refined_minus_depth6_reference","maximum continuum-enclosure depth 8 minus 6, with guard depth fixed at 6 and with identical samples, multipliers, B=999, bootstrap grid 0.005, enclosure grid 0.0025, node ceiling 57601, and every remaining inferential setting","ED1_TWO_ROOT_SV_POWER_n4000","diagnostic","TWO_ROOT_SV_POWER",4000,4000,"absolute","K3",0.25,2.5,"depth6_reference","depth8_refined","ED1_009_TWO_ROOT_SV_POWER_n4000_depth6_reference","ED1_010_TWO_ROOT_SV_POWER_n4000_depth8_refined","binary","enclosure_limit_hit",254,254,254,254,254,156,62,94,0,94,0.37007874015748,0.313049140085418,0.43097961191642,0.614173228346457,0.244094488188976,-0.37007874015748,0.4837787624614,0.0303549792908959,-1,0,0
"enclosure_depth_v001","depth8_refined_minus_depth6_reference","maximum continuum-enclosure depth 8 minus 6, with guard depth fixed at 6 and with identical samples, multipliers, B=999, bootstrap grid 0.005, enclosure grid 0.0025, node ceiling 57601, and every remaining inferential setting","ED1_TWO_ROOT_SV_POWER_n8000","diagnostic","TWO_ROOT_SV_POWER",8000,8000,"absolute","K3",0.25,2.5,"depth6_reference","depth8_refined","ED1_011_TWO_ROOT_SV_POWER_n8000_depth6_reference","ED1_012_TWO_ROOT_SV_POWER_n8000_depth8_refined","binary","enclosure_limit_hit",254,254,254,254,254,156,51,105,0,105,0.413385826771654,0.354555299220842,0.474797202113716,0.614173228346457,0.200787401574803,-0.413385826771654,0.493413087640815,0.0309594906171372,-1,0,0
"enclosure_depth_v001","depth8_refined_minus_depth6_reference","maximum continuum-enclosure depth 8 minus 6, with guard depth fixed at 6 and with identical samples, multipliers, B=999, bootstrap grid 0.005, enclosure grid 0.0025, node ceiling 57601, and every remaining inferential setting","ED1_TWO_ROOT_SV_POWER_n2000","diagnostic","TWO_ROOT_SV_POWER",2000,2000,"absolute","K3",0.25,2.5,"depth6_reference","depth8_refined","ED1_007_TWO_ROOT_SV_POWER_n2000_depth6_reference","ED1_008_TWO_ROOT_SV_POWER_n2000_depth8_refined","binary","enclosure_node_limit_hit",254,254,254,254,254,0,0,0,0,0,0,0,0.0148985304313125,0,0,0,0,0,0,0,0
"enclosure_depth_v001","depth8_refined_minus_depth6_reference","maximum continuum-enclosure depth 8 minus 6, with guard depth fixed at 6 and with identical samples, multipliers, B=999, bootstrap grid 0.005, enclosure grid 0.0025, node ceiling 57601, and every remaining inferential setting","ED1_TWO_ROOT_SV_POWER_n4000","diagnostic","TWO_ROOT_SV_POWER",4000,4000,"absolute","K3",0.25,2.5,"depth6_reference","depth8_refined","ED1_009_TWO_ROOT_SV_POWER_n4000_depth6_reference","ED1_010_TWO_ROOT_SV_POWER_n4000_depth8_refined","binary","enclosure_node_limit_hit",254,254,254,254,254,0,0,0,0,0,0,0,0.0148985304313125,0,0,0,0,0,0,0,0
"enclosure_depth_v001","depth8_refined_minus_depth6_reference","maximum continuum-enclosure depth 8 minus 6, with guard depth fixed at 6 and with identical samples, multipliers, B=999, bootstrap grid 0.005, enclosure grid 0.0025, node ceiling 57601, and every remaining inferential setting","ED1_TWO_ROOT_SV_POWER_n8000","diagnostic","TWO_ROOT_SV_POWER",8000,8000,"absolute","K3",0.25,2.5,"depth6_reference","depth8_refined","ED1_011_TWO_ROOT_SV_POWER_n8000_depth6_reference","ED1_012_TWO_ROOT_SV_POWER_n8000_depth8_refined","binary","enclosure_node_limit_hit",254,254,254,254,254,0,0,0,0,0,0,0,0.0148985304313125,0,0,0,0,0,0,0,0
"enclosure_depth_v001","depth8_refined_minus_depth6_reference","maximum continuum-enclosure depth 8 minus 6, with guard depth fixed at 6 and with identical samples, multipliers, B=999, bootstrap grid 0.005, enclosure grid 0.0025, node ceiling 57601, and every remaining inferential setting","ED1_TWO_ROOT_SV_POWER_n2000","diagnostic","TWO_ROOT_SV_POWER",2000,2000,"absolute","K3",0.25,2.5,"depth6_reference","depth8_refined","ED1_007_TWO_ROOT_SV_POWER_n2000_depth6_reference","ED1_008_TWO_ROOT_SV_POWER_n2000_depth8_refined","binary","enclosure_statistical_limit_hit",254,254,254,254,254,113,26,87,0,87,0.34251968503937,0.286894770181182,0.402837050427105,0.44488188976378,0.102362204724409,-0.34251968503937,0.475489294076037,0.0298348517849054,-1,0,0
"enclosure_depth_v001","depth8_refined_minus_depth6_reference","maximum continuum-enclosure depth 8 minus 6, with guard depth fixed at 6 and with identical samples, multipliers, B=999, bootstrap grid 0.005, enclosure grid 0.0025, node ceiling 57601, and every remaining inferential setting","ED1_TWO_ROOT_SV_POWER_n4000","diagnostic","TWO_ROOT_SV_POWER",4000,4000,"absolute","K3",0.25,2.5,"depth6_reference","depth8_refined","ED1_009_TWO_ROOT_SV_POWER_n4000_depth6_reference","ED1_010_TWO_ROOT_SV_POWER_n4000_depth8_refined","binary","enclosure_statistical_limit_hit",254,254,254,254,254,156,62,94,0,94,0.37007874015748,0.313049140085418,0.43097961191642,0.614173228346457,0.244094488188976,-0.37007874015748,0.4837787624614,0.0303549792908959,-1,0,0
"enclosure_depth_v001","depth8_refined_minus_depth6_reference","maximum continuum-enclosure depth 8 minus 6, with guard depth fixed at 6 and with identical samples, multipliers, B=999, bootstrap grid 0.005, enclosure grid 0.0025, node ceiling 57601, and every remaining inferential setting","ED1_TWO_ROOT_SV_POWER_n8000","diagnostic","TWO_ROOT_SV_POWER",8000,8000,"absolute","K3",0.25,2.5,"depth6_reference","depth8_refined","ED1_011_TWO_ROOT_SV_POWER_n8000_depth6_reference","ED1_012_TWO_ROOT_SV_POWER_n8000_depth8_refined","binary","enclosure_statistical_limit_hit",254,254,254,254,254,156,51,105,0,105,0.413385826771654,0.354555299220842,0.474797202113716,0.614173228346457,0.200787401574803,-0.413385826771654,0.493413087640815,0.0309594906171372,-1,0,0
"enclosure_depth_v001","depth8_refined_minus_depth6_reference","maximum continuum-enclosure depth 8 minus 6, with guard depth fixed at 6 and with identical samples, multipliers, B=999, bootstrap grid 0.005, enclosure grid 0.0025, node ceiling 57601, and every remaining inferential setting","ED1_TWO_ROOT_SV_POWER_n2000","diagnostic","TWO_ROOT_SV_POWER",2000,2000,"absolute","K3",0.25,2.5,"depth6_reference","depth8_refined","ED1_007_TWO_ROOT_SV_POWER_n2000_depth6_reference","ED1_008_TWO_ROOT_SV_POWER_n2000_depth8_refined","binary","enclosure_variance_limit_hit",254,254,254,254,254,0,0,0,0,0,0,0,0.0148985304313125,0,0,0,0,0,0,0,0
"enclosure_depth_v001","depth8_refined_minus_depth6_reference","maximum continuum-enclosure depth 8 minus 6, with guard depth fixed at 6 and with identical samples, multipliers, B=999, bootstrap grid 0.005, enclosure grid 0.0025, node ceiling 57601, and every remaining inferential setting","ED1_TWO_ROOT_SV_POWER_n4000","diagnostic","TWO_ROOT_SV_POWER",4000,4000,"absolute","K3",0.25,2.5,"depth6_reference","depth8_refined","ED1_009_TWO_ROOT_SV_POWER_n4000_depth6_reference","ED1_010_TWO_ROOT_SV_POWER_n4000_depth8_refined","binary","enclosure_variance_limit_hit",254,254,254,254,254,0,0,0,0,0,0,0,0.0148985304313125,0,0,0,0,0,0,0,0
"enclosure_depth_v001","depth8_refined_minus_depth6_reference","maximum continuum-enclosure depth 8 minus 6, with guard depth fixed at 6 and with identical samples, multipliers, B=999, bootstrap grid 0.005, enclosure grid 0.0025, node ceiling 57601, and every remaining inferential setting","ED1_TWO_ROOT_SV_POWER_n8000","diagnostic","TWO_ROOT_SV_POWER",8000,8000,"absolute","K3",0.25,2.5,"depth6_reference","depth8_refined","ED1_011_TWO_ROOT_SV_POWER_n8000_depth6_reference","ED1_012_TWO_ROOT_SV_POWER_n8000_depth8_refined","binary","enclosure_variance_limit_hit",254,254,254,254,254,0,0,0,0,0,0,0,0.0148985304313125,0,0,0,0,0,0,0,0
"enclosure_depth_v001","depth8_refined_minus_depth6_reference","maximum continuum-enclosure depth 8 minus 6, with guard depth fixed at 6 and with identical samples, multipliers, B=999, bootstrap grid 0.005, enclosure grid 0.0025, node ceiling 57601, and every remaining inferential setting","ED1_TWO_ROOT_SV_POWER_n2000","diagnostic","TWO_ROOT_SV_POWER",2000,2000,"absolute","K3",0.25,2.5,"depth6_reference","depth8_refined","ED1_007_TWO_ROOT_SV_POWER_n2000_depth6_reference","ED1_008_TWO_ROOT_SV_POWER_n2000_depth8_refined","binary","exact_count_certified",254,254,254,254,254,92,92,0,0,0,0,0,0.0148985304313125,0.362204724409449,0.362204724409449,0,0,0,0,0,0
"enclosure_depth_v001","depth8_refined_minus_depth6_reference","maximum continuum-enclosure depth 8 minus 6, with guard depth fixed at 6 and with identical samples, multipliers, B=999, bootstrap grid 0.005, enclosure grid 0.0025, node ceiling 57601, and every remaining inferential setting","ED1_TWO_ROOT_SV_POWER_n4000","diagnostic","TWO_ROOT_SV_POWER",4000,4000,"absolute","K3",0.25,2.5,"depth6_reference","depth8_refined","ED1_009_TWO_ROOT_SV_POWER_n4000_depth6_reference","ED1_010_TWO_ROOT_SV_POWER_n4000_depth8_refined","binary","exact_count_certified",254,254,254,254,254,191,191,0,0,0,0,0,0.0148985304313125,0.751968503937008,0.751968503937008,0,0,0,0,0,0
"enclosure_depth_v001","depth8_refined_minus_depth6_reference","maximum continuum-enclosure depth 8 minus 6, with guard depth fixed at 6 and with identical samples, multipliers, B=999, bootstrap grid 0.005, enclosure grid 0.0025, node ceiling 57601, and every remaining inferential setting","ED1_TWO_ROOT_SV_POWER_n8000","diagnostic","TWO_ROOT_SV_POWER",8000,8000,"absolute","K3",0.25,2.5,"depth6_reference","depth8_refined","ED1_011_TWO_ROOT_SV_POWER_n8000_depth6_reference","ED1_012_TWO_ROOT_SV_POWER_n8000_depth8_refined","binary","exact_count_certified",254,254,254,254,254,246,246,0,0,0,0,0,0.0148985304313125,0.968503937007874,0.968503937007874,0,0,0,0,0,0
"enclosure_depth_v001","depth8_refined_minus_depth6_reference","maximum continuum-enclosure depth 8 minus 6, with guard depth fixed at 6 and with identical samples, multipliers, B=999, bootstrap grid 0.005, enclosure grid 0.0025, node ceiling 57601, and every remaining inferential setting","ED1_TWO_ROOT_SV_POWER_n2000","diagnostic","TWO_ROOT_SV_POWER",2000,2000,"absolute","K3",0.25,2.5,"depth6_reference","depth8_refined","ED1_007_TWO_ROOT_SV_POWER_n2000_depth6_reference","ED1_008_TWO_ROOT_SV_POWER_n2000_depth8_refined","binary","exact_count_statement_true",254,254,254,254,254,254,254,0,0,0,0,0,0.0148985304313125,1,1,0,0,0,0,0,0
"enclosure_depth_v001","depth8_refined_minus_depth6_reference","maximum continuum-enclosure depth 8 minus 6, with guard depth fixed at 6 and with identical samples, multipliers, B=999, bootstrap grid 0.005, enclosure grid 0.0025, node ceiling 57601, and every remaining inferential setting","ED1_TWO_ROOT_SV_POWER_n4000","diagnostic","TWO_ROOT_SV_POWER",4000,4000,"absolute","K3",0.25,2.5,"depth6_reference","depth8_refined","ED1_009_TWO_ROOT_SV_POWER_n4000_depth6_reference","ED1_010_TWO_ROOT_SV_POWER_n4000_depth8_refined","binary","exact_count_statement_true",254,254,254,254,254,254,254,0,0,0,0,0,0.0148985304313125,1,1,0,0,0,0,0,0
"enclosure_depth_v001","depth8_refined_minus_depth6_reference","maximum continuum-enclosure depth 8 minus 6, with guard depth fixed at 6 and with identical samples, multipliers, B=999, bootstrap grid 0.005, enclosure grid 0.0025, node ceiling 57601, and every remaining inferential setting","ED1_TWO_ROOT_SV_POWER_n8000","diagnostic","TWO_ROOT_SV_POWER",8000,8000,"absolute","K3",0.25,2.5,"depth6_reference","depth8_refined","ED1_011_TWO_ROOT_SV_POWER_n8000_depth6_reference","ED1_012_TWO_ROOT_SV_POWER_n8000_depth8_refined","binary","exact_count_statement_true",254,254,254,254,254,254,254,0,0,0,0,0,0.0148985304313125,1,1,0,0,0,0,0,0
"enclosure_depth_v001","depth8_refined_minus_depth6_reference","maximum continuum-enclosure depth 8 minus 6, with guard depth fixed at 6 and with identical samples, multipliers, B=999, bootstrap grid 0.005, enclosure grid 0.0025, node ceiling 57601, and every remaining inferential setting","ED1_TWO_ROOT_SV_POWER_n2000","diagnostic","TWO_ROOT_SV_POWER",2000,2000,"absolute","K3",0.25,2.5,"depth6_reference","depth8_refined","ED1_007_TWO_ROOT_SV_POWER_n2000_depth6_reference","ED1_008_TWO_ROOT_SV_POWER_n2000_depth8_refined","binary","false_bracket_report",254,254,254,254,254,2,2,0,0,0,0,0,0.0148985304313125,0.0078740157480315,0.0078740157480315,0,0,0,0,0,0
"enclosure_depth_v001","depth8_refined_minus_depth6_reference","maximum continuum-enclosure depth 8 minus 6, with guard depth fixed at 6 and with identical samples, multipliers, B=999, bootstrap grid 0.005, enclosure grid 0.0025, node ceiling 57601, and every remaining inferential setting","ED1_TWO_ROOT_SV_POWER_n4000","diagnostic","TWO_ROOT_SV_POWER",4000,4000,"absolute","K3",0.25,2.5,"depth6_reference","depth8_refined","ED1_009_TWO_ROOT_SV_POWER_n4000_depth6_reference","ED1_010_TWO_ROOT_SV_POWER_n4000_depth8_refined","binary","false_bracket_report",254,254,254,254,254,1,1,0,0,0,0,0,0.0148985304313125,0.00393700787401575,0.00393700787401575,0,0,0,0,0,0
"enclosure_depth_v001","depth8_refined_minus_depth6_reference","maximum continuum-enclosure depth 8 minus 6, with guard depth fixed at 6 and with identical samples, multipliers, B=999, bootstrap grid 0.005, enclosure grid 0.0025, node ceiling 57601, and every remaining inferential setting","ED1_TWO_ROOT_SV_POWER_n8000","diagnostic","TWO_ROOT_SV_POWER",8000,8000,"absolute","K3",0.25,2.5,"depth6_reference","depth8_refined","ED1_011_TWO_ROOT_SV_POWER_n8000_depth6_reference","ED1_012_TWO_ROOT_SV_POWER_n8000_depth8_refined","binary","false_bracket_report",254,254,254,254,254,1,1,0,0,0,0,0,0.0148985304313125,0.00393700787401575,0.00393700787401575,0,0,0,0,0,0
"enclosure_depth_v001","depth8_refined_minus_depth6_reference","maximum continuum-enclosure depth 8 minus 6, with guard depth fixed at 6 and with identical samples, multipliers, B=999, bootstrap grid 0.005, enclosure grid 0.0025, node ceiling 57601, and every remaining inferential setting","ED1_TWO_ROOT_SV_POWER_n2000","diagnostic","TWO_ROOT_SV_POWER",2000,2000,"absolute","K3",0.25,2.5,"depth6_reference","depth8_refined","ED1_007_TWO_ROOT_SV_POWER_n2000_depth6_reference","ED1_008_TWO_ROOT_SV_POWER_n2000_depth8_refined","binary","false_budget_rejection",254,254,254,254,254,0,0,0,0,0,0,0,0.0148985304313125,0,0,0,0,0,0,0,0
"enclosure_depth_v001","depth8_refined_minus_depth6_reference","maximum continuum-enclosure depth 8 minus 6, with guard depth fixed at 6 and with identical samples, multipliers, B=999, bootstrap grid 0.005, enclosure grid 0.0025, node ceiling 57601, and every remaining inferential setting","ED1_TWO_ROOT_SV_POWER_n4000","diagnostic","TWO_ROOT_SV_POWER",4000,4000,"absolute","K3",0.25,2.5,"depth6_reference","depth8_refined","ED1_009_TWO_ROOT_SV_POWER_n4000_depth6_reference","ED1_010_TWO_ROOT_SV_POWER_n4000_depth8_refined","binary","false_budget_rejection",254,254,254,254,254,0,0,0,0,0,0,0,0.0148985304313125,0,0,0,0,0,0,0,0
"enclosure_depth_v001","depth8_refined_minus_depth6_reference","maximum continuum-enclosure depth 8 minus 6, with guard depth fixed at 6 and with identical samples, multipliers, B=999, bootstrap grid 0.005, enclosure grid 0.0025, node ceiling 57601, and every remaining inferential setting","ED1_TWO_ROOT_SV_POWER_n8000","diagnostic","TWO_ROOT_SV_POWER",8000,8000,"absolute","K3",0.25,2.5,"depth6_reference","depth8_refined","ED1_011_TWO_ROOT_SV_POWER_n8000_depth6_reference","ED1_012_TWO_ROOT_SV_POWER_n8000_depth8_refined","binary","false_budget_rejection",254,254,254,254,254,0,0,0,0,0,0,0,0.0148985304313125,0,0,0,0,0,0,0,0
"enclosure_depth_v001","depth8_refined_minus_depth6_reference","maximum continuum-enclosure depth 8 minus 6, with guard depth fixed at 6 and with identical samples, multipliers, B=999, bootstrap grid 0.005, enclosure grid 0.0025, node ceiling 57601, and every remaining inferential setting","ED1_TWO_ROOT_SV_POWER_n2000","diagnostic","TWO_ROOT_SV_POWER",2000,2000,"absolute","K3",0.25,2.5,"depth6_reference","depth8_refined","ED1_007_TWO_ROOT_SV_POWER_n2000_depth6_reference","ED1_008_TWO_ROOT_SV_POWER_n2000_depth8_refined","binary","false_direction_report",254,254,254,254,254,2,2,0,0,0,0,0,0.0148985304313125,0.0078740157480315,0.0078740157480315,0,0,0,0,0,0
"enclosure_depth_v001","depth8_refined_minus_depth6_reference","maximum continuum-enclosure depth 8 minus 6, with guard depth fixed at 6 and with identical samples, multipliers, B=999, bootstrap grid 0.005, enclosure grid 0.0025, node ceiling 57601, and every remaining inferential setting","ED1_TWO_ROOT_SV_POWER_n4000","diagnostic","TWO_ROOT_SV_POWER",4000,4000,"absolute","K3",0.25,2.5,"depth6_reference","depth8_refined","ED1_009_TWO_ROOT_SV_POWER_n4000_depth6_reference","ED1_010_TWO_ROOT_SV_POWER_n4000_depth8_refined","binary","false_direction_report",254,254,254,254,254,1,1,0,0,0,0,0,0.0148985304313125,0.00393700787401575,0.00393700787401575,0,0,0,0,0,0
"enclosure_depth_v001","depth8_refined_minus_depth6_reference","maximum continuum-enclosure depth 8 minus 6, with guard depth fixed at 6 and with identical samples, multipliers, B=999, bootstrap grid 0.005, enclosure grid 0.0025, node ceiling 57601, and every remaining inferential setting","ED1_TWO_ROOT_SV_POWER_n8000","diagnostic","TWO_ROOT_SV_POWER",8000,8000,"absolute","K3",0.25,2.5,"depth6_reference","depth8_refined","ED1_011_TWO_ROOT_SV_POWER_n8000_depth6_reference","ED1_012_TWO_ROOT_SV_POWER_n8000_depth8_refined","binary","false_direction_report",254,254,254,254,254,1,1,0,0,0,0,0,0.0148985304313125,0.00393700787401575,0.00393700787401575,0,0,0,0,0,0
"enclosure_depth_v001","depth8_refined_minus_depth6_reference","maximum continuum-enclosure depth 8 minus 6, with guard depth fixed at 6 and with identical samples, multipliers, B=999, bootstrap grid 0.005, enclosure grid 0.0025, node ceiling 57601, and every remaining inferential setting","ED1_TWO_ROOT_SV_POWER_n2000","diagnostic","TWO_ROOT_SV_POWER",2000,2000,"absolute","K3",0.25,2.5,"depth6_reference","depth8_refined","ED1_007_TWO_ROOT_SV_POWER_n2000_depth6_reference","ED1_008_TWO_ROOT_SV_POWER_n2000_depth8_refined","binary","false_exact_count_report",254,254,254,254,254,0,0,0,0,0,0,0,0.0148985304313125,0,0,0,0,0,0,0,0
"enclosure_depth_v001","depth8_refined_minus_depth6_reference","maximum continuum-enclosure depth 8 minus 6, with guard depth fixed at 6 and with identical samples, multipliers, B=999, bootstrap grid 0.005, enclosure grid 0.0025, node ceiling 57601, and every remaining inferential setting","ED1_TWO_ROOT_SV_POWER_n4000","diagnostic","TWO_ROOT_SV_POWER",4000,4000,"absolute","K3",0.25,2.5,"depth6_reference","depth8_refined","ED1_009_TWO_ROOT_SV_POWER_n4000_depth6_reference","ED1_010_TWO_ROOT_SV_POWER_n4000_depth8_refined","binary","false_exact_count_report",254,254,254,254,254,0,0,0,0,0,0,0,0.0148985304313125,0,0,0,0,0,0,0,0
"enclosure_depth_v001","depth8_refined_minus_depth6_reference","maximum continuum-enclosure depth 8 minus 6, with guard depth fixed at 6 and with identical samples, multipliers, B=999, bootstrap grid 0.005, enclosure grid 0.0025, node ceiling 57601, and every remaining inferential setting","ED1_TWO_ROOT_SV_POWER_n8000","diagnostic","TWO_ROOT_SV_POWER",8000,8000,"absolute","K3",0.25,2.5,"depth6_reference","depth8_refined","ED1_011_TWO_ROOT_SV_POWER_n8000_depth6_reference","ED1_012_TWO_ROOT_SV_POWER_n8000_depth8_refined","binary","false_exact_count_report",254,254,254,254,254,0,0,0,0,0,0,0,0.0148985304313125,0,0,0,0,0,0,0,0
"enclosure_depth_v001","depth8_refined_minus_depth6_reference","maximum continuum-enclosure depth 8 minus 6, with guard depth fixed at 6 and with identical samples, multipliers, B=999, bootstrap grid 0.005, enclosure grid 0.0025, node ceiling 57601, and every remaining inferential setting","ED1_TWO_ROOT_SV_POWER_n2000","diagnostic","TWO_ROOT_SV_POWER",2000,2000,"absolute","K3",0.25,2.5,"depth6_reference","depth8_refined","ED1_007_TWO_ROOT_SV_POWER_n2000_depth6_reference","ED1_008_TWO_ROOT_SV_POWER_n2000_depth8_refined","binary","false_no_root_report",254,254,254,254,254,0,0,0,0,0,0,0,0.0148985304313125,0,0,0,0,0,0,0,0
"enclosure_depth_v001","depth8_refined_minus_depth6_reference","maximum continuum-enclosure depth 8 minus 6, with guard depth fixed at 6 and with identical samples, multipliers, B=999, bootstrap grid 0.005, enclosure grid 0.0025, node ceiling 57601, and every remaining inferential setting","ED1_TWO_ROOT_SV_POWER_n4000","diagnostic","TWO_ROOT_SV_POWER",4000,4000,"absolute","K3",0.25,2.5,"depth6_reference","depth8_refined","ED1_009_TWO_ROOT_SV_POWER_n4000_depth6_reference","ED1_010_TWO_ROOT_SV_POWER_n4000_depth8_refined","binary","false_no_root_report",254,254,254,254,254,0,0,0,0,0,0,0,0.0148985304313125,0,0,0,0,0,0,0,0
"enclosure_depth_v001","depth8_refined_minus_depth6_reference","maximum continuum-enclosure depth 8 minus 6, with guard depth fixed at 6 and with identical samples, multipliers, B=999, bootstrap grid 0.005, enclosure grid 0.0025, node ceiling 57601, and every remaining inferential setting","ED1_TWO_ROOT_SV_POWER_n8000","diagnostic","TWO_ROOT_SV_POWER",8000,8000,"absolute","K3",0.25,2.5,"depth6_reference","depth8_refined","ED1_011_TWO_ROOT_SV_POWER_n8000_depth6_reference","ED1_012_TWO_ROOT_SV_POWER_n8000_depth8_refined","binary","false_no_root_report",254,254,254,254,254,0,0,0,0,0,0,0,0.0148985304313125,0,0,0,0,0,0,0,0
"enclosure_depth_v001","depth8_refined_minus_depth6_reference","maximum continuum-enclosure depth 8 minus 6, with guard depth fixed at 6 and with identical samples, multipliers, B=999, bootstrap grid 0.005, enclosure grid 0.0025, node ceiling 57601, and every remaining inferential setting","ED1_TWO_ROOT_SV_POWER_n2000","diagnostic","TWO_ROOT_SV_POWER",2000,2000,"absolute","K3",0.25,2.5,"depth6_reference","depth8_refined","ED1_007_TWO_ROOT_SV_POWER_n2000_depth6_reference","ED1_008_TWO_ROOT_SV_POWER_n2000_depth8_refined","binary","false_outer_report",254,254,254,254,254,7,7,0,0,0,0,0,0.0148985304313125,0.0275590551181102,0.0275590551181102,0,0,0,0,0,0
"enclosure_depth_v001","depth8_refined_minus_depth6_reference","maximum continuum-enclosure depth 8 minus 6, with guard depth fixed at 6 and with identical samples, multipliers, B=999, bootstrap grid 0.005, enclosure grid 0.0025, node ceiling 57601, and every remaining inferential setting","ED1_TWO_ROOT_SV_POWER_n4000","diagnostic","TWO_ROOT_SV_POWER",4000,4000,"absolute","K3",0.25,2.5,"depth6_reference","depth8_refined","ED1_009_TWO_ROOT_SV_POWER_n4000_depth6_reference","ED1_010_TWO_ROOT_SV_POWER_n4000_depth8_refined","binary","false_outer_report",254,254,254,254,254,7,7,0,0,0,0,0,0.0148985304313125,0.0275590551181102,0.0275590551181102,0,0,0,0,0,0
"enclosure_depth_v001","depth8_refined_minus_depth6_reference","maximum continuum-enclosure depth 8 minus 6, with guard depth fixed at 6 and with identical samples, multipliers, B=999, bootstrap grid 0.005, enclosure grid 0.0025, node ceiling 57601, and every remaining inferential setting","ED1_TWO_ROOT_SV_POWER_n8000","diagnostic","TWO_ROOT_SV_POWER",8000,8000,"absolute","K3",0.25,2.5,"depth6_reference","depth8_refined","ED1_011_TWO_ROOT_SV_POWER_n8000_depth6_reference","ED1_012_TWO_ROOT_SV_POWER_n8000_depth8_refined","binary","false_outer_report",254,254,254,254,254,5,5,0,0,0,0,0,0.0148985304313125,0.0196850393700787,0.0196850393700787,0,0,0,0,0,0
"enclosure_depth_v001","depth8_refined_minus_depth6_reference","maximum continuum-enclosure depth 8 minus 6, with guard depth fixed at 6 and with identical samples, multipliers, B=999, bootstrap grid 0.005, enclosure grid 0.0025, node ceiling 57601, and every remaining inferential setting","ED1_TWO_ROOT_SV_POWER_n2000","diagnostic","TWO_ROOT_SV_POWER",2000,2000,"absolute","K3",0.25,2.5,"depth6_reference","depth8_refined","ED1_007_TWO_ROOT_SV_POWER_n2000_depth6_reference","ED1_008_TWO_ROOT_SV_POWER_n2000_depth8_refined","binary","false_reversal_report",254,254,254,254,254,2,2,0,0,0,0,0,0.0148985304313125,0.0078740157480315,0.0078740157480315,0,0,0,0,0,0
"enclosure_depth_v001","depth8_refined_minus_depth6_reference","maximum continuum-enclosure depth 8 minus 6, with guard depth fixed at 6 and with identical samples, multipliers, B=999, bootstrap grid 0.005, enclosure grid 0.0025, node ceiling 57601, and every remaining inferential setting","ED1_TWO_ROOT_SV_POWER_n4000","diagnostic","TWO_ROOT_SV_POWER",4000,4000,"absolute","K3",0.25,2.5,"depth6_reference","depth8_refined","ED1_009_TWO_ROOT_SV_POWER_n4000_depth6_reference","ED1_010_TWO_ROOT_SV_POWER_n4000_depth8_refined","binary","false_reversal_report",254,254,254,254,254,1,1,0,0,0,0,0,0.0148985304313125,0.00393700787401575,0.00393700787401575,0,0,0,0,0,0
"enclosure_depth_v001","depth8_refined_minus_depth6_reference","maximum continuum-enclosure depth 8 minus 6, with guard depth fixed at 6 and with identical samples, multipliers, B=999, bootstrap grid 0.005, enclosure grid 0.0025, node ceiling 57601, and every remaining inferential setting","ED1_TWO_ROOT_SV_POWER_n8000","diagnostic","TWO_ROOT_SV_POWER",8000,8000,"absolute","K3",0.25,2.5,"depth6_reference","depth8_refined","ED1_011_TWO_ROOT_SV_POWER_n8000_depth6_reference","ED1_012_TWO_ROOT_SV_POWER_n8000_depth8_refined","binary","false_reversal_report",254,254,254,254,254,1,1,0,0,0,0,0,0.0148985304313125,0.00393700787401575,0.00393700787401575,0,0,0,0,0,0
"enclosure_depth_v001","depth8_refined_minus_depth6_reference","maximum continuum-enclosure depth 8 minus 6, with guard depth fixed at 6 and with identical samples, multipliers, B=999, bootstrap grid 0.005, enclosure grid 0.0025, node ceiling 57601, and every remaining inferential setting","ED1_TWO_ROOT_SV_POWER_n2000","diagnostic","TWO_ROOT_SV_POWER",2000,2000,"absolute","K3",0.25,2.5,"depth6_reference","depth8_refined","ED1_007_TWO_ROOT_SV_POWER_n2000_depth6_reference","ED1_008_TWO_ROOT_SV_POWER_n2000_depth8_refined","binary","false_sign_report",254,254,254,254,254,7,7,0,0,0,0,0,0.0148985304313125,0.0275590551181102,0.0275590551181102,0,0,0,0,0,0
"enclosure_depth_v001","depth8_refined_minus_depth6_reference","maximum continuum-enclosure depth 8 minus 6, with guard depth fixed at 6 and with identical samples, multipliers, B=999, bootstrap grid 0.005, enclosure grid 0.0025, node ceiling 57601, and every remaining inferential setting","ED1_TWO_ROOT_SV_POWER_n4000","diagnostic","TWO_ROOT_SV_POWER",4000,4000,"absolute","K3",0.25,2.5,"depth6_reference","depth8_refined","ED1_009_TWO_ROOT_SV_POWER_n4000_depth6_reference","ED1_010_TWO_ROOT_SV_POWER_n4000_depth8_refined","binary","false_sign_report",254,254,254,254,254,9,9,0,0,0,0,0,0.0148985304313125,0.0354330708661417,0.0354330708661417,0,0,0,0,0,0
"enclosure_depth_v001","depth8_refined_minus_depth6_reference","maximum continuum-enclosure depth 8 minus 6, with guard depth fixed at 6 and with identical samples, multipliers, B=999, bootstrap grid 0.005, enclosure grid 0.0025, node ceiling 57601, and every remaining inferential setting","ED1_TWO_ROOT_SV_POWER_n8000","diagnostic","TWO_ROOT_SV_POWER",8000,8000,"absolute","K3",0.25,2.5,"depth6_reference","depth8_refined","ED1_011_TWO_ROOT_SV_POWER_n8000_depth6_reference","ED1_012_TWO_ROOT_SV_POWER_n8000_depth8_refined","binary","false_sign_report",254,254,254,254,254,6,6,0,0,0,0,0,0.0148985304313125,0.0236220472440945,0.0236220472440945,0,0,0,0,0,0
"enclosure_depth_v001","depth8_refined_minus_depth6_reference","maximum continuum-enclosure depth 8 minus 6, with guard depth fixed at 6 and with identical samples, multipliers, B=999, bootstrap grid 0.005, enclosure grid 0.0025, node ceiling 57601, and every remaining inferential setting","ED1_TWO_ROOT_SV_POWER_n2000","diagnostic","TWO_ROOT_SV_POWER",2000,2000,"absolute","K3",0.25,2.5,"depth6_reference","depth8_refined","ED1_007_TWO_ROOT_SV_POWER_n2000_depth6_reference","ED1_008_TWO_ROOT_SV_POWER_n2000_depth8_refined","binary","grid_continuum_no_root_disagreement",254,254,254,254,0,0,0,0,0,0,,,,,,,,,,,
"enclosure_depth_v001","depth8_refined_minus_depth6_reference","maximum continuum-enclosure depth 8 minus 6, with guard depth fixed at 6 and with identical samples, multipliers, B=999, bootstrap grid 0.005, enclosure grid 0.0025, node ceiling 57601, and every remaining inferential setting","ED1_TWO_ROOT_SV_POWER_n4000","diagnostic","TWO_ROOT_SV_POWER",4000,4000,"absolute","K3",0.25,2.5,"depth6_reference","depth8_refined","ED1_009_TWO_ROOT_SV_POWER_n4000_depth6_reference","ED1_010_TWO_ROOT_SV_POWER_n4000_depth8_refined","binary","grid_continuum_no_root_disagreement",254,254,254,254,0,0,0,0,0,0,,,,,,,,,,,
"enclosure_depth_v001","depth8_refined_minus_depth6_reference","maximum continuum-enclosure depth 8 minus 6, with guard depth fixed at 6 and with identical samples, multipliers, B=999, bootstrap grid 0.005, enclosure grid 0.0025, node ceiling 57601, and every remaining inferential setting","ED1_TWO_ROOT_SV_POWER_n8000","diagnostic","TWO_ROOT_SV_POWER",8000,8000,"absolute","K3",0.25,2.5,"depth6_reference","depth8_refined","ED1_011_TWO_ROOT_SV_POWER_n8000_depth6_reference","ED1_012_TWO_ROOT_SV_POWER_n8000_depth8_refined","binary","grid_continuum_no_root_disagreement",254,254,254,254,0,0,0,0,0,0,,,,,,,,,,,
"enclosure_depth_v001","depth8_refined_minus_depth6_reference","maximum continuum-enclosure depth 8 minus 6, with guard depth fixed at 6 and with identical samples, multipliers, B=999, bootstrap grid 0.005, enclosure grid 0.0025, node ceiling 57601, and every remaining inferential setting","ED1_TWO_ROOT_SV_POWER_n2000","diagnostic","TWO_ROOT_SV_POWER",2000,2000,"absolute","K3",0.25,2.5,"depth6_reference","depth8_refined","ED1_007_TWO_ROOT_SV_POWER_n2000_depth6_reference","ED1_008_TWO_ROOT_SV_POWER_n2000_depth8_refined","binary","grid_only_no_root",254,254,254,254,0,0,0,0,0,0,,,,,,,,,,,
"enclosure_depth_v001","depth8_refined_minus_depth6_reference","maximum continuum-enclosure depth 8 minus 6, with guard depth fixed at 6 and with identical samples, multipliers, B=999, bootstrap grid 0.005, enclosure grid 0.0025, node ceiling 57601, and every remaining inferential setting","ED1_TWO_ROOT_SV_POWER_n4000","diagnostic","TWO_ROOT_SV_POWER",4000,4000,"absolute","K3",0.25,2.5,"depth6_reference","depth8_refined","ED1_009_TWO_ROOT_SV_POWER_n4000_depth6_reference","ED1_010_TWO_ROOT_SV_POWER_n4000_depth8_refined","binary","grid_only_no_root",254,254,254,254,0,0,0,0,0,0,,,,,,,,,,,
"enclosure_depth_v001","depth8_refined_minus_depth6_reference","maximum continuum-enclosure depth 8 minus 6, with guard depth fixed at 6 and with identical samples, multipliers, B=999, bootstrap grid 0.005, enclosure grid 0.0025, node ceiling 57601, and every remaining inferential setting","ED1_TWO_ROOT_SV_POWER_n8000","diagnostic","TWO_ROOT_SV_POWER",8000,8000,"absolute","K3",0.25,2.5,"depth6_reference","depth8_refined","ED1_011_TWO_ROOT_SV_POWER_n8000_depth6_reference","ED1_012_TWO_ROOT_SV_POWER_n8000_depth8_refined","binary","grid_only_no_root",254,254,254,254,0,0,0,0,0,0,,,,,,,,,,,
"enclosure_depth_v001","depth8_refined_minus_depth6_reference","maximum continuum-enclosure depth 8 minus 6, with guard depth fixed at 6 and with identical samples, multipliers, B=999, bootstrap grid 0.005, enclosure grid 0.0025, node ceiling 57601, and every remaining inferential setting","ED1_TWO_ROOT_SV_POWER_n2000","diagnostic","TWO_ROOT_SV_POWER",2000,2000,"absolute","K3",0.25,2.5,"depth6_reference","depth8_refined","ED1_007_TWO_ROOT_SV_POWER_n2000_depth6_reference","ED1_008_TWO_ROOT_SV_POWER_n2000_depth8_refined","binary","grid_only_reversal_certified",254,254,254,254,0,0,0,0,0,0,,,,,,,,,,,
"enclosure_depth_v001","depth8_refined_minus_depth6_reference","maximum continuum-enclosure depth 8 minus 6, with guard depth fixed at 6 and with identical samples, multipliers, B=999, bootstrap grid 0.005, enclosure grid 0.0025, node ceiling 57601, and every remaining inferential setting","ED1_TWO_ROOT_SV_POWER_n4000","diagnostic","TWO_ROOT_SV_POWER",4000,4000,"absolute","K3",0.25,2.5,"depth6_reference","depth8_refined","ED1_009_TWO_ROOT_SV_POWER_n4000_depth6_reference","ED1_010_TWO_ROOT_SV_POWER_n4000_depth8_refined","binary","grid_only_reversal_certified",254,254,254,254,0,0,0,0,0,0,,,,,,,,,,,
"enclosure_depth_v001","depth8_refined_minus_depth6_reference","maximum continuum-enclosure depth 8 minus 6, with guard depth fixed at 6 and with identical samples, multipliers, B=999, bootstrap grid 0.005, enclosure grid 0.0025, node ceiling 57601, and every remaining inferential setting","ED1_TWO_ROOT_SV_POWER_n8000","diagnostic","TWO_ROOT_SV_POWER",8000,8000,"absolute","K3",0.25,2.5,"depth6_reference","depth8_refined","ED1_011_TWO_ROOT_SV_POWER_n8000_depth6_reference","ED1_012_TWO_ROOT_SV_POWER_n8000_depth8_refined","binary","grid_only_reversal_certified",254,254,254,254,0,0,0,0,0,0,,,,,,,,,,,
"enclosure_depth_v001","depth8_refined_minus_depth6_reference","maximum continuum-enclosure depth 8 minus 6, with guard depth fixed at 6 and with identical samples, multipliers, B=999, bootstrap grid 0.005, enclosure grid 0.0025, node ceiling 57601, and every remaining inferential setting","ED1_TWO_ROOT_SV_POWER_n2000","diagnostic","TWO_ROOT_SV_POWER",2000,2000,"absolute","K3",0.25,2.5,"depth6_reference","depth8_refined","ED1_007_TWO_ROOT_SV_POWER_n2000_depth6_reference","ED1_008_TWO_ROOT_SV_POWER_n2000_depth8_refined","binary","guard_failed",254,254,254,254,254,0,0,0,0,0,0,0,0.0148985304313125,0,0,0,0,0,0,0,0
"enclosure_depth_v001","depth8_refined_minus_depth6_reference","maximum continuum-enclosure depth 8 minus 6, with guard depth fixed at 6 and with identical samples, multipliers, B=999, bootstrap grid 0.005, enclosure grid 0.0025, node ceiling 57601, and every remaining inferential setting","ED1_TWO_ROOT_SV_POWER_n4000","diagnostic","TWO_ROOT_SV_POWER",4000,4000,"absolute","K3",0.25,2.5,"depth6_reference","depth8_refined","ED1_009_TWO_ROOT_SV_POWER_n4000_depth6_reference","ED1_010_TWO_ROOT_SV_POWER_n4000_depth8_refined","binary","guard_failed",254,254,254,254,254,0,0,0,0,0,0,0,0.0148985304313125,0,0,0,0,0,0,0,0
"enclosure_depth_v001","depth8_refined_minus_depth6_reference","maximum continuum-enclosure depth 8 minus 6, with guard depth fixed at 6 and with identical samples, multipliers, B=999, bootstrap grid 0.005, enclosure grid 0.0025, node ceiling 57601, and every remaining inferential setting","ED1_TWO_ROOT_SV_POWER_n8000","diagnostic","TWO_ROOT_SV_POWER",8000,8000,"absolute","K3",0.25,2.5,"depth6_reference","depth8_refined","ED1_011_TWO_ROOT_SV_POWER_n8000_depth6_reference","ED1_012_TWO_ROOT_SV_POWER_n8000_depth8_refined","binary","guard_failed",254,254,254,254,254,0,0,0,0,0,0,0,0.0148985304313125,0,0,0,0,0,0,0,0
"enclosure_depth_v001","depth8_refined_minus_depth6_reference","maximum continuum-enclosure depth 8 minus 6, with guard depth fixed at 6 and with identical samples, multipliers, B=999, bootstrap grid 0.005, enclosure grid 0.0025, node ceiling 57601, and every remaining inferential setting","ED1_TWO_ROOT_SV_POWER_n2000","diagnostic","TWO_ROOT_SV_POWER",2000,2000,"absolute","K3",0.25,2.5,"depth6_reference","depth8_refined","ED1_007_TWO_ROOT_SV_POWER_n2000_depth6_reference","ED1_008_TWO_ROOT_SV_POWER_n2000_depth8_refined","binary","joint_any_primary_false_report",254,254,254,254,254,7,7,0,0,0,0,0,0.0148985304313125,0.0275590551181102,0.0275590551181102,0,0,0,0,0,0
"enclosure_depth_v001","depth8_refined_minus_depth6_reference","maximum continuum-enclosure depth 8 minus 6, with guard depth fixed at 6 and with identical samples, multipliers, B=999, bootstrap grid 0.005, enclosure grid 0.0025, node ceiling 57601, and every remaining inferential setting","ED1_TWO_ROOT_SV_POWER_n4000","diagnostic","TWO_ROOT_SV_POWER",4000,4000,"absolute","K3",0.25,2.5,"depth6_reference","depth8_refined","ED1_009_TWO_ROOT_SV_POWER_n4000_depth6_reference","ED1_010_TWO_ROOT_SV_POWER_n4000_depth8_refined","binary","joint_any_primary_false_report",254,254,254,254,254,9,9,0,0,0,0,0,0.0148985304313125,0.0354330708661417,0.0354330708661417,0,0,0,0,0,0
"enclosure_depth_v001","depth8_refined_minus_depth6_reference","maximum continuum-enclosure depth 8 minus 6, with guard depth fixed at 6 and with identical samples, multipliers, B=999, bootstrap grid 0.005, enclosure grid 0.0025, node ceiling 57601, and every remaining inferential setting","ED1_TWO_ROOT_SV_POWER_n8000","diagnostic","TWO_ROOT_SV_POWER",8000,8000,"absolute","K3",0.25,2.5,"depth6_reference","depth8_refined","ED1_011_TWO_ROOT_SV_POWER_n8000_depth6_reference","ED1_012_TWO_ROOT_SV_POWER_n8000_depth8_refined","binary","joint_any_primary_false_report",254,254,254,254,254,6,6,0,0,0,0,0,0.0148985304313125,0.0236220472440945,0.0236220472440945,0,0,0,0,0,0
"enclosure_depth_v001","depth8_refined_minus_depth6_reference","maximum continuum-enclosure depth 8 minus 6, with guard depth fixed at 6 and with identical samples, multipliers, B=999, bootstrap grid 0.005, enclosure grid 0.0025, node ceiling 57601, and every remaining inferential setting","ED1_TWO_ROOT_SV_POWER_n2000","diagnostic","TWO_ROOT_SV_POWER",2000,2000,"absolute","K3",0.25,2.5,"depth6_reference","depth8_refined","ED1_007_TWO_ROOT_SV_POWER_n2000_depth6_reference","ED1_008_TWO_ROOT_SV_POWER_n2000_depth8_refined","binary","joint_band_covers_truth_on_audit_grid",254,254,254,254,254,245,245,0,0,0,0,0,0.0148985304313125,0.964566929133858,0.964566929133858,0,0,0,0,0,0
"enclosure_depth_v001","depth8_refined_minus_depth6_reference","maximum continuum-enclosure depth 8 minus 6, with guard depth fixed at 6 and with identical samples, multipliers, B=999, bootstrap grid 0.005, enclosure grid 0.0025, node ceiling 57601, and every remaining inferential setting","ED1_TWO_ROOT_SV_POWER_n4000","diagnostic","TWO_ROOT_SV_POWER",4000,4000,"absolute","K3",0.25,2.5,"depth6_reference","depth8_refined","ED1_009_TWO_ROOT_SV_POWER_n4000_depth6_reference","ED1_010_TWO_ROOT_SV_POWER_n4000_depth8_refined","binary","joint_band_covers_truth_on_audit_grid",254,254,254,254,254,242,242,0,0,0,0,0,0.0148985304313125,0.952755905511811,0.952755905511811,0,0,0,0,0,0
"enclosure_depth_v001","depth8_refined_minus_depth6_reference","maximum continuum-enclosure depth 8 minus 6, with guard depth fixed at 6 and with identical samples, multipliers, B=999, bootstrap grid 0.005, enclosure grid 0.0025, node ceiling 57601, and every remaining inferential setting","ED1_TWO_ROOT_SV_POWER_n8000","diagnostic","TWO_ROOT_SV_POWER",8000,8000,"absolute","K3",0.25,2.5,"depth6_reference","depth8_refined","ED1_011_TWO_ROOT_SV_POWER_n8000_depth6_reference","ED1_012_TWO_ROOT_SV_POWER_n8000_depth8_refined","binary","joint_band_covers_truth_on_audit_grid",254,254,254,254,254,244,244,0,0,0,0,0,0.0148985304313125,0.960629921259842,0.960629921259842,0,0,0,0,0,0
"enclosure_depth_v001","depth8_refined_minus_depth6_reference","maximum continuum-enclosure depth 8 minus 6, with guard depth fixed at 6 and with identical samples, multipliers, B=999, bootstrap grid 0.005, enclosure grid 0.0025, node ceiling 57601, and every remaining inferential setting","ED1_TWO_ROOT_SV_POWER_n2000","diagnostic","TWO_ROOT_SV_POWER",2000,2000,"absolute","K3",0.25,2.5,"depth6_reference","depth8_refined","ED1_007_TWO_ROOT_SV_POWER_n2000_depth6_reference","ED1_008_TWO_ROOT_SV_POWER_n2000_depth8_refined","binary","joint_band_covers_truth_on_grid",254,254,254,254,254,245,245,0,0,0,0,0,0.0148985304313125,0.964566929133858,0.964566929133858,0,0,0,0,0,0
"enclosure_depth_v001","depth8_refined_minus_depth6_reference","maximum continuum-enclosure depth 8 minus 6, with guard depth fixed at 6 and with identical samples, multipliers, B=999, bootstrap grid 0.005, enclosure grid 0.0025, node ceiling 57601, and every remaining inferential setting","ED1_TWO_ROOT_SV_POWER_n4000","diagnostic","TWO_ROOT_SV_POWER",4000,4000,"absolute","K3",0.25,2.5,"depth6_reference","depth8_refined","ED1_009_TWO_ROOT_SV_POWER_n4000_depth6_reference","ED1_010_TWO_ROOT_SV_POWER_n4000_depth8_refined","binary","joint_band_covers_truth_on_grid",254,254,254,254,254,242,242,0,0,0,0,0,0.0148985304313125,0.952755905511811,0.952755905511811,0,0,0,0,0,0
"enclosure_depth_v001","depth8_refined_minus_depth6_reference","maximum continuum-enclosure depth 8 minus 6, with guard depth fixed at 6 and with identical samples, multipliers, B=999, bootstrap grid 0.005, enclosure grid 0.0025, node ceiling 57601, and every remaining inferential setting","ED1_TWO_ROOT_SV_POWER_n8000","diagnostic","TWO_ROOT_SV_POWER",8000,8000,"absolute","K3",0.25,2.5,"depth6_reference","depth8_refined","ED1_011_TWO_ROOT_SV_POWER_n8000_depth6_reference","ED1_012_TWO_ROOT_SV_POWER_n8000_depth8_refined","binary","joint_band_covers_truth_on_grid",254,254,254,254,254,244,244,0,0,0,0,0,0.0148985304313125,0.960629921259842,0.960629921259842,0,0,0,0,0,0
"enclosure_depth_v001","depth8_refined_minus_depth6_reference","maximum continuum-enclosure depth 8 minus 6, with guard depth fixed at 6 and with identical samples, multipliers, B=999, bootstrap grid 0.005, enclosure grid 0.0025, node ceiling 57601, and every remaining inferential setting","ED1_TWO_ROOT_SV_POWER_n2000","diagnostic","TWO_ROOT_SV_POWER",2000,2000,"absolute","K3",0.25,2.5,"depth6_reference","depth8_refined","ED1_007_TWO_ROOT_SV_POWER_n2000_depth6_reference","ED1_008_TWO_ROOT_SV_POWER_n2000_depth8_refined","binary","joint_continuum_band_covers_truth",254,254,254,254,254,245,245,0,0,0,0,0,0.0148985304313125,0.964566929133858,0.964566929133858,0,0,0,0,0,0
"enclosure_depth_v001","depth8_refined_minus_depth6_reference","maximum continuum-enclosure depth 8 minus 6, with guard depth fixed at 6 and with identical samples, multipliers, B=999, bootstrap grid 0.005, enclosure grid 0.0025, node ceiling 57601, and every remaining inferential setting","ED1_TWO_ROOT_SV_POWER_n4000","diagnostic","TWO_ROOT_SV_POWER",4000,4000,"absolute","K3",0.25,2.5,"depth6_reference","depth8_refined","ED1_009_TWO_ROOT_SV_POWER_n4000_depth6_reference","ED1_010_TWO_ROOT_SV_POWER_n4000_depth8_refined","binary","joint_continuum_band_covers_truth",254,254,254,254,254,242,242,0,0,0,0,0,0.0148985304313125,0.952755905511811,0.952755905511811,0,0,0,0,0,0
"enclosure_depth_v001","depth8_refined_minus_depth6_reference","maximum continuum-enclosure depth 8 minus 6, with guard depth fixed at 6 and with identical samples, multipliers, B=999, bootstrap grid 0.005, enclosure grid 0.0025, node ceiling 57601, and every remaining inferential setting","ED1_TWO_ROOT_SV_POWER_n8000","diagnostic","TWO_ROOT_SV_POWER",8000,8000,"absolute","K3",0.25,2.5,"depth6_reference","depth8_refined","ED1_011_TWO_ROOT_SV_POWER_n8000_depth6_reference","ED1_012_TWO_ROOT_SV_POWER_n8000_depth8_refined","binary","joint_continuum_band_covers_truth",254,254,254,254,254,244,244,0,0,0,0,0,0.0148985304313125,0.960629921259842,0.960629921259842,0,0,0,0,0,0
"enclosure_depth_v001","depth8_refined_minus_depth6_reference","maximum continuum-enclosure depth 8 minus 6, with guard depth fixed at 6 and with identical samples, multipliers, B=999, bootstrap grid 0.005, enclosure grid 0.0025, node ceiling 57601, and every remaining inferential setting","ED1_TWO_ROOT_SV_POWER_n2000","diagnostic","TWO_ROOT_SV_POWER",2000,2000,"absolute","K3",0.25,2.5,"depth6_reference","depth8_refined","ED1_007_TWO_ROOT_SV_POWER_n2000_depth6_reference","ED1_008_TWO_ROOT_SV_POWER_n2000_depth8_refined","binary","joint_derivative_assisted_false_exact_root_report",254,254,254,254,0,0,0,0,0,0,,,,,,,,,,,
"enclosure_depth_v001","depth8_refined_minus_depth6_reference","maximum continuum-enclosure depth 8 minus 6, with guard depth fixed at 6 and with identical samples, multipliers, B=999, bootstrap grid 0.005, enclosure grid 0.0025, node ceiling 57601, and every remaining inferential setting","ED1_TWO_ROOT_SV_POWER_n4000","diagnostic","TWO_ROOT_SV_POWER",4000,4000,"absolute","K3",0.25,2.5,"depth6_reference","depth8_refined","ED1_009_TWO_ROOT_SV_POWER_n4000_depth6_reference","ED1_010_TWO_ROOT_SV_POWER_n4000_depth8_refined","binary","joint_derivative_assisted_false_exact_root_report",254,254,254,254,0,0,0,0,0,0,,,,,,,,,,,
"enclosure_depth_v001","depth8_refined_minus_depth6_reference","maximum continuum-enclosure depth 8 minus 6, with guard depth fixed at 6 and with identical samples, multipliers, B=999, bootstrap grid 0.005, enclosure grid 0.0025, node ceiling 57601, and every remaining inferential setting","ED1_TWO_ROOT_SV_POWER_n8000","diagnostic","TWO_ROOT_SV_POWER",8000,8000,"absolute","K3",0.25,2.5,"depth6_reference","depth8_refined","ED1_011_TWO_ROOT_SV_POWER_n8000_depth6_reference","ED1_012_TWO_ROOT_SV_POWER_n8000_depth8_refined","binary","joint_derivative_assisted_false_exact_root_report",254,254,254,254,0,0,0,0,0,0,,,,,,,,,,,
"enclosure_depth_v001","depth8_refined_minus_depth6_reference","maximum continuum-enclosure depth 8 minus 6, with guard depth fixed at 6 and with identical samples, multipliers, B=999, bootstrap grid 0.005, enclosure grid 0.0025, node ceiling 57601, and every remaining inferential setting","ED1_TWO_ROOT_SV_POWER_n2000","diagnostic","TWO_ROOT_SV_POWER",2000,2000,"absolute","K3",0.25,2.5,"depth6_reference","depth8_refined","ED1_007_TWO_ROOT_SV_POWER_n2000_depth6_reference","ED1_008_TWO_ROOT_SV_POWER_n2000_depth8_refined","binary","joint_derivative_assisted_grid_coverage",254,254,254,254,0,0,0,0,0,0,,,,,,,,,,,
"enclosure_depth_v001","depth8_refined_minus_depth6_reference","maximum continuum-enclosure depth 8 minus 6, with guard depth fixed at 6 and with identical samples, multipliers, B=999, bootstrap grid 0.005, enclosure grid 0.0025, node ceiling 57601, and every remaining inferential setting","ED1_TWO_ROOT_SV_POWER_n4000","diagnostic","TWO_ROOT_SV_POWER",4000,4000,"absolute","K3",0.25,2.5,"depth6_reference","depth8_refined","ED1_009_TWO_ROOT_SV_POWER_n4000_depth6_reference","ED1_010_TWO_ROOT_SV_POWER_n4000_depth8_refined","binary","joint_derivative_assisted_grid_coverage",254,254,254,254,0,0,0,0,0,0,,,,,,,,,,,
"enclosure_depth_v001","depth8_refined_minus_depth6_reference","maximum continuum-enclosure depth 8 minus 6, with guard depth fixed at 6 and with identical samples, multipliers, B=999, bootstrap grid 0.005, enclosure grid 0.0025, node ceiling 57601, and every remaining inferential setting","ED1_TWO_ROOT_SV_POWER_n8000","diagnostic","TWO_ROOT_SV_POWER",8000,8000,"absolute","K3",0.25,2.5,"depth6_reference","depth8_refined","ED1_011_TWO_ROOT_SV_POWER_n8000_depth6_reference","ED1_012_TWO_ROOT_SV_POWER_n8000_depth8_refined","binary","joint_derivative_assisted_grid_coverage",254,254,254,254,0,0,0,0,0,0,,,,,,,,,,,
"enclosure_depth_v001","depth8_refined_minus_depth6_reference","maximum continuum-enclosure depth 8 minus 6, with guard depth fixed at 6 and with identical samples, multipliers, B=999, bootstrap grid 0.005, enclosure grid 0.0025, node ceiling 57601, and every remaining inferential setting","ED1_TWO_ROOT_SV_POWER_n2000","diagnostic","TWO_ROOT_SV_POWER",2000,2000,"absolute","K3",0.25,2.5,"depth6_reference","depth8_refined","ED1_007_TWO_ROOT_SV_POWER_n2000_depth6_reference","ED1_008_TWO_ROOT_SV_POWER_n2000_depth8_refined","binary","joint_pointwise_grid_curve_coverage",254,254,254,254,0,0,0,0,0,0,,,,,,,,,,,
"enclosure_depth_v001","depth8_refined_minus_depth6_reference","maximum continuum-enclosure depth 8 minus 6, with guard depth fixed at 6 and with identical samples, multipliers, B=999, bootstrap grid 0.005, enclosure grid 0.0025, node ceiling 57601, and every remaining inferential setting","ED1_TWO_ROOT_SV_POWER_n4000","diagnostic","TWO_ROOT_SV_POWER",4000,4000,"absolute","K3",0.25,2.5,"depth6_reference","depth8_refined","ED1_009_TWO_ROOT_SV_POWER_n4000_depth6_reference","ED1_010_TWO_ROOT_SV_POWER_n4000_depth8_refined","binary","joint_pointwise_grid_curve_coverage",254,254,254,254,0,0,0,0,0,0,,,,,,,,,,,
"enclosure_depth_v001","depth8_refined_minus_depth6_reference","maximum continuum-enclosure depth 8 minus 6, with guard depth fixed at 6 and with identical samples, multipliers, B=999, bootstrap grid 0.005, enclosure grid 0.0025, node ceiling 57601, and every remaining inferential setting","ED1_TWO_ROOT_SV_POWER_n8000","diagnostic","TWO_ROOT_SV_POWER",8000,8000,"absolute","K3",0.25,2.5,"depth6_reference","depth8_refined","ED1_011_TWO_ROOT_SV_POWER_n8000_depth6_reference","ED1_012_TWO_ROOT_SV_POWER_n8000_depth8_refined","binary","joint_pointwise_grid_curve_coverage",254,254,254,254,0,0,0,0,0,0,,,,,,,,,,,
"enclosure_depth_v001","depth8_refined_minus_depth6_reference","maximum continuum-enclosure depth 8 minus 6, with guard depth fixed at 6 and with identical samples, multipliers, B=999, bootstrap grid 0.005, enclosure grid 0.0025, node ceiling 57601, and every remaining inferential setting","ED1_TWO_ROOT_SV_POWER_n2000","diagnostic","TWO_ROOT_SV_POWER",2000,2000,"absolute","K3",0.25,2.5,"depth6_reference","depth8_refined","ED1_007_TWO_ROOT_SV_POWER_n2000_depth6_reference","ED1_008_TWO_ROOT_SV_POWER_n2000_depth8_refined","binary","numerical_outer_contains_all_roots",254,254,254,254,254,247,247,0,0,0,0,0,0.0148985304313125,0.97244094488189,0.97244094488189,0,0,0,0,0,0
"enclosure_depth_v001","depth8_refined_minus_depth6_reference","maximum continuum-enclosure depth 8 minus 6, with guard depth fixed at 6 and with identical samples, multipliers, B=999, bootstrap grid 0.005, enclosure grid 0.0025, node ceiling 57601, and every remaining inferential setting","ED1_TWO_ROOT_SV_POWER_n4000","diagnostic","TWO_ROOT_SV_POWER",4000,4000,"absolute","K3",0.25,2.5,"depth6_reference","depth8_refined","ED1_009_TWO_ROOT_SV_POWER_n4000_depth6_reference","ED1_010_TWO_ROOT_SV_POWER_n4000_depth8_refined","binary","numerical_outer_contains_all_roots",254,254,254,254,254,247,247,0,0,0,0,0,0.0148985304313125,0.97244094488189,0.97244094488189,0,0,0,0,0,0
"enclosure_depth_v001","depth8_refined_minus_depth6_reference","maximum continuum-enclosure depth 8 minus 6, with guard depth fixed at 6 and with identical samples, multipliers, B=999, bootstrap grid 0.005, enclosure grid 0.0025, node ceiling 57601, and every remaining inferential setting","ED1_TWO_ROOT_SV_POWER_n8000","diagnostic","TWO_ROOT_SV_POWER",8000,8000,"absolute","K3",0.25,2.5,"depth6_reference","depth8_refined","ED1_011_TWO_ROOT_SV_POWER_n8000_depth6_reference","ED1_012_TWO_ROOT_SV_POWER_n8000_depth8_refined","binary","numerical_outer_contains_all_roots",254,254,254,254,254,249,249,0,0,0,0,0,0.0148985304313125,0.980314960629921,0.980314960629921,0,0,0,0,0,0
"enclosure_depth_v001","depth8_refined_minus_depth6_reference","maximum continuum-enclosure depth 8 minus 6, with guard depth fixed at 6 and with identical samples, multipliers, B=999, bootstrap grid 0.005, enclosure grid 0.0025, node ceiling 57601, and every remaining inferential setting","ED1_TWO_ROOT_SV_POWER_n2000","diagnostic","TWO_ROOT_SV_POWER",2000,2000,"absolute","K3",0.25,2.5,"depth6_reference","depth8_refined","ED1_007_TWO_ROOT_SV_POWER_n2000_depth6_reference","ED1_008_TWO_ROOT_SV_POWER_n2000_depth8_refined","binary","numerical_outer_contains_root",254,254,254,254,0,0,0,0,0,0,,,,,,,,,,,
"enclosure_depth_v001","depth8_refined_minus_depth6_reference","maximum continuum-enclosure depth 8 minus 6, with guard depth fixed at 6 and with identical samples, multipliers, B=999, bootstrap grid 0.005, enclosure grid 0.0025, node ceiling 57601, and every remaining inferential setting","ED1_TWO_ROOT_SV_POWER_n4000","diagnostic","TWO_ROOT_SV_POWER",4000,4000,"absolute","K3",0.25,2.5,"depth6_reference","depth8_refined","ED1_009_TWO_ROOT_SV_POWER_n4000_depth6_reference","ED1_010_TWO_ROOT_SV_POWER_n4000_depth8_refined","binary","numerical_outer_contains_root",254,254,254,254,0,0,0,0,0,0,,,,,,,,,,,
"enclosure_depth_v001","depth8_refined_minus_depth6_reference","maximum continuum-enclosure depth 8 minus 6, with guard depth fixed at 6 and with identical samples, multipliers, B=999, bootstrap grid 0.005, enclosure grid 0.0025, node ceiling 57601, and every remaining inferential setting","ED1_TWO_ROOT_SV_POWER_n8000","diagnostic","TWO_ROOT_SV_POWER",8000,8000,"absolute","K3",0.25,2.5,"depth6_reference","depth8_refined","ED1_011_TWO_ROOT_SV_POWER_n8000_depth6_reference","ED1_012_TWO_ROOT_SV_POWER_n8000_depth8_refined","binary","numerical_outer_contains_root",254,254,254,254,0,0,0,0,0,0,,,,,,,,,,,
"enclosure_depth_v001","depth8_refined_minus_depth6_reference","maximum continuum-enclosure depth 8 minus 6, with guard depth fixed at 6 and with identical samples, multipliers, B=999, bootstrap grid 0.005, enclosure grid 0.0025, node ceiling 57601, and every remaining inferential setting","ED1_TWO_ROOT_SV_POWER_n2000","diagnostic","TWO_ROOT_SV_POWER",2000,2000,"absolute","K3",0.25,2.5,"depth6_reference","depth8_refined","ED1_007_TWO_ROOT_SV_POWER_n2000_depth6_reference","ED1_008_TWO_ROOT_SV_POWER_n2000_depth8_refined","binary","outer_band_contains_root",254,254,254,254,0,0,0,0,0,0,,,,,,,,,,,
"enclosure_depth_v001","depth8_refined_minus_depth6_reference","maximum continuum-enclosure depth 8 minus 6, with guard depth fixed at 6 and with identical samples, multipliers, B=999, bootstrap grid 0.005, enclosure grid 0.0025, node ceiling 57601, and every remaining inferential setting","ED1_TWO_ROOT_SV_POWER_n4000","diagnostic","TWO_ROOT_SV_POWER",4000,4000,"absolute","K3",0.25,2.5,"depth6_reference","depth8_refined","ED1_009_TWO_ROOT_SV_POWER_n4000_depth6_reference","ED1_010_TWO_ROOT_SV_POWER_n4000_depth8_refined","binary","outer_band_contains_root",254,254,254,254,0,0,0,0,0,0,,,,,,,,,,,
"enclosure_depth_v001","depth8_refined_minus_depth6_reference","maximum continuum-enclosure depth 8 minus 6, with guard depth fixed at 6 and with identical samples, multipliers, B=999, bootstrap grid 0.005, enclosure grid 0.0025, node ceiling 57601, and every remaining inferential setting","ED1_TWO_ROOT_SV_POWER_n8000","diagnostic","TWO_ROOT_SV_POWER",8000,8000,"absolute","K3",0.25,2.5,"depth6_reference","depth8_refined","ED1_011_TWO_ROOT_SV_POWER_n8000_depth6_reference","ED1_012_TWO_ROOT_SV_POWER_n8000_depth8_refined","binary","outer_band_contains_root",254,254,254,254,0,0,0,0,0,0,,,,,,,,,,,
"enclosure_depth_v001","depth8_refined_minus_depth6_reference","maximum continuum-enclosure depth 8 minus 6, with guard depth fixed at 6 and with identical samples, multipliers, B=999, bootstrap grid 0.005, enclosure grid 0.0025, node ceiling 57601, and every remaining inferential setting","ED1_TWO_ROOT_SV_POWER_n2000","diagnostic","TWO_ROOT_SV_POWER",2000,2000,"absolute","K3",0.25,2.5,"depth6_reference","depth8_refined","ED1_007_TWO_ROOT_SV_POWER_n2000_depth6_reference","ED1_008_TWO_ROOT_SV_POWER_n2000_depth8_refined","binary","outer_set_covers_truth",254,254,254,254,254,247,247,0,0,0,0,0,0.0148985304313125,0.97244094488189,0.97244094488189,0,0,0,0,0,0
"enclosure_depth_v001","depth8_refined_minus_depth6_reference","maximum continuum-enclosure depth 8 minus 6, with guard depth fixed at 6 and with identical samples, multipliers, B=999, bootstrap grid 0.005, enclosure grid 0.0025, node ceiling 57601, and every remaining inferential setting","ED1_TWO_ROOT_SV_POWER_n4000","diagnostic","TWO_ROOT_SV_POWER",4000,4000,"absolute","K3",0.25,2.5,"depth6_reference","depth8_refined","ED1_009_TWO_ROOT_SV_POWER_n4000_depth6_reference","ED1_010_TWO_ROOT_SV_POWER_n4000_depth8_refined","binary","outer_set_covers_truth",254,254,254,254,254,247,247,0,0,0,0,0,0.0148985304313125,0.97244094488189,0.97244094488189,0,0,0,0,0,0
"enclosure_depth_v001","depth8_refined_minus_depth6_reference","maximum continuum-enclosure depth 8 minus 6, with guard depth fixed at 6 and with identical samples, multipliers, B=999, bootstrap grid 0.005, enclosure grid 0.0025, node ceiling 57601, and every remaining inferential setting","ED1_TWO_ROOT_SV_POWER_n8000","diagnostic","TWO_ROOT_SV_POWER",8000,8000,"absolute","K3",0.25,2.5,"depth6_reference","depth8_refined","ED1_011_TWO_ROOT_SV_POWER_n8000_depth6_reference","ED1_012_TWO_ROOT_SV_POWER_n8000_depth8_refined","binary","outer_set_covers_truth",254,254,254,254,254,249,249,0,0,0,0,0,0.0148985304313125,0.980314960629921,0.980314960629921,0,0,0,0,0,0
"enclosure_depth_v001","depth8_refined_minus_depth6_reference","maximum continuum-enclosure depth 8 minus 6, with guard depth fixed at 6 and with identical samples, multipliers, B=999, bootstrap grid 0.005, enclosure grid 0.0025, node ceiling 57601, and every remaining inferential setting","ED1_TWO_ROOT_SV_POWER_n2000","diagnostic","TWO_ROOT_SV_POWER",2000,2000,"absolute","K3",0.25,2.5,"depth6_reference","depth8_refined","ED1_007_TWO_ROOT_SV_POWER_n2000_depth6_reference","ED1_008_TWO_ROOT_SV_POWER_n2000_depth8_refined","binary","pointwise_false_sign_report",254,254,254,254,0,0,0,0,0,0,,,,,,,,,,,
"enclosure_depth_v001","depth8_refined_minus_depth6_reference","maximum continuum-enclosure depth 8 minus 6, with guard depth fixed at 6 and with identical samples, multipliers, B=999, bootstrap grid 0.005, enclosure grid 0.0025, node ceiling 57601, and every remaining inferential setting","ED1_TWO_ROOT_SV_POWER_n4000","diagnostic","TWO_ROOT_SV_POWER",4000,4000,"absolute","K3",0.25,2.5,"depth6_reference","depth8_refined","ED1_009_TWO_ROOT_SV_POWER_n4000_depth6_reference","ED1_010_TWO_ROOT_SV_POWER_n4000_depth8_refined","binary","pointwise_false_sign_report",254,254,254,254,0,0,0,0,0,0,,,,,,,,,,,
"enclosure_depth_v001","depth8_refined_minus_depth6_reference","maximum continuum-enclosure depth 8 minus 6, with guard depth fixed at 6 and with identical samples, multipliers, B=999, bootstrap grid 0.005, enclosure grid 0.0025, node ceiling 57601, and every remaining inferential setting","ED1_TWO_ROOT_SV_POWER_n8000","diagnostic","TWO_ROOT_SV_POWER",8000,8000,"absolute","K3",0.25,2.5,"depth6_reference","depth8_refined","ED1_011_TWO_ROOT_SV_POWER_n8000_depth6_reference","ED1_012_TWO_ROOT_SV_POWER_n8000_depth8_refined","binary","pointwise_false_sign_report",254,254,254,254,0,0,0,0,0,0,,,,,,,,,,,
"enclosure_depth_v001","depth8_refined_minus_depth6_reference","maximum continuum-enclosure depth 8 minus 6, with guard depth fixed at 6 and with identical samples, multipliers, B=999, bootstrap grid 0.005, enclosure grid 0.0025, node ceiling 57601, and every remaining inferential setting","ED1_TWO_ROOT_SV_POWER_n2000","diagnostic","TWO_ROOT_SV_POWER",2000,2000,"absolute","K3",0.25,2.5,"depth6_reference","depth8_refined","ED1_007_TWO_ROOT_SV_POWER_n2000_depth6_reference","ED1_008_TWO_ROOT_SV_POWER_n2000_depth8_refined","binary","pointwise_grid_curve_coverage",254,254,254,254,0,0,0,0,0,0,,,,,,,,,,,
"enclosure_depth_v001","depth8_refined_minus_depth6_reference","maximum continuum-enclosure depth 8 minus 6, with guard depth fixed at 6 and with identical samples, multipliers, B=999, bootstrap grid 0.005, enclosure grid 0.0025, node ceiling 57601, and every remaining inferential setting","ED1_TWO_ROOT_SV_POWER_n4000","diagnostic","TWO_ROOT_SV_POWER",4000,4000,"absolute","K3",0.25,2.5,"depth6_reference","depth8_refined","ED1_009_TWO_ROOT_SV_POWER_n4000_depth6_reference","ED1_010_TWO_ROOT_SV_POWER_n4000_depth8_refined","binary","pointwise_grid_curve_coverage",254,254,254,254,0,0,0,0,0,0,,,,,,,,,,,
"enclosure_depth_v001","depth8_refined_minus_depth6_reference","maximum continuum-enclosure depth 8 minus 6, with guard depth fixed at 6 and with identical samples, multipliers, B=999, bootstrap grid 0.005, enclosure grid 0.0025, node ceiling 57601, and every remaining inferential setting","ED1_TWO_ROOT_SV_POWER_n8000","diagnostic","TWO_ROOT_SV_POWER",8000,8000,"absolute","K3",0.25,2.5,"depth6_reference","depth8_refined","ED1_011_TWO_ROOT_SV_POWER_n8000_depth6_reference","ED1_012_TWO_ROOT_SV_POWER_n8000_depth8_refined","binary","pointwise_grid_curve_coverage",254,254,254,254,0,0,0,0,0,0,,,,,,,,,,,
"enclosure_depth_v001","depth8_refined_minus_depth6_reference","maximum continuum-enclosure depth 8 minus 6, with guard depth fixed at 6 and with identical samples, multipliers, B=999, bootstrap grid 0.005, enclosure grid 0.0025, node ceiling 57601, and every remaining inferential setting","ED1_TWO_ROOT_SV_POWER_n2000","diagnostic","TWO_ROOT_SV_POWER",2000,2000,"absolute","K3",0.25,2.5,"depth6_reference","depth8_refined","ED1_007_TWO_ROOT_SV_POWER_n2000_depth6_reference","ED1_008_TWO_ROOT_SV_POWER_n2000_depth8_refined","binary","pointwise_no_root_report",254,254,254,254,0,0,0,0,0,0,,,,,,,,,,,
"enclosure_depth_v001","depth8_refined_minus_depth6_reference","maximum continuum-enclosure depth 8 minus 6, with guard depth fixed at 6 and with identical samples, multipliers, B=999, bootstrap grid 0.005, enclosure grid 0.0025, node ceiling 57601, and every remaining inferential setting","ED1_TWO_ROOT_SV_POWER_n4000","diagnostic","TWO_ROOT_SV_POWER",4000,4000,"absolute","K3",0.25,2.5,"depth6_reference","depth8_refined","ED1_009_TWO_ROOT_SV_POWER_n4000_depth6_reference","ED1_010_TWO_ROOT_SV_POWER_n4000_depth8_refined","binary","pointwise_no_root_report",254,254,254,254,0,0,0,0,0,0,,,,,,,,,,,
"enclosure_depth_v001","depth8_refined_minus_depth6_reference","maximum continuum-enclosure depth 8 minus 6, with guard depth fixed at 6 and with identical samples, multipliers, B=999, bootstrap grid 0.005, enclosure grid 0.0025, node ceiling 57601, and every remaining inferential setting","ED1_TWO_ROOT_SV_POWER_n8000","diagnostic","TWO_ROOT_SV_POWER",8000,8000,"absolute","K3",0.25,2.5,"depth6_reference","depth8_refined","ED1_011_TWO_ROOT_SV_POWER_n8000_depth6_reference","ED1_012_TWO_ROOT_SV_POWER_n8000_depth8_refined","binary","pointwise_no_root_report",254,254,254,254,0,0,0,0,0,0,,,,,,,,,,,
"enclosure_depth_v001","depth8_refined_minus_depth6_reference","maximum continuum-enclosure depth 8 minus 6, with guard depth fixed at 6 and with identical samples, multipliers, B=999, bootstrap grid 0.005, enclosure grid 0.0025, node ceiling 57601, and every remaining inferential setting","ED1_TWO_ROOT_SV_POWER_n2000","diagnostic","TWO_ROOT_SV_POWER",2000,2000,"absolute","K3",0.25,2.5,"depth6_reference","depth8_refined","ED1_007_TWO_ROOT_SV_POWER_n2000_depth6_reference","ED1_008_TWO_ROOT_SV_POWER_n2000_depth8_refined","binary","pointwise_reversal_report",254,254,254,254,0,0,0,0,0,0,,,,,,,,,,,
"enclosure_depth_v001","depth8_refined_minus_depth6_reference","maximum continuum-enclosure depth 8 minus 6, with guard depth fixed at 6 and with identical samples, multipliers, B=999, bootstrap grid 0.005, enclosure grid 0.0025, node ceiling 57601, and every remaining inferential setting","ED1_TWO_ROOT_SV_POWER_n4000","diagnostic","TWO_ROOT_SV_POWER",4000,4000,"absolute","K3",0.25,2.5,"depth6_reference","depth8_refined","ED1_009_TWO_ROOT_SV_POWER_n4000_depth6_reference","ED1_010_TWO_ROOT_SV_POWER_n4000_depth8_refined","binary","pointwise_reversal_report",254,254,254,254,0,0,0,0,0,0,,,,,,,,,,,
"enclosure_depth_v001","depth8_refined_minus_depth6_reference","maximum continuum-enclosure depth 8 minus 6, with guard depth fixed at 6 and with identical samples, multipliers, B=999, bootstrap grid 0.005, enclosure grid 0.0025, node ceiling 57601, and every remaining inferential setting","ED1_TWO_ROOT_SV_POWER_n8000","diagnostic","TWO_ROOT_SV_POWER",8000,8000,"absolute","K3",0.25,2.5,"depth6_reference","depth8_refined","ED1_011_TWO_ROOT_SV_POWER_n8000_depth6_reference","ED1_012_TWO_ROOT_SV_POWER_n8000_depth8_refined","binary","pointwise_reversal_report",254,254,254,254,0,0,0,0,0,0,,,,,,,,,,,
"enclosure_depth_v001","depth8_refined_minus_depth6_reference","maximum continuum-enclosure depth 8 minus 6, with guard depth fixed at 6 and with identical samples, multipliers, B=999, bootstrap grid 0.005, enclosure grid 0.0025, node ceiling 57601, and every remaining inferential setting","ED1_TWO_ROOT_SV_POWER_n2000","diagnostic","TWO_ROOT_SV_POWER",2000,2000,"absolute","K3",0.25,2.5,"depth6_reference","depth8_refined","ED1_007_TWO_ROOT_SV_POWER_n2000_depth6_reference","ED1_008_TWO_ROOT_SV_POWER_n2000_depth8_refined","binary","pointwise_root_coverage",254,254,254,254,0,0,0,0,0,0,,,,,,,,,,,
"enclosure_depth_v001","depth8_refined_minus_depth6_reference","maximum continuum-enclosure depth 8 minus 6, with guard depth fixed at 6 and with identical samples, multipliers, B=999, bootstrap grid 0.005, enclosure grid 0.0025, node ceiling 57601, and every remaining inferential setting","ED1_TWO_ROOT_SV_POWER_n4000","diagnostic","TWO_ROOT_SV_POWER",4000,4000,"absolute","K3",0.25,2.5,"depth6_reference","depth8_refined","ED1_009_TWO_ROOT_SV_POWER_n4000_depth6_reference","ED1_010_TWO_ROOT_SV_POWER_n4000_depth8_refined","binary","pointwise_root_coverage",254,254,254,254,0,0,0,0,0,0,,,,,,,,,,,
"enclosure_depth_v001","depth8_refined_minus_depth6_reference","maximum continuum-enclosure depth 8 minus 6, with guard depth fixed at 6 and with identical samples, multipliers, B=999, bootstrap grid 0.005, enclosure grid 0.0025, node ceiling 57601, and every remaining inferential setting","ED1_TWO_ROOT_SV_POWER_n8000","diagnostic","TWO_ROOT_SV_POWER",8000,8000,"absolute","K3",0.25,2.5,"depth6_reference","depth8_refined","ED1_011_TWO_ROOT_SV_POWER_n8000_depth6_reference","ED1_012_TWO_ROOT_SV_POWER_n8000_depth8_refined","binary","pointwise_root_coverage",254,254,254,254,0,0,0,0,0,0,,,,,,,,,,,
"enclosure_depth_v001","depth8_refined_minus_depth6_reference","maximum continuum-enclosure depth 8 minus 6, with guard depth fixed at 6 and with identical samples, multipliers, B=999, bootstrap grid 0.005, enclosure grid 0.0025, node ceiling 57601, and every remaining inferential setting","ED1_TWO_ROOT_SV_POWER_n2000","diagnostic","TWO_ROOT_SV_POWER",2000,2000,"absolute","K3",0.25,2.5,"depth6_reference","depth8_refined","ED1_007_TWO_ROOT_SV_POWER_n2000_depth6_reference","ED1_008_TWO_ROOT_SV_POWER_n2000_depth8_refined","binary","reversal_certified",254,254,254,254,254,95,95,0,0,0,0,0,0.0148985304313125,0.374015748031496,0.374015748031496,0,0,0,0,0,0
"enclosure_depth_v001","depth8_refined_minus_depth6_reference","maximum continuum-enclosure depth 8 minus 6, with guard depth fixed at 6 and with identical samples, multipliers, B=999, bootstrap grid 0.005, enclosure grid 0.0025, node ceiling 57601, and every remaining inferential setting","ED1_TWO_ROOT_SV_POWER_n4000","diagnostic","TWO_ROOT_SV_POWER",4000,4000,"absolute","K3",0.25,2.5,"depth6_reference","depth8_refined","ED1_009_TWO_ROOT_SV_POWER_n4000_depth6_reference","ED1_010_TWO_ROOT_SV_POWER_n4000_depth8_refined","binary","reversal_certified",254,254,254,254,254,191,191,0,0,0,0,0,0.0148985304313125,0.751968503937008,0.751968503937008,0,0,0,0,0,0
"enclosure_depth_v001","depth8_refined_minus_depth6_reference","maximum continuum-enclosure depth 8 minus 6, with guard depth fixed at 6 and with identical samples, multipliers, B=999, bootstrap grid 0.005, enclosure grid 0.0025, node ceiling 57601, and every remaining inferential setting","ED1_TWO_ROOT_SV_POWER_n8000","diagnostic","TWO_ROOT_SV_POWER",8000,8000,"absolute","K3",0.25,2.5,"depth6_reference","depth8_refined","ED1_011_TWO_ROOT_SV_POWER_n8000_depth6_reference","ED1_012_TWO_ROOT_SV_POWER_n8000_depth8_refined","binary","reversal_certified",254,254,254,254,254,246,246,0,0,0,0,0,0.0148985304313125,0.968503937007874,0.968503937007874,0,0,0,0,0,0
"enclosure_depth_v001","depth8_refined_minus_depth6_reference","maximum continuum-enclosure depth 8 minus 6, with guard depth fixed at 6 and with identical samples, multipliers, B=999, bootstrap grid 0.005, enclosure grid 0.0025, node ceiling 57601, and every remaining inferential setting","ED1_TWO_ROOT_SV_POWER_n2000","diagnostic","TWO_ROOT_SV_POWER",2000,2000,"absolute","K3",0.25,2.5,"depth6_reference","depth8_refined","ED1_007_TWO_ROOT_SV_POWER_n2000_depth6_reference","ED1_008_TWO_ROOT_SV_POWER_n2000_depth8_refined","binary","root_isolation_all_tolerances_met",254,254,254,254,254,238,238,0,0,0,0,0,0.0148985304313125,0.937007874015748,0.937007874015748,0,0,0,0,0,0
"enclosure_depth_v001","depth8_refined_minus_depth6_reference","maximum continuum-enclosure depth 8 minus 6, with guard depth fixed at 6 and with identical samples, multipliers, B=999, bootstrap grid 0.005, enclosure grid 0.0025, node ceiling 57601, and every remaining inferential setting","ED1_TWO_ROOT_SV_POWER_n4000","diagnostic","TWO_ROOT_SV_POWER",4000,4000,"absolute","K3",0.25,2.5,"depth6_reference","depth8_refined","ED1_009_TWO_ROOT_SV_POWER_n4000_depth6_reference","ED1_010_TWO_ROOT_SV_POWER_n4000_depth8_refined","binary","root_isolation_all_tolerances_met",254,254,254,254,254,251,251,0,0,0,0,0,0.0148985304313125,0.988188976377953,0.988188976377953,0,0,0,0,0,0
"enclosure_depth_v001","depth8_refined_minus_depth6_reference","maximum continuum-enclosure depth 8 minus 6, with guard depth fixed at 6 and with identical samples, multipliers, B=999, bootstrap grid 0.005, enclosure grid 0.0025, node ceiling 57601, and every remaining inferential setting","ED1_TWO_ROOT_SV_POWER_n8000","diagnostic","TWO_ROOT_SV_POWER",8000,8000,"absolute","K3",0.25,2.5,"depth6_reference","depth8_refined","ED1_011_TWO_ROOT_SV_POWER_n8000_depth6_reference","ED1_012_TWO_ROOT_SV_POWER_n8000_depth8_refined","binary","root_isolation_all_tolerances_met",254,254,254,254,254,253,253,0,0,0,0,0,0.0148985304313125,0.996062992125984,0.996062992125984,0,0,0,0,0,0
"enclosure_depth_v001","depth8_refined_minus_depth6_reference","maximum continuum-enclosure depth 8 minus 6, with guard depth fixed at 6 and with identical samples, multipliers, B=999, bootstrap grid 0.005, enclosure grid 0.0025, node ceiling 57601, and every remaining inferential setting","ED1_TWO_ROOT_SV_POWER_n2000","diagnostic","TWO_ROOT_SV_POWER",2000,2000,"absolute","K3",0.25,2.5,"depth6_reference","depth8_refined","ED1_007_TWO_ROOT_SV_POWER_n2000_depth6_reference","ED1_008_TWO_ROOT_SV_POWER_n2000_depth8_refined","binary","root_isolation_applicable",254,254,254,254,254,254,254,0,0,0,0,0,0.0148985304313125,1,1,0,0,0,0,0,0
"enclosure_depth_v001","depth8_refined_minus_depth6_reference","maximum continuum-enclosure depth 8 minus 6, with guard depth fixed at 6 and with identical samples, multipliers, B=999, bootstrap grid 0.005, enclosure grid 0.0025, node ceiling 57601, and every remaining inferential setting","ED1_TWO_ROOT_SV_POWER_n4000","diagnostic","TWO_ROOT_SV_POWER",4000,4000,"absolute","K3",0.25,2.5,"depth6_reference","depth8_refined","ED1_009_TWO_ROOT_SV_POWER_n4000_depth6_reference","ED1_010_TWO_ROOT_SV_POWER_n4000_depth8_refined","binary","root_isolation_applicable",254,254,254,254,254,254,254,0,0,0,0,0,0.0148985304313125,1,1,0,0,0,0,0,0
"enclosure_depth_v001","depth8_refined_minus_depth6_reference","maximum continuum-enclosure depth 8 minus 6, with guard depth fixed at 6 and with identical samples, multipliers, B=999, bootstrap grid 0.005, enclosure grid 0.0025, node ceiling 57601, and every remaining inferential setting","ED1_TWO_ROOT_SV_POWER_n8000","diagnostic","TWO_ROOT_SV_POWER",8000,8000,"absolute","K3",0.25,2.5,"depth6_reference","depth8_refined","ED1_011_TWO_ROOT_SV_POWER_n8000_depth6_reference","ED1_012_TWO_ROOT_SV_POWER_n8000_depth8_refined","binary","root_isolation_applicable",254,254,254,254,254,254,254,0,0,0,0,0,0.0148985304313125,1,1,0,0,0,0,0,0
"enclosure_depth_v001","depth8_refined_minus_depth6_reference","maximum continuum-enclosure depth 8 minus 6, with guard depth fixed at 6 and with identical samples, multipliers, B=999, bootstrap grid 0.005, enclosure grid 0.0025, node ceiling 57601, and every remaining inferential setting","ED1_TWO_ROOT_SV_POWER_n2000","diagnostic","TWO_ROOT_SV_POWER",2000,2000,"absolute","K3",0.25,2.5,"depth6_reference","depth8_refined","ED1_007_TWO_ROOT_SV_POWER_n2000_depth6_reference","ED1_008_TWO_ROOT_SV_POWER_n2000_depth8_refined","binary","root_isolation_limit_hit",254,254,254,254,254,0,0,0,0,0,0,0,0.0148985304313125,0,0,0,0,0,0,0,0
"enclosure_depth_v001","depth8_refined_minus_depth6_reference","maximum continuum-enclosure depth 8 minus 6, with guard depth fixed at 6 and with identical samples, multipliers, B=999, bootstrap grid 0.005, enclosure grid 0.0025, node ceiling 57601, and every remaining inferential setting","ED1_TWO_ROOT_SV_POWER_n4000","diagnostic","TWO_ROOT_SV_POWER",4000,4000,"absolute","K3",0.25,2.5,"depth6_reference","depth8_refined","ED1_009_TWO_ROOT_SV_POWER_n4000_depth6_reference","ED1_010_TWO_ROOT_SV_POWER_n4000_depth8_refined","binary","root_isolation_limit_hit",254,254,254,254,254,0,0,0,0,0,0,0,0.0148985304313125,0,0,0,0,0,0,0,0
"enclosure_depth_v001","depth8_refined_minus_depth6_reference","maximum continuum-enclosure depth 8 minus 6, with guard depth fixed at 6 and with identical samples, multipliers, B=999, bootstrap grid 0.005, enclosure grid 0.0025, node ceiling 57601, and every remaining inferential setting","ED1_TWO_ROOT_SV_POWER_n8000","diagnostic","TWO_ROOT_SV_POWER",8000,8000,"absolute","K3",0.25,2.5,"depth6_reference","depth8_refined","ED1_011_TWO_ROOT_SV_POWER_n8000_depth6_reference","ED1_012_TWO_ROOT_SV_POWER_n8000_depth8_refined","binary","root_isolation_limit_hit",254,254,254,254,254,0,0,0,0,0,0,0,0.0148985304313125,0,0,0,0,0,0,0,0
"enclosure_depth_v001","depth8_refined_minus_depth6_reference","maximum continuum-enclosure depth 8 minus 6, with guard depth fixed at 6 and with identical samples, multipliers, B=999, bootstrap grid 0.005, enclosure grid 0.0025, node ceiling 57601, and every remaining inferential setting","ED1_TWO_ROOT_SV_POWER_n2000","diagnostic","TWO_ROOT_SV_POWER",2000,2000,"absolute","K3",0.25,2.5,"depth6_reference","depth8_refined","ED1_007_TWO_ROOT_SV_POWER_n2000_depth6_reference","ED1_008_TWO_ROOT_SV_POWER_n2000_depth8_refined","binary","root_isolation_success",254,254,254,254,254,238,238,0,0,0,0,0,0.0148985304313125,0.937007874015748,0.937007874015748,0,0,0,0,0,0
"enclosure_depth_v001","depth8_refined_minus_depth6_reference","maximum continuum-enclosure depth 8 minus 6, with guard depth fixed at 6 and with identical samples, multipliers, B=999, bootstrap grid 0.005, enclosure grid 0.0025, node ceiling 57601, and every remaining inferential setting","ED1_TWO_ROOT_SV_POWER_n4000","diagnostic","TWO_ROOT_SV_POWER",4000,4000,"absolute","K3",0.25,2.5,"depth6_reference","depth8_refined","ED1_009_TWO_ROOT_SV_POWER_n4000_depth6_reference","ED1_010_TWO_ROOT_SV_POWER_n4000_depth8_refined","binary","root_isolation_success",254,254,254,254,254,251,251,0,0,0,0,0,0.0148985304313125,0.988188976377953,0.988188976377953,0,0,0,0,0,0
"enclosure_depth_v001","depth8_refined_minus_depth6_reference","maximum continuum-enclosure depth 8 minus 6, with guard depth fixed at 6 and with identical samples, multipliers, B=999, bootstrap grid 0.005, enclosure grid 0.0025, node ceiling 57601, and every remaining inferential setting","ED1_TWO_ROOT_SV_POWER_n8000","diagnostic","TWO_ROOT_SV_POWER",8000,8000,"absolute","K3",0.25,2.5,"depth6_reference","depth8_refined","ED1_011_TWO_ROOT_SV_POWER_n8000_depth6_reference","ED1_012_TWO_ROOT_SV_POWER_n8000_depth8_refined","binary","root_isolation_success",254,254,254,254,254,253,253,0,0,0,0,0,0.0148985304313125,0.996062992125984,0.996062992125984,0,0,0,0,0,0
"enclosure_depth_v001","depth8_refined_minus_depth6_reference","maximum continuum-enclosure depth 8 minus 6, with guard depth fixed at 6 and with identical samples, multipliers, B=999, bootstrap grid 0.005, enclosure grid 0.0025, node ceiling 57601, and every remaining inferential setting","ED1_TWO_ROOT_SV_POWER_n2000","diagnostic","TWO_ROOT_SV_POWER",2000,2000,"absolute","K3",0.25,2.5,"depth6_reference","depth8_refined","ED1_007_TWO_ROOT_SV_POWER_n2000_depth6_reference","ED1_008_TWO_ROOT_SV_POWER_n2000_depth8_refined","binary","root_multiplier_applicable",254,254,254,254,254,254,254,0,0,0,0,0,0.0148985304313125,1,1,0,0,0,0,0,0
"enclosure_depth_v001","depth8_refined_minus_depth6_reference","maximum continuum-enclosure depth 8 minus 6, with guard depth fixed at 6 and with identical samples, multipliers, B=999, bootstrap grid 0.005, enclosure grid 0.0025, node ceiling 57601, and every remaining inferential setting","ED1_TWO_ROOT_SV_POWER_n4000","diagnostic","TWO_ROOT_SV_POWER",4000,4000,"absolute","K3",0.25,2.5,"depth6_reference","depth8_refined","ED1_009_TWO_ROOT_SV_POWER_n4000_depth6_reference","ED1_010_TWO_ROOT_SV_POWER_n4000_depth8_refined","binary","root_multiplier_applicable",254,254,254,254,254,254,254,0,0,0,0,0,0.0148985304313125,1,1,0,0,0,0,0,0
"enclosure_depth_v001","depth8_refined_minus_depth6_reference","maximum continuum-enclosure depth 8 minus 6, with guard depth fixed at 6 and with identical samples, multipliers, B=999, bootstrap grid 0.005, enclosure grid 0.0025, node ceiling 57601, and every remaining inferential setting","ED1_TWO_ROOT_SV_POWER_n8000","diagnostic","TWO_ROOT_SV_POWER",8000,8000,"absolute","K3",0.25,2.5,"depth6_reference","depth8_refined","ED1_011_TWO_ROOT_SV_POWER_n8000_depth6_reference","ED1_012_TWO_ROOT_SV_POWER_n8000_depth8_refined","binary","root_multiplier_applicable",254,254,254,254,254,254,254,0,0,0,0,0,0.0148985304313125,1,1,0,0,0,0,0,0
"enclosure_depth_v001","depth8_refined_minus_depth6_reference","maximum continuum-enclosure depth 8 minus 6, with guard depth fixed at 6 and with identical samples, multipliers, B=999, bootstrap grid 0.005, enclosure grid 0.0025, node ceiling 57601, and every remaining inferential setting","ED1_TWO_ROOT_SV_POWER_n2000","diagnostic","TWO_ROOT_SV_POWER",2000,2000,"absolute","K3",0.25,2.5,"depth6_reference","depth8_refined","ED1_007_TWO_ROOT_SV_POWER_n2000_depth6_reference","ED1_008_TWO_ROOT_SV_POWER_n2000_depth8_refined","binary","root_multiplier_conditional_cover",254,254,254,254,238,235,235,0,0,0,0,1.73472347597681e-18,0.0158842029792016,0.987394957983193,0.987394957983193,0,0,0,0,0,0
"enclosure_depth_v001","depth8_refined_minus_depth6_reference","maximum continuum-enclosure depth 8 minus 6, with guard depth fixed at 6 and with identical samples, multipliers, B=999, bootstrap grid 0.005, enclosure grid 0.0025, node ceiling 57601, and every remaining inferential setting","ED1_TWO_ROOT_SV_POWER_n4000","diagnostic","TWO_ROOT_SV_POWER",4000,4000,"absolute","K3",0.25,2.5,"depth6_reference","depth8_refined","ED1_009_TWO_ROOT_SV_POWER_n4000_depth6_reference","ED1_010_TWO_ROOT_SV_POWER_n4000_depth8_refined","binary","root_multiplier_conditional_cover",254,254,254,254,251,248,248,0,0,0,0,8.67361737988404e-19,0.0150739163025941,0.98804780876494,0.98804780876494,0,0,0,0,0,0
"enclosure_depth_v001","depth8_refined_minus_depth6_reference","maximum continuum-enclosure depth 8 minus 6, with guard depth fixed at 6 and with identical samples, multipliers, B=999, bootstrap grid 0.005, enclosure grid 0.0025, node ceiling 57601, and every remaining inferential setting","ED1_TWO_ROOT_SV_POWER_n8000","diagnostic","TWO_ROOT_SV_POWER",8000,8000,"absolute","K3",0.25,2.5,"depth6_reference","depth8_refined","ED1_011_TWO_ROOT_SV_POWER_n8000_depth6_reference","ED1_012_TWO_ROOT_SV_POWER_n8000_depth8_refined","binary","root_multiplier_conditional_cover",254,254,254,254,253,246,246,0,0,0,0,0,0.0149565371507094,0.972332015810277,0.972332015810277,0,0,0,0,0,0
"enclosure_depth_v001","depth8_refined_minus_depth6_reference","maximum continuum-enclosure depth 8 minus 6, with guard depth fixed at 6 and with identical samples, multipliers, B=999, bootstrap grid 0.005, enclosure grid 0.0025, node ceiling 57601, and every remaining inferential setting","ED1_TWO_ROOT_SV_POWER_n2000","diagnostic","TWO_ROOT_SV_POWER",2000,2000,"absolute","K3",0.25,2.5,"depth6_reference","depth8_refined","ED1_007_TWO_ROOT_SV_POWER_n2000_depth6_reference","ED1_008_TWO_ROOT_SV_POWER_n2000_depth8_refined","binary","root_multiplier_formal_unconditional_cover",254,254,254,254,254,251,251,0,0,0,0,0,0.0148985304313125,0.988188976377953,0.988188976377953,0,0,0,0,0,0
"enclosure_depth_v001","depth8_refined_minus_depth6_reference","maximum continuum-enclosure depth 8 minus 6, with guard depth fixed at 6 and with identical samples, multipliers, B=999, bootstrap grid 0.005, enclosure grid 0.0025, node ceiling 57601, and every remaining inferential setting","ED1_TWO_ROOT_SV_POWER_n4000","diagnostic","TWO_ROOT_SV_POWER",4000,4000,"absolute","K3",0.25,2.5,"depth6_reference","depth8_refined","ED1_009_TWO_ROOT_SV_POWER_n4000_depth6_reference","ED1_010_TWO_ROOT_SV_POWER_n4000_depth8_refined","binary","root_multiplier_formal_unconditional_cover",254,254,254,254,254,251,251,0,0,0,0,0,0.0148985304313125,0.988188976377953,0.988188976377953,0,0,0,0,0,0
"enclosure_depth_v001","depth8_refined_minus_depth6_reference","maximum continuum-enclosure depth 8 minus 6, with guard depth fixed at 6 and with identical samples, multipliers, B=999, bootstrap grid 0.005, enclosure grid 0.0025, node ceiling 57601, and every remaining inferential setting","ED1_TWO_ROOT_SV_POWER_n8000","diagnostic","TWO_ROOT_SV_POWER",8000,8000,"absolute","K3",0.25,2.5,"depth6_reference","depth8_refined","ED1_011_TWO_ROOT_SV_POWER_n8000_depth6_reference","ED1_012_TWO_ROOT_SV_POWER_n8000_depth8_refined","binary","root_multiplier_formal_unconditional_cover",254,254,254,254,254,247,247,0,0,0,0,0,0.0148985304313125,0.97244094488189,0.97244094488189,0,0,0,0,0,0
"enclosure_depth_v001","depth8_refined_minus_depth6_reference","maximum continuum-enclosure depth 8 minus 6, with guard depth fixed at 6 and with identical samples, multipliers, B=999, bootstrap grid 0.005, enclosure grid 0.0025, node ceiling 57601, and every remaining inferential setting","ED1_TWO_ROOT_SV_POWER_n2000","diagnostic","TWO_ROOT_SV_POWER",2000,2000,"absolute","K3",0.25,2.5,"depth6_reference","depth8_refined","ED1_007_TWO_ROOT_SV_POWER_n2000_depth6_reference","ED1_008_TWO_ROOT_SV_POWER_n2000_depth8_refined","binary","root_multiplier_report_and_cover",254,254,254,254,254,235,235,0,0,0,0,0,0.0148985304313125,0.925196850393701,0.925196850393701,0,0,0,0,0,0
"enclosure_depth_v001","depth8_refined_minus_depth6_reference","maximum continuum-enclosure depth 8 minus 6, with guard depth fixed at 6 and with identical samples, multipliers, B=999, bootstrap grid 0.005, enclosure grid 0.0025, node ceiling 57601, and every remaining inferential setting","ED1_TWO_ROOT_SV_POWER_n4000","diagnostic","TWO_ROOT_SV_POWER",4000,4000,"absolute","K3",0.25,2.5,"depth6_reference","depth8_refined","ED1_009_TWO_ROOT_SV_POWER_n4000_depth6_reference","ED1_010_TWO_ROOT_SV_POWER_n4000_depth8_refined","binary","root_multiplier_report_and_cover",254,254,254,254,254,248,248,0,0,0,0,0,0.0148985304313125,0.976377952755906,0.976377952755906,0,0,0,0,0,0
"enclosure_depth_v001","depth8_refined_minus_depth6_reference","maximum continuum-enclosure depth 8 minus 6, with guard depth fixed at 6 and with identical samples, multipliers, B=999, bootstrap grid 0.005, enclosure grid 0.0025, node ceiling 57601, and every remaining inferential setting","ED1_TWO_ROOT_SV_POWER_n8000","diagnostic","TWO_ROOT_SV_POWER",8000,8000,"absolute","K3",0.25,2.5,"depth6_reference","depth8_refined","ED1_011_TWO_ROOT_SV_POWER_n8000_depth6_reference","ED1_012_TWO_ROOT_SV_POWER_n8000_depth8_refined","binary","root_multiplier_report_and_cover",254,254,254,254,254,246,246,0,0,0,0,0,0.0148985304313125,0.968503937007874,0.968503937007874,0,0,0,0,0,0
"enclosure_depth_v001","depth8_refined_minus_depth6_reference","maximum continuum-enclosure depth 8 minus 6, with guard depth fixed at 6 and with identical samples, multipliers, B=999, bootstrap grid 0.005, enclosure grid 0.0025, node ceiling 57601, and every remaining inferential setting","ED1_TWO_ROOT_SV_POWER_n2000","diagnostic","TWO_ROOT_SV_POWER",2000,2000,"absolute","K3",0.25,2.5,"depth6_reference","depth8_refined","ED1_007_TWO_ROOT_SV_POWER_n2000_depth6_reference","ED1_008_TWO_ROOT_SV_POWER_n2000_depth8_refined","binary","root_multiplier_reported",254,254,254,254,254,238,238,0,0,0,0,0,0.0148985304313125,0.937007874015748,0.937007874015748,0,0,0,0,0,0
"enclosure_depth_v001","depth8_refined_minus_depth6_reference","maximum continuum-enclosure depth 8 minus 6, with guard depth fixed at 6 and with identical samples, multipliers, B=999, bootstrap grid 0.005, enclosure grid 0.0025, node ceiling 57601, and every remaining inferential setting","ED1_TWO_ROOT_SV_POWER_n4000","diagnostic","TWO_ROOT_SV_POWER",4000,4000,"absolute","K3",0.25,2.5,"depth6_reference","depth8_refined","ED1_009_TWO_ROOT_SV_POWER_n4000_depth6_reference","ED1_010_TWO_ROOT_SV_POWER_n4000_depth8_refined","binary","root_multiplier_reported",254,254,254,254,254,251,251,0,0,0,0,0,0.0148985304313125,0.988188976377953,0.988188976377953,0,0,0,0,0,0
"enclosure_depth_v001","depth8_refined_minus_depth6_reference","maximum continuum-enclosure depth 8 minus 6, with guard depth fixed at 6 and with identical samples, multipliers, B=999, bootstrap grid 0.005, enclosure grid 0.0025, node ceiling 57601, and every remaining inferential setting","ED1_TWO_ROOT_SV_POWER_n8000","diagnostic","TWO_ROOT_SV_POWER",8000,8000,"absolute","K3",0.25,2.5,"depth6_reference","depth8_refined","ED1_011_TWO_ROOT_SV_POWER_n8000_depth6_reference","ED1_012_TWO_ROOT_SV_POWER_n8000_depth8_refined","binary","root_multiplier_reported",254,254,254,254,254,253,253,0,0,0,0,0,0.0148985304313125,0.996062992125984,0.996062992125984,0,0,0,0,0,0
"enclosure_depth_v001","depth8_refined_minus_depth6_reference","maximum continuum-enclosure depth 8 minus 6, with guard depth fixed at 6 and with identical samples, multipliers, B=999, bootstrap grid 0.005, enclosure grid 0.0025, node ceiling 57601, and every remaining inferential setting","ED1_TWO_ROOT_SV_POWER_n2000","diagnostic","TWO_ROOT_SV_POWER",2000,2000,"absolute","K3",0.25,2.5,"depth6_reference","depth8_refined","ED1_007_TWO_ROOT_SV_POWER_n2000_depth6_reference","ED1_008_TWO_ROOT_SV_POWER_n2000_depth8_refined","binary","roundoff_inflation_margin_applied",254,254,254,254,254,254,254,0,0,0,0,0,0.0148985304313125,1,1,0,0,0,0,0,0
"enclosure_depth_v001","depth8_refined_minus_depth6_reference","maximum continuum-enclosure depth 8 minus 6, with guard depth fixed at 6 and with identical samples, multipliers, B=999, bootstrap grid 0.005, enclosure grid 0.0025, node ceiling 57601, and every remaining inferential setting","ED1_TWO_ROOT_SV_POWER_n4000","diagnostic","TWO_ROOT_SV_POWER",4000,4000,"absolute","K3",0.25,2.5,"depth6_reference","depth8_refined","ED1_009_TWO_ROOT_SV_POWER_n4000_depth6_reference","ED1_010_TWO_ROOT_SV_POWER_n4000_depth8_refined","binary","roundoff_inflation_margin_applied",254,254,254,254,254,254,254,0,0,0,0,0,0.0148985304313125,1,1,0,0,0,0,0,0
"enclosure_depth_v001","depth8_refined_minus_depth6_reference","maximum continuum-enclosure depth 8 minus 6, with guard depth fixed at 6 and with identical samples, multipliers, B=999, bootstrap grid 0.005, enclosure grid 0.0025, node ceiling 57601, and every remaining inferential setting","ED1_TWO_ROOT_SV_POWER_n8000","diagnostic","TWO_ROOT_SV_POWER",8000,8000,"absolute","K3",0.25,2.5,"depth6_reference","depth8_refined","ED1_011_TWO_ROOT_SV_POWER_n8000_depth6_reference","ED1_012_TWO_ROOT_SV_POWER_n8000_depth8_refined","binary","roundoff_inflation_margin_applied",254,254,254,254,254,254,254,0,0,0,0,0,0.0148985304313125,1,1,0,0,0,0,0,0
"enclosure_depth_v001","depth8_refined_minus_depth6_reference","maximum continuum-enclosure depth 8 minus 6, with guard depth fixed at 6 and with identical samples, multipliers, B=999, bootstrap grid 0.005, enclosure grid 0.0025, node ceiling 57601, and every remaining inferential setting","ED1_TWO_ROOT_SV_POWER_n2000","diagnostic","TWO_ROOT_SV_POWER",2000,2000,"absolute","K3",0.25,2.5,"depth6_reference","depth8_refined","ED1_007_TWO_ROOT_SV_POWER_n2000_depth6_reference","ED1_008_TWO_ROOT_SV_POWER_n2000_depth8_refined","binary","roundoff_inflation_requested",254,254,254,254,254,254,254,0,0,0,0,0,0.0148985304313125,1,1,0,0,0,0,0,0
"enclosure_depth_v001","depth8_refined_minus_depth6_reference","maximum continuum-enclosure depth 8 minus 6, with guard depth fixed at 6 and with identical samples, multipliers, B=999, bootstrap grid 0.005, enclosure grid 0.0025, node ceiling 57601, and every remaining inferential setting","ED1_TWO_ROOT_SV_POWER_n4000","diagnostic","TWO_ROOT_SV_POWER",4000,4000,"absolute","K3",0.25,2.5,"depth6_reference","depth8_refined","ED1_009_TWO_ROOT_SV_POWER_n4000_depth6_reference","ED1_010_TWO_ROOT_SV_POWER_n4000_depth8_refined","binary","roundoff_inflation_requested",254,254,254,254,254,254,254,0,0,0,0,0,0.0148985304313125,1,1,0,0,0,0,0,0
"enclosure_depth_v001","depth8_refined_minus_depth6_reference","maximum continuum-enclosure depth 8 minus 6, with guard depth fixed at 6 and with identical samples, multipliers, B=999, bootstrap grid 0.005, enclosure grid 0.0025, node ceiling 57601, and every remaining inferential setting","ED1_TWO_ROOT_SV_POWER_n8000","diagnostic","TWO_ROOT_SV_POWER",8000,8000,"absolute","K3",0.25,2.5,"depth6_reference","depth8_refined","ED1_011_TWO_ROOT_SV_POWER_n8000_depth6_reference","ED1_012_TWO_ROOT_SV_POWER_n8000_depth8_refined","binary","roundoff_inflation_requested",254,254,254,254,254,254,254,0,0,0,0,0,0.0148985304313125,1,1,0,0,0,0,0,0
"enclosure_depth_v001","depth8_refined_minus_depth6_reference","maximum continuum-enclosure depth 8 minus 6, with guard depth fixed at 6 and with identical samples, multipliers, B=999, bootstrap grid 0.005, enclosure grid 0.0025, node ceiling 57601, and every remaining inferential setting","ED1_TWO_ROOT_SV_POWER_n2000","diagnostic","TWO_ROOT_SV_POWER",2000,2000,"absolute","K3",0.25,2.5,"depth6_reference","depth8_refined","ED1_007_TWO_ROOT_SV_POWER_n2000_depth6_reference","ED1_008_TWO_ROOT_SV_POWER_n2000_depth8_refined","binary","simplicity_certified",254,254,254,254,254,92,92,0,0,0,0,0,0.0148985304313125,0.362204724409449,0.362204724409449,0,0,0,0,0,0
"enclosure_depth_v001","depth8_refined_minus_depth6_reference","maximum continuum-enclosure depth 8 minus 6, with guard depth fixed at 6 and with identical samples, multipliers, B=999, bootstrap grid 0.005, enclosure grid 0.0025, node ceiling 57601, and every remaining inferential setting","ED1_TWO_ROOT_SV_POWER_n4000","diagnostic","TWO_ROOT_SV_POWER",4000,4000,"absolute","K3",0.25,2.5,"depth6_reference","depth8_refined","ED1_009_TWO_ROOT_SV_POWER_n4000_depth6_reference","ED1_010_TWO_ROOT_SV_POWER_n4000_depth8_refined","binary","simplicity_certified",254,254,254,254,254,191,191,0,0,0,0,0,0.0148985304313125,0.751968503937008,0.751968503937008,0,0,0,0,0,0
"enclosure_depth_v001","depth8_refined_minus_depth6_reference","maximum continuum-enclosure depth 8 minus 6, with guard depth fixed at 6 and with identical samples, multipliers, B=999, bootstrap grid 0.005, enclosure grid 0.0025, node ceiling 57601, and every remaining inferential setting","ED1_TWO_ROOT_SV_POWER_n8000","diagnostic","TWO_ROOT_SV_POWER",8000,8000,"absolute","K3",0.25,2.5,"depth6_reference","depth8_refined","ED1_011_TWO_ROOT_SV_POWER_n8000_depth6_reference","ED1_012_TWO_ROOT_SV_POWER_n8000_depth8_refined","binary","simplicity_certified",254,254,254,254,254,246,246,0,0,0,0,0,0.0148985304313125,0.968503937007874,0.968503937007874,0,0,0,0,0,0
"enclosure_depth_v001","depth8_refined_minus_depth6_reference","maximum continuum-enclosure depth 8 minus 6, with guard depth fixed at 6 and with identical samples, multipliers, B=999, bootstrap grid 0.005, enclosure grid 0.0025, node ceiling 57601, and every remaining inferential setting","ED1_TWO_ROOT_SV_POWER_n2000","diagnostic","TWO_ROOT_SV_POWER",2000,2000,"absolute","K3",0.25,2.5,"depth6_reference","depth8_refined","ED1_007_TWO_ROOT_SV_POWER_n2000_depth6_reference","ED1_008_TWO_ROOT_SV_POWER_n2000_depth8_refined","binary","tangency_global_geometry_applicable",254,254,254,254,254,0,0,0,0,0,0,0,0.0148985304313125,0,0,0,0,0,0,0,0
"enclosure_depth_v001","depth8_refined_minus_depth6_reference","maximum continuum-enclosure depth 8 minus 6, with guard depth fixed at 6 and with identical samples, multipliers, B=999, bootstrap grid 0.005, enclosure grid 0.0025, node ceiling 57601, and every remaining inferential setting","ED1_TWO_ROOT_SV_POWER_n4000","diagnostic","TWO_ROOT_SV_POWER",4000,4000,"absolute","K3",0.25,2.5,"depth6_reference","depth8_refined","ED1_009_TWO_ROOT_SV_POWER_n4000_depth6_reference","ED1_010_TWO_ROOT_SV_POWER_n4000_depth8_refined","binary","tangency_global_geometry_applicable",254,254,254,254,254,0,0,0,0,0,0,0,0.0148985304313125,0,0,0,0,0,0,0,0
"enclosure_depth_v001","depth8_refined_minus_depth6_reference","maximum continuum-enclosure depth 8 minus 6, with guard depth fixed at 6 and with identical samples, multipliers, B=999, bootstrap grid 0.005, enclosure grid 0.0025, node ceiling 57601, and every remaining inferential setting","ED1_TWO_ROOT_SV_POWER_n8000","diagnostic","TWO_ROOT_SV_POWER",8000,8000,"absolute","K3",0.25,2.5,"depth6_reference","depth8_refined","ED1_011_TWO_ROOT_SV_POWER_n8000_depth6_reference","ED1_012_TWO_ROOT_SV_POWER_n8000_depth8_refined","binary","tangency_global_geometry_applicable",254,254,254,254,254,0,0,0,0,0,0,0,0.0148985304313125,0,0,0,0,0,0,0,0
"enclosure_depth_v001","depth8_refined_minus_depth6_reference","maximum continuum-enclosure depth 8 minus 6, with guard depth fixed at 6 and with identical samples, multipliers, B=999, bootstrap grid 0.005, enclosure grid 0.0025, node ceiling 57601, and every remaining inferential setting","ED1_TWO_ROOT_SV_POWER_n2000","diagnostic","TWO_ROOT_SV_POWER",2000,2000,"absolute","K3",0.25,2.5,"depth6_reference","depth8_refined","ED1_007_TWO_ROOT_SV_POWER_n2000_depth6_reference","ED1_008_TWO_ROOT_SV_POWER_n2000_depth8_refined","binary","tangency_global_geometry_conditioned_on_continuum_band_coverage",254,254,254,254,254,0,0,0,0,0,0,0,0.0148985304313125,0,0,0,0,0,0,0,0
"enclosure_depth_v001","depth8_refined_minus_depth6_reference","maximum continuum-enclosure depth 8 minus 6, with guard depth fixed at 6 and with identical samples, multipliers, B=999, bootstrap grid 0.005, enclosure grid 0.0025, node ceiling 57601, and every remaining inferential setting","ED1_TWO_ROOT_SV_POWER_n4000","diagnostic","TWO_ROOT_SV_POWER",4000,4000,"absolute","K3",0.25,2.5,"depth6_reference","depth8_refined","ED1_009_TWO_ROOT_SV_POWER_n4000_depth6_reference","ED1_010_TWO_ROOT_SV_POWER_n4000_depth8_refined","binary","tangency_global_geometry_conditioned_on_continuum_band_coverage",254,254,254,254,254,0,0,0,0,0,0,0,0.0148985304313125,0,0,0,0,0,0,0,0
"enclosure_depth_v001","depth8_refined_minus_depth6_reference","maximum continuum-enclosure depth 8 minus 6, with guard depth fixed at 6 and with identical samples, multipliers, B=999, bootstrap grid 0.005, enclosure grid 0.0025, node ceiling 57601, and every remaining inferential setting","ED1_TWO_ROOT_SV_POWER_n8000","diagnostic","TWO_ROOT_SV_POWER",8000,8000,"absolute","K3",0.25,2.5,"depth6_reference","depth8_refined","ED1_011_TWO_ROOT_SV_POWER_n8000_depth6_reference","ED1_012_TWO_ROOT_SV_POWER_n8000_depth8_refined","binary","tangency_global_geometry_conditioned_on_continuum_band_coverage",254,254,254,254,254,0,0,0,0,0,0,0,0.0148985304313125,0,0,0,0,0,0,0,0
"enclosure_depth_v001","depth8_refined_minus_depth6_reference","maximum continuum-enclosure depth 8 minus 6, with guard depth fixed at 6 and with identical samples, multipliers, B=999, bootstrap grid 0.005, enclosure grid 0.0025, node ceiling 57601, and every remaining inferential setting","ED1_TWO_ROOT_SV_POWER_n2000","diagnostic","TWO_ROOT_SV_POWER",2000,2000,"absolute","K3",0.25,2.5,"depth6_reference","depth8_refined","ED1_007_TWO_ROOT_SV_POWER_n2000_depth6_reference","ED1_008_TWO_ROOT_SV_POWER_n2000_depth8_refined","binary","tangency_global_outer_contains_root_conditional_on_continuum_band_coverage",254,254,254,254,0,0,0,0,0,0,,,,,,,,,,,
"enclosure_depth_v001","depth8_refined_minus_depth6_reference","maximum continuum-enclosure depth 8 minus 6, with guard depth fixed at 6 and with identical samples, multipliers, B=999, bootstrap grid 0.005, enclosure grid 0.0025, node ceiling 57601, and every remaining inferential setting","ED1_TWO_ROOT_SV_POWER_n4000","diagnostic","TWO_ROOT_SV_POWER",4000,4000,"absolute","K3",0.25,2.5,"depth6_reference","depth8_refined","ED1_009_TWO_ROOT_SV_POWER_n4000_depth6_reference","ED1_010_TWO_ROOT_SV_POWER_n4000_depth8_refined","binary","tangency_global_outer_contains_root_conditional_on_continuum_band_coverage",254,254,254,254,0,0,0,0,0,0,,,,,,,,,,,
"enclosure_depth_v001","depth8_refined_minus_depth6_reference","maximum continuum-enclosure depth 8 minus 6, with guard depth fixed at 6 and with identical samples, multipliers, B=999, bootstrap grid 0.005, enclosure grid 0.0025, node ceiling 57601, and every remaining inferential setting","ED1_TWO_ROOT_SV_POWER_n8000","diagnostic","TWO_ROOT_SV_POWER",8000,8000,"absolute","K3",0.25,2.5,"depth6_reference","depth8_refined","ED1_011_TWO_ROOT_SV_POWER_n8000_depth6_reference","ED1_012_TWO_ROOT_SV_POWER_n8000_depth8_refined","binary","tangency_global_outer_contains_root_conditional_on_continuum_band_coverage",254,254,254,254,0,0,0,0,0,0,,,,,,,,,,,
"enclosure_depth_v001","depth8_refined_minus_depth6_reference","maximum continuum-enclosure depth 8 minus 6, with guard depth fixed at 6 and with identical samples, multipliers, B=999, bootstrap grid 0.005, enclosure grid 0.0025, node ceiling 57601, and every remaining inferential setting","ED1_TWO_ROOT_SV_POWER_n2000","diagnostic","TWO_ROOT_SV_POWER",2000,2000,"absolute","K3",0.25,2.5,"depth6_reference","depth8_refined","ED1_007_TWO_ROOT_SV_POWER_n2000_depth6_reference","ED1_008_TWO_ROOT_SV_POWER_n2000_depth8_refined","binary","tangency_global_outer_nonempty_conditional_on_continuum_band_coverage",254,254,254,254,0,0,0,0,0,0,,,,,,,,,,,
"enclosure_depth_v001","depth8_refined_minus_depth6_reference","maximum continuum-enclosure depth 8 minus 6, with guard depth fixed at 6 and with identical samples, multipliers, B=999, bootstrap grid 0.005, enclosure grid 0.0025, node ceiling 57601, and every remaining inferential setting","ED1_TWO_ROOT_SV_POWER_n4000","diagnostic","TWO_ROOT_SV_POWER",4000,4000,"absolute","K3",0.25,2.5,"depth6_reference","depth8_refined","ED1_009_TWO_ROOT_SV_POWER_n4000_depth6_reference","ED1_010_TWO_ROOT_SV_POWER_n4000_depth8_refined","binary","tangency_global_outer_nonempty_conditional_on_continuum_band_coverage",254,254,254,254,0,0,0,0,0,0,,,,,,,,,,,
"enclosure_depth_v001","depth8_refined_minus_depth6_reference","maximum continuum-enclosure depth 8 minus 6, with guard depth fixed at 6 and with identical samples, multipliers, B=999, bootstrap grid 0.005, enclosure grid 0.0025, node ceiling 57601, and every remaining inferential setting","ED1_TWO_ROOT_SV_POWER_n8000","diagnostic","TWO_ROOT_SV_POWER",8000,8000,"absolute","K3",0.25,2.5,"depth6_reference","depth8_refined","ED1_011_TWO_ROOT_SV_POWER_n8000_depth6_reference","ED1_012_TWO_ROOT_SV_POWER_n8000_depth8_refined","binary","tangency_global_outer_nonempty_conditional_on_continuum_band_coverage",254,254,254,254,0,0,0,0,0,0,,,,,,,,,,,
"enclosure_depth_v001","depth8_refined_minus_depth6_reference","maximum continuum-enclosure depth 8 minus 6, with guard depth fixed at 6 and with identical samples, multipliers, B=999, bootstrap grid 0.005, enclosure grid 0.0025, node ceiling 57601, and every remaining inferential setting","ED1_TWO_ROOT_SV_POWER_n2000","diagnostic","TWO_ROOT_SV_POWER",2000,2000,"absolute","K3",0.25,2.5,"depth6_reference","depth8_refined","ED1_007_TWO_ROOT_SV_POWER_n2000_depth6_reference","ED1_008_TWO_ROOT_SV_POWER_n2000_depth8_refined","binary","tangency_global_outer_touches_K_boundary_conditional_on_continuum_band_coverage",254,254,254,254,0,0,0,0,0,0,,,,,,,,,,,
"enclosure_depth_v001","depth8_refined_minus_depth6_reference","maximum continuum-enclosure depth 8 minus 6, with guard depth fixed at 6 and with identical samples, multipliers, B=999, bootstrap grid 0.005, enclosure grid 0.0025, node ceiling 57601, and every remaining inferential setting","ED1_TWO_ROOT_SV_POWER_n4000","diagnostic","TWO_ROOT_SV_POWER",4000,4000,"absolute","K3",0.25,2.5,"depth6_reference","depth8_refined","ED1_009_TWO_ROOT_SV_POWER_n4000_depth6_reference","ED1_010_TWO_ROOT_SV_POWER_n4000_depth8_refined","binary","tangency_global_outer_touches_K_boundary_conditional_on_continuum_band_coverage",254,254,254,254,0,0,0,0,0,0,,,,,,,,,,,
"enclosure_depth_v001","depth8_refined_minus_depth6_reference","maximum continuum-enclosure depth 8 minus 6, with guard depth fixed at 6 and with identical samples, multipliers, B=999, bootstrap grid 0.005, enclosure grid 0.0025, node ceiling 57601, and every remaining inferential setting","ED1_TWO_ROOT_SV_POWER_n8000","diagnostic","TWO_ROOT_SV_POWER",8000,8000,"absolute","K3",0.25,2.5,"depth6_reference","depth8_refined","ED1_011_TWO_ROOT_SV_POWER_n8000_depth6_reference","ED1_012_TWO_ROOT_SV_POWER_n8000_depth8_refined","binary","tangency_global_outer_touches_K_boundary_conditional_on_continuum_band_coverage",254,254,254,254,0,0,0,0,0,0,,,,,,,,,,,
"enclosure_depth_v001","depth8_refined_minus_depth6_reference","maximum continuum-enclosure depth 8 minus 6, with guard depth fixed at 6 and with identical samples, multipliers, B=999, bootstrap grid 0.005, enclosure grid 0.0025, node ceiling 57601, and every remaining inferential setting","ED1_TWO_ROOT_SV_POWER_n2000","diagnostic","TWO_ROOT_SV_POWER",2000,2000,"absolute","K3",0.25,2.5,"depth6_reference","depth8_refined","ED1_007_TWO_ROOT_SV_POWER_n2000_depth6_reference","ED1_008_TWO_ROOT_SV_POWER_n2000_depth8_refined","binary","tangency_global_outer_touches_K_left_conditional_on_continuum_band_coverage",254,254,254,254,0,0,0,0,0,0,,,,,,,,,,,
"enclosure_depth_v001","depth8_refined_minus_depth6_reference","maximum continuum-enclosure depth 8 minus 6, with guard depth fixed at 6 and with identical samples, multipliers, B=999, bootstrap grid 0.005, enclosure grid 0.0025, node ceiling 57601, and every remaining inferential setting","ED1_TWO_ROOT_SV_POWER_n4000","diagnostic","TWO_ROOT_SV_POWER",4000,4000,"absolute","K3",0.25,2.5,"depth6_reference","depth8_refined","ED1_009_TWO_ROOT_SV_POWER_n4000_depth6_reference","ED1_010_TWO_ROOT_SV_POWER_n4000_depth8_refined","binary","tangency_global_outer_touches_K_left_conditional_on_continuum_band_coverage",254,254,254,254,0,0,0,0,0,0,,,,,,,,,,,
"enclosure_depth_v001","depth8_refined_minus_depth6_reference","maximum continuum-enclosure depth 8 minus 6, with guard depth fixed at 6 and with identical samples, multipliers, B=999, bootstrap grid 0.005, enclosure grid 0.0025, node ceiling 57601, and every remaining inferential setting","ED1_TWO_ROOT_SV_POWER_n8000","diagnostic","TWO_ROOT_SV_POWER",8000,8000,"absolute","K3",0.25,2.5,"depth6_reference","depth8_refined","ED1_011_TWO_ROOT_SV_POWER_n8000_depth6_reference","ED1_012_TWO_ROOT_SV_POWER_n8000_depth8_refined","binary","tangency_global_outer_touches_K_left_conditional_on_continuum_band_coverage",254,254,254,254,0,0,0,0,0,0,,,,,,,,,,,
"enclosure_depth_v001","depth8_refined_minus_depth6_reference","maximum continuum-enclosure depth 8 minus 6, with guard depth fixed at 6 and with identical samples, multipliers, B=999, bootstrap grid 0.005, enclosure grid 0.0025, node ceiling 57601, and every remaining inferential setting","ED1_TWO_ROOT_SV_POWER_n2000","diagnostic","TWO_ROOT_SV_POWER",2000,2000,"absolute","K3",0.25,2.5,"depth6_reference","depth8_refined","ED1_007_TWO_ROOT_SV_POWER_n2000_depth6_reference","ED1_008_TWO_ROOT_SV_POWER_n2000_depth8_refined","binary","tangency_global_outer_touches_K_right_conditional_on_continuum_band_coverage",254,254,254,254,0,0,0,0,0,0,,,,,,,,,,,
"enclosure_depth_v001","depth8_refined_minus_depth6_reference","maximum continuum-enclosure depth 8 minus 6, with guard depth fixed at 6 and with identical samples, multipliers, B=999, bootstrap grid 0.005, enclosure grid 0.0025, node ceiling 57601, and every remaining inferential setting","ED1_TWO_ROOT_SV_POWER_n4000","diagnostic","TWO_ROOT_SV_POWER",4000,4000,"absolute","K3",0.25,2.5,"depth6_reference","depth8_refined","ED1_009_TWO_ROOT_SV_POWER_n4000_depth6_reference","ED1_010_TWO_ROOT_SV_POWER_n4000_depth8_refined","binary","tangency_global_outer_touches_K_right_conditional_on_continuum_band_coverage",254,254,254,254,0,0,0,0,0,0,,,,,,,,,,,
"enclosure_depth_v001","depth8_refined_minus_depth6_reference","maximum continuum-enclosure depth 8 minus 6, with guard depth fixed at 6 and with identical samples, multipliers, B=999, bootstrap grid 0.005, enclosure grid 0.0025, node ceiling 57601, and every remaining inferential setting","ED1_TWO_ROOT_SV_POWER_n8000","diagnostic","TWO_ROOT_SV_POWER",8000,8000,"absolute","K3",0.25,2.5,"depth6_reference","depth8_refined","ED1_011_TWO_ROOT_SV_POWER_n8000_depth6_reference","ED1_012_TWO_ROOT_SV_POWER_n8000_depth8_refined","binary","tangency_global_outer_touches_K_right_conditional_on_continuum_band_coverage",254,254,254,254,0,0,0,0,0,0,,,,,,,,,,,
"enclosure_depth_v001","depth8_refined_minus_depth6_reference","maximum continuum-enclosure depth 8 minus 6, with guard depth fixed at 6 and with identical samples, multipliers, B=999, bootstrap grid 0.005, enclosure grid 0.0025, node ceiling 57601, and every remaining inferential setting","ED1_TWO_ROOT_SV_POWER_n2000","diagnostic","TWO_ROOT_SV_POWER",2000,2000,"absolute","K3",0.25,2.5,"depth6_reference","depth8_refined","ED1_007_TWO_ROOT_SV_POWER_n2000_depth6_reference","ED1_008_TWO_ROOT_SV_POWER_n2000_depth8_refined","binary","tangency_global_root_component_present_conditional_on_continuum_band_coverage",254,254,254,254,0,0,0,0,0,0,,,,,,,,,,,
"enclosure_depth_v001","depth8_refined_minus_depth6_reference","maximum continuum-enclosure depth 8 minus 6, with guard depth fixed at 6 and with identical samples, multipliers, B=999, bootstrap grid 0.005, enclosure grid 0.0025, node ceiling 57601, and every remaining inferential setting","ED1_TWO_ROOT_SV_POWER_n4000","diagnostic","TWO_ROOT_SV_POWER",4000,4000,"absolute","K3",0.25,2.5,"depth6_reference","depth8_refined","ED1_009_TWO_ROOT_SV_POWER_n4000_depth6_reference","ED1_010_TWO_ROOT_SV_POWER_n4000_depth8_refined","binary","tangency_global_root_component_present_conditional_on_continuum_band_coverage",254,254,254,254,0,0,0,0,0,0,,,,,,,,,,,
"enclosure_depth_v001","depth8_refined_minus_depth6_reference","maximum continuum-enclosure depth 8 minus 6, with guard depth fixed at 6 and with identical samples, multipliers, B=999, bootstrap grid 0.005, enclosure grid 0.0025, node ceiling 57601, and every remaining inferential setting","ED1_TWO_ROOT_SV_POWER_n8000","diagnostic","TWO_ROOT_SV_POWER",8000,8000,"absolute","K3",0.25,2.5,"depth6_reference","depth8_refined","ED1_011_TWO_ROOT_SV_POWER_n8000_depth6_reference","ED1_012_TWO_ROOT_SV_POWER_n8000_depth8_refined","binary","tangency_global_root_component_present_conditional_on_continuum_band_coverage",254,254,254,254,0,0,0,0,0,0,,,,,,,,,,,
"enclosure_depth_v001","depth8_refined_minus_depth6_reference","maximum continuum-enclosure depth 8 minus 6, with guard depth fixed at 6 and with identical samples, multipliers, B=999, bootstrap grid 0.005, enclosure grid 0.0025, node ceiling 57601, and every remaining inferential setting","ED1_TWO_ROOT_SV_POWER_n2000","diagnostic","TWO_ROOT_SV_POWER",2000,2000,"absolute","K3",0.25,2.5,"depth6_reference","depth8_refined","ED1_007_TWO_ROOT_SV_POWER_n2000_depth6_reference","ED1_008_TWO_ROOT_SV_POWER_n2000_depth8_refined","binary","tangency_global_root_component_touches_K_boundary_conditional_on_continuum_band_coverage",254,254,254,254,0,0,0,0,0,0,,,,,,,,,,,
"enclosure_depth_v001","depth8_refined_minus_depth6_reference","maximum continuum-enclosure depth 8 minus 6, with guard depth fixed at 6 and with identical samples, multipliers, B=999, bootstrap grid 0.005, enclosure grid 0.0025, node ceiling 57601, and every remaining inferential setting","ED1_TWO_ROOT_SV_POWER_n4000","diagnostic","TWO_ROOT_SV_POWER",4000,4000,"absolute","K3",0.25,2.5,"depth6_reference","depth8_refined","ED1_009_TWO_ROOT_SV_POWER_n4000_depth6_reference","ED1_010_TWO_ROOT_SV_POWER_n4000_depth8_refined","binary","tangency_global_root_component_touches_K_boundary_conditional_on_continuum_band_coverage",254,254,254,254,0,0,0,0,0,0,,,,,,,,,,,
"enclosure_depth_v001","depth8_refined_minus_depth6_reference","maximum continuum-enclosure depth 8 minus 6, with guard depth fixed at 6 and with identical samples, multipliers, B=999, bootstrap grid 0.005, enclosure grid 0.0025, node ceiling 57601, and every remaining inferential setting","ED1_TWO_ROOT_SV_POWER_n8000","diagnostic","TWO_ROOT_SV_POWER",8000,8000,"absolute","K3",0.25,2.5,"depth6_reference","depth8_refined","ED1_011_TWO_ROOT_SV_POWER_n8000_depth6_reference","ED1_012_TWO_ROOT_SV_POWER_n8000_depth8_refined","binary","tangency_global_root_component_touches_K_boundary_conditional_on_continuum_band_coverage",254,254,254,254,0,0,0,0,0,0,,,,,,,,,,,
"enclosure_depth_v001","depth8_refined_minus_depth6_reference","maximum continuum-enclosure depth 8 minus 6, with guard depth fixed at 6 and with identical samples, multipliers, B=999, bootstrap grid 0.005, enclosure grid 0.0025, node ceiling 57601, and every remaining inferential setting","ED1_TWO_ROOT_SV_POWER_n2000","diagnostic","TWO_ROOT_SV_POWER",2000,2000,"absolute","K3",0.25,2.5,"depth6_reference","depth8_refined","ED1_007_TWO_ROOT_SV_POWER_n2000_depth6_reference","ED1_008_TWO_ROOT_SV_POWER_n2000_depth8_refined","binary","tangency_global_root_component_touches_K_left_conditional_on_continuum_band_coverage",254,254,254,254,0,0,0,0,0,0,,,,,,,,,,,
"enclosure_depth_v001","depth8_refined_minus_depth6_reference","maximum continuum-enclosure depth 8 minus 6, with guard depth fixed at 6 and with identical samples, multipliers, B=999, bootstrap grid 0.005, enclosure grid 0.0025, node ceiling 57601, and every remaining inferential setting","ED1_TWO_ROOT_SV_POWER_n4000","diagnostic","TWO_ROOT_SV_POWER",4000,4000,"absolute","K3",0.25,2.5,"depth6_reference","depth8_refined","ED1_009_TWO_ROOT_SV_POWER_n4000_depth6_reference","ED1_010_TWO_ROOT_SV_POWER_n4000_depth8_refined","binary","tangency_global_root_component_touches_K_left_conditional_on_continuum_band_coverage",254,254,254,254,0,0,0,0,0,0,,,,,,,,,,,
"enclosure_depth_v001","depth8_refined_minus_depth6_reference","maximum continuum-enclosure depth 8 minus 6, with guard depth fixed at 6 and with identical samples, multipliers, B=999, bootstrap grid 0.005, enclosure grid 0.0025, node ceiling 57601, and every remaining inferential setting","ED1_TWO_ROOT_SV_POWER_n8000","diagnostic","TWO_ROOT_SV_POWER",8000,8000,"absolute","K3",0.25,2.5,"depth6_reference","depth8_refined","ED1_011_TWO_ROOT_SV_POWER_n8000_depth6_reference","ED1_012_TWO_ROOT_SV_POWER_n8000_depth8_refined","binary","tangency_global_root_component_touches_K_left_conditional_on_continuum_band_coverage",254,254,254,254,0,0,0,0,0,0,,,,,,,,,,,
"enclosure_depth_v001","depth8_refined_minus_depth6_reference","maximum continuum-enclosure depth 8 minus 6, with guard depth fixed at 6 and with identical samples, multipliers, B=999, bootstrap grid 0.005, enclosure grid 0.0025, node ceiling 57601, and every remaining inferential setting","ED1_TWO_ROOT_SV_POWER_n2000","diagnostic","TWO_ROOT_SV_POWER",2000,2000,"absolute","K3",0.25,2.5,"depth6_reference","depth8_refined","ED1_007_TWO_ROOT_SV_POWER_n2000_depth6_reference","ED1_008_TWO_ROOT_SV_POWER_n2000_depth8_refined","binary","tangency_global_root_component_touches_K_right_conditional_on_continuum_band_coverage",254,254,254,254,0,0,0,0,0,0,,,,,,,,,,,
"enclosure_depth_v001","depth8_refined_minus_depth6_reference","maximum continuum-enclosure depth 8 minus 6, with guard depth fixed at 6 and with identical samples, multipliers, B=999, bootstrap grid 0.005, enclosure grid 0.0025, node ceiling 57601, and every remaining inferential setting","ED1_TWO_ROOT_SV_POWER_n4000","diagnostic","TWO_ROOT_SV_POWER",4000,4000,"absolute","K3",0.25,2.5,"depth6_reference","depth8_refined","ED1_009_TWO_ROOT_SV_POWER_n4000_depth6_reference","ED1_010_TWO_ROOT_SV_POWER_n4000_depth8_refined","binary","tangency_global_root_component_touches_K_right_conditional_on_continuum_band_coverage",254,254,254,254,0,0,0,0,0,0,,,,,,,,,,,
"enclosure_depth_v001","depth8_refined_minus_depth6_reference","maximum continuum-enclosure depth 8 minus 6, with guard depth fixed at 6 and with identical samples, multipliers, B=999, bootstrap grid 0.005, enclosure grid 0.0025, node ceiling 57601, and every remaining inferential setting","ED1_TWO_ROOT_SV_POWER_n8000","diagnostic","TWO_ROOT_SV_POWER",8000,8000,"absolute","K3",0.25,2.5,"depth6_reference","depth8_refined","ED1_011_TWO_ROOT_SV_POWER_n8000_depth6_reference","ED1_012_TWO_ROOT_SV_POWER_n8000_depth8_refined","binary","tangency_global_root_component_touches_K_right_conditional_on_continuum_band_coverage",254,254,254,254,0,0,0,0,0,0,,,,,,,,,,,
"enclosure_depth_v001","depth8_refined_minus_depth6_reference","maximum continuum-enclosure depth 8 minus 6, with guard depth fixed at 6 and with identical samples, multipliers, B=999, bootstrap grid 0.005, enclosure grid 0.0025, node ceiling 57601, and every remaining inferential setting","ED1_TWO_ROOT_SV_POWER_n2000","diagnostic","TWO_ROOT_SV_POWER",2000,2000,"absolute","K3",0.25,2.5,"depth6_reference","depth8_refined","ED1_007_TWO_ROOT_SV_POWER_n2000_depth6_reference","ED1_008_TWO_ROOT_SV_POWER_n2000_depth8_refined","binary","tangency_local_outer_nonempty",254,254,254,254,0,0,0,0,0,0,,,,,,,,,,,
"enclosure_depth_v001","depth8_refined_minus_depth6_reference","maximum continuum-enclosure depth 8 minus 6, with guard depth fixed at 6 and with identical samples, multipliers, B=999, bootstrap grid 0.005, enclosure grid 0.0025, node ceiling 57601, and every remaining inferential setting","ED1_TWO_ROOT_SV_POWER_n4000","diagnostic","TWO_ROOT_SV_POWER",4000,4000,"absolute","K3",0.25,2.5,"depth6_reference","depth8_refined","ED1_009_TWO_ROOT_SV_POWER_n4000_depth6_reference","ED1_010_TWO_ROOT_SV_POWER_n4000_depth8_refined","binary","tangency_local_outer_nonempty",254,254,254,254,0,0,0,0,0,0,,,,,,,,,,,
"enclosure_depth_v001","depth8_refined_minus_depth6_reference","maximum continuum-enclosure depth 8 minus 6, with guard depth fixed at 6 and with identical samples, multipliers, B=999, bootstrap grid 0.005, enclosure grid 0.0025, node ceiling 57601, and every remaining inferential setting","ED1_TWO_ROOT_SV_POWER_n8000","diagnostic","TWO_ROOT_SV_POWER",8000,8000,"absolute","K3",0.25,2.5,"depth6_reference","depth8_refined","ED1_011_TWO_ROOT_SV_POWER_n8000_depth6_reference","ED1_012_TWO_ROOT_SV_POWER_n8000_depth8_refined","binary","tangency_local_outer_nonempty",254,254,254,254,0,0,0,0,0,0,,,,,,,,,,,
"enclosure_depth_v001","depth8_refined_minus_depth6_reference","maximum continuum-enclosure depth 8 minus 6, with guard depth fixed at 6 and with identical samples, multipliers, B=999, bootstrap grid 0.005, enclosure grid 0.0025, node ceiling 57601, and every remaining inferential setting","ED1_TWO_ROOT_SV_POWER_n2000","diagnostic","TWO_ROOT_SV_POWER",2000,2000,"absolute","K3",0.25,2.5,"depth6_reference","depth8_refined","ED1_007_TWO_ROOT_SV_POWER_n2000_depth6_reference","ED1_008_TWO_ROOT_SV_POWER_n2000_depth8_refined","binary","tangency_localization_applicable",254,254,254,254,254,0,0,0,0,0,0,0,0.0148985304313125,0,0,0,0,0,0,0,0
"enclosure_depth_v001","depth8_refined_minus_depth6_reference","maximum continuum-enclosure depth 8 minus 6, with guard depth fixed at 6 and with identical samples, multipliers, B=999, bootstrap grid 0.005, enclosure grid 0.0025, node ceiling 57601, and every remaining inferential setting","ED1_TWO_ROOT_SV_POWER_n4000","diagnostic","TWO_ROOT_SV_POWER",4000,4000,"absolute","K3",0.25,2.5,"depth6_reference","depth8_refined","ED1_009_TWO_ROOT_SV_POWER_n4000_depth6_reference","ED1_010_TWO_ROOT_SV_POWER_n4000_depth8_refined","binary","tangency_localization_applicable",254,254,254,254,254,0,0,0,0,0,0,0,0.0148985304313125,0,0,0,0,0,0,0,0
"enclosure_depth_v001","depth8_refined_minus_depth6_reference","maximum continuum-enclosure depth 8 minus 6, with guard depth fixed at 6 and with identical samples, multipliers, B=999, bootstrap grid 0.005, enclosure grid 0.0025, node ceiling 57601, and every remaining inferential setting","ED1_TWO_ROOT_SV_POWER_n8000","diagnostic","TWO_ROOT_SV_POWER",8000,8000,"absolute","K3",0.25,2.5,"depth6_reference","depth8_refined","ED1_011_TWO_ROOT_SV_POWER_n8000_depth6_reference","ED1_012_TWO_ROOT_SV_POWER_n8000_depth8_refined","binary","tangency_localization_applicable",254,254,254,254,254,0,0,0,0,0,0,0,0.0148985304313125,0,0,0,0,0,0,0,0
"enclosure_depth_v001","depth8_refined_minus_depth6_reference","maximum continuum-enclosure depth 8 minus 6, with guard depth fixed at 6 and with identical samples, multipliers, B=999, bootstrap grid 0.005, enclosure grid 0.0025, node ceiling 57601, and every remaining inferential setting","ED1_TWO_ROOT_SV_POWER_n2000","diagnostic","TWO_ROOT_SV_POWER",2000,2000,"absolute","K3",0.25,2.5,"depth6_reference","depth8_refined","ED1_007_TWO_ROOT_SV_POWER_n2000_depth6_reference","ED1_008_TWO_ROOT_SV_POWER_n2000_depth8_refined","binary","tangency_truncated_local_censored_by_window",254,254,254,254,0,0,0,0,0,0,,,,,,,,,,,
"enclosure_depth_v001","depth8_refined_minus_depth6_reference","maximum continuum-enclosure depth 8 minus 6, with guard depth fixed at 6 and with identical samples, multipliers, B=999, bootstrap grid 0.005, enclosure grid 0.0025, node ceiling 57601, and every remaining inferential setting","ED1_TWO_ROOT_SV_POWER_n4000","diagnostic","TWO_ROOT_SV_POWER",4000,4000,"absolute","K3",0.25,2.5,"depth6_reference","depth8_refined","ED1_009_TWO_ROOT_SV_POWER_n4000_depth6_reference","ED1_010_TWO_ROOT_SV_POWER_n4000_depth8_refined","binary","tangency_truncated_local_censored_by_window",254,254,254,254,0,0,0,0,0,0,,,,,,,,,,,
"enclosure_depth_v001","depth8_refined_minus_depth6_reference","maximum continuum-enclosure depth 8 minus 6, with guard depth fixed at 6 and with identical samples, multipliers, B=999, bootstrap grid 0.005, enclosure grid 0.0025, node ceiling 57601, and every remaining inferential setting","ED1_TWO_ROOT_SV_POWER_n8000","diagnostic","TWO_ROOT_SV_POWER",8000,8000,"absolute","K3",0.25,2.5,"depth6_reference","depth8_refined","ED1_011_TWO_ROOT_SV_POWER_n8000_depth6_reference","ED1_012_TWO_ROOT_SV_POWER_n8000_depth8_refined","binary","tangency_truncated_local_censored_by_window",254,254,254,254,0,0,0,0,0,0,,,,,,,,,,,
"enclosure_depth_v001","depth8_refined_minus_depth6_reference","maximum continuum-enclosure depth 8 minus 6, with guard depth fixed at 6 and with identical samples, multipliers, B=999, bootstrap grid 0.005, enclosure grid 0.0025, node ceiling 57601, and every remaining inferential setting","ED1_TWO_ROOT_SV_POWER_n2000","diagnostic","TWO_ROOT_SV_POWER",2000,2000,"absolute","K3",0.25,2.5,"depth6_reference","depth8_refined","ED1_007_TWO_ROOT_SV_POWER_n2000_depth6_reference","ED1_008_TWO_ROOT_SV_POWER_n2000_depth8_refined","binary","tangency_truncated_local_outer_nonempty",254,254,254,254,0,0,0,0,0,0,,,,,,,,,,,
"enclosure_depth_v001","depth8_refined_minus_depth6_reference","maximum continuum-enclosure depth 8 minus 6, with guard depth fixed at 6 and with identical samples, multipliers, B=999, bootstrap grid 0.005, enclosure grid 0.0025, node ceiling 57601, and every remaining inferential setting","ED1_TWO_ROOT_SV_POWER_n4000","diagnostic","TWO_ROOT_SV_POWER",4000,4000,"absolute","K3",0.25,2.5,"depth6_reference","depth8_refined","ED1_009_TWO_ROOT_SV_POWER_n4000_depth6_reference","ED1_010_TWO_ROOT_SV_POWER_n4000_depth8_refined","binary","tangency_truncated_local_outer_nonempty",254,254,254,254,0,0,0,0,0,0,,,,,,,,,,,
"enclosure_depth_v001","depth8_refined_minus_depth6_reference","maximum continuum-enclosure depth 8 minus 6, with guard depth fixed at 6 and with identical samples, multipliers, B=999, bootstrap grid 0.005, enclosure grid 0.0025, node ceiling 57601, and every remaining inferential setting","ED1_TWO_ROOT_SV_POWER_n8000","diagnostic","TWO_ROOT_SV_POWER",8000,8000,"absolute","K3",0.25,2.5,"depth6_reference","depth8_refined","ED1_011_TWO_ROOT_SV_POWER_n8000_depth6_reference","ED1_012_TWO_ROOT_SV_POWER_n8000_depth8_refined","binary","tangency_truncated_local_outer_nonempty",254,254,254,254,0,0,0,0,0,0,,,,,,,,,,,
"enclosure_depth_v001","depth8_refined_minus_depth6_reference","maximum continuum-enclosure depth 8 minus 6, with guard depth fixed at 6 and with identical samples, multipliers, B=999, bootstrap grid 0.005, enclosure grid 0.0025, node ceiling 57601, and every remaining inferential setting","ED1_TWO_ROOT_SV_POWER_n2000","diagnostic","TWO_ROOT_SV_POWER",2000,2000,"absolute","K3",0.25,2.5,"depth6_reference","depth8_refined","ED1_007_TWO_ROOT_SV_POWER_n2000_depth6_reference","ED1_008_TWO_ROOT_SV_POWER_n2000_depth8_refined","binary","tangency_truncated_local_touches_left_boundary",254,254,254,254,0,0,0,0,0,0,,,,,,,,,,,
"enclosure_depth_v001","depth8_refined_minus_depth6_reference","maximum continuum-enclosure depth 8 minus 6, with guard depth fixed at 6 and with identical samples, multipliers, B=999, bootstrap grid 0.005, enclosure grid 0.0025, node ceiling 57601, and every remaining inferential setting","ED1_TWO_ROOT_SV_POWER_n4000","diagnostic","TWO_ROOT_SV_POWER",4000,4000,"absolute","K3",0.25,2.5,"depth6_reference","depth8_refined","ED1_009_TWO_ROOT_SV_POWER_n4000_depth6_reference","ED1_010_TWO_ROOT_SV_POWER_n4000_depth8_refined","binary","tangency_truncated_local_touches_left_boundary",254,254,254,254,0,0,0,0,0,0,,,,,,,,,,,
"enclosure_depth_v001","depth8_refined_minus_depth6_reference","maximum continuum-enclosure depth 8 minus 6, with guard depth fixed at 6 and with identical samples, multipliers, B=999, bootstrap grid 0.005, enclosure grid 0.0025, node ceiling 57601, and every remaining inferential setting","ED1_TWO_ROOT_SV_POWER_n8000","diagnostic","TWO_ROOT_SV_POWER",8000,8000,"absolute","K3",0.25,2.5,"depth6_reference","depth8_refined","ED1_011_TWO_ROOT_SV_POWER_n8000_depth6_reference","ED1_012_TWO_ROOT_SV_POWER_n8000_depth8_refined","binary","tangency_truncated_local_touches_left_boundary",254,254,254,254,0,0,0,0,0,0,,,,,,,,,,,
"enclosure_depth_v001","depth8_refined_minus_depth6_reference","maximum continuum-enclosure depth 8 minus 6, with guard depth fixed at 6 and with identical samples, multipliers, B=999, bootstrap grid 0.005, enclosure grid 0.0025, node ceiling 57601, and every remaining inferential setting","ED1_TWO_ROOT_SV_POWER_n2000","diagnostic","TWO_ROOT_SV_POWER",2000,2000,"absolute","K3",0.25,2.5,"depth6_reference","depth8_refined","ED1_007_TWO_ROOT_SV_POWER_n2000_depth6_reference","ED1_008_TWO_ROOT_SV_POWER_n2000_depth8_refined","binary","tangency_truncated_local_touches_right_boundary",254,254,254,254,0,0,0,0,0,0,,,,,,,,,,,
"enclosure_depth_v001","depth8_refined_minus_depth6_reference","maximum continuum-enclosure depth 8 minus 6, with guard depth fixed at 6 and with identical samples, multipliers, B=999, bootstrap grid 0.005, enclosure grid 0.0025, node ceiling 57601, and every remaining inferential setting","ED1_TWO_ROOT_SV_POWER_n4000","diagnostic","TWO_ROOT_SV_POWER",4000,4000,"absolute","K3",0.25,2.5,"depth6_reference","depth8_refined","ED1_009_TWO_ROOT_SV_POWER_n4000_depth6_reference","ED1_010_TWO_ROOT_SV_POWER_n4000_depth8_refined","binary","tangency_truncated_local_touches_right_boundary",254,254,254,254,0,0,0,0,0,0,,,,,,,,,,,
"enclosure_depth_v001","depth8_refined_minus_depth6_reference","maximum continuum-enclosure depth 8 minus 6, with guard depth fixed at 6 and with identical samples, multipliers, B=999, bootstrap grid 0.005, enclosure grid 0.0025, node ceiling 57601, and every remaining inferential setting","ED1_TWO_ROOT_SV_POWER_n8000","diagnostic","TWO_ROOT_SV_POWER",8000,8000,"absolute","K3",0.25,2.5,"depth6_reference","depth8_refined","ED1_011_TWO_ROOT_SV_POWER_n8000_depth6_reference","ED1_012_TWO_ROOT_SV_POWER_n8000_depth8_refined","binary","tangency_truncated_local_touches_right_boundary",254,254,254,254,0,0,0,0,0,0,,,,,,,,,,,
"enclosure_depth_v001","depth8_refined_minus_depth6_reference","maximum continuum-enclosure depth 8 minus 6, with guard depth fixed at 6 and with identical samples, multipliers, B=999, bootstrap grid 0.005, enclosure grid 0.0025, node ceiling 57601, and every remaining inferential setting","ED1_TWO_ROOT_SV_POWER_n2000","diagnostic","TWO_ROOT_SV_POWER",2000,2000,"absolute","K3",0.25,2.5,"depth6_reference","depth8_refined","ED1_007_TWO_ROOT_SV_POWER_n2000_depth6_reference","ED1_008_TWO_ROOT_SV_POWER_n2000_depth8_refined","binary","wald_conditional_cover",254,254,254,254,238,231,231,0,0,0,0,1.73472347597681e-18,0.0158842029792016,0.970588235294118,0.970588235294118,0,0,0,0,0,0
"enclosure_depth_v001","depth8_refined_minus_depth6_reference","maximum continuum-enclosure depth 8 minus 6, with guard depth fixed at 6 and with identical samples, multipliers, B=999, bootstrap grid 0.005, enclosure grid 0.0025, node ceiling 57601, and every remaining inferential setting","ED1_TWO_ROOT_SV_POWER_n4000","diagnostic","TWO_ROOT_SV_POWER",4000,4000,"absolute","K3",0.25,2.5,"depth6_reference","depth8_refined","ED1_009_TWO_ROOT_SV_POWER_n4000_depth6_reference","ED1_010_TWO_ROOT_SV_POWER_n4000_depth8_refined","binary","wald_conditional_cover",254,254,254,254,251,245,245,0,0,0,0,8.67361737988404e-19,0.0150739163025941,0.97609561752988,0.97609561752988,0,0,0,0,0,0
"enclosure_depth_v001","depth8_refined_minus_depth6_reference","maximum continuum-enclosure depth 8 minus 6, with guard depth fixed at 6 and with identical samples, multipliers, B=999, bootstrap grid 0.005, enclosure grid 0.0025, node ceiling 57601, and every remaining inferential setting","ED1_TWO_ROOT_SV_POWER_n8000","diagnostic","TWO_ROOT_SV_POWER",8000,8000,"absolute","K3",0.25,2.5,"depth6_reference","depth8_refined","ED1_011_TWO_ROOT_SV_POWER_n8000_depth6_reference","ED1_012_TWO_ROOT_SV_POWER_n8000_depth8_refined","binary","wald_conditional_cover",254,254,254,254,253,239,239,0,0,0,0,0,0.0149565371507094,0.944664031620553,0.944664031620553,0,0,0,0,0,0
"enclosure_depth_v001","depth8_refined_minus_depth6_reference","maximum continuum-enclosure depth 8 minus 6, with guard depth fixed at 6 and with identical samples, multipliers, B=999, bootstrap grid 0.005, enclosure grid 0.0025, node ceiling 57601, and every remaining inferential setting","ED1_TWO_ROOT_SV_POWER_n2000","diagnostic","TWO_ROOT_SV_POWER",2000,2000,"absolute","K3",0.25,2.5,"depth6_reference","depth8_refined","ED1_007_TWO_ROOT_SV_POWER_n2000_depth6_reference","ED1_008_TWO_ROOT_SV_POWER_n2000_depth8_refined","binary","wald_formal_unconditional_cover",254,254,254,254,254,245,245,0,0,0,0,0,0.0148985304313125,0.964566929133858,0.964566929133858,0,0,0,0,0,0
"enclosure_depth_v001","depth8_refined_minus_depth6_reference","maximum continuum-enclosure depth 8 minus 6, with guard depth fixed at 6 and with identical samples, multipliers, B=999, bootstrap grid 0.005, enclosure grid 0.0025, node ceiling 57601, and every remaining inferential setting","ED1_TWO_ROOT_SV_POWER_n4000","diagnostic","TWO_ROOT_SV_POWER",4000,4000,"absolute","K3",0.25,2.5,"depth6_reference","depth8_refined","ED1_009_TWO_ROOT_SV_POWER_n4000_depth6_reference","ED1_010_TWO_ROOT_SV_POWER_n4000_depth8_refined","binary","wald_formal_unconditional_cover",254,254,254,254,254,248,248,0,0,0,0,0,0.0148985304313125,0.976377952755906,0.976377952755906,0,0,0,0,0,0
"enclosure_depth_v001","depth8_refined_minus_depth6_reference","maximum continuum-enclosure depth 8 minus 6, with guard depth fixed at 6 and with identical samples, multipliers, B=999, bootstrap grid 0.005, enclosure grid 0.0025, node ceiling 57601, and every remaining inferential setting","ED1_TWO_ROOT_SV_POWER_n8000","diagnostic","TWO_ROOT_SV_POWER",8000,8000,"absolute","K3",0.25,2.5,"depth6_reference","depth8_refined","ED1_011_TWO_ROOT_SV_POWER_n8000_depth6_reference","ED1_012_TWO_ROOT_SV_POWER_n8000_depth8_refined","binary","wald_formal_unconditional_cover",254,254,254,254,254,240,240,0,0,0,0,0,0.0148985304313125,0.94488188976378,0.94488188976378,0,0,0,0,0,0
"enclosure_depth_v001","depth8_refined_minus_depth6_reference","maximum continuum-enclosure depth 8 minus 6, with guard depth fixed at 6 and with identical samples, multipliers, B=999, bootstrap grid 0.005, enclosure grid 0.0025, node ceiling 57601, and every remaining inferential setting","ED1_TWO_ROOT_SV_POWER_n2000","diagnostic","TWO_ROOT_SV_POWER",2000,2000,"absolute","K3",0.25,2.5,"depth6_reference","depth8_refined","ED1_007_TWO_ROOT_SV_POWER_n2000_depth6_reference","ED1_008_TWO_ROOT_SV_POWER_n2000_depth8_refined","binary","wald_report_and_cover",254,254,254,254,254,231,231,0,0,0,0,0,0.0148985304313125,0.909448818897638,0.909448818897638,0,0,0,0,0,0
"enclosure_depth_v001","depth8_refined_minus_depth6_reference","maximum continuum-enclosure depth 8 minus 6, with guard depth fixed at 6 and with identical samples, multipliers, B=999, bootstrap grid 0.005, enclosure grid 0.0025, node ceiling 57601, and every remaining inferential setting","ED1_TWO_ROOT_SV_POWER_n4000","diagnostic","TWO_ROOT_SV_POWER",4000,4000,"absolute","K3",0.25,2.5,"depth6_reference","depth8_refined","ED1_009_TWO_ROOT_SV_POWER_n4000_depth6_reference","ED1_010_TWO_ROOT_SV_POWER_n4000_depth8_refined","binary","wald_report_and_cover",254,254,254,254,254,245,245,0,0,0,0,0,0.0148985304313125,0.964566929133858,0.964566929133858,0,0,0,0,0,0
"enclosure_depth_v001","depth8_refined_minus_depth6_reference","maximum continuum-enclosure depth 8 minus 6, with guard depth fixed at 6 and with identical samples, multipliers, B=999, bootstrap grid 0.005, enclosure grid 0.0025, node ceiling 57601, and every remaining inferential setting","ED1_TWO_ROOT_SV_POWER_n8000","diagnostic","TWO_ROOT_SV_POWER",8000,8000,"absolute","K3",0.25,2.5,"depth6_reference","depth8_refined","ED1_011_TWO_ROOT_SV_POWER_n8000_depth6_reference","ED1_012_TWO_ROOT_SV_POWER_n8000_depth8_refined","binary","wald_report_and_cover",254,254,254,254,254,239,239,0,0,0,0,0,0.0148985304313125,0.940944881889764,0.940944881889764,0,0,0,0,0,0
"enclosure_depth_v001","depth8_refined_minus_depth6_reference","maximum continuum-enclosure depth 8 minus 6, with guard depth fixed at 6 and with identical samples, multipliers, B=999, bootstrap grid 0.005, enclosure grid 0.0025, node ceiling 57601, and every remaining inferential setting","ED1_TWO_ROOT_SV_POWER_n2000","diagnostic","TWO_ROOT_SV_POWER",2000,2000,"absolute","K3",0.25,2.5,"depth6_reference","depth8_refined","ED1_007_TWO_ROOT_SV_POWER_n2000_depth6_reference","ED1_008_TWO_ROOT_SV_POWER_n2000_depth8_refined","binary","wald_reported",254,254,254,254,254,238,238,0,0,0,0,0,0.0148985304313125,0.937007874015748,0.937007874015748,0,0,0,0,0,0
"enclosure_depth_v001","depth8_refined_minus_depth6_reference","maximum continuum-enclosure depth 8 minus 6, with guard depth fixed at 6 and with identical samples, multipliers, B=999, bootstrap grid 0.005, enclosure grid 0.0025, node ceiling 57601, and every remaining inferential setting","ED1_TWO_ROOT_SV_POWER_n4000","diagnostic","TWO_ROOT_SV_POWER",4000,4000,"absolute","K3",0.25,2.5,"depth6_reference","depth8_refined","ED1_009_TWO_ROOT_SV_POWER_n4000_depth6_reference","ED1_010_TWO_ROOT_SV_POWER_n4000_depth8_refined","binary","wald_reported",254,254,254,254,254,251,251,0,0,0,0,0,0.0148985304313125,0.988188976377953,0.988188976377953,0,0,0,0,0,0
"enclosure_depth_v001","depth8_refined_minus_depth6_reference","maximum continuum-enclosure depth 8 minus 6, with guard depth fixed at 6 and with identical samples, multipliers, B=999, bootstrap grid 0.005, enclosure grid 0.0025, node ceiling 57601, and every remaining inferential setting","ED1_TWO_ROOT_SV_POWER_n8000","diagnostic","TWO_ROOT_SV_POWER",8000,8000,"absolute","K3",0.25,2.5,"depth6_reference","depth8_refined","ED1_011_TWO_ROOT_SV_POWER_n8000_depth6_reference","ED1_012_TWO_ROOT_SV_POWER_n8000_depth8_refined","binary","wald_reported",254,254,254,254,254,253,253,0,0,0,0,0,0.0148985304313125,0.996062992125984,0.996062992125984,0,0,0,0,0,0
"enclosure_depth_v001","depth8_refined_minus_depth6_reference","maximum continuum-enclosure depth 8 minus 6, with guard depth fixed at 6 and with identical samples, multipliers, B=999, bootstrap grid 0.005, enclosure grid 0.0025, node ceiling 57601, and every remaining inferential setting","ED1_TWO_ROOT_SV_POWER_n2000","diagnostic","TWO_ROOT_SV_POWER",2000,2000,"absolute","K3",0.25,2.5,"depth6_reference","depth8_refined","ED1_007_TWO_ROOT_SV_POWER_n2000_depth6_reference","ED1_008_TWO_ROOT_SV_POWER_n2000_depth8_refined","binary","zero_budget_diagnostic_applicable",254,254,254,254,254,254,254,0,0,0,0,0,0.0148985304313125,1,1,0,0,0,0,0,0
"enclosure_depth_v001","depth8_refined_minus_depth6_reference","maximum continuum-enclosure depth 8 minus 6, with guard depth fixed at 6 and with identical samples, multipliers, B=999, bootstrap grid 0.005, enclosure grid 0.0025, node ceiling 57601, and every remaining inferential setting","ED1_TWO_ROOT_SV_POWER_n4000","diagnostic","TWO_ROOT_SV_POWER",4000,4000,"absolute","K3",0.25,2.5,"depth6_reference","depth8_refined","ED1_009_TWO_ROOT_SV_POWER_n4000_depth6_reference","ED1_010_TWO_ROOT_SV_POWER_n4000_depth8_refined","binary","zero_budget_diagnostic_applicable",254,254,254,254,254,254,254,0,0,0,0,0,0.0148985304313125,1,1,0,0,0,0,0,0
"enclosure_depth_v001","depth8_refined_minus_depth6_reference","maximum continuum-enclosure depth 8 minus 6, with guard depth fixed at 6 and with identical samples, multipliers, B=999, bootstrap grid 0.005, enclosure grid 0.0025, node ceiling 57601, and every remaining inferential setting","ED1_TWO_ROOT_SV_POWER_n8000","diagnostic","TWO_ROOT_SV_POWER",8000,8000,"absolute","K3",0.25,2.5,"depth6_reference","depth8_refined","ED1_011_TWO_ROOT_SV_POWER_n8000_depth6_reference","ED1_012_TWO_ROOT_SV_POWER_n8000_depth8_refined","binary","zero_budget_diagnostic_applicable",254,254,254,254,254,254,254,0,0,0,0,0,0.0148985304313125,1,1,0,0,0,0,0,0
"enclosure_depth_v001","depth8_refined_minus_depth6_reference","maximum continuum-enclosure depth 8 minus 6, with guard depth fixed at 6 and with identical samples, multipliers, B=999, bootstrap grid 0.005, enclosure grid 0.0025, node ceiling 57601, and every remaining inferential setting","ED1_TWO_ROOT_SV_POWER_n2000","diagnostic","TWO_ROOT_SV_POWER",2000,2000,"absolute","K3",0.25,2.5,"depth6_reference","depth8_refined","ED1_007_TWO_ROOT_SV_POWER_n2000_depth6_reference","ED1_008_TWO_ROOT_SV_POWER_n2000_depth8_refined","binary","zero_budget_rejected",254,254,254,254,254,95,95,0,0,0,0,0,0.0148985304313125,0.374015748031496,0.374015748031496,0,0,0,0,0,0
"enclosure_depth_v001","depth8_refined_minus_depth6_reference","maximum continuum-enclosure depth 8 minus 6, with guard depth fixed at 6 and with identical samples, multipliers, B=999, bootstrap grid 0.005, enclosure grid 0.0025, node ceiling 57601, and every remaining inferential setting","ED1_TWO_ROOT_SV_POWER_n4000","diagnostic","TWO_ROOT_SV_POWER",4000,4000,"absolute","K3",0.25,2.5,"depth6_reference","depth8_refined","ED1_009_TWO_ROOT_SV_POWER_n4000_depth6_reference","ED1_010_TWO_ROOT_SV_POWER_n4000_depth8_refined","binary","zero_budget_rejected",254,254,254,254,254,191,191,0,0,0,0,0,0.0148985304313125,0.751968503937008,0.751968503937008,0,0,0,0,0,0
"enclosure_depth_v001","depth8_refined_minus_depth6_reference","maximum continuum-enclosure depth 8 minus 6, with guard depth fixed at 6 and with identical samples, multipliers, B=999, bootstrap grid 0.005, enclosure grid 0.0025, node ceiling 57601, and every remaining inferential setting","ED1_TWO_ROOT_SV_POWER_n8000","diagnostic","TWO_ROOT_SV_POWER",8000,8000,"absolute","K3",0.25,2.5,"depth6_reference","depth8_refined","ED1_011_TWO_ROOT_SV_POWER_n8000_depth6_reference","ED1_012_TWO_ROOT_SV_POWER_n8000_depth8_refined","binary","zero_budget_rejected",254,254,254,254,254,246,246,0,0,0,0,0,0.0148985304313125,0.968503937007874,0.968503937007874,0,0,0,0,0,0
"enclosure_depth_v001","depth8_refined_minus_depth6_reference","maximum continuum-enclosure depth 8 minus 6, with guard depth fixed at 6 and with identical samples, multipliers, B=999, bootstrap grid 0.005, enclosure grid 0.0025, node ceiling 57601, and every remaining inferential setting","ED1_TWO_ROOT_SV_POWER_n2000","diagnostic","TWO_ROOT_SV_POWER",2000,2000,"absolute","K3",0.25,2.5,"depth6_reference","depth8_refined","ED1_007_TWO_ROOT_SV_POWER_n2000_depth6_reference","ED1_008_TWO_ROOT_SV_POWER_n2000_depth8_refined","continuous","bootstrap_grid_size",254,254,254,254,254,,,,,,,,,451,451,0,0,0,0,0,0
"enclosure_depth_v001","depth8_refined_minus_depth6_reference","maximum continuum-enclosure depth 8 minus 6, with guard depth fixed at 6 and with identical samples, multipliers, B=999, bootstrap grid 0.005, enclosure grid 0.0025, node ceiling 57601, and every remaining inferential setting","ED1_TWO_ROOT_SV_POWER_n4000","diagnostic","TWO_ROOT_SV_POWER",4000,4000,"absolute","K3",0.25,2.5,"depth6_reference","depth8_refined","ED1_009_TWO_ROOT_SV_POWER_n4000_depth6_reference","ED1_010_TWO_ROOT_SV_POWER_n4000_depth8_refined","continuous","bootstrap_grid_size",254,254,254,254,254,,,,,,,,,451,451,0,0,0,0,0,0
"enclosure_depth_v001","depth8_refined_minus_depth6_reference","maximum continuum-enclosure depth 8 minus 6, with guard depth fixed at 6 and with identical samples, multipliers, B=999, bootstrap grid 0.005, enclosure grid 0.0025, node ceiling 57601, and every remaining inferential setting","ED1_TWO_ROOT_SV_POWER_n8000","diagnostic","TWO_ROOT_SV_POWER",8000,8000,"absolute","K3",0.25,2.5,"depth6_reference","depth8_refined","ED1_011_TWO_ROOT_SV_POWER_n8000_depth6_reference","ED1_012_TWO_ROOT_SV_POWER_n8000_depth8_refined","continuous","bootstrap_grid_size",254,254,254,254,254,,,,,,,,,451,451,0,0,0,0,0,0
"enclosure_depth_v001","depth8_refined_minus_depth6_reference","maximum continuum-enclosure depth 8 minus 6, with guard depth fixed at 6 and with identical samples, multipliers, B=999, bootstrap grid 0.005, enclosure grid 0.0025, node ceiling 57601, and every remaining inferential setting","ED1_TWO_ROOT_SV_POWER_n2000","diagnostic","TWO_ROOT_SV_POWER",2000,2000,"absolute","K3",0.25,2.5,"depth6_reference","depth8_refined","ED1_007_TWO_ROOT_SV_POWER_n2000_depth6_reference","ED1_008_TWO_ROOT_SV_POWER_n2000_depth8_refined","continuous","bootstrap_grid_spacing",254,254,254,254,254,,,,,,,,,0.00500000000000034,0.00500000000000034,0,0,0,0,0,0
"enclosure_depth_v001","depth8_refined_minus_depth6_reference","maximum continuum-enclosure depth 8 minus 6, with guard depth fixed at 6 and with identical samples, multipliers, B=999, bootstrap grid 0.005, enclosure grid 0.0025, node ceiling 57601, and every remaining inferential setting","ED1_TWO_ROOT_SV_POWER_n4000","diagnostic","TWO_ROOT_SV_POWER",4000,4000,"absolute","K3",0.25,2.5,"depth6_reference","depth8_refined","ED1_009_TWO_ROOT_SV_POWER_n4000_depth6_reference","ED1_010_TWO_ROOT_SV_POWER_n4000_depth8_refined","continuous","bootstrap_grid_spacing",254,254,254,254,254,,,,,,,,,0.00500000000000034,0.00500000000000034,0,0,0,0,0,0
"enclosure_depth_v001","depth8_refined_minus_depth6_reference","maximum continuum-enclosure depth 8 minus 6, with guard depth fixed at 6 and with identical samples, multipliers, B=999, bootstrap grid 0.005, enclosure grid 0.0025, node ceiling 57601, and every remaining inferential setting","ED1_TWO_ROOT_SV_POWER_n8000","diagnostic","TWO_ROOT_SV_POWER",8000,8000,"absolute","K3",0.25,2.5,"depth6_reference","depth8_refined","ED1_011_TWO_ROOT_SV_POWER_n8000_depth6_reference","ED1_012_TWO_ROOT_SV_POWER_n8000_depth8_refined","continuous","bootstrap_grid_spacing",254,254,254,254,254,,,,,,,,,0.00500000000000034,0.00500000000000034,0,0,0,0,0,0
"enclosure_depth_v001","depth8_refined_minus_depth6_reference","maximum continuum-enclosure depth 8 minus 6, with guard depth fixed at 6 and with identical samples, multipliers, B=999, bootstrap grid 0.005, enclosure grid 0.0025, node ceiling 57601, and every remaining inferential setting","ED1_TWO_ROOT_SV_POWER_n2000","diagnostic","TWO_ROOT_SV_POWER",2000,2000,"absolute","K3",0.25,2.5,"depth6_reference","depth8_refined","ED1_007_TWO_ROOT_SV_POWER_n2000_depth6_reference","ED1_008_TWO_ROOT_SV_POWER_n2000_depth8_refined","continuous","bracket_count",254,254,254,254,254,,,,,,,,,0.736220472440945,0.736220472440945,0,0,0,0,0,0
"enclosure_depth_v001","depth8_refined_minus_depth6_reference","maximum continuum-enclosure depth 8 minus 6, with guard depth fixed at 6 and with identical samples, multipliers, B=999, bootstrap grid 0.005, enclosure grid 0.0025, node ceiling 57601, and every remaining inferential setting","ED1_TWO_ROOT_SV_POWER_n4000","diagnostic","TWO_ROOT_SV_POWER",4000,4000,"absolute","K3",0.25,2.5,"depth6_reference","depth8_refined","ED1_009_TWO_ROOT_SV_POWER_n4000_depth6_reference","ED1_010_TWO_ROOT_SV_POWER_n4000_depth8_refined","continuous","bracket_count",254,254,254,254,254,,,,,,,,,1.50393700787402,1.50393700787402,0,0,0,0,0,0
"enclosure_depth_v001","depth8_refined_minus_depth6_reference","maximum continuum-enclosure depth 8 minus 6, with guard depth fixed at 6 and with identical samples, multipliers, B=999, bootstrap grid 0.005, enclosure grid 0.0025, node ceiling 57601, and every remaining inferential setting","ED1_TWO_ROOT_SV_POWER_n8000","diagnostic","TWO_ROOT_SV_POWER",8000,8000,"absolute","K3",0.25,2.5,"depth6_reference","depth8_refined","ED1_011_TWO_ROOT_SV_POWER_n8000_depth6_reference","ED1_012_TWO_ROOT_SV_POWER_n8000_depth8_refined","continuous","bracket_count",254,254,254,254,254,,,,,,,,,1.93700787401575,1.93700787401575,0,0,0,0,0,0
"enclosure_depth_v001","depth8_refined_minus_depth6_reference","maximum continuum-enclosure depth 8 minus 6, with guard depth fixed at 6 and with identical samples, multipliers, B=999, bootstrap grid 0.005, enclosure grid 0.0025, node ceiling 57601, and every remaining inferential setting","ED1_TWO_ROOT_SV_POWER_n2000","diagnostic","TWO_ROOT_SV_POWER",2000,2000,"absolute","K3",0.25,2.5,"depth6_reference","depth8_refined","ED1_007_TWO_ROOT_SV_POWER_n2000_depth6_reference","ED1_008_TWO_ROOT_SV_POWER_n2000_depth8_refined","continuous","bracket_length",254,254,254,254,95,,,,,,,,,1.99405263157895,1.99405263157895,0,0,0,0,0,0
"enclosure_depth_v001","depth8_refined_minus_depth6_reference","maximum continuum-enclosure depth 8 minus 6, with guard depth fixed at 6 and with identical samples, multipliers, B=999, bootstrap grid 0.005, enclosure grid 0.0025, node ceiling 57601, and every remaining inferential setting","ED1_TWO_ROOT_SV_POWER_n4000","diagnostic","TWO_ROOT_SV_POWER",4000,4000,"absolute","K3",0.25,2.5,"depth6_reference","depth8_refined","ED1_009_TWO_ROOT_SV_POWER_n4000_depth6_reference","ED1_010_TWO_ROOT_SV_POWER_n4000_depth8_refined","continuous","bracket_length",254,254,254,254,191,,,,,,,,,1.8369109947644,1.8369109947644,0,0,0,0,0,0
"enclosure_depth_v001","depth8_refined_minus_depth6_reference","maximum continuum-enclosure depth 8 minus 6, with guard depth fixed at 6 and with identical samples, multipliers, B=999, bootstrap grid 0.005, enclosure grid 0.0025, node ceiling 57601, and every remaining inferential setting","ED1_TWO_ROOT_SV_POWER_n8000","diagnostic","TWO_ROOT_SV_POWER",8000,8000,"absolute","K3",0.25,2.5,"depth6_reference","depth8_refined","ED1_011_TWO_ROOT_SV_POWER_n8000_depth6_reference","ED1_012_TWO_ROOT_SV_POWER_n8000_depth8_refined","continuous","bracket_length",254,254,254,254,246,,,,,,,,,1.70926829268293,1.70926829268293,0,0,0,0,0,0
"enclosure_depth_v001","depth8_refined_minus_depth6_reference","maximum continuum-enclosure depth 8 minus 6, with guard depth fixed at 6 and with identical samples, multipliers, B=999, bootstrap grid 0.005, enclosure grid 0.0025, node ceiling 57601, and every remaining inferential setting","ED1_TWO_ROOT_SV_POWER_n2000","diagnostic","TWO_ROOT_SV_POWER",2000,2000,"absolute","K3",0.25,2.5,"depth6_reference","depth8_refined","ED1_007_TWO_ROOT_SV_POWER_n2000_depth6_reference","ED1_008_TWO_ROOT_SV_POWER_n2000_depth8_refined","continuous","certified_alternation_count",254,254,254,254,254,,,,,,,,,0.736220472440945,0.736220472440945,0,0,0,0,0,0
"enclosure_depth_v001","depth8_refined_minus_depth6_reference","maximum continuum-enclosure depth 8 minus 6, with guard depth fixed at 6 and with identical samples, multipliers, B=999, bootstrap grid 0.005, enclosure grid 0.0025, node ceiling 57601, and every remaining inferential setting","ED1_TWO_ROOT_SV_POWER_n4000","diagnostic","TWO_ROOT_SV_POWER",4000,4000,"absolute","K3",0.25,2.5,"depth6_reference","depth8_refined","ED1_009_TWO_ROOT_SV_POWER_n4000_depth6_reference","ED1_010_TWO_ROOT_SV_POWER_n4000_depth8_refined","continuous","certified_alternation_count",254,254,254,254,254,,,,,,,,,1.50393700787402,1.50393700787402,0,0,0,0,0,0
"enclosure_depth_v001","depth8_refined_minus_depth6_reference","maximum continuum-enclosure depth 8 minus 6, with guard depth fixed at 6 and with identical samples, multipliers, B=999, bootstrap grid 0.005, enclosure grid 0.0025, node ceiling 57601, and every remaining inferential setting","ED1_TWO_ROOT_SV_POWER_n8000","diagnostic","TWO_ROOT_SV_POWER",8000,8000,"absolute","K3",0.25,2.5,"depth6_reference","depth8_refined","ED1_011_TWO_ROOT_SV_POWER_n8000_depth6_reference","ED1_012_TWO_ROOT_SV_POWER_n8000_depth8_refined","continuous","certified_alternation_count",254,254,254,254,254,,,,,,,,,1.93700787401575,1.93700787401575,0,0,0,0,0,0
"enclosure_depth_v001","depth8_refined_minus_depth6_reference","maximum continuum-enclosure depth 8 minus 6, with guard depth fixed at 6 and with identical samples, multipliers, B=999, bootstrap grid 0.005, enclosure grid 0.0025, node ceiling 57601, and every remaining inferential setting","ED1_TWO_ROOT_SV_POWER_n2000","diagnostic","TWO_ROOT_SV_POWER",2000,2000,"absolute","K3",0.25,2.5,"depth6_reference","depth8_refined","ED1_007_TWO_ROOT_SV_POWER_n2000_depth6_reference","ED1_008_TWO_ROOT_SV_POWER_n2000_depth8_refined","continuous","configured_continuum_enclosure_maximum_levels",254,254,254,254,254,,,,,,,,,6,8,2,0,0,2,2,2
"enclosure_depth_v001","depth8_refined_minus_depth6_reference","maximum continuum-enclosure depth 8 minus 6, with guard depth fixed at 6 and with identical samples, multipliers, B=999, bootstrap grid 0.005, enclosure grid 0.0025, node ceiling 57601, and every remaining inferential setting","ED1_TWO_ROOT_SV_POWER_n4000","diagnostic","TWO_ROOT_SV_POWER",4000,4000,"absolute","K3",0.25,2.5,"depth6_reference","depth8_refined","ED1_009_TWO_ROOT_SV_POWER_n4000_depth6_reference","ED1_010_TWO_ROOT_SV_POWER_n4000_depth8_refined","continuous","configured_continuum_enclosure_maximum_levels",254,254,254,254,254,,,,,,,,,6,8,2,0,0,2,2,2
"enclosure_depth_v001","depth8_refined_minus_depth6_reference","maximum continuum-enclosure depth 8 minus 6, with guard depth fixed at 6 and with identical samples, multipliers, B=999, bootstrap grid 0.005, enclosure grid 0.0025, node ceiling 57601, and every remaining inferential setting","ED1_TWO_ROOT_SV_POWER_n8000","diagnostic","TWO_ROOT_SV_POWER",8000,8000,"absolute","K3",0.25,2.5,"depth6_reference","depth8_refined","ED1_011_TWO_ROOT_SV_POWER_n8000_depth6_reference","ED1_012_TWO_ROOT_SV_POWER_n8000_depth8_refined","continuous","configured_continuum_enclosure_maximum_levels",254,254,254,254,254,,,,,,,,,6,8,2,0,0,2,2,2
"enclosure_depth_v001","depth8_refined_minus_depth6_reference","maximum continuum-enclosure depth 8 minus 6, with guard depth fixed at 6 and with identical samples, multipliers, B=999, bootstrap grid 0.005, enclosure grid 0.0025, node ceiling 57601, and every remaining inferential setting","ED1_TWO_ROOT_SV_POWER_n2000","diagnostic","TWO_ROOT_SV_POWER",2000,2000,"absolute","K3",0.25,2.5,"depth6_reference","depth8_refined","ED1_007_TWO_ROOT_SV_POWER_n2000_depth6_reference","ED1_008_TWO_ROOT_SV_POWER_n2000_depth8_refined","continuous","configured_guard_maximum_levels",254,254,254,254,254,,,,,,,,,6,6,0,0,0,0,0,0
"enclosure_depth_v001","depth8_refined_minus_depth6_reference","maximum continuum-enclosure depth 8 minus 6, with guard depth fixed at 6 and with identical samples, multipliers, B=999, bootstrap grid 0.005, enclosure grid 0.0025, node ceiling 57601, and every remaining inferential setting","ED1_TWO_ROOT_SV_POWER_n4000","diagnostic","TWO_ROOT_SV_POWER",4000,4000,"absolute","K3",0.25,2.5,"depth6_reference","depth8_refined","ED1_009_TWO_ROOT_SV_POWER_n4000_depth6_reference","ED1_010_TWO_ROOT_SV_POWER_n4000_depth8_refined","continuous","configured_guard_maximum_levels",254,254,254,254,254,,,,,,,,,6,6,0,0,0,0,0,0
"enclosure_depth_v001","depth8_refined_minus_depth6_reference","maximum continuum-enclosure depth 8 minus 6, with guard depth fixed at 6 and with identical samples, multipliers, B=999, bootstrap grid 0.005, enclosure grid 0.0025, node ceiling 57601, and every remaining inferential setting","ED1_TWO_ROOT_SV_POWER_n8000","diagnostic","TWO_ROOT_SV_POWER",8000,8000,"absolute","K3",0.25,2.5,"depth6_reference","depth8_refined","ED1_011_TWO_ROOT_SV_POWER_n8000_depth6_reference","ED1_012_TWO_ROOT_SV_POWER_n8000_depth8_refined","continuous","configured_guard_maximum_levels",254,254,254,254,254,,,,,,,,,6,6,0,0,0,0,0,0
"enclosure_depth_v001","depth8_refined_minus_depth6_reference","maximum continuum-enclosure depth 8 minus 6, with guard depth fixed at 6 and with identical samples, multipliers, B=999, bootstrap grid 0.005, enclosure grid 0.0025, node ceiling 57601, and every remaining inferential setting","ED1_TWO_ROOT_SV_POWER_n2000","diagnostic","TWO_ROOT_SV_POWER",2000,2000,"absolute","K3",0.25,2.5,"depth6_reference","depth8_refined","ED1_007_TWO_ROOT_SV_POWER_n2000_depth6_reference","ED1_008_TWO_ROOT_SV_POWER_n2000_depth8_refined","continuous","continuum_truth_maximum_level",254,254,254,254,254,,,,,,,,,1.63385826771654,1.63385826771654,0,0,0,0,0,0
"enclosure_depth_v001","depth8_refined_minus_depth6_reference","maximum continuum-enclosure depth 8 minus 6, with guard depth fixed at 6 and with identical samples, multipliers, B=999, bootstrap grid 0.005, enclosure grid 0.0025, node ceiling 57601, and every remaining inferential setting","ED1_TWO_ROOT_SV_POWER_n4000","diagnostic","TWO_ROOT_SV_POWER",4000,4000,"absolute","K3",0.25,2.5,"depth6_reference","depth8_refined","ED1_009_TWO_ROOT_SV_POWER_n4000_depth6_reference","ED1_010_TWO_ROOT_SV_POWER_n4000_depth8_refined","continuous","continuum_truth_maximum_level",254,254,254,254,254,,,,,,,,,2.24409448818898,2.24409448818898,0,0,0,0,0,0
"enclosure_depth_v001","depth8_refined_minus_depth6_reference","maximum continuum-enclosure depth 8 minus 6, with guard depth fixed at 6 and with identical samples, multipliers, B=999, bootstrap grid 0.005, enclosure grid 0.0025, node ceiling 57601, and every remaining inferential setting","ED1_TWO_ROOT_SV_POWER_n8000","diagnostic","TWO_ROOT_SV_POWER",8000,8000,"absolute","K3",0.25,2.5,"depth6_reference","depth8_refined","ED1_011_TWO_ROOT_SV_POWER_n8000_depth6_reference","ED1_012_TWO_ROOT_SV_POWER_n8000_depth8_refined","continuous","continuum_truth_maximum_level",254,254,254,254,254,,,,,,,,,2.67322834645669,2.67322834645669,0,0,0,0,0,0
"enclosure_depth_v001","depth8_refined_minus_depth6_reference","maximum continuum-enclosure depth 8 minus 6, with guard depth fixed at 6 and with identical samples, multipliers, B=999, bootstrap grid 0.005, enclosure grid 0.0025, node ceiling 57601, and every remaining inferential setting","ED1_TWO_ROOT_SV_POWER_n2000","diagnostic","TWO_ROOT_SV_POWER",2000,2000,"absolute","K3",0.25,2.5,"depth6_reference","depth8_refined","ED1_007_TWO_ROOT_SV_POWER_n2000_depth6_reference","ED1_008_TWO_ROOT_SV_POWER_n2000_depth8_refined","continuous","continuum_truth_nodes_used",254,254,254,254,254,,,,,,,,,1293.32677165354,1293.32677165354,0,0,0,0,0,0
"enclosure_depth_v001","depth8_refined_minus_depth6_reference","maximum continuum-enclosure depth 8 minus 6, with guard depth fixed at 6 and with identical samples, multipliers, B=999, bootstrap grid 0.005, enclosure grid 0.0025, node ceiling 57601, and every remaining inferential setting","ED1_TWO_ROOT_SV_POWER_n4000","diagnostic","TWO_ROOT_SV_POWER",4000,4000,"absolute","K3",0.25,2.5,"depth6_reference","depth8_refined","ED1_009_TWO_ROOT_SV_POWER_n4000_depth6_reference","ED1_010_TWO_ROOT_SV_POWER_n4000_depth8_refined","continuous","continuum_truth_nodes_used",254,254,254,254,254,,,,,,,,,1619.77559055118,1619.77559055118,0,0,0,0,0,0
"enclosure_depth_v001","depth8_refined_minus_depth6_reference","maximum continuum-enclosure depth 8 minus 6, with guard depth fixed at 6 and with identical samples, multipliers, B=999, bootstrap grid 0.005, enclosure grid 0.0025, node ceiling 57601, and every remaining inferential setting","ED1_TWO_ROOT_SV_POWER_n8000","diagnostic","TWO_ROOT_SV_POWER",8000,8000,"absolute","K3",0.25,2.5,"depth6_reference","depth8_refined","ED1_011_TWO_ROOT_SV_POWER_n8000_depth6_reference","ED1_012_TWO_ROOT_SV_POWER_n8000_depth8_refined","continuous","continuum_truth_nodes_used",254,254,254,254,254,,,,,,,,,2168.02755905512,2168.02755905512,0,0,0,0,0,0
"enclosure_depth_v001","depth8_refined_minus_depth6_reference","maximum continuum-enclosure depth 8 minus 6, with guard depth fixed at 6 and with identical samples, multipliers, B=999, bootstrap grid 0.005, enclosure grid 0.0025, node ceiling 57601, and every remaining inferential setting","ED1_TWO_ROOT_SV_POWER_n2000","diagnostic","TWO_ROOT_SV_POWER",2000,2000,"absolute","K3",0.25,2.5,"depth6_reference","depth8_refined","ED1_007_TWO_ROOT_SV_POWER_n2000_depth6_reference","ED1_008_TWO_ROOT_SV_POWER_n2000_depth8_refined","continuous","continuum_truth_unresolved_cells",254,254,254,254,254,,,,,,,,,0,0,0,0,0,0,0,0
"enclosure_depth_v001","depth8_refined_minus_depth6_reference","maximum continuum-enclosure depth 8 minus 6, with guard depth fixed at 6 and with identical samples, multipliers, B=999, bootstrap grid 0.005, enclosure grid 0.0025, node ceiling 57601, and every remaining inferential setting","ED1_TWO_ROOT_SV_POWER_n4000","diagnostic","TWO_ROOT_SV_POWER",4000,4000,"absolute","K3",0.25,2.5,"depth6_reference","depth8_refined","ED1_009_TWO_ROOT_SV_POWER_n4000_depth6_reference","ED1_010_TWO_ROOT_SV_POWER_n4000_depth8_refined","continuous","continuum_truth_unresolved_cells",254,254,254,254,254,,,,,,,,,0,0,0,0,0,0,0,0
"enclosure_depth_v001","depth8_refined_minus_depth6_reference","maximum continuum-enclosure depth 8 minus 6, with guard depth fixed at 6 and with identical samples, multipliers, B=999, bootstrap grid 0.005, enclosure grid 0.0025, node ceiling 57601, and every remaining inferential setting","ED1_TWO_ROOT_SV_POWER_n8000","diagnostic","TWO_ROOT_SV_POWER",8000,8000,"absolute","K3",0.25,2.5,"depth6_reference","depth8_refined","ED1_011_TWO_ROOT_SV_POWER_n8000_depth6_reference","ED1_012_TWO_ROOT_SV_POWER_n8000_depth8_refined","continuous","continuum_truth_unresolved_cells",254,254,254,254,254,,,,,,,,,0,0,0,0,0,0,0,0
"enclosure_depth_v001","depth8_refined_minus_depth6_reference","maximum continuum-enclosure depth 8 minus 6, with guard depth fixed at 6 and with identical samples, multipliers, B=999, bootstrap grid 0.005, enclosure grid 0.0025, node ceiling 57601, and every remaining inferential setting","ED1_TWO_ROOT_SV_POWER_n2000","diagnostic","TWO_ROOT_SV_POWER",2000,2000,"absolute","K3",0.25,2.5,"depth6_reference","depth8_refined","ED1_007_TWO_ROOT_SV_POWER_n2000_depth6_reference","ED1_008_TWO_ROOT_SV_POWER_n2000_depth8_refined","continuous","critical_value",254,254,254,254,254,,,,,,,,,2.21994011164994,2.21994011164994,0,0,0,0,0,0
"enclosure_depth_v001","depth8_refined_minus_depth6_reference","maximum continuum-enclosure depth 8 minus 6, with guard depth fixed at 6 and with identical samples, multipliers, B=999, bootstrap grid 0.005, enclosure grid 0.0025, node ceiling 57601, and every remaining inferential setting","ED1_TWO_ROOT_SV_POWER_n4000","diagnostic","TWO_ROOT_SV_POWER",4000,4000,"absolute","K3",0.25,2.5,"depth6_reference","depth8_refined","ED1_009_TWO_ROOT_SV_POWER_n4000_depth6_reference","ED1_010_TWO_ROOT_SV_POWER_n4000_depth8_refined","continuous","critical_value",254,254,254,254,254,,,,,,,,,2.21917163279623,2.21917163279623,0,0,0,0,0,0
"enclosure_depth_v001","depth8_refined_minus_depth6_reference","maximum continuum-enclosure depth 8 minus 6, with guard depth fixed at 6 and with identical samples, multipliers, B=999, bootstrap grid 0.005, enclosure grid 0.0025, node ceiling 57601, and every remaining inferential setting","ED1_TWO_ROOT_SV_POWER_n8000","diagnostic","TWO_ROOT_SV_POWER",8000,8000,"absolute","K3",0.25,2.5,"depth6_reference","depth8_refined","ED1_011_TWO_ROOT_SV_POWER_n8000_depth6_reference","ED1_012_TWO_ROOT_SV_POWER_n8000_depth8_refined","continuous","critical_value",254,254,254,254,254,,,,,,,,,2.21684163466736,2.21684163466736,0,0,0,0,0,0
"enclosure_depth_v001","depth8_refined_minus_depth6_reference","maximum continuum-enclosure depth 8 minus 6, with guard depth fixed at 6 and with identical samples, multipliers, B=999, bootstrap grid 0.005, enclosure grid 0.0025, node ceiling 57601, and every remaining inferential setting","ED1_TWO_ROOT_SV_POWER_n2000","diagnostic","TWO_ROOT_SV_POWER",2000,2000,"absolute","K3",0.25,2.5,"depth6_reference","depth8_refined","ED1_007_TWO_ROOT_SV_POWER_n2000_depth6_reference","ED1_008_TWO_ROOT_SV_POWER_n2000_depth8_refined","continuous","derivative_assisted_certificate_count",254,254,254,254,0,,,,,,,,,,,,,,,,
"enclosure_depth_v001","depth8_refined_minus_depth6_reference","maximum continuum-enclosure depth 8 minus 6, with guard depth fixed at 6 and with identical samples, multipliers, B=999, bootstrap grid 0.005, enclosure grid 0.0025, node ceiling 57601, and every remaining inferential setting","ED1_TWO_ROOT_SV_POWER_n4000","diagnostic","TWO_ROOT_SV_POWER",4000,4000,"absolute","K3",0.25,2.5,"depth6_reference","depth8_refined","ED1_009_TWO_ROOT_SV_POWER_n4000_depth6_reference","ED1_010_TWO_ROOT_SV_POWER_n4000_depth8_refined","continuous","derivative_assisted_certificate_count",254,254,254,254,0,,,,,,,,,,,,,,,,
"enclosure_depth_v001","depth8_refined_minus_depth6_reference","maximum continuum-enclosure depth 8 minus 6, with guard depth fixed at 6 and with identical samples, multipliers, B=999, bootstrap grid 0.005, enclosure grid 0.0025, node ceiling 57601, and every remaining inferential setting","ED1_TWO_ROOT_SV_POWER_n8000","diagnostic","TWO_ROOT_SV_POWER",8000,8000,"absolute","K3",0.25,2.5,"depth6_reference","depth8_refined","ED1_011_TWO_ROOT_SV_POWER_n8000_depth6_reference","ED1_012_TWO_ROOT_SV_POWER_n8000_depth8_refined","continuous","derivative_assisted_certificate_count",254,254,254,254,0,,,,,,,,,,,,,,,,
"enclosure_depth_v001","depth8_refined_minus_depth6_reference","maximum continuum-enclosure depth 8 minus 6, with guard depth fixed at 6 and with identical samples, multipliers, B=999, bootstrap grid 0.005, enclosure grid 0.0025, node ceiling 57601, and every remaining inferential setting","ED1_TWO_ROOT_SV_POWER_n2000","diagnostic","TWO_ROOT_SV_POWER",2000,2000,"absolute","K3",0.25,2.5,"depth6_reference","depth8_refined","ED1_007_TWO_ROOT_SV_POWER_n2000_depth6_reference","ED1_008_TWO_ROOT_SV_POWER_n2000_depth8_refined","continuous","derivative_assisted_correlation_01_max",254,254,254,254,0,,,,,,,,,,,,,,,,
"enclosure_depth_v001","depth8_refined_minus_depth6_reference","maximum continuum-enclosure depth 8 minus 6, with guard depth fixed at 6 and with identical samples, multipliers, B=999, bootstrap grid 0.005, enclosure grid 0.0025, node ceiling 57601, and every remaining inferential setting","ED1_TWO_ROOT_SV_POWER_n4000","diagnostic","TWO_ROOT_SV_POWER",4000,4000,"absolute","K3",0.25,2.5,"depth6_reference","depth8_refined","ED1_009_TWO_ROOT_SV_POWER_n4000_depth6_reference","ED1_010_TWO_ROOT_SV_POWER_n4000_depth8_refined","continuous","derivative_assisted_correlation_01_max",254,254,254,254,0,,,,,,,,,,,,,,,,
"enclosure_depth_v001","depth8_refined_minus_depth6_reference","maximum continuum-enclosure depth 8 minus 6, with guard depth fixed at 6 and with identical samples, multipliers, B=999, bootstrap grid 0.005, enclosure grid 0.0025, node ceiling 57601, and every remaining inferential setting","ED1_TWO_ROOT_SV_POWER_n8000","diagnostic","TWO_ROOT_SV_POWER",8000,8000,"absolute","K3",0.25,2.5,"depth6_reference","depth8_refined","ED1_011_TWO_ROOT_SV_POWER_n8000_depth6_reference","ED1_012_TWO_ROOT_SV_POWER_n8000_depth8_refined","continuous","derivative_assisted_correlation_01_max",254,254,254,254,0,,,,,,,,,,,,,,,,
"enclosure_depth_v001","depth8_refined_minus_depth6_reference","maximum continuum-enclosure depth 8 minus 6, with guard depth fixed at 6 and with identical samples, multipliers, B=999, bootstrap grid 0.005, enclosure grid 0.0025, node ceiling 57601, and every remaining inferential setting","ED1_TWO_ROOT_SV_POWER_n2000","diagnostic","TWO_ROOT_SV_POWER",2000,2000,"absolute","K3",0.25,2.5,"depth6_reference","depth8_refined","ED1_007_TWO_ROOT_SV_POWER_n2000_depth6_reference","ED1_008_TWO_ROOT_SV_POWER_n2000_depth8_refined","continuous","derivative_assisted_correlation_01_min",254,254,254,254,0,,,,,,,,,,,,,,,,
"enclosure_depth_v001","depth8_refined_minus_depth6_reference","maximum continuum-enclosure depth 8 minus 6, with guard depth fixed at 6 and with identical samples, multipliers, B=999, bootstrap grid 0.005, enclosure grid 0.0025, node ceiling 57601, and every remaining inferential setting","ED1_TWO_ROOT_SV_POWER_n4000","diagnostic","TWO_ROOT_SV_POWER",4000,4000,"absolute","K3",0.25,2.5,"depth6_reference","depth8_refined","ED1_009_TWO_ROOT_SV_POWER_n4000_depth6_reference","ED1_010_TWO_ROOT_SV_POWER_n4000_depth8_refined","continuous","derivative_assisted_correlation_01_min",254,254,254,254,0,,,,,,,,,,,,,,,,
"enclosure_depth_v001","depth8_refined_minus_depth6_reference","maximum continuum-enclosure depth 8 minus 6, with guard depth fixed at 6 and with identical samples, multipliers, B=999, bootstrap grid 0.005, enclosure grid 0.0025, node ceiling 57601, and every remaining inferential setting","ED1_TWO_ROOT_SV_POWER_n8000","diagnostic","TWO_ROOT_SV_POWER",8000,8000,"absolute","K3",0.25,2.5,"depth6_reference","depth8_refined","ED1_011_TWO_ROOT_SV_POWER_n8000_depth6_reference","ED1_012_TWO_ROOT_SV_POWER_n8000_depth8_refined","continuous","derivative_assisted_correlation_01_min",254,254,254,254,0,,,,,,,,,,,,,,,,
"enclosure_depth_v001","depth8_refined_minus_depth6_reference","maximum continuum-enclosure depth 8 minus 6, with guard depth fixed at 6 and with identical samples, multipliers, B=999, bootstrap grid 0.005, enclosure grid 0.0025, node ceiling 57601, and every remaining inferential setting","ED1_TWO_ROOT_SV_POWER_n2000","diagnostic","TWO_ROOT_SV_POWER",2000,2000,"absolute","K3",0.25,2.5,"depth6_reference","depth8_refined","ED1_007_TWO_ROOT_SV_POWER_n2000_depth6_reference","ED1_008_TWO_ROOT_SV_POWER_n2000_depth8_refined","continuous","derivative_assisted_covariance_01_max",254,254,254,254,0,,,,,,,,,,,,,,,,
"enclosure_depth_v001","depth8_refined_minus_depth6_reference","maximum continuum-enclosure depth 8 minus 6, with guard depth fixed at 6 and with identical samples, multipliers, B=999, bootstrap grid 0.005, enclosure grid 0.0025, node ceiling 57601, and every remaining inferential setting","ED1_TWO_ROOT_SV_POWER_n4000","diagnostic","TWO_ROOT_SV_POWER",4000,4000,"absolute","K3",0.25,2.5,"depth6_reference","depth8_refined","ED1_009_TWO_ROOT_SV_POWER_n4000_depth6_reference","ED1_010_TWO_ROOT_SV_POWER_n4000_depth8_refined","continuous","derivative_assisted_covariance_01_max",254,254,254,254,0,,,,,,,,,,,,,,,,
"enclosure_depth_v001","depth8_refined_minus_depth6_reference","maximum continuum-enclosure depth 8 minus 6, with guard depth fixed at 6 and with identical samples, multipliers, B=999, bootstrap grid 0.005, enclosure grid 0.0025, node ceiling 57601, and every remaining inferential setting","ED1_TWO_ROOT_SV_POWER_n8000","diagnostic","TWO_ROOT_SV_POWER",8000,8000,"absolute","K3",0.25,2.5,"depth6_reference","depth8_refined","ED1_011_TWO_ROOT_SV_POWER_n8000_depth6_reference","ED1_012_TWO_ROOT_SV_POWER_n8000_depth8_refined","continuous","derivative_assisted_covariance_01_max",254,254,254,254,0,,,,,,,,,,,,,,,,
"enclosure_depth_v001","depth8_refined_minus_depth6_reference","maximum continuum-enclosure depth 8 minus 6, with guard depth fixed at 6 and with identical samples, multipliers, B=999, bootstrap grid 0.005, enclosure grid 0.0025, node ceiling 57601, and every remaining inferential setting","ED1_TWO_ROOT_SV_POWER_n2000","diagnostic","TWO_ROOT_SV_POWER",2000,2000,"absolute","K3",0.25,2.5,"depth6_reference","depth8_refined","ED1_007_TWO_ROOT_SV_POWER_n2000_depth6_reference","ED1_008_TWO_ROOT_SV_POWER_n2000_depth8_refined","continuous","derivative_assisted_covariance_01_min",254,254,254,254,0,,,,,,,,,,,,,,,,
"enclosure_depth_v001","depth8_refined_minus_depth6_reference","maximum continuum-enclosure depth 8 minus 6, with guard depth fixed at 6 and with identical samples, multipliers, B=999, bootstrap grid 0.005, enclosure grid 0.0025, node ceiling 57601, and every remaining inferential setting","ED1_TWO_ROOT_SV_POWER_n4000","diagnostic","TWO_ROOT_SV_POWER",4000,4000,"absolute","K3",0.25,2.5,"depth6_reference","depth8_refined","ED1_009_TWO_ROOT_SV_POWER_n4000_depth6_reference","ED1_010_TWO_ROOT_SV_POWER_n4000_depth8_refined","continuous","derivative_assisted_covariance_01_min",254,254,254,254,0,,,,,,,,,,,,,,,,
"enclosure_depth_v001","depth8_refined_minus_depth6_reference","maximum continuum-enclosure depth 8 minus 6, with guard depth fixed at 6 and with identical samples, multipliers, B=999, bootstrap grid 0.005, enclosure grid 0.0025, node ceiling 57601, and every remaining inferential setting","ED1_TWO_ROOT_SV_POWER_n8000","diagnostic","TWO_ROOT_SV_POWER",8000,8000,"absolute","K3",0.25,2.5,"depth6_reference","depth8_refined","ED1_011_TWO_ROOT_SV_POWER_n8000_depth6_reference","ED1_012_TWO_ROOT_SV_POWER_n8000_depth8_refined","continuous","derivative_assisted_covariance_01_min",254,254,254,254,0,,,,,,,,,,,,,,,,
"enclosure_depth_v001","depth8_refined_minus_depth6_reference","maximum continuum-enclosure depth 8 minus 6, with guard depth fixed at 6 and with identical samples, multipliers, B=999, bootstrap grid 0.005, enclosure grid 0.0025, node ceiling 57601, and every remaining inferential setting","ED1_TWO_ROOT_SV_POWER_n2000","diagnostic","TWO_ROOT_SV_POWER",2000,2000,"absolute","K3",0.25,2.5,"depth6_reference","depth8_refined","ED1_007_TWO_ROOT_SV_POWER_n2000_depth6_reference","ED1_008_TWO_ROOT_SV_POWER_n2000_depth8_refined","continuous","derivative_assisted_critical_value",254,254,254,254,0,,,,,,,,,,,,,,,,
"enclosure_depth_v001","depth8_refined_minus_depth6_reference","maximum continuum-enclosure depth 8 minus 6, with guard depth fixed at 6 and with identical samples, multipliers, B=999, bootstrap grid 0.005, enclosure grid 0.0025, node ceiling 57601, and every remaining inferential setting","ED1_TWO_ROOT_SV_POWER_n4000","diagnostic","TWO_ROOT_SV_POWER",4000,4000,"absolute","K3",0.25,2.5,"depth6_reference","depth8_refined","ED1_009_TWO_ROOT_SV_POWER_n4000_depth6_reference","ED1_010_TWO_ROOT_SV_POWER_n4000_depth8_refined","continuous","derivative_assisted_critical_value",254,254,254,254,0,,,,,,,,,,,,,,,,
"enclosure_depth_v001","depth8_refined_minus_depth6_reference","maximum continuum-enclosure depth 8 minus 6, with guard depth fixed at 6 and with identical samples, multipliers, B=999, bootstrap grid 0.005, enclosure grid 0.0025, node ceiling 57601, and every remaining inferential setting","ED1_TWO_ROOT_SV_POWER_n8000","diagnostic","TWO_ROOT_SV_POWER",8000,8000,"absolute","K3",0.25,2.5,"depth6_reference","depth8_refined","ED1_011_TWO_ROOT_SV_POWER_n8000_depth6_reference","ED1_012_TWO_ROOT_SV_POWER_n8000_depth8_refined","continuous","derivative_assisted_critical_value",254,254,254,254,0,,,,,,,,,,,,,,,,
"enclosure_depth_v001","depth8_refined_minus_depth6_reference","maximum continuum-enclosure depth 8 minus 6, with guard depth fixed at 6 and with identical samples, multipliers, B=999, bootstrap grid 0.005, enclosure grid 0.0025, node ceiling 57601, and every remaining inferential setting","ED1_TWO_ROOT_SV_POWER_n2000","diagnostic","TWO_ROOT_SV_POWER",2000,2000,"absolute","K3",0.25,2.5,"depth6_reference","depth8_refined","ED1_007_TWO_ROOT_SV_POWER_n2000_depth6_reference","ED1_008_TWO_ROOT_SV_POWER_n2000_depth8_refined","continuous","derivative_assisted_critical_value_ratio",254,254,254,254,0,,,,,,,,,,,,,,,,
"enclosure_depth_v001","depth8_refined_minus_depth6_reference","maximum continuum-enclosure depth 8 minus 6, with guard depth fixed at 6 and with identical samples, multipliers, B=999, bootstrap grid 0.005, enclosure grid 0.0025, node ceiling 57601, and every remaining inferential setting","ED1_TWO_ROOT_SV_POWER_n4000","diagnostic","TWO_ROOT_SV_POWER",4000,4000,"absolute","K3",0.25,2.5,"depth6_reference","depth8_refined","ED1_009_TWO_ROOT_SV_POWER_n4000_depth6_reference","ED1_010_TWO_ROOT_SV_POWER_n4000_depth8_refined","continuous","derivative_assisted_critical_value_ratio",254,254,254,254,0,,,,,,,,,,,,,,,,
"enclosure_depth_v001","depth8_refined_minus_depth6_reference","maximum continuum-enclosure depth 8 minus 6, with guard depth fixed at 6 and with identical samples, multipliers, B=999, bootstrap grid 0.005, enclosure grid 0.0025, node ceiling 57601, and every remaining inferential setting","ED1_TWO_ROOT_SV_POWER_n8000","diagnostic","TWO_ROOT_SV_POWER",8000,8000,"absolute","K3",0.25,2.5,"depth6_reference","depth8_refined","ED1_011_TWO_ROOT_SV_POWER_n8000_depth6_reference","ED1_012_TWO_ROOT_SV_POWER_n8000_depth8_refined","continuous","derivative_assisted_critical_value_ratio",254,254,254,254,0,,,,,,,,,,,,,,,,
"enclosure_depth_v001","depth8_refined_minus_depth6_reference","maximum continuum-enclosure depth 8 minus 6, with guard depth fixed at 6 and with identical samples, multipliers, B=999, bootstrap grid 0.005, enclosure grid 0.0025, node ceiling 57601, and every remaining inferential setting","ED1_TWO_ROOT_SV_POWER_n2000","diagnostic","TWO_ROOT_SV_POWER",2000,2000,"absolute","K3",0.25,2.5,"depth6_reference","depth8_refined","ED1_007_TWO_ROOT_SV_POWER_n2000_depth6_reference","ED1_008_TWO_ROOT_SV_POWER_n2000_depth8_refined","continuous","derivative_assisted_derivative_enclosure_nodes_used",254,254,254,254,0,,,,,,,,,,,,,,,,
"enclosure_depth_v001","depth8_refined_minus_depth6_reference","maximum continuum-enclosure depth 8 minus 6, with guard depth fixed at 6 and with identical samples, multipliers, B=999, bootstrap grid 0.005, enclosure grid 0.0025, node ceiling 57601, and every remaining inferential setting","ED1_TWO_ROOT_SV_POWER_n4000","diagnostic","TWO_ROOT_SV_POWER",4000,4000,"absolute","K3",0.25,2.5,"depth6_reference","depth8_refined","ED1_009_TWO_ROOT_SV_POWER_n4000_depth6_reference","ED1_010_TWO_ROOT_SV_POWER_n4000_depth8_refined","continuous","derivative_assisted_derivative_enclosure_nodes_used",254,254,254,254,0,,,,,,,,,,,,,,,,
"enclosure_depth_v001","depth8_refined_minus_depth6_reference","maximum continuum-enclosure depth 8 minus 6, with guard depth fixed at 6 and with identical samples, multipliers, B=999, bootstrap grid 0.005, enclosure grid 0.0025, node ceiling 57601, and every remaining inferential setting","ED1_TWO_ROOT_SV_POWER_n8000","diagnostic","TWO_ROOT_SV_POWER",8000,8000,"absolute","K3",0.25,2.5,"depth6_reference","depth8_refined","ED1_011_TWO_ROOT_SV_POWER_n8000_depth6_reference","ED1_012_TWO_ROOT_SV_POWER_n8000_depth8_refined","continuous","derivative_assisted_derivative_enclosure_nodes_used",254,254,254,254,0,,,,,,,,,,,,,,,,
"enclosure_depth_v001","depth8_refined_minus_depth6_reference","maximum continuum-enclosure depth 8 minus 6, with guard depth fixed at 6 and with identical samples, multipliers, B=999, bootstrap grid 0.005, enclosure grid 0.0025, node ceiling 57601, and every remaining inferential setting","ED1_TWO_ROOT_SV_POWER_n2000","diagnostic","TWO_ROOT_SV_POWER",2000,2000,"absolute","K3",0.25,2.5,"depth6_reference","depth8_refined","ED1_007_TWO_ROOT_SV_POWER_n2000_depth6_reference","ED1_008_TWO_ROOT_SV_POWER_n2000_depth8_refined","continuous","derivative_assisted_derivative_maximum_half_width",254,254,254,254,0,,,,,,,,,,,,,,,,
"enclosure_depth_v001","depth8_refined_minus_depth6_reference","maximum continuum-enclosure depth 8 minus 6, with guard depth fixed at 6 and with identical samples, multipliers, B=999, bootstrap grid 0.005, enclosure grid 0.0025, node ceiling 57601, and every remaining inferential setting","ED1_TWO_ROOT_SV_POWER_n4000","diagnostic","TWO_ROOT_SV_POWER",4000,4000,"absolute","K3",0.25,2.5,"depth6_reference","depth8_refined","ED1_009_TWO_ROOT_SV_POWER_n4000_depth6_reference","ED1_010_TWO_ROOT_SV_POWER_n4000_depth8_refined","continuous","derivative_assisted_derivative_maximum_half_width",254,254,254,254,0,,,,,,,,,,,,,,,,
"enclosure_depth_v001","depth8_refined_minus_depth6_reference","maximum continuum-enclosure depth 8 minus 6, with guard depth fixed at 6 and with identical samples, multipliers, B=999, bootstrap grid 0.005, enclosure grid 0.0025, node ceiling 57601, and every remaining inferential setting","ED1_TWO_ROOT_SV_POWER_n8000","diagnostic","TWO_ROOT_SV_POWER",8000,8000,"absolute","K3",0.25,2.5,"depth6_reference","depth8_refined","ED1_011_TWO_ROOT_SV_POWER_n8000_depth6_reference","ED1_012_TWO_ROOT_SV_POWER_n8000_depth8_refined","continuous","derivative_assisted_derivative_maximum_half_width",254,254,254,254,0,,,,,,,,,,,,,,,,
"enclosure_depth_v001","depth8_refined_minus_depth6_reference","maximum continuum-enclosure depth 8 minus 6, with guard depth fixed at 6 and with identical samples, multipliers, B=999, bootstrap grid 0.005, enclosure grid 0.0025, node ceiling 57601, and every remaining inferential setting","ED1_TWO_ROOT_SV_POWER_n2000","diagnostic","TWO_ROOT_SV_POWER",2000,2000,"absolute","K3",0.25,2.5,"depth6_reference","depth8_refined","ED1_007_TWO_ROOT_SV_POWER_n2000_depth6_reference","ED1_008_TWO_ROOT_SV_POWER_n2000_depth8_refined","continuous","derivative_assisted_derivative_unresolved_cells",254,254,254,254,0,,,,,,,,,,,,,,,,
"enclosure_depth_v001","depth8_refined_minus_depth6_reference","maximum continuum-enclosure depth 8 minus 6, with guard depth fixed at 6 and with identical samples, multipliers, B=999, bootstrap grid 0.005, enclosure grid 0.0025, node ceiling 57601, and every remaining inferential setting","ED1_TWO_ROOT_SV_POWER_n4000","diagnostic","TWO_ROOT_SV_POWER",4000,4000,"absolute","K3",0.25,2.5,"depth6_reference","depth8_refined","ED1_009_TWO_ROOT_SV_POWER_n4000_depth6_reference","ED1_010_TWO_ROOT_SV_POWER_n4000_depth8_refined","continuous","derivative_assisted_derivative_unresolved_cells",254,254,254,254,0,,,,,,,,,,,,,,,,
"enclosure_depth_v001","depth8_refined_minus_depth6_reference","maximum continuum-enclosure depth 8 minus 6, with guard depth fixed at 6 and with identical samples, multipliers, B=999, bootstrap grid 0.005, enclosure grid 0.0025, node ceiling 57601, and every remaining inferential setting","ED1_TWO_ROOT_SV_POWER_n8000","diagnostic","TWO_ROOT_SV_POWER",8000,8000,"absolute","K3",0.25,2.5,"depth6_reference","depth8_refined","ED1_011_TWO_ROOT_SV_POWER_n8000_depth6_reference","ED1_012_TWO_ROOT_SV_POWER_n8000_depth8_refined","continuous","derivative_assisted_derivative_unresolved_cells",254,254,254,254,0,,,,,,,,,,,,,,,,
"enclosure_depth_v001","depth8_refined_minus_depth6_reference","maximum continuum-enclosure depth 8 minus 6, with guard depth fixed at 6 and with identical samples, multipliers, B=999, bootstrap grid 0.005, enclosure grid 0.0025, node ceiling 57601, and every remaining inferential setting","ED1_TWO_ROOT_SV_POWER_n2000","diagnostic","TWO_ROOT_SV_POWER",2000,2000,"absolute","K3",0.25,2.5,"depth6_reference","depth8_refined","ED1_007_TWO_ROOT_SV_POWER_n2000_depth6_reference","ED1_008_TWO_ROOT_SV_POWER_n2000_depth8_refined","continuous","derivative_assisted_derivative_variance_unresolved_cells",254,254,254,254,0,,,,,,,,,,,,,,,,
"enclosure_depth_v001","depth8_refined_minus_depth6_reference","maximum continuum-enclosure depth 8 minus 6, with guard depth fixed at 6 and with identical samples, multipliers, B=999, bootstrap grid 0.005, enclosure grid 0.0025, node ceiling 57601, and every remaining inferential setting","ED1_TWO_ROOT_SV_POWER_n4000","diagnostic","TWO_ROOT_SV_POWER",4000,4000,"absolute","K3",0.25,2.5,"depth6_reference","depth8_refined","ED1_009_TWO_ROOT_SV_POWER_n4000_depth6_reference","ED1_010_TWO_ROOT_SV_POWER_n4000_depth8_refined","continuous","derivative_assisted_derivative_variance_unresolved_cells",254,254,254,254,0,,,,,,,,,,,,,,,,
"enclosure_depth_v001","depth8_refined_minus_depth6_reference","maximum continuum-enclosure depth 8 minus 6, with guard depth fixed at 6 and with identical samples, multipliers, B=999, bootstrap grid 0.005, enclosure grid 0.0025, node ceiling 57601, and every remaining inferential setting","ED1_TWO_ROOT_SV_POWER_n8000","diagnostic","TWO_ROOT_SV_POWER",8000,8000,"absolute","K3",0.25,2.5,"depth6_reference","depth8_refined","ED1_011_TWO_ROOT_SV_POWER_n8000_depth6_reference","ED1_012_TWO_ROOT_SV_POWER_n8000_depth8_refined","continuous","derivative_assisted_derivative_variance_unresolved_cells",254,254,254,254,0,,,,,,,,,,,,,,,,
"enclosure_depth_v001","depth8_refined_minus_depth6_reference","maximum continuum-enclosure depth 8 minus 6, with guard depth fixed at 6 and with identical samples, multipliers, B=999, bootstrap grid 0.005, enclosure grid 0.0025, node ceiling 57601, and every remaining inferential setting","ED1_TWO_ROOT_SV_POWER_n2000","diagnostic","TWO_ROOT_SV_POWER",2000,2000,"absolute","K3",0.25,2.5,"depth6_reference","depth8_refined","ED1_007_TWO_ROOT_SV_POWER_n2000_depth6_reference","ED1_008_TWO_ROOT_SV_POWER_n2000_depth8_refined","continuous","derivative_assisted_guard_maximum_level",254,254,254,254,0,,,,,,,,,,,,,,,,
"enclosure_depth_v001","depth8_refined_minus_depth6_reference","maximum continuum-enclosure depth 8 minus 6, with guard depth fixed at 6 and with identical samples, multipliers, B=999, bootstrap grid 0.005, enclosure grid 0.0025, node ceiling 57601, and every remaining inferential setting","ED1_TWO_ROOT_SV_POWER_n4000","diagnostic","TWO_ROOT_SV_POWER",4000,4000,"absolute","K3",0.25,2.5,"depth6_reference","depth8_refined","ED1_009_TWO_ROOT_SV_POWER_n4000_depth6_reference","ED1_010_TWO_ROOT_SV_POWER_n4000_depth8_refined","continuous","derivative_assisted_guard_maximum_level",254,254,254,254,0,,,,,,,,,,,,,,,,
"enclosure_depth_v001","depth8_refined_minus_depth6_reference","maximum continuum-enclosure depth 8 minus 6, with guard depth fixed at 6 and with identical samples, multipliers, B=999, bootstrap grid 0.005, enclosure grid 0.0025, node ceiling 57601, and every remaining inferential setting","ED1_TWO_ROOT_SV_POWER_n8000","diagnostic","TWO_ROOT_SV_POWER",8000,8000,"absolute","K3",0.25,2.5,"depth6_reference","depth8_refined","ED1_011_TWO_ROOT_SV_POWER_n8000_depth6_reference","ED1_012_TWO_ROOT_SV_POWER_n8000_depth8_refined","continuous","derivative_assisted_guard_maximum_level",254,254,254,254,0,,,,,,,,,,,,,,,,
"enclosure_depth_v001","depth8_refined_minus_depth6_reference","maximum continuum-enclosure depth 8 minus 6, with guard depth fixed at 6 and with identical samples, multipliers, B=999, bootstrap grid 0.005, enclosure grid 0.0025, node ceiling 57601, and every remaining inferential setting","ED1_TWO_ROOT_SV_POWER_n2000","diagnostic","TWO_ROOT_SV_POWER",2000,2000,"absolute","K3",0.25,2.5,"depth6_reference","depth8_refined","ED1_007_TWO_ROOT_SV_POWER_n2000_depth6_reference","ED1_008_TWO_ROOT_SV_POWER_n2000_depth8_refined","continuous","derivative_assisted_guard_minimum_ratio",254,254,254,254,0,,,,,,,,,,,,,,,,
"enclosure_depth_v001","depth8_refined_minus_depth6_reference","maximum continuum-enclosure depth 8 minus 6, with guard depth fixed at 6 and with identical samples, multipliers, B=999, bootstrap grid 0.005, enclosure grid 0.0025, node ceiling 57601, and every remaining inferential setting","ED1_TWO_ROOT_SV_POWER_n4000","diagnostic","TWO_ROOT_SV_POWER",4000,4000,"absolute","K3",0.25,2.5,"depth6_reference","depth8_refined","ED1_009_TWO_ROOT_SV_POWER_n4000_depth6_reference","ED1_010_TWO_ROOT_SV_POWER_n4000_depth8_refined","continuous","derivative_assisted_guard_minimum_ratio",254,254,254,254,0,,,,,,,,,,,,,,,,
"enclosure_depth_v001","depth8_refined_minus_depth6_reference","maximum continuum-enclosure depth 8 minus 6, with guard depth fixed at 6 and with identical samples, multipliers, B=999, bootstrap grid 0.005, enclosure grid 0.0025, node ceiling 57601, and every remaining inferential setting","ED1_TWO_ROOT_SV_POWER_n8000","diagnostic","TWO_ROOT_SV_POWER",8000,8000,"absolute","K3",0.25,2.5,"depth6_reference","depth8_refined","ED1_011_TWO_ROOT_SV_POWER_n8000_depth6_reference","ED1_012_TWO_ROOT_SV_POWER_n8000_depth8_refined","continuous","derivative_assisted_guard_minimum_ratio",254,254,254,254,0,,,,,,,,,,,,,,,,
"enclosure_depth_v001","depth8_refined_minus_depth6_reference","maximum continuum-enclosure depth 8 minus 6, with guard depth fixed at 6 and with identical samples, multipliers, B=999, bootstrap grid 0.005, enclosure grid 0.0025, node ceiling 57601, and every remaining inferential setting","ED1_TWO_ROOT_SV_POWER_n2000","diagnostic","TWO_ROOT_SV_POWER",2000,2000,"absolute","K3",0.25,2.5,"depth6_reference","depth8_refined","ED1_007_TWO_ROOT_SV_POWER_n2000_depth6_reference","ED1_008_TWO_ROOT_SV_POWER_n2000_depth8_refined","continuous","derivative_assisted_guard_minimum_ratio_d0",254,254,254,254,0,,,,,,,,,,,,,,,,
"enclosure_depth_v001","depth8_refined_minus_depth6_reference","maximum continuum-enclosure depth 8 minus 6, with guard depth fixed at 6 and with identical samples, multipliers, B=999, bootstrap grid 0.005, enclosure grid 0.0025, node ceiling 57601, and every remaining inferential setting","ED1_TWO_ROOT_SV_POWER_n4000","diagnostic","TWO_ROOT_SV_POWER",4000,4000,"absolute","K3",0.25,2.5,"depth6_reference","depth8_refined","ED1_009_TWO_ROOT_SV_POWER_n4000_depth6_reference","ED1_010_TWO_ROOT_SV_POWER_n4000_depth8_refined","continuous","derivative_assisted_guard_minimum_ratio_d0",254,254,254,254,0,,,,,,,,,,,,,,,,
"enclosure_depth_v001","depth8_refined_minus_depth6_reference","maximum continuum-enclosure depth 8 minus 6, with guard depth fixed at 6 and with identical samples, multipliers, B=999, bootstrap grid 0.005, enclosure grid 0.0025, node ceiling 57601, and every remaining inferential setting","ED1_TWO_ROOT_SV_POWER_n8000","diagnostic","TWO_ROOT_SV_POWER",8000,8000,"absolute","K3",0.25,2.5,"depth6_reference","depth8_refined","ED1_011_TWO_ROOT_SV_POWER_n8000_depth6_reference","ED1_012_TWO_ROOT_SV_POWER_n8000_depth8_refined","continuous","derivative_assisted_guard_minimum_ratio_d0",254,254,254,254,0,,,,,,,,,,,,,,,,
"enclosure_depth_v001","depth8_refined_minus_depth6_reference","maximum continuum-enclosure depth 8 minus 6, with guard depth fixed at 6 and with identical samples, multipliers, B=999, bootstrap grid 0.005, enclosure grid 0.0025, node ceiling 57601, and every remaining inferential setting","ED1_TWO_ROOT_SV_POWER_n2000","diagnostic","TWO_ROOT_SV_POWER",2000,2000,"absolute","K3",0.25,2.5,"depth6_reference","depth8_refined","ED1_007_TWO_ROOT_SV_POWER_n2000_depth6_reference","ED1_008_TWO_ROOT_SV_POWER_n2000_depth8_refined","continuous","derivative_assisted_guard_minimum_ratio_d1",254,254,254,254,0,,,,,,,,,,,,,,,,
"enclosure_depth_v001","depth8_refined_minus_depth6_reference","maximum continuum-enclosure depth 8 minus 6, with guard depth fixed at 6 and with identical samples, multipliers, B=999, bootstrap grid 0.005, enclosure grid 0.0025, node ceiling 57601, and every remaining inferential setting","ED1_TWO_ROOT_SV_POWER_n4000","diagnostic","TWO_ROOT_SV_POWER",4000,4000,"absolute","K3",0.25,2.5,"depth6_reference","depth8_refined","ED1_009_TWO_ROOT_SV_POWER_n4000_depth6_reference","ED1_010_TWO_ROOT_SV_POWER_n4000_depth8_refined","continuous","derivative_assisted_guard_minimum_ratio_d1",254,254,254,254,0,,,,,,,,,,,,,,,,
"enclosure_depth_v001","depth8_refined_minus_depth6_reference","maximum continuum-enclosure depth 8 minus 6, with guard depth fixed at 6 and with identical samples, multipliers, B=999, bootstrap grid 0.005, enclosure grid 0.0025, node ceiling 57601, and every remaining inferential setting","ED1_TWO_ROOT_SV_POWER_n8000","diagnostic","TWO_ROOT_SV_POWER",8000,8000,"absolute","K3",0.25,2.5,"depth6_reference","depth8_refined","ED1_011_TWO_ROOT_SV_POWER_n8000_depth6_reference","ED1_012_TWO_ROOT_SV_POWER_n8000_depth8_refined","continuous","derivative_assisted_guard_minimum_ratio_d1",254,254,254,254,0,,,,,,,,,,,,,,,,
"enclosure_depth_v001","depth8_refined_minus_depth6_reference","maximum continuum-enclosure depth 8 minus 6, with guard depth fixed at 6 and with identical samples, multipliers, B=999, bootstrap grid 0.005, enclosure grid 0.0025, node ceiling 57601, and every remaining inferential setting","ED1_TWO_ROOT_SV_POWER_n2000","diagnostic","TWO_ROOT_SV_POWER",2000,2000,"absolute","K3",0.25,2.5,"depth6_reference","depth8_refined","ED1_007_TWO_ROOT_SV_POWER_n2000_depth6_reference","ED1_008_TWO_ROOT_SV_POWER_n2000_depth8_refined","continuous","derivative_assisted_guard_nodes_used",254,254,254,254,0,,,,,,,,,,,,,,,,
"enclosure_depth_v001","depth8_refined_minus_depth6_reference","maximum continuum-enclosure depth 8 minus 6, with guard depth fixed at 6 and with identical samples, multipliers, B=999, bootstrap grid 0.005, enclosure grid 0.0025, node ceiling 57601, and every remaining inferential setting","ED1_TWO_ROOT_SV_POWER_n4000","diagnostic","TWO_ROOT_SV_POWER",4000,4000,"absolute","K3",0.25,2.5,"depth6_reference","depth8_refined","ED1_009_TWO_ROOT_SV_POWER_n4000_depth6_reference","ED1_010_TWO_ROOT_SV_POWER_n4000_depth8_refined","continuous","derivative_assisted_guard_nodes_used",254,254,254,254,0,,,,,,,,,,,,,,,,
"enclosure_depth_v001","depth8_refined_minus_depth6_reference","maximum continuum-enclosure depth 8 minus 6, with guard depth fixed at 6 and with identical samples, multipliers, B=999, bootstrap grid 0.005, enclosure grid 0.0025, node ceiling 57601, and every remaining inferential setting","ED1_TWO_ROOT_SV_POWER_n8000","diagnostic","TWO_ROOT_SV_POWER",8000,8000,"absolute","K3",0.25,2.5,"depth6_reference","depth8_refined","ED1_011_TWO_ROOT_SV_POWER_n8000_depth6_reference","ED1_012_TWO_ROOT_SV_POWER_n8000_depth8_refined","continuous","derivative_assisted_guard_nodes_used",254,254,254,254,0,,,,,,,,,,,,,,,,
"enclosure_depth_v001","depth8_refined_minus_depth6_reference","maximum continuum-enclosure depth 8 minus 6, with guard depth fixed at 6 and with identical samples, multipliers, B=999, bootstrap grid 0.005, enclosure grid 0.0025, node ceiling 57601, and every remaining inferential setting","ED1_TWO_ROOT_SV_POWER_n2000","diagnostic","TWO_ROOT_SV_POWER",2000,2000,"absolute","K3",0.25,2.5,"depth6_reference","depth8_refined","ED1_007_TWO_ROOT_SV_POWER_n2000_depth6_reference","ED1_008_TWO_ROOT_SV_POWER_n2000_depth8_refined","continuous","derivative_assisted_value_enclosure_nodes_used",254,254,254,254,0,,,,,,,,,,,,,,,,
"enclosure_depth_v001","depth8_refined_minus_depth6_reference","maximum continuum-enclosure depth 8 minus 6, with guard depth fixed at 6 and with identical samples, multipliers, B=999, bootstrap grid 0.005, enclosure grid 0.0025, node ceiling 57601, and every remaining inferential setting","ED1_TWO_ROOT_SV_POWER_n4000","diagnostic","TWO_ROOT_SV_POWER",4000,4000,"absolute","K3",0.25,2.5,"depth6_reference","depth8_refined","ED1_009_TWO_ROOT_SV_POWER_n4000_depth6_reference","ED1_010_TWO_ROOT_SV_POWER_n4000_depth8_refined","continuous","derivative_assisted_value_enclosure_nodes_used",254,254,254,254,0,,,,,,,,,,,,,,,,
"enclosure_depth_v001","depth8_refined_minus_depth6_reference","maximum continuum-enclosure depth 8 minus 6, with guard depth fixed at 6 and with identical samples, multipliers, B=999, bootstrap grid 0.005, enclosure grid 0.0025, node ceiling 57601, and every remaining inferential setting","ED1_TWO_ROOT_SV_POWER_n8000","diagnostic","TWO_ROOT_SV_POWER",8000,8000,"absolute","K3",0.25,2.5,"depth6_reference","depth8_refined","ED1_011_TWO_ROOT_SV_POWER_n8000_depth6_reference","ED1_012_TWO_ROOT_SV_POWER_n8000_depth8_refined","continuous","derivative_assisted_value_enclosure_nodes_used",254,254,254,254,0,,,,,,,,,,,,,,,,
"enclosure_depth_v001","depth8_refined_minus_depth6_reference","maximum continuum-enclosure depth 8 minus 6, with guard depth fixed at 6 and with identical samples, multipliers, B=999, bootstrap grid 0.005, enclosure grid 0.0025, node ceiling 57601, and every remaining inferential setting","ED1_TWO_ROOT_SV_POWER_n2000","diagnostic","TWO_ROOT_SV_POWER",2000,2000,"absolute","K3",0.25,2.5,"depth6_reference","depth8_refined","ED1_007_TWO_ROOT_SV_POWER_n2000_depth6_reference","ED1_008_TWO_ROOT_SV_POWER_n2000_depth8_refined","continuous","derivative_assisted_value_maximum_half_width",254,254,254,254,0,,,,,,,,,,,,,,,,
"enclosure_depth_v001","depth8_refined_minus_depth6_reference","maximum continuum-enclosure depth 8 minus 6, with guard depth fixed at 6 and with identical samples, multipliers, B=999, bootstrap grid 0.005, enclosure grid 0.0025, node ceiling 57601, and every remaining inferential setting","ED1_TWO_ROOT_SV_POWER_n4000","diagnostic","TWO_ROOT_SV_POWER",4000,4000,"absolute","K3",0.25,2.5,"depth6_reference","depth8_refined","ED1_009_TWO_ROOT_SV_POWER_n4000_depth6_reference","ED1_010_TWO_ROOT_SV_POWER_n4000_depth8_refined","continuous","derivative_assisted_value_maximum_half_width",254,254,254,254,0,,,,,,,,,,,,,,,,
"enclosure_depth_v001","depth8_refined_minus_depth6_reference","maximum continuum-enclosure depth 8 minus 6, with guard depth fixed at 6 and with identical samples, multipliers, B=999, bootstrap grid 0.005, enclosure grid 0.0025, node ceiling 57601, and every remaining inferential setting","ED1_TWO_ROOT_SV_POWER_n8000","diagnostic","TWO_ROOT_SV_POWER",8000,8000,"absolute","K3",0.25,2.5,"depth6_reference","depth8_refined","ED1_011_TWO_ROOT_SV_POWER_n8000_depth6_reference","ED1_012_TWO_ROOT_SV_POWER_n8000_depth8_refined","continuous","derivative_assisted_value_maximum_half_width",254,254,254,254,0,,,,,,,,,,,,,,,,
"enclosure_depth_v001","depth8_refined_minus_depth6_reference","maximum continuum-enclosure depth 8 minus 6, with guard depth fixed at 6 and with identical samples, multipliers, B=999, bootstrap grid 0.005, enclosure grid 0.0025, node ceiling 57601, and every remaining inferential setting","ED1_TWO_ROOT_SV_POWER_n2000","diagnostic","TWO_ROOT_SV_POWER",2000,2000,"absolute","K3",0.25,2.5,"depth6_reference","depth8_refined","ED1_007_TWO_ROOT_SV_POWER_n2000_depth6_reference","ED1_008_TWO_ROOT_SV_POWER_n2000_depth8_refined","continuous","derivative_assisted_value_unresolved_cells",254,254,254,254,0,,,,,,,,,,,,,,,,
"enclosure_depth_v001","depth8_refined_minus_depth6_reference","maximum continuum-enclosure depth 8 minus 6, with guard depth fixed at 6 and with identical samples, multipliers, B=999, bootstrap grid 0.005, enclosure grid 0.0025, node ceiling 57601, and every remaining inferential setting","ED1_TWO_ROOT_SV_POWER_n4000","diagnostic","TWO_ROOT_SV_POWER",4000,4000,"absolute","K3",0.25,2.5,"depth6_reference","depth8_refined","ED1_009_TWO_ROOT_SV_POWER_n4000_depth6_reference","ED1_010_TWO_ROOT_SV_POWER_n4000_depth8_refined","continuous","derivative_assisted_value_unresolved_cells",254,254,254,254,0,,,,,,,,,,,,,,,,
"enclosure_depth_v001","depth8_refined_minus_depth6_reference","maximum continuum-enclosure depth 8 minus 6, with guard depth fixed at 6 and with identical samples, multipliers, B=999, bootstrap grid 0.005, enclosure grid 0.0025, node ceiling 57601, and every remaining inferential setting","ED1_TWO_ROOT_SV_POWER_n8000","diagnostic","TWO_ROOT_SV_POWER",8000,8000,"absolute","K3",0.25,2.5,"depth6_reference","depth8_refined","ED1_011_TWO_ROOT_SV_POWER_n8000_depth6_reference","ED1_012_TWO_ROOT_SV_POWER_n8000_depth8_refined","continuous","derivative_assisted_value_unresolved_cells",254,254,254,254,0,,,,,,,,,,,,,,,,
"enclosure_depth_v001","depth8_refined_minus_depth6_reference","maximum continuum-enclosure depth 8 minus 6, with guard depth fixed at 6 and with identical samples, multipliers, B=999, bootstrap grid 0.005, enclosure grid 0.0025, node ceiling 57601, and every remaining inferential setting","ED1_TWO_ROOT_SV_POWER_n2000","diagnostic","TWO_ROOT_SV_POWER",2000,2000,"absolute","K3",0.25,2.5,"depth6_reference","depth8_refined","ED1_007_TWO_ROOT_SV_POWER_n2000_depth6_reference","ED1_008_TWO_ROOT_SV_POWER_n2000_depth8_refined","continuous","derivative_assisted_value_variance_unresolved_cells",254,254,254,254,0,,,,,,,,,,,,,,,,
"enclosure_depth_v001","depth8_refined_minus_depth6_reference","maximum continuum-enclosure depth 8 minus 6, with guard depth fixed at 6 and with identical samples, multipliers, B=999, bootstrap grid 0.005, enclosure grid 0.0025, node ceiling 57601, and every remaining inferential setting","ED1_TWO_ROOT_SV_POWER_n4000","diagnostic","TWO_ROOT_SV_POWER",4000,4000,"absolute","K3",0.25,2.5,"depth6_reference","depth8_refined","ED1_009_TWO_ROOT_SV_POWER_n4000_depth6_reference","ED1_010_TWO_ROOT_SV_POWER_n4000_depth8_refined","continuous","derivative_assisted_value_variance_unresolved_cells",254,254,254,254,0,,,,,,,,,,,,,,,,
"enclosure_depth_v001","depth8_refined_minus_depth6_reference","maximum continuum-enclosure depth 8 minus 6, with guard depth fixed at 6 and with identical samples, multipliers, B=999, bootstrap grid 0.005, enclosure grid 0.0025, node ceiling 57601, and every remaining inferential setting","ED1_TWO_ROOT_SV_POWER_n8000","diagnostic","TWO_ROOT_SV_POWER",8000,8000,"absolute","K3",0.25,2.5,"depth6_reference","depth8_refined","ED1_011_TWO_ROOT_SV_POWER_n8000_depth6_reference","ED1_012_TWO_ROOT_SV_POWER_n8000_depth8_refined","continuous","derivative_assisted_value_variance_unresolved_cells",254,254,254,254,0,,,,,,,,,,,,,,,,
"enclosure_depth_v001","depth8_refined_minus_depth6_reference","maximum continuum-enclosure depth 8 minus 6, with guard depth fixed at 6 and with identical samples, multipliers, B=999, bootstrap grid 0.005, enclosure grid 0.0025, node ceiling 57601, and every remaining inferential setting","ED1_TWO_ROOT_SV_POWER_n2000","diagnostic","TWO_ROOT_SV_POWER",2000,2000,"absolute","K3",0.25,2.5,"depth6_reference","depth8_refined","ED1_007_TWO_ROOT_SV_POWER_n2000_depth6_reference","ED1_008_TWO_ROOT_SV_POWER_n2000_depth8_refined","continuous","derivative_assisted_value_width_inflation",254,254,254,254,0,,,,,,,,,,,,,,,,
"enclosure_depth_v001","depth8_refined_minus_depth6_reference","maximum continuum-enclosure depth 8 minus 6, with guard depth fixed at 6 and with identical samples, multipliers, B=999, bootstrap grid 0.005, enclosure grid 0.0025, node ceiling 57601, and every remaining inferential setting","ED1_TWO_ROOT_SV_POWER_n4000","diagnostic","TWO_ROOT_SV_POWER",4000,4000,"absolute","K3",0.25,2.5,"depth6_reference","depth8_refined","ED1_009_TWO_ROOT_SV_POWER_n4000_depth6_reference","ED1_010_TWO_ROOT_SV_POWER_n4000_depth8_refined","continuous","derivative_assisted_value_width_inflation",254,254,254,254,0,,,,,,,,,,,,,,,,
"enclosure_depth_v001","depth8_refined_minus_depth6_reference","maximum continuum-enclosure depth 8 minus 6, with guard depth fixed at 6 and with identical samples, multipliers, B=999, bootstrap grid 0.005, enclosure grid 0.0025, node ceiling 57601, and every remaining inferential setting","ED1_TWO_ROOT_SV_POWER_n8000","diagnostic","TWO_ROOT_SV_POWER",8000,8000,"absolute","K3",0.25,2.5,"depth6_reference","depth8_refined","ED1_011_TWO_ROOT_SV_POWER_n8000_depth6_reference","ED1_012_TWO_ROOT_SV_POWER_n8000_depth8_refined","continuous","derivative_assisted_value_width_inflation",254,254,254,254,0,,,,,,,,,,,,,,,,
"enclosure_depth_v001","depth8_refined_minus_depth6_reference","maximum continuum-enclosure depth 8 minus 6, with guard depth fixed at 6 and with identical samples, multipliers, B=999, bootstrap grid 0.005, enclosure grid 0.0025, node ceiling 57601, and every remaining inferential setting","ED1_TWO_ROOT_SV_POWER_n2000","diagnostic","TWO_ROOT_SV_POWER",2000,2000,"absolute","K3",0.25,2.5,"depth6_reference","depth8_refined","ED1_007_TWO_ROOT_SV_POWER_n2000_depth6_reference","ED1_008_TWO_ROOT_SV_POWER_n2000_depth8_refined","continuous","derivative_hat",254,254,254,254,0,,,,,,,,,,,,,,,,
"enclosure_depth_v001","depth8_refined_minus_depth6_reference","maximum continuum-enclosure depth 8 minus 6, with guard depth fixed at 6 and with identical samples, multipliers, B=999, bootstrap grid 0.005, enclosure grid 0.0025, node ceiling 57601, and every remaining inferential setting","ED1_TWO_ROOT_SV_POWER_n4000","diagnostic","TWO_ROOT_SV_POWER",4000,4000,"absolute","K3",0.25,2.5,"depth6_reference","depth8_refined","ED1_009_TWO_ROOT_SV_POWER_n4000_depth6_reference","ED1_010_TWO_ROOT_SV_POWER_n4000_depth8_refined","continuous","derivative_hat",254,254,254,254,0,,,,,,,,,,,,,,,,
"enclosure_depth_v001","depth8_refined_minus_depth6_reference","maximum continuum-enclosure depth 8 minus 6, with guard depth fixed at 6 and with identical samples, multipliers, B=999, bootstrap grid 0.005, enclosure grid 0.0025, node ceiling 57601, and every remaining inferential setting","ED1_TWO_ROOT_SV_POWER_n8000","diagnostic","TWO_ROOT_SV_POWER",8000,8000,"absolute","K3",0.25,2.5,"depth6_reference","depth8_refined","ED1_011_TWO_ROOT_SV_POWER_n8000_depth6_reference","ED1_012_TWO_ROOT_SV_POWER_n8000_depth8_refined","continuous","derivative_hat",254,254,254,254,0,,,,,,,,,,,,,,,,
"enclosure_depth_v001","depth8_refined_minus_depth6_reference","maximum continuum-enclosure depth 8 minus 6, with guard depth fixed at 6 and with identical samples, multipliers, B=999, bootstrap grid 0.005, enclosure grid 0.0025, node ceiling 57601, and every remaining inferential setting","ED1_TWO_ROOT_SV_POWER_n2000","diagnostic","TWO_ROOT_SV_POWER",2000,2000,"absolute","K3",0.25,2.5,"depth6_reference","depth8_refined","ED1_007_TWO_ROOT_SV_POWER_n2000_depth6_reference","ED1_008_TWO_ROOT_SV_POWER_n2000_depth8_refined","continuous","elapsed_seconds",254,254,254,254,254,,,,,,,,,11.3564527559055,11.4139488188976,0.0574960629921263,0.512909315949321,0.0321827927801844,-0.79535,0.0389999999999997,0.881799999999987
"enclosure_depth_v001","depth8_refined_minus_depth6_reference","maximum continuum-enclosure depth 8 minus 6, with guard depth fixed at 6 and with identical samples, multipliers, B=999, bootstrap grid 0.005, enclosure grid 0.0025, node ceiling 57601, and every remaining inferential setting","ED1_TWO_ROOT_SV_POWER_n4000","diagnostic","TWO_ROOT_SV_POWER",4000,4000,"absolute","K3",0.25,2.5,"depth6_reference","depth8_refined","ED1_009_TWO_ROOT_SV_POWER_n4000_depth6_reference","ED1_010_TWO_ROOT_SV_POWER_n4000_depth8_refined","continuous","elapsed_seconds",254,254,254,254,254,,,,,,,,,16.1574251968504,16.2027637795276,0.0453385826771654,0.453849084639401,0.0284770242813632,-0.668000000000001,0.0199999999999987,0.774949999999999
"enclosure_depth_v001","depth8_refined_minus_depth6_reference","maximum continuum-enclosure depth 8 minus 6, with guard depth fixed at 6 and with identical samples, multipliers, B=999, bootstrap grid 0.005, enclosure grid 0.0025, node ceiling 57601, and every remaining inferential setting","ED1_TWO_ROOT_SV_POWER_n8000","diagnostic","TWO_ROOT_SV_POWER",8000,8000,"absolute","K3",0.25,2.5,"depth6_reference","depth8_refined","ED1_011_TWO_ROOT_SV_POWER_n8000_depth6_reference","ED1_012_TWO_ROOT_SV_POWER_n8000_depth8_refined","continuous","elapsed_seconds",254,254,254,254,254,,,,,,,,,26.7375433070866,26.7822559055118,0.0447125984251974,0.743689371647014,0.0466632213459468,-1.17985000000001,0.0414999999999957,1.40805
"enclosure_depth_v001","depth8_refined_minus_depth6_reference","maximum continuum-enclosure depth 8 minus 6, with guard depth fixed at 6 and with identical samples, multipliers, B=999, bootstrap grid 0.005, enclosure grid 0.0025, node ceiling 57601, and every remaining inferential setting","ED1_TWO_ROOT_SV_POWER_n2000","diagnostic","TWO_ROOT_SV_POWER",2000,2000,"absolute","K3",0.25,2.5,"depth6_reference","depth8_refined","ED1_007_TWO_ROOT_SV_POWER_n2000_depth6_reference","ED1_008_TWO_ROOT_SV_POWER_n2000_depth8_refined","continuous","empirical_root_count",254,254,254,254,254,,,,,,,,,1.90944881889764,1.90944881889764,0,0,0,0,0,0
"enclosure_depth_v001","depth8_refined_minus_depth6_reference","maximum continuum-enclosure depth 8 minus 6, with guard depth fixed at 6 and with identical samples, multipliers, B=999, bootstrap grid 0.005, enclosure grid 0.0025, node ceiling 57601, and every remaining inferential setting","ED1_TWO_ROOT_SV_POWER_n4000","diagnostic","TWO_ROOT_SV_POWER",4000,4000,"absolute","K3",0.25,2.5,"depth6_reference","depth8_refined","ED1_009_TWO_ROOT_SV_POWER_n4000_depth6_reference","ED1_010_TWO_ROOT_SV_POWER_n4000_depth8_refined","continuous","empirical_root_count",254,254,254,254,254,,,,,,,,,1.98425196850394,1.98425196850394,0,0,0,0,0,0
"enclosure_depth_v001","depth8_refined_minus_depth6_reference","maximum continuum-enclosure depth 8 minus 6, with guard depth fixed at 6 and with identical samples, multipliers, B=999, bootstrap grid 0.005, enclosure grid 0.0025, node ceiling 57601, and every remaining inferential setting","ED1_TWO_ROOT_SV_POWER_n8000","diagnostic","TWO_ROOT_SV_POWER",8000,8000,"absolute","K3",0.25,2.5,"depth6_reference","depth8_refined","ED1_011_TWO_ROOT_SV_POWER_n8000_depth6_reference","ED1_012_TWO_ROOT_SV_POWER_n8000_depth8_refined","continuous","empirical_root_count",254,254,254,254,254,,,,,,,,,1.99606299212598,1.99606299212598,0,0,0,0,0,0
"enclosure_depth_v001","depth8_refined_minus_depth6_reference","maximum continuum-enclosure depth 8 minus 6, with guard depth fixed at 6 and with identical samples, multipliers, B=999, bootstrap grid 0.005, enclosure grid 0.0025, node ceiling 57601, and every remaining inferential setting","ED1_TWO_ROOT_SV_POWER_n2000","diagnostic","TWO_ROOT_SV_POWER",2000,2000,"absolute","K3",0.25,2.5,"depth6_reference","depth8_refined","ED1_007_TWO_ROOT_SV_POWER_n2000_depth6_reference","ED1_008_TWO_ROOT_SV_POWER_n2000_depth8_refined","continuous","enclosure_depth_limit_cells",254,254,254,254,254,,,,,,,,,6.09448818897638,1.17322834645669,-4.92125984251969,12.5755307287637,0.789058975845609,-20,0,0
"enclosure_depth_v001","depth8_refined_minus_depth6_reference","maximum continuum-enclosure depth 8 minus 6, with guard depth fixed at 6 and with identical samples, multipliers, B=999, bootstrap grid 0.005, enclosure grid 0.0025, node ceiling 57601, and every remaining inferential setting","ED1_TWO_ROOT_SV_POWER_n4000","diagnostic","TWO_ROOT_SV_POWER",4000,4000,"absolute","K3",0.25,2.5,"depth6_reference","depth8_refined","ED1_009_TWO_ROOT_SV_POWER_n4000_depth6_reference","ED1_010_TWO_ROOT_SV_POWER_n4000_depth8_refined","continuous","enclosure_depth_limit_cells",254,254,254,254,254,,,,,,,,,11.2795275590551,3.24409448818898,-8.03543307086614,18.7604707103569,1.17713662543378,-31,-4,0
"enclosure_depth_v001","depth8_refined_minus_depth6_reference","maximum continuum-enclosure depth 8 minus 6, with guard depth fixed at 6 and with identical samples, multipliers, B=999, bootstrap grid 0.005, enclosure grid 0.0025, node ceiling 57601, and every remaining inferential setting","ED1_TWO_ROOT_SV_POWER_n8000","diagnostic","TWO_ROOT_SV_POWER",8000,8000,"absolute","K3",0.25,2.5,"depth6_reference","depth8_refined","ED1_011_TWO_ROOT_SV_POWER_n8000_depth6_reference","ED1_012_TWO_ROOT_SV_POWER_n8000_depth8_refined","continuous","enclosure_depth_limit_cells",254,254,254,254,254,,,,,,,,,6.87795275590551,1.75984251968504,-5.11811023622047,7.18817009398448,0.451025905379107,-17,-3,0
"enclosure_depth_v001","depth8_refined_minus_depth6_reference","maximum continuum-enclosure depth 8 minus 6, with guard depth fixed at 6 and with identical samples, multipliers, B=999, bootstrap grid 0.005, enclosure grid 0.0025, node ceiling 57601, and every remaining inferential setting","ED1_TWO_ROOT_SV_POWER_n2000","diagnostic","TWO_ROOT_SV_POWER",2000,2000,"absolute","K3",0.25,2.5,"depth6_reference","depth8_refined","ED1_007_TWO_ROOT_SV_POWER_n2000_depth6_reference","ED1_008_TWO_ROOT_SV_POWER_n2000_depth8_refined","continuous","enclosure_depth_limit_maximum_cell_width",254,254,254,254,254,,,,,,,,,1.73781988189507e-05,9.99630905522922e-07,-1.63785679134278e-05,1.85363697808652e-05,1.16307528251914e-06,-3.90625000001865e-05,0,0
"enclosure_depth_v001","depth8_refined_minus_depth6_reference","maximum continuum-enclosure depth 8 minus 6, with guard depth fixed at 6 and with identical samples, multipliers, B=999, bootstrap grid 0.005, enclosure grid 0.0025, node ceiling 57601, and every remaining inferential setting","ED1_TWO_ROOT_SV_POWER_n4000","diagnostic","TWO_ROOT_SV_POWER",4000,4000,"absolute","K3",0.25,2.5,"depth6_reference","depth8_refined","ED1_009_TWO_ROOT_SV_POWER_n4000_depth6_reference","ED1_010_TWO_ROOT_SV_POWER_n4000_depth8_refined","continuous","enclosure_depth_limit_maximum_cell_width",254,254,254,254,254,,,,,,,,,2.39911417323635e-05,2.38373523624234e-06,-2.16074064961211e-05,1.75652504721647e-05,1.10214183774655e-06,-3.90625000001865e-05,-2.92968750000844e-05,0
"enclosure_depth_v001","depth8_refined_minus_depth6_reference","maximum continuum-enclosure depth 8 minus 6, with guard depth fixed at 6 and with identical samples, multipliers, B=999, bootstrap grid 0.005, enclosure grid 0.0025, node ceiling 57601, and every remaining inferential setting","ED1_TWO_ROOT_SV_POWER_n8000","diagnostic","TWO_ROOT_SV_POWER",8000,8000,"absolute","K3",0.25,2.5,"depth6_reference","depth8_refined","ED1_011_TWO_ROOT_SV_POWER_n8000_depth6_reference","ED1_012_TWO_ROOT_SV_POWER_n8000_depth8_refined","continuous","enclosure_depth_limit_maximum_cell_width",254,254,254,254,254,,,,,,,,,2.39911417323574e-05,1.96081446851745e-06,-2.20303272638399e-05,1.7861540944754e-05,1.12073275544988e-06,-3.90625000001865e-05,-2.92968750000844e-05,0
"enclosure_depth_v001","depth8_refined_minus_depth6_reference","maximum continuum-enclosure depth 8 minus 6, with guard depth fixed at 6 and with identical samples, multipliers, B=999, bootstrap grid 0.005, enclosure grid 0.0025, node ceiling 57601, and every remaining inferential setting","ED1_TWO_ROOT_SV_POWER_n2000","diagnostic","TWO_ROOT_SV_POWER",2000,2000,"absolute","K3",0.25,2.5,"depth6_reference","depth8_refined","ED1_007_TWO_ROOT_SV_POWER_n2000_depth6_reference","ED1_008_TWO_ROOT_SV_POWER_n2000_depth8_refined","continuous","enclosure_depth_limit_total_width",254,254,254,254,254,,,,,,,,,0.000238065944881879,1.14573080708653e-05,-0.000226608636811014,0.000575837584666388,3.61312635315661e-05,-0.00092138671875005,0,0
"enclosure_depth_v001","depth8_refined_minus_depth6_reference","maximum continuum-enclosure depth 8 minus 6, with guard depth fixed at 6 and with identical samples, multipliers, B=999, bootstrap grid 0.005, enclosure grid 0.0025, node ceiling 57601, and every remaining inferential setting","ED1_TWO_ROOT_SV_POWER_n4000","diagnostic","TWO_ROOT_SV_POWER",4000,4000,"absolute","K3",0.25,2.5,"depth6_reference","depth8_refined","ED1_009_TWO_ROOT_SV_POWER_n4000_depth6_reference","ED1_010_TWO_ROOT_SV_POWER_n4000_depth8_refined","continuous","enclosure_depth_limit_total_width",254,254,254,254,254,,,,,,,,,0.000440606545275569,3.16806102362231e-05,-0.000408925935039346,0.00101503952627532,6.36892443206135e-05,-0.00139111328124974,-0.000195312499999878,0
"enclosure_depth_v001","depth8_refined_minus_depth6_reference","maximum continuum-enclosure depth 8 minus 6, with guard depth fixed at 6 and with identical samples, multipliers, B=999, bootstrap grid 0.005, enclosure grid 0.0025, node ceiling 57601, and every remaining inferential setting","ED1_TWO_ROOT_SV_POWER_n8000","diagnostic","TWO_ROOT_SV_POWER",8000,8000,"absolute","K3",0.25,2.5,"depth6_reference","depth8_refined","ED1_011_TWO_ROOT_SV_POWER_n8000_depth6_reference","ED1_012_TWO_ROOT_SV_POWER_n8000_depth8_refined","continuous","enclosure_depth_limit_total_width",254,254,254,254,254,,,,,,,,,0.000268670029527549,1.71859621063011e-05,-0.000251484067421247,0.000353398343627616,2.21741842235357e-05,-0.000791503906250057,-0.000175781249999951,0
"enclosure_depth_v001","depth8_refined_minus_depth6_reference","maximum continuum-enclosure depth 8 minus 6, with guard depth fixed at 6 and with identical samples, multipliers, B=999, bootstrap grid 0.005, enclosure grid 0.0025, node ceiling 57601, and every remaining inferential setting","ED1_TWO_ROOT_SV_POWER_n2000","diagnostic","TWO_ROOT_SV_POWER",2000,2000,"absolute","K3",0.25,2.5,"depth6_reference","depth8_refined","ED1_007_TWO_ROOT_SV_POWER_n2000_depth6_reference","ED1_008_TWO_ROOT_SV_POWER_n2000_depth8_refined","continuous","enclosure_depth_limit_width_proportion",254,254,254,254,254,,,,,,,,,0.000105807086614168,5.09213692038459e-06,-0.000100714949693784,0.000255927815407283,1.60583393473627e-05,-0.000409505208333356,0,0
"enclosure_depth_v001","depth8_refined_minus_depth6_reference","maximum continuum-enclosure depth 8 minus 6, with guard depth fixed at 6 and with identical samples, multipliers, B=999, bootstrap grid 0.005, enclosure grid 0.0025, node ceiling 57601, and every remaining inferential setting","ED1_TWO_ROOT_SV_POWER_n4000","diagnostic","TWO_ROOT_SV_POWER",4000,4000,"absolute","K3",0.25,2.5,"depth6_reference","depth8_refined","ED1_009_TWO_ROOT_SV_POWER_n4000_depth6_reference","ED1_010_TWO_ROOT_SV_POWER_n4000_depth8_refined","continuous","enclosure_depth_limit_width_proportion",254,254,254,254,254,,,,,,,,,0.000195825131233586,1.40802712160992e-05,-0.000181744860017487,0.000451128678344586,2.83063308091615e-05,-0.000618272569444329,-8.68055555555013e-05,0
"enclosure_depth_v001","depth8_refined_minus_depth6_reference","maximum continuum-enclosure depth 8 minus 6, with guard depth fixed at 6 and with identical samples, multipliers, B=999, bootstrap grid 0.005, enclosure grid 0.0025, node ceiling 57601, and every remaining inferential setting","ED1_TWO_ROOT_SV_POWER_n8000","diagnostic","TWO_ROOT_SV_POWER",8000,8000,"absolute","K3",0.25,2.5,"depth6_reference","depth8_refined","ED1_011_TWO_ROOT_SV_POWER_n8000_depth6_reference","ED1_012_TWO_ROOT_SV_POWER_n8000_depth8_refined","continuous","enclosure_depth_limit_width_proportion",254,254,254,254,254,,,,,,,,,0.000119408902012244,7.63820538057825e-06,-0.000111770696631666,0.000157065930501163,9.85519298823811e-06,-0.000351779513888914,-7.81249999999783e-05,0
"enclosure_depth_v001","depth8_refined_minus_depth6_reference","maximum continuum-enclosure depth 8 minus 6, with guard depth fixed at 6 and with identical samples, multipliers, B=999, bootstrap grid 0.005, enclosure grid 0.0025, node ceiling 57601, and every remaining inferential setting","ED1_TWO_ROOT_SV_POWER_n2000","diagnostic","TWO_ROOT_SV_POWER",2000,2000,"absolute","K3",0.25,2.5,"depth6_reference","depth8_refined","ED1_007_TWO_ROOT_SV_POWER_n2000_depth6_reference","ED1_008_TWO_ROOT_SV_POWER_n2000_depth8_refined","continuous","enclosure_grid_size",254,254,254,254,254,,,,,,,,,901,901,0,0,0,0,0,0
"enclosure_depth_v001","depth8_refined_minus_depth6_reference","maximum continuum-enclosure depth 8 minus 6, with guard depth fixed at 6 and with identical samples, multipliers, B=999, bootstrap grid 0.005, enclosure grid 0.0025, node ceiling 57601, and every remaining inferential setting","ED1_TWO_ROOT_SV_POWER_n4000","diagnostic","TWO_ROOT_SV_POWER",4000,4000,"absolute","K3",0.25,2.5,"depth6_reference","depth8_refined","ED1_009_TWO_ROOT_SV_POWER_n4000_depth6_reference","ED1_010_TWO_ROOT_SV_POWER_n4000_depth8_refined","continuous","enclosure_grid_size",254,254,254,254,254,,,,,,,,,901,901,0,0,0,0,0,0
"enclosure_depth_v001","depth8_refined_minus_depth6_reference","maximum continuum-enclosure depth 8 minus 6, with guard depth fixed at 6 and with identical samples, multipliers, B=999, bootstrap grid 0.005, enclosure grid 0.0025, node ceiling 57601, and every remaining inferential setting","ED1_TWO_ROOT_SV_POWER_n8000","diagnostic","TWO_ROOT_SV_POWER",8000,8000,"absolute","K3",0.25,2.5,"depth6_reference","depth8_refined","ED1_011_TWO_ROOT_SV_POWER_n8000_depth6_reference","ED1_012_TWO_ROOT_SV_POWER_n8000_depth8_refined","continuous","enclosure_grid_size",254,254,254,254,254,,,,,,,,,901,901,0,0,0,0,0,0
"enclosure_depth_v001","depth8_refined_minus_depth6_reference","maximum continuum-enclosure depth 8 minus 6, with guard depth fixed at 6 and with identical samples, multipliers, B=999, bootstrap grid 0.005, enclosure grid 0.0025, node ceiling 57601, and every remaining inferential setting","ED1_TWO_ROOT_SV_POWER_n2000","diagnostic","TWO_ROOT_SV_POWER",2000,2000,"absolute","K3",0.25,2.5,"depth6_reference","depth8_refined","ED1_007_TWO_ROOT_SV_POWER_n2000_depth6_reference","ED1_008_TWO_ROOT_SV_POWER_n2000_depth8_refined","continuous","enclosure_grid_spacing",254,254,254,254,254,,,,,,,,,0.00250000000000039,0.00250000000000039,0,0,0,0,0,0
"enclosure_depth_v001","depth8_refined_minus_depth6_reference","maximum continuum-enclosure depth 8 minus 6, with guard depth fixed at 6 and with identical samples, multipliers, B=999, bootstrap grid 0.005, enclosure grid 0.0025, node ceiling 57601, and every remaining inferential setting","ED1_TWO_ROOT_SV_POWER_n4000","diagnostic","TWO_ROOT_SV_POWER",4000,4000,"absolute","K3",0.25,2.5,"depth6_reference","depth8_refined","ED1_009_TWO_ROOT_SV_POWER_n4000_depth6_reference","ED1_010_TWO_ROOT_SV_POWER_n4000_depth8_refined","continuous","enclosure_grid_spacing",254,254,254,254,254,,,,,,,,,0.00250000000000039,0.00250000000000039,0,0,0,0,0,0
"enclosure_depth_v001","depth8_refined_minus_depth6_reference","maximum continuum-enclosure depth 8 minus 6, with guard depth fixed at 6 and with identical samples, multipliers, B=999, bootstrap grid 0.005, enclosure grid 0.0025, node ceiling 57601, and every remaining inferential setting","ED1_TWO_ROOT_SV_POWER_n8000","diagnostic","TWO_ROOT_SV_POWER",8000,8000,"absolute","K3",0.25,2.5,"depth6_reference","depth8_refined","ED1_011_TWO_ROOT_SV_POWER_n8000_depth6_reference","ED1_012_TWO_ROOT_SV_POWER_n8000_depth8_refined","continuous","enclosure_grid_spacing",254,254,254,254,254,,,,,,,,,0.00250000000000039,0.00250000000000039,0,0,0,0,0,0
"enclosure_depth_v001","depth8_refined_minus_depth6_reference","maximum continuum-enclosure depth 8 minus 6, with guard depth fixed at 6 and with identical samples, multipliers, B=999, bootstrap grid 0.005, enclosure grid 0.0025, node ceiling 57601, and every remaining inferential setting","ED1_TWO_ROOT_SV_POWER_n2000","diagnostic","TWO_ROOT_SV_POWER",2000,2000,"absolute","K3",0.25,2.5,"depth6_reference","depth8_refined","ED1_007_TWO_ROOT_SV_POWER_n2000_depth6_reference","ED1_008_TWO_ROOT_SV_POWER_n2000_depth8_refined","continuous","enclosure_limit_hit_cells",254,254,254,254,254,,,,,,,,,6.09448818897638,1.17322834645669,-4.92125984251969,12.5755307287637,0.789058975845609,-20,0,0
"enclosure_depth_v001","depth8_refined_minus_depth6_reference","maximum continuum-enclosure depth 8 minus 6, with guard depth fixed at 6 and with identical samples, multipliers, B=999, bootstrap grid 0.005, enclosure grid 0.0025, node ceiling 57601, and every remaining inferential setting","ED1_TWO_ROOT_SV_POWER_n4000","diagnostic","TWO_ROOT_SV_POWER",4000,4000,"absolute","K3",0.25,2.5,"depth6_reference","depth8_refined","ED1_009_TWO_ROOT_SV_POWER_n4000_depth6_reference","ED1_010_TWO_ROOT_SV_POWER_n4000_depth8_refined","continuous","enclosure_limit_hit_cells",254,254,254,254,254,,,,,,,,,11.2795275590551,3.24409448818898,-8.03543307086614,18.7604707103569,1.17713662543378,-31,-4,0
"enclosure_depth_v001","depth8_refined_minus_depth6_reference","maximum continuum-enclosure depth 8 minus 6, with guard depth fixed at 6 and with identical samples, multipliers, B=999, bootstrap grid 0.005, enclosure grid 0.0025, node ceiling 57601, and every remaining inferential setting","ED1_TWO_ROOT_SV_POWER_n8000","diagnostic","TWO_ROOT_SV_POWER",8000,8000,"absolute","K3",0.25,2.5,"depth6_reference","depth8_refined","ED1_011_TWO_ROOT_SV_POWER_n8000_depth6_reference","ED1_012_TWO_ROOT_SV_POWER_n8000_depth8_refined","continuous","enclosure_limit_hit_cells",254,254,254,254,254,,,,,,,,,6.87795275590551,1.75984251968504,-5.11811023622047,7.18817009398448,0.451025905379107,-17,-3,0
"enclosure_depth_v001","depth8_refined_minus_depth6_reference","maximum continuum-enclosure depth 8 minus 6, with guard depth fixed at 6 and with identical samples, multipliers, B=999, bootstrap grid 0.005, enclosure grid 0.0025, node ceiling 57601, and every remaining inferential setting","ED1_TWO_ROOT_SV_POWER_n2000","diagnostic","TWO_ROOT_SV_POWER",2000,2000,"absolute","K3",0.25,2.5,"depth6_reference","depth8_refined","ED1_007_TWO_ROOT_SV_POWER_n2000_depth6_reference","ED1_008_TWO_ROOT_SV_POWER_n2000_depth8_refined","continuous","enclosure_limit_hit_maximum_cell_width",254,254,254,254,254,,,,,,,,,1.73781988189507e-05,9.99630905522922e-07,-1.63785679134278e-05,1.85363697808652e-05,1.16307528251914e-06,-3.90625000001865e-05,0,0
"enclosure_depth_v001","depth8_refined_minus_depth6_reference","maximum continuum-enclosure depth 8 minus 6, with guard depth fixed at 6 and with identical samples, multipliers, B=999, bootstrap grid 0.005, enclosure grid 0.0025, node ceiling 57601, and every remaining inferential setting","ED1_TWO_ROOT_SV_POWER_n4000","diagnostic","TWO_ROOT_SV_POWER",4000,4000,"absolute","K3",0.25,2.5,"depth6_reference","depth8_refined","ED1_009_TWO_ROOT_SV_POWER_n4000_depth6_reference","ED1_010_TWO_ROOT_SV_POWER_n4000_depth8_refined","continuous","enclosure_limit_hit_maximum_cell_width",254,254,254,254,254,,,,,,,,,2.39911417323635e-05,2.38373523624234e-06,-2.16074064961211e-05,1.75652504721647e-05,1.10214183774655e-06,-3.90625000001865e-05,-2.92968750000844e-05,0
"enclosure_depth_v001","depth8_refined_minus_depth6_reference","maximum continuum-enclosure depth 8 minus 6, with guard depth fixed at 6 and with identical samples, multipliers, B=999, bootstrap grid 0.005, enclosure grid 0.0025, node ceiling 57601, and every remaining inferential setting","ED1_TWO_ROOT_SV_POWER_n8000","diagnostic","TWO_ROOT_SV_POWER",8000,8000,"absolute","K3",0.25,2.5,"depth6_reference","depth8_refined","ED1_011_TWO_ROOT_SV_POWER_n8000_depth6_reference","ED1_012_TWO_ROOT_SV_POWER_n8000_depth8_refined","continuous","enclosure_limit_hit_maximum_cell_width",254,254,254,254,254,,,,,,,,,2.39911417323574e-05,1.96081446851745e-06,-2.20303272638399e-05,1.7861540944754e-05,1.12073275544988e-06,-3.90625000001865e-05,-2.92968750000844e-05,0
"enclosure_depth_v001","depth8_refined_minus_depth6_reference","maximum continuum-enclosure depth 8 minus 6, with guard depth fixed at 6 and with identical samples, multipliers, B=999, bootstrap grid 0.005, enclosure grid 0.0025, node ceiling 57601, and every remaining inferential setting","ED1_TWO_ROOT_SV_POWER_n2000","diagnostic","TWO_ROOT_SV_POWER",2000,2000,"absolute","K3",0.25,2.5,"depth6_reference","depth8_refined","ED1_007_TWO_ROOT_SV_POWER_n2000_depth6_reference","ED1_008_TWO_ROOT_SV_POWER_n2000_depth8_refined","continuous","enclosure_limit_hit_total_width",254,254,254,254,254,,,,,,,,,0.000238065944881879,1.14573080708653e-05,-0.000226608636811014,0.000575837584666388,3.61312635315661e-05,-0.00092138671875005,0,0
"enclosure_depth_v001","depth8_refined_minus_depth6_reference","maximum continuum-enclosure depth 8 minus 6, with guard depth fixed at 6 and with identical samples, multipliers, B=999, bootstrap grid 0.005, enclosure grid 0.0025, node ceiling 57601, and every remaining inferential setting","ED1_TWO_ROOT_SV_POWER_n4000","diagnostic","TWO_ROOT_SV_POWER",4000,4000,"absolute","K3",0.25,2.5,"depth6_reference","depth8_refined","ED1_009_TWO_ROOT_SV_POWER_n4000_depth6_reference","ED1_010_TWO_ROOT_SV_POWER_n4000_depth8_refined","continuous","enclosure_limit_hit_total_width",254,254,254,254,254,,,,,,,,,0.000440606545275569,3.16806102362231e-05,-0.000408925935039346,0.00101503952627532,6.36892443206135e-05,-0.00139111328124974,-0.000195312499999878,0
"enclosure_depth_v001","depth8_refined_minus_depth6_reference","maximum continuum-enclosure depth 8 minus 6, with guard depth fixed at 6 and with identical samples, multipliers, B=999, bootstrap grid 0.005, enclosure grid 0.0025, node ceiling 57601, and every remaining inferential setting","ED1_TWO_ROOT_SV_POWER_n8000","diagnostic","TWO_ROOT_SV_POWER",8000,8000,"absolute","K3",0.25,2.5,"depth6_reference","depth8_refined","ED1_011_TWO_ROOT_SV_POWER_n8000_depth6_reference","ED1_012_TWO_ROOT_SV_POWER_n8000_depth8_refined","continuous","enclosure_limit_hit_total_width",254,254,254,254,254,,,,,,,,,0.000268670029527549,1.71859621063011e-05,-0.000251484067421247,0.000353398343627616,2.21741842235357e-05,-0.000791503906250057,-0.000175781249999951,0
"enclosure_depth_v001","depth8_refined_minus_depth6_reference","maximum continuum-enclosure depth 8 minus 6, with guard depth fixed at 6 and with identical samples, multipliers, B=999, bootstrap grid 0.005, enclosure grid 0.0025, node ceiling 57601, and every remaining inferential setting","ED1_TWO_ROOT_SV_POWER_n2000","diagnostic","TWO_ROOT_SV_POWER",2000,2000,"absolute","K3",0.25,2.5,"depth6_reference","depth8_refined","ED1_007_TWO_ROOT_SV_POWER_n2000_depth6_reference","ED1_008_TWO_ROOT_SV_POWER_n2000_depth8_refined","continuous","enclosure_limit_hit_width_proportion",254,254,254,254,254,,,,,,,,,0.000105807086614168,5.09213692038459e-06,-0.000100714949693784,0.000255927815407283,1.60583393473627e-05,-0.000409505208333356,0,0
"enclosure_depth_v001","depth8_refined_minus_depth6_reference","maximum continuum-enclosure depth 8 minus 6, with guard depth fixed at 6 and with identical samples, multipliers, B=999, bootstrap grid 0.005, enclosure grid 0.0025, node ceiling 57601, and every remaining inferential setting","ED1_TWO_ROOT_SV_POWER_n4000","diagnostic","TWO_ROOT_SV_POWER",4000,4000,"absolute","K3",0.25,2.5,"depth6_reference","depth8_refined","ED1_009_TWO_ROOT_SV_POWER_n4000_depth6_reference","ED1_010_TWO_ROOT_SV_POWER_n4000_depth8_refined","continuous","enclosure_limit_hit_width_proportion",254,254,254,254,254,,,,,,,,,0.000195825131233586,1.40802712160992e-05,-0.000181744860017487,0.000451128678344586,2.83063308091615e-05,-0.000618272569444329,-8.68055555555013e-05,0
"enclosure_depth_v001","depth8_refined_minus_depth6_reference","maximum continuum-enclosure depth 8 minus 6, with guard depth fixed at 6 and with identical samples, multipliers, B=999, bootstrap grid 0.005, enclosure grid 0.0025, node ceiling 57601, and every remaining inferential setting","ED1_TWO_ROOT_SV_POWER_n8000","diagnostic","TWO_ROOT_SV_POWER",8000,8000,"absolute","K3",0.25,2.5,"depth6_reference","depth8_refined","ED1_011_TWO_ROOT_SV_POWER_n8000_depth6_reference","ED1_012_TWO_ROOT_SV_POWER_n8000_depth8_refined","continuous","enclosure_limit_hit_width_proportion",254,254,254,254,254,,,,,,,,,0.000119408902012244,7.63820538057825e-06,-0.000111770696631666,0.000157065930501163,9.85519298823811e-06,-0.000351779513888914,-7.81249999999783e-05,0
"enclosure_depth_v001","depth8_refined_minus_depth6_reference","maximum continuum-enclosure depth 8 minus 6, with guard depth fixed at 6 and with identical samples, multipliers, B=999, bootstrap grid 0.005, enclosure grid 0.0025, node ceiling 57601, and every remaining inferential setting","ED1_TWO_ROOT_SV_POWER_n2000","diagnostic","TWO_ROOT_SV_POWER",2000,2000,"absolute","K3",0.25,2.5,"depth6_reference","depth8_refined","ED1_007_TWO_ROOT_SV_POWER_n2000_depth6_reference","ED1_008_TWO_ROOT_SV_POWER_n2000_depth8_refined","continuous","enclosure_maximum_level",254,254,254,254,254,,,,,,,,,5.69291338582677,6.38582677165354,0.692913385826772,0.843593021630823,0.05293173385963,0,0,2
"enclosure_depth_v001","depth8_refined_minus_depth6_reference","maximum continuum-enclosure depth 8 minus 6, with guard depth fixed at 6 and with identical samples, multipliers, B=999, bootstrap grid 0.005, enclosure grid 0.0025, node ceiling 57601, and every remaining inferential setting","ED1_TWO_ROOT_SV_POWER_n4000","diagnostic","TWO_ROOT_SV_POWER",4000,4000,"absolute","K3",0.25,2.5,"depth6_reference","depth8_refined","ED1_009_TWO_ROOT_SV_POWER_n4000_depth6_reference","ED1_010_TWO_ROOT_SV_POWER_n4000_depth8_refined","continuous","enclosure_maximum_level",254,254,254,254,254,,,,,,,,,5.79133858267717,6.75984251968504,0.968503937007874,0.8614447637615,0.0540518517828023,0,1,2
"enclosure_depth_v001","depth8_refined_minus_depth6_reference","maximum continuum-enclosure depth 8 minus 6, with guard depth fixed at 6 and with identical samples, multipliers, B=999, bootstrap grid 0.005, enclosure grid 0.0025, node ceiling 57601, and every remaining inferential setting","ED1_TWO_ROOT_SV_POWER_n8000","diagnostic","TWO_ROOT_SV_POWER",8000,8000,"absolute","K3",0.25,2.5,"depth6_reference","depth8_refined","ED1_011_TWO_ROOT_SV_POWER_n8000_depth6_reference","ED1_012_TWO_ROOT_SV_POWER_n8000_depth8_refined","continuous","enclosure_maximum_level",254,254,254,254,254,,,,,,,,,5.88582677165354,6.85433070866142,0.968503937007874,0.8614447637615,0.0540518517828023,0,1,2
"enclosure_depth_v001","depth8_refined_minus_depth6_reference","maximum continuum-enclosure depth 8 minus 6, with guard depth fixed at 6 and with identical samples, multipliers, B=999, bootstrap grid 0.005, enclosure grid 0.0025, node ceiling 57601, and every remaining inferential setting","ED1_TWO_ROOT_SV_POWER_n2000","diagnostic","TWO_ROOT_SV_POWER",2000,2000,"absolute","K3",0.25,2.5,"depth6_reference","depth8_refined","ED1_007_TWO_ROOT_SV_POWER_n2000_depth6_reference","ED1_008_TWO_ROOT_SV_POWER_n2000_depth8_refined","continuous","enclosure_node_limit_cells",254,254,254,254,254,,,,,,,,,0,0,0,0,0,0,0,0
"enclosure_depth_v001","depth8_refined_minus_depth6_reference","maximum continuum-enclosure depth 8 minus 6, with guard depth fixed at 6 and with identical samples, multipliers, B=999, bootstrap grid 0.005, enclosure grid 0.0025, node ceiling 57601, and every remaining inferential setting","ED1_TWO_ROOT_SV_POWER_n4000","diagnostic","TWO_ROOT_SV_POWER",4000,4000,"absolute","K3",0.25,2.5,"depth6_reference","depth8_refined","ED1_009_TWO_ROOT_SV_POWER_n4000_depth6_reference","ED1_010_TWO_ROOT_SV_POWER_n4000_depth8_refined","continuous","enclosure_node_limit_cells",254,254,254,254,254,,,,,,,,,0,0,0,0,0,0,0,0
"enclosure_depth_v001","depth8_refined_minus_depth6_reference","maximum continuum-enclosure depth 8 minus 6, with guard depth fixed at 6 and with identical samples, multipliers, B=999, bootstrap grid 0.005, enclosure grid 0.0025, node ceiling 57601, and every remaining inferential setting","ED1_TWO_ROOT_SV_POWER_n8000","diagnostic","TWO_ROOT_SV_POWER",8000,8000,"absolute","K3",0.25,2.5,"depth6_reference","depth8_refined","ED1_011_TWO_ROOT_SV_POWER_n8000_depth6_reference","ED1_012_TWO_ROOT_SV_POWER_n8000_depth8_refined","continuous","enclosure_node_limit_cells",254,254,254,254,254,,,,,,,,,0,0,0,0,0,0,0,0
"enclosure_depth_v001","depth8_refined_minus_depth6_reference","maximum continuum-enclosure depth 8 minus 6, with guard depth fixed at 6 and with identical samples, multipliers, B=999, bootstrap grid 0.005, enclosure grid 0.0025, node ceiling 57601, and every remaining inferential setting","ED1_TWO_ROOT_SV_POWER_n2000","diagnostic","TWO_ROOT_SV_POWER",2000,2000,"absolute","K3",0.25,2.5,"depth6_reference","depth8_refined","ED1_007_TWO_ROOT_SV_POWER_n2000_depth6_reference","ED1_008_TWO_ROOT_SV_POWER_n2000_depth8_refined","continuous","enclosure_node_limit_maximum_cell_width",254,254,254,254,254,,,,,,,,,0,0,0,0,0,0,0,0
"enclosure_depth_v001","depth8_refined_minus_depth6_reference","maximum continuum-enclosure depth 8 minus 6, with guard depth fixed at 6 and with identical samples, multipliers, B=999, bootstrap grid 0.005, enclosure grid 0.0025, node ceiling 57601, and every remaining inferential setting","ED1_TWO_ROOT_SV_POWER_n4000","diagnostic","TWO_ROOT_SV_POWER",4000,4000,"absolute","K3",0.25,2.5,"depth6_reference","depth8_refined","ED1_009_TWO_ROOT_SV_POWER_n4000_depth6_reference","ED1_010_TWO_ROOT_SV_POWER_n4000_depth8_refined","continuous","enclosure_node_limit_maximum_cell_width",254,254,254,254,254,,,,,,,,,0,0,0,0,0,0,0,0
"enclosure_depth_v001","depth8_refined_minus_depth6_reference","maximum continuum-enclosure depth 8 minus 6, with guard depth fixed at 6 and with identical samples, multipliers, B=999, bootstrap grid 0.005, enclosure grid 0.0025, node ceiling 57601, and every remaining inferential setting","ED1_TWO_ROOT_SV_POWER_n8000","diagnostic","TWO_ROOT_SV_POWER",8000,8000,"absolute","K3",0.25,2.5,"depth6_reference","depth8_refined","ED1_011_TWO_ROOT_SV_POWER_n8000_depth6_reference","ED1_012_TWO_ROOT_SV_POWER_n8000_depth8_refined","continuous","enclosure_node_limit_maximum_cell_width",254,254,254,254,254,,,,,,,,,0,0,0,0,0,0,0,0
"enclosure_depth_v001","depth8_refined_minus_depth6_reference","maximum continuum-enclosure depth 8 minus 6, with guard depth fixed at 6 and with identical samples, multipliers, B=999, bootstrap grid 0.005, enclosure grid 0.0025, node ceiling 57601, and every remaining inferential setting","ED1_TWO_ROOT_SV_POWER_n2000","diagnostic","TWO_ROOT_SV_POWER",2000,2000,"absolute","K3",0.25,2.5,"depth6_reference","depth8_refined","ED1_007_TWO_ROOT_SV_POWER_n2000_depth6_reference","ED1_008_TWO_ROOT_SV_POWER_n2000_depth8_refined","continuous","enclosure_node_limit_total_width",254,254,254,254,254,,,,,,,,,0,0,0,0,0,0,0,0
"enclosure_depth_v001","depth8_refined_minus_depth6_reference","maximum continuum-enclosure depth 8 minus 6, with guard depth fixed at 6 and with identical samples, multipliers, B=999, bootstrap grid 0.005, enclosure grid 0.0025, node ceiling 57601, and every remaining inferential setting","ED1_TWO_ROOT_SV_POWER_n4000","diagnostic","TWO_ROOT_SV_POWER",4000,4000,"absolute","K3",0.25,2.5,"depth6_reference","depth8_refined","ED1_009_TWO_ROOT_SV_POWER_n4000_depth6_reference","ED1_010_TWO_ROOT_SV_POWER_n4000_depth8_refined","continuous","enclosure_node_limit_total_width",254,254,254,254,254,,,,,,,,,0,0,0,0,0,0,0,0
"enclosure_depth_v001","depth8_refined_minus_depth6_reference","maximum continuum-enclosure depth 8 minus 6, with guard depth fixed at 6 and with identical samples, multipliers, B=999, bootstrap grid 0.005, enclosure grid 0.0025, node ceiling 57601, and every remaining inferential setting","ED1_TWO_ROOT_SV_POWER_n8000","diagnostic","TWO_ROOT_SV_POWER",8000,8000,"absolute","K3",0.25,2.5,"depth6_reference","depth8_refined","ED1_011_TWO_ROOT_SV_POWER_n8000_depth6_reference","ED1_012_TWO_ROOT_SV_POWER_n8000_depth8_refined","continuous","enclosure_node_limit_total_width",254,254,254,254,254,,,,,,,,,0,0,0,0,0,0,0,0
"enclosure_depth_v001","depth8_refined_minus_depth6_reference","maximum continuum-enclosure depth 8 minus 6, with guard depth fixed at 6 and with identical samples, multipliers, B=999, bootstrap grid 0.005, enclosure grid 0.0025, node ceiling 57601, and every remaining inferential setting","ED1_TWO_ROOT_SV_POWER_n2000","diagnostic","TWO_ROOT_SV_POWER",2000,2000,"absolute","K3",0.25,2.5,"depth6_reference","depth8_refined","ED1_007_TWO_ROOT_SV_POWER_n2000_depth6_reference","ED1_008_TWO_ROOT_SV_POWER_n2000_depth8_refined","continuous","enclosure_node_limit_width_proportion",254,254,254,254,254,,,,,,,,,0,0,0,0,0,0,0,0
"enclosure_depth_v001","depth8_refined_minus_depth6_reference","maximum continuum-enclosure depth 8 minus 6, with guard depth fixed at 6 and with identical samples, multipliers, B=999, bootstrap grid 0.005, enclosure grid 0.0025, node ceiling 57601, and every remaining inferential setting","ED1_TWO_ROOT_SV_POWER_n4000","diagnostic","TWO_ROOT_SV_POWER",4000,4000,"absolute","K3",0.25,2.5,"depth6_reference","depth8_refined","ED1_009_TWO_ROOT_SV_POWER_n4000_depth6_reference","ED1_010_TWO_ROOT_SV_POWER_n4000_depth8_refined","continuous","enclosure_node_limit_width_proportion",254,254,254,254,254,,,,,,,,,0,0,0,0,0,0,0,0
"enclosure_depth_v001","depth8_refined_minus_depth6_reference","maximum continuum-enclosure depth 8 minus 6, with guard depth fixed at 6 and with identical samples, multipliers, B=999, bootstrap grid 0.005, enclosure grid 0.0025, node ceiling 57601, and every remaining inferential setting","ED1_TWO_ROOT_SV_POWER_n8000","diagnostic","TWO_ROOT_SV_POWER",8000,8000,"absolute","K3",0.25,2.5,"depth6_reference","depth8_refined","ED1_011_TWO_ROOT_SV_POWER_n8000_depth6_reference","ED1_012_TWO_ROOT_SV_POWER_n8000_depth8_refined","continuous","enclosure_node_limit_width_proportion",254,254,254,254,254,,,,,,,,,0,0,0,0,0,0,0,0
"enclosure_depth_v001","depth8_refined_minus_depth6_reference","maximum continuum-enclosure depth 8 minus 6, with guard depth fixed at 6 and with identical samples, multipliers, B=999, bootstrap grid 0.005, enclosure grid 0.0025, node ceiling 57601, and every remaining inferential setting","ED1_TWO_ROOT_SV_POWER_n2000","diagnostic","TWO_ROOT_SV_POWER",2000,2000,"absolute","K3",0.25,2.5,"depth6_reference","depth8_refined","ED1_007_TWO_ROOT_SV_POWER_n2000_depth6_reference","ED1_008_TWO_ROOT_SV_POWER_n2000_depth8_refined","continuous","enclosure_nodes_used",254,254,254,254,254,,,,,,,,,1079.72047244094,1088.5905511811,8.87007874015748,23.9667682145487,1.50380878466193,0,0,40.35
"enclosure_depth_v001","depth8_refined_minus_depth6_reference","maximum continuum-enclosure depth 8 minus 6, with guard depth fixed at 6 and with identical samples, multipliers, B=999, bootstrap grid 0.005, enclosure grid 0.0025, node ceiling 57601, and every remaining inferential setting","ED1_TWO_ROOT_SV_POWER_n4000","diagnostic","TWO_ROOT_SV_POWER",4000,4000,"absolute","K3",0.25,2.5,"depth6_reference","depth8_refined","ED1_009_TWO_ROOT_SV_POWER_n4000_depth6_reference","ED1_010_TWO_ROOT_SV_POWER_n4000_depth8_refined","continuous","enclosure_nodes_used",254,254,254,254,254,,,,,,,,,1158.25590551181,1175.76771653543,17.511811023622,48.2379422180767,3.02671768726513,0,5,58.05
"enclosure_depth_v001","depth8_refined_minus_depth6_reference","maximum continuum-enclosure depth 8 minus 6, with guard depth fixed at 6 and with identical samples, multipliers, B=999, bootstrap grid 0.005, enclosure grid 0.0025, node ceiling 57601, and every remaining inferential setting","ED1_TWO_ROOT_SV_POWER_n8000","diagnostic","TWO_ROOT_SV_POWER",8000,8000,"absolute","K3",0.25,2.5,"depth6_reference","depth8_refined","ED1_011_TWO_ROOT_SV_POWER_n8000_depth6_reference","ED1_012_TWO_ROOT_SV_POWER_n8000_depth8_refined","continuous","enclosure_nodes_used",254,254,254,254,254,,,,,,,,,1152.53937007874,1162.79921259843,10.259842519685,16.0595298679583,1.00766452434401,0,4.5,37
"enclosure_depth_v001","depth8_refined_minus_depth6_reference","maximum continuum-enclosure depth 8 minus 6, with guard depth fixed at 6 and with identical samples, multipliers, B=999, bootstrap grid 0.005, enclosure grid 0.0025, node ceiling 57601, and every remaining inferential setting","ED1_TWO_ROOT_SV_POWER_n2000","diagnostic","TWO_ROOT_SV_POWER",2000,2000,"absolute","K3",0.25,2.5,"depth6_reference","depth8_refined","ED1_007_TWO_ROOT_SV_POWER_n2000_depth6_reference","ED1_008_TWO_ROOT_SV_POWER_n2000_depth8_refined","continuous","enclosure_statistical_limit_cells",254,254,254,254,254,,,,,,,,,6.09448818897638,1.17322834645669,-4.92125984251969,12.5755307287637,0.789058975845609,-20,0,0
"enclosure_depth_v001","depth8_refined_minus_depth6_reference","maximum continuum-enclosure depth 8 minus 6, with guard depth fixed at 6 and with identical samples, multipliers, B=999, bootstrap grid 0.005, enclosure grid 0.0025, node ceiling 57601, and every remaining inferential setting","ED1_TWO_ROOT_SV_POWER_n4000","diagnostic","TWO_ROOT_SV_POWER",4000,4000,"absolute","K3",0.25,2.5,"depth6_reference","depth8_refined","ED1_009_TWO_ROOT_SV_POWER_n4000_depth6_reference","ED1_010_TWO_ROOT_SV_POWER_n4000_depth8_refined","continuous","enclosure_statistical_limit_cells",254,254,254,254,254,,,,,,,,,11.2795275590551,3.24409448818898,-8.03543307086614,18.7604707103569,1.17713662543378,-31,-4,0
"enclosure_depth_v001","depth8_refined_minus_depth6_reference","maximum continuum-enclosure depth 8 minus 6, with guard depth fixed at 6 and with identical samples, multipliers, B=999, bootstrap grid 0.005, enclosure grid 0.0025, node ceiling 57601, and every remaining inferential setting","ED1_TWO_ROOT_SV_POWER_n8000","diagnostic","TWO_ROOT_SV_POWER",8000,8000,"absolute","K3",0.25,2.5,"depth6_reference","depth8_refined","ED1_011_TWO_ROOT_SV_POWER_n8000_depth6_reference","ED1_012_TWO_ROOT_SV_POWER_n8000_depth8_refined","continuous","enclosure_statistical_limit_cells",254,254,254,254,254,,,,,,,,,6.87795275590551,1.75984251968504,-5.11811023622047,7.18817009398448,0.451025905379107,-17,-3,0
"enclosure_depth_v001","depth8_refined_minus_depth6_reference","maximum continuum-enclosure depth 8 minus 6, with guard depth fixed at 6 and with identical samples, multipliers, B=999, bootstrap grid 0.005, enclosure grid 0.0025, node ceiling 57601, and every remaining inferential setting","ED1_TWO_ROOT_SV_POWER_n2000","diagnostic","TWO_ROOT_SV_POWER",2000,2000,"absolute","K3",0.25,2.5,"depth6_reference","depth8_refined","ED1_007_TWO_ROOT_SV_POWER_n2000_depth6_reference","ED1_008_TWO_ROOT_SV_POWER_n2000_depth8_refined","continuous","enclosure_statistical_limit_maximum_cell_width",254,254,254,254,254,,,,,,,,,1.73781988189507e-05,9.99630905522922e-07,-1.63785679134278e-05,1.85363697808652e-05,1.16307528251914e-06,-3.90625000001865e-05,0,0
"enclosure_depth_v001","depth8_refined_minus_depth6_reference","maximum continuum-enclosure depth 8 minus 6, with guard depth fixed at 6 and with identical samples, multipliers, B=999, bootstrap grid 0.005, enclosure grid 0.0025, node ceiling 57601, and every remaining inferential setting","ED1_TWO_ROOT_SV_POWER_n4000","diagnostic","TWO_ROOT_SV_POWER",4000,4000,"absolute","K3",0.25,2.5,"depth6_reference","depth8_refined","ED1_009_TWO_ROOT_SV_POWER_n4000_depth6_reference","ED1_010_TWO_ROOT_SV_POWER_n4000_depth8_refined","continuous","enclosure_statistical_limit_maximum_cell_width",254,254,254,254,254,,,,,,,,,2.39911417323635e-05,2.38373523624234e-06,-2.16074064961211e-05,1.75652504721647e-05,1.10214183774655e-06,-3.90625000001865e-05,-2.92968750000844e-05,0
"enclosure_depth_v001","depth8_refined_minus_depth6_reference","maximum continuum-enclosure depth 8 minus 6, with guard depth fixed at 6 and with identical samples, multipliers, B=999, bootstrap grid 0.005, enclosure grid 0.0025, node ceiling 57601, and every remaining inferential setting","ED1_TWO_ROOT_SV_POWER_n8000","diagnostic","TWO_ROOT_SV_POWER",8000,8000,"absolute","K3",0.25,2.5,"depth6_reference","depth8_refined","ED1_011_TWO_ROOT_SV_POWER_n8000_depth6_reference","ED1_012_TWO_ROOT_SV_POWER_n8000_depth8_refined","continuous","enclosure_statistical_limit_maximum_cell_width",254,254,254,254,254,,,,,,,,,2.39911417323574e-05,1.96081446851745e-06,-2.20303272638399e-05,1.7861540944754e-05,1.12073275544988e-06,-3.90625000001865e-05,-2.92968750000844e-05,0
"enclosure_depth_v001","depth8_refined_minus_depth6_reference","maximum continuum-enclosure depth 8 minus 6, with guard depth fixed at 6 and with identical samples, multipliers, B=999, bootstrap grid 0.005, enclosure grid 0.0025, node ceiling 57601, and every remaining inferential setting","ED1_TWO_ROOT_SV_POWER_n2000","diagnostic","TWO_ROOT_SV_POWER",2000,2000,"absolute","K3",0.25,2.5,"depth6_reference","depth8_refined","ED1_007_TWO_ROOT_SV_POWER_n2000_depth6_reference","ED1_008_TWO_ROOT_SV_POWER_n2000_depth8_refined","continuous","enclosure_statistical_limit_total_width",254,254,254,254,254,,,,,,,,,0.000238065944881879,1.14573080708653e-05,-0.000226608636811014,0.000575837584666388,3.61312635315661e-05,-0.00092138671875005,0,0
"enclosure_depth_v001","depth8_refined_minus_depth6_reference","maximum continuum-enclosure depth 8 minus 6, with guard depth fixed at 6 and with identical samples, multipliers, B=999, bootstrap grid 0.005, enclosure grid 0.0025, node ceiling 57601, and every remaining inferential setting","ED1_TWO_ROOT_SV_POWER_n4000","diagnostic","TWO_ROOT_SV_POWER",4000,4000,"absolute","K3",0.25,2.5,"depth6_reference","depth8_refined","ED1_009_TWO_ROOT_SV_POWER_n4000_depth6_reference","ED1_010_TWO_ROOT_SV_POWER_n4000_depth8_refined","continuous","enclosure_statistical_limit_total_width",254,254,254,254,254,,,,,,,,,0.000440606545275569,3.16806102362231e-05,-0.000408925935039346,0.00101503952627532,6.36892443206135e-05,-0.00139111328124974,-0.000195312499999878,0
"enclosure_depth_v001","depth8_refined_minus_depth6_reference","maximum continuum-enclosure depth 8 minus 6, with guard depth fixed at 6 and with identical samples, multipliers, B=999, bootstrap grid 0.005, enclosure grid 0.0025, node ceiling 57601, and every remaining inferential setting","ED1_TWO_ROOT_SV_POWER_n8000","diagnostic","TWO_ROOT_SV_POWER",8000,8000,"absolute","K3",0.25,2.5,"depth6_reference","depth8_refined","ED1_011_TWO_ROOT_SV_POWER_n8000_depth6_reference","ED1_012_TWO_ROOT_SV_POWER_n8000_depth8_refined","continuous","enclosure_statistical_limit_total_width",254,254,254,254,254,,,,,,,,,0.000268670029527549,1.71859621063011e-05,-0.000251484067421247,0.000353398343627616,2.21741842235357e-05,-0.000791503906250057,-0.000175781249999951,0
"enclosure_depth_v001","depth8_refined_minus_depth6_reference","maximum continuum-enclosure depth 8 minus 6, with guard depth fixed at 6 and with identical samples, multipliers, B=999, bootstrap grid 0.005, enclosure grid 0.0025, node ceiling 57601, and every remaining inferential setting","ED1_TWO_ROOT_SV_POWER_n2000","diagnostic","TWO_ROOT_SV_POWER",2000,2000,"absolute","K3",0.25,2.5,"depth6_reference","depth8_refined","ED1_007_TWO_ROOT_SV_POWER_n2000_depth6_reference","ED1_008_TWO_ROOT_SV_POWER_n2000_depth8_refined","continuous","enclosure_statistical_limit_width_proportion",254,254,254,254,254,,,,,,,,,0.000105807086614168,5.09213692038459e-06,-0.000100714949693784,0.000255927815407283,1.60583393473627e-05,-0.000409505208333356,0,0
"enclosure_depth_v001","depth8_refined_minus_depth6_reference","maximum continuum-enclosure depth 8 minus 6, with guard depth fixed at 6 and with identical samples, multipliers, B=999, bootstrap grid 0.005, enclosure grid 0.0025, node ceiling 57601, and every remaining inferential setting","ED1_TWO_ROOT_SV_POWER_n4000","diagnostic","TWO_ROOT_SV_POWER",4000,4000,"absolute","K3",0.25,2.5,"depth6_reference","depth8_refined","ED1_009_TWO_ROOT_SV_POWER_n4000_depth6_reference","ED1_010_TWO_ROOT_SV_POWER_n4000_depth8_refined","continuous","enclosure_statistical_limit_width_proportion",254,254,254,254,254,,,,,,,,,0.000195825131233586,1.40802712160992e-05,-0.000181744860017487,0.000451128678344586,2.83063308091615e-05,-0.000618272569444329,-8.68055555555013e-05,0
"enclosure_depth_v001","depth8_refined_minus_depth6_reference","maximum continuum-enclosure depth 8 minus 6, with guard depth fixed at 6 and with identical samples, multipliers, B=999, bootstrap grid 0.005, enclosure grid 0.0025, node ceiling 57601, and every remaining inferential setting","ED1_TWO_ROOT_SV_POWER_n8000","diagnostic","TWO_ROOT_SV_POWER",8000,8000,"absolute","K3",0.25,2.5,"depth6_reference","depth8_refined","ED1_011_TWO_ROOT_SV_POWER_n8000_depth6_reference","ED1_012_TWO_ROOT_SV_POWER_n8000_depth8_refined","continuous","enclosure_statistical_limit_width_proportion",254,254,254,254,254,,,,,,,,,0.000119408902012244,7.63820538057825e-06,-0.000111770696631666,0.000157065930501163,9.85519298823811e-06,-0.000351779513888914,-7.81249999999783e-05,0
"enclosure_depth_v001","depth8_refined_minus_depth6_reference","maximum continuum-enclosure depth 8 minus 6, with guard depth fixed at 6 and with identical samples, multipliers, B=999, bootstrap grid 0.005, enclosure grid 0.0025, node ceiling 57601, and every remaining inferential setting","ED1_TWO_ROOT_SV_POWER_n2000","diagnostic","TWO_ROOT_SV_POWER",2000,2000,"absolute","K3",0.25,2.5,"depth6_reference","depth8_refined","ED1_007_TWO_ROOT_SV_POWER_n2000_depth6_reference","ED1_008_TWO_ROOT_SV_POWER_n2000_depth8_refined","continuous","enclosure_unresolved_cells",254,254,254,254,254,,,,,,,,,547.858267716535,542.937007874016,-4.92125984251969,12.5755307287637,0.789058975845609,-20,0,0
"enclosure_depth_v001","depth8_refined_minus_depth6_reference","maximum continuum-enclosure depth 8 minus 6, with guard depth fixed at 6 and with identical samples, multipliers, B=999, bootstrap grid 0.005, enclosure grid 0.0025, node ceiling 57601, and every remaining inferential setting","ED1_TWO_ROOT_SV_POWER_n4000","diagnostic","TWO_ROOT_SV_POWER",4000,4000,"absolute","K3",0.25,2.5,"depth6_reference","depth8_refined","ED1_009_TWO_ROOT_SV_POWER_n4000_depth6_reference","ED1_010_TWO_ROOT_SV_POWER_n4000_depth8_refined","continuous","enclosure_unresolved_cells",254,254,254,254,254,,,,,,,,,409.90157480315,401.866141732283,-8.03543307086614,18.7604707103569,1.17713662543378,-31,-4,0
"enclosure_depth_v001","depth8_refined_minus_depth6_reference","maximum continuum-enclosure depth 8 minus 6, with guard depth fixed at 6 and with identical samples, multipliers, B=999, bootstrap grid 0.005, enclosure grid 0.0025, node ceiling 57601, and every remaining inferential setting","ED1_TWO_ROOT_SV_POWER_n8000","diagnostic","TWO_ROOT_SV_POWER",8000,8000,"absolute","K3",0.25,2.5,"depth6_reference","depth8_refined","ED1_011_TWO_ROOT_SV_POWER_n8000_depth6_reference","ED1_012_TWO_ROOT_SV_POWER_n8000_depth8_refined","continuous","enclosure_unresolved_cells",254,254,254,254,254,,,,,,,,,278.610236220472,273.492125984252,-5.11811023622047,7.18817009398448,0.451025905379107,-17,-3,0
"enclosure_depth_v001","depth8_refined_minus_depth6_reference","maximum continuum-enclosure depth 8 minus 6, with guard depth fixed at 6 and with identical samples, multipliers, B=999, bootstrap grid 0.005, enclosure grid 0.0025, node ceiling 57601, and every remaining inferential setting","ED1_TWO_ROOT_SV_POWER_n2000","diagnostic","TWO_ROOT_SV_POWER",2000,2000,"absolute","K3",0.25,2.5,"depth6_reference","depth8_refined","ED1_007_TWO_ROOT_SV_POWER_n2000_depth6_reference","ED1_008_TWO_ROOT_SV_POWER_n2000_depth8_refined","continuous","enclosure_variance_limit_cells",254,254,254,254,254,,,,,,,,,0,0,0,0,0,0,0,0
"enclosure_depth_v001","depth8_refined_minus_depth6_reference","maximum continuum-enclosure depth 8 minus 6, with guard depth fixed at 6 and with identical samples, multipliers, B=999, bootstrap grid 0.005, enclosure grid 0.0025, node ceiling 57601, and every remaining inferential setting","ED1_TWO_ROOT_SV_POWER_n4000","diagnostic","TWO_ROOT_SV_POWER",4000,4000,"absolute","K3",0.25,2.5,"depth6_reference","depth8_refined","ED1_009_TWO_ROOT_SV_POWER_n4000_depth6_reference","ED1_010_TWO_ROOT_SV_POWER_n4000_depth8_refined","continuous","enclosure_variance_limit_cells",254,254,254,254,254,,,,,,,,,0,0,0,0,0,0,0,0
"enclosure_depth_v001","depth8_refined_minus_depth6_reference","maximum continuum-enclosure depth 8 minus 6, with guard depth fixed at 6 and with identical samples, multipliers, B=999, bootstrap grid 0.005, enclosure grid 0.0025, node ceiling 57601, and every remaining inferential setting","ED1_TWO_ROOT_SV_POWER_n8000","diagnostic","TWO_ROOT_SV_POWER",8000,8000,"absolute","K3",0.25,2.5,"depth6_reference","depth8_refined","ED1_011_TWO_ROOT_SV_POWER_n8000_depth6_reference","ED1_012_TWO_ROOT_SV_POWER_n8000_depth8_refined","continuous","enclosure_variance_limit_cells",254,254,254,254,254,,,,,,,,,0,0,0,0,0,0,0,0
"enclosure_depth_v001","depth8_refined_minus_depth6_reference","maximum continuum-enclosure depth 8 minus 6, with guard depth fixed at 6 and with identical samples, multipliers, B=999, bootstrap grid 0.005, enclosure grid 0.0025, node ceiling 57601, and every remaining inferential setting","ED1_TWO_ROOT_SV_POWER_n2000","diagnostic","TWO_ROOT_SV_POWER",2000,2000,"absolute","K3",0.25,2.5,"depth6_reference","depth8_refined","ED1_007_TWO_ROOT_SV_POWER_n2000_depth6_reference","ED1_008_TWO_ROOT_SV_POWER_n2000_depth8_refined","continuous","enclosure_variance_limit_maximum_cell_width",254,254,254,254,254,,,,,,,,,0,0,0,0,0,0,0,0
"enclosure_depth_v001","depth8_refined_minus_depth6_reference","maximum continuum-enclosure depth 8 minus 6, with guard depth fixed at 6 and with identical samples, multipliers, B=999, bootstrap grid 0.005, enclosure grid 0.0025, node ceiling 57601, and every remaining inferential setting","ED1_TWO_ROOT_SV_POWER_n4000","diagnostic","TWO_ROOT_SV_POWER",4000,4000,"absolute","K3",0.25,2.5,"depth6_reference","depth8_refined","ED1_009_TWO_ROOT_SV_POWER_n4000_depth6_reference","ED1_010_TWO_ROOT_SV_POWER_n4000_depth8_refined","continuous","enclosure_variance_limit_maximum_cell_width",254,254,254,254,254,,,,,,,,,0,0,0,0,0,0,0,0
"enclosure_depth_v001","depth8_refined_minus_depth6_reference","maximum continuum-enclosure depth 8 minus 6, with guard depth fixed at 6 and with identical samples, multipliers, B=999, bootstrap grid 0.005, enclosure grid 0.0025, node ceiling 57601, and every remaining inferential setting","ED1_TWO_ROOT_SV_POWER_n8000","diagnostic","TWO_ROOT_SV_POWER",8000,8000,"absolute","K3",0.25,2.5,"depth6_reference","depth8_refined","ED1_011_TWO_ROOT_SV_POWER_n8000_depth6_reference","ED1_012_TWO_ROOT_SV_POWER_n8000_depth8_refined","continuous","enclosure_variance_limit_maximum_cell_width",254,254,254,254,254,,,,,,,,,0,0,0,0,0,0,0,0
"enclosure_depth_v001","depth8_refined_minus_depth6_reference","maximum continuum-enclosure depth 8 minus 6, with guard depth fixed at 6 and with identical samples, multipliers, B=999, bootstrap grid 0.005, enclosure grid 0.0025, node ceiling 57601, and every remaining inferential setting","ED1_TWO_ROOT_SV_POWER_n2000","diagnostic","TWO_ROOT_SV_POWER",2000,2000,"absolute","K3",0.25,2.5,"depth6_reference","depth8_refined","ED1_007_TWO_ROOT_SV_POWER_n2000_depth6_reference","ED1_008_TWO_ROOT_SV_POWER_n2000_depth8_refined","continuous","enclosure_variance_limit_total_width",254,254,254,254,254,,,,,,,,,0,0,0,0,0,0,0,0
"enclosure_depth_v001","depth8_refined_minus_depth6_reference","maximum continuum-enclosure depth 8 minus 6, with guard depth fixed at 6 and with identical samples, multipliers, B=999, bootstrap grid 0.005, enclosure grid 0.0025, node ceiling 57601, and every remaining inferential setting","ED1_TWO_ROOT_SV_POWER_n4000","diagnostic","TWO_ROOT_SV_POWER",4000,4000,"absolute","K3",0.25,2.5,"depth6_reference","depth8_refined","ED1_009_TWO_ROOT_SV_POWER_n4000_depth6_reference","ED1_010_TWO_ROOT_SV_POWER_n4000_depth8_refined","continuous","enclosure_variance_limit_total_width",254,254,254,254,254,,,,,,,,,0,0,0,0,0,0,0,0
"enclosure_depth_v001","depth8_refined_minus_depth6_reference","maximum continuum-enclosure depth 8 minus 6, with guard depth fixed at 6 and with identical samples, multipliers, B=999, bootstrap grid 0.005, enclosure grid 0.0025, node ceiling 57601, and every remaining inferential setting","ED1_TWO_ROOT_SV_POWER_n8000","diagnostic","TWO_ROOT_SV_POWER",8000,8000,"absolute","K3",0.25,2.5,"depth6_reference","depth8_refined","ED1_011_TWO_ROOT_SV_POWER_n8000_depth6_reference","ED1_012_TWO_ROOT_SV_POWER_n8000_depth8_refined","continuous","enclosure_variance_limit_total_width",254,254,254,254,254,,,,,,,,,0,0,0,0,0,0,0,0
"enclosure_depth_v001","depth8_refined_minus_depth6_reference","maximum continuum-enclosure depth 8 minus 6, with guard depth fixed at 6 and with identical samples, multipliers, B=999, bootstrap grid 0.005, enclosure grid 0.0025, node ceiling 57601, and every remaining inferential setting","ED1_TWO_ROOT_SV_POWER_n2000","diagnostic","TWO_ROOT_SV_POWER",2000,2000,"absolute","K3",0.25,2.5,"depth6_reference","depth8_refined","ED1_007_TWO_ROOT_SV_POWER_n2000_depth6_reference","ED1_008_TWO_ROOT_SV_POWER_n2000_depth8_refined","continuous","enclosure_variance_limit_width_proportion",254,254,254,254,254,,,,,,,,,0,0,0,0,0,0,0,0
"enclosure_depth_v001","depth8_refined_minus_depth6_reference","maximum continuum-enclosure depth 8 minus 6, with guard depth fixed at 6 and with identical samples, multipliers, B=999, bootstrap grid 0.005, enclosure grid 0.0025, node ceiling 57601, and every remaining inferential setting","ED1_TWO_ROOT_SV_POWER_n4000","diagnostic","TWO_ROOT_SV_POWER",4000,4000,"absolute","K3",0.25,2.5,"depth6_reference","depth8_refined","ED1_009_TWO_ROOT_SV_POWER_n4000_depth6_reference","ED1_010_TWO_ROOT_SV_POWER_n4000_depth8_refined","continuous","enclosure_variance_limit_width_proportion",254,254,254,254,254,,,,,,,,,0,0,0,0,0,0,0,0
"enclosure_depth_v001","depth8_refined_minus_depth6_reference","maximum continuum-enclosure depth 8 minus 6, with guard depth fixed at 6 and with identical samples, multipliers, B=999, bootstrap grid 0.005, enclosure grid 0.0025, node ceiling 57601, and every remaining inferential setting","ED1_TWO_ROOT_SV_POWER_n8000","diagnostic","TWO_ROOT_SV_POWER",8000,8000,"absolute","K3",0.25,2.5,"depth6_reference","depth8_refined","ED1_011_TWO_ROOT_SV_POWER_n8000_depth6_reference","ED1_012_TWO_ROOT_SV_POWER_n8000_depth8_refined","continuous","enclosure_variance_limit_width_proportion",254,254,254,254,254,,,,,,,,,0,0,0,0,0,0,0,0
"enclosure_depth_v001","depth8_refined_minus_depth6_reference","maximum continuum-enclosure depth 8 minus 6, with guard depth fixed at 6 and with identical samples, multipliers, B=999, bootstrap grid 0.005, enclosure grid 0.0025, node ceiling 57601, and every remaining inferential setting","ED1_TWO_ROOT_SV_POWER_n2000","diagnostic","TWO_ROOT_SV_POWER",2000,2000,"absolute","K3",0.25,2.5,"depth6_reference","depth8_refined","ED1_007_TWO_ROOT_SV_POWER_n2000_depth6_reference","ED1_008_TWO_ROOT_SV_POWER_n2000_depth8_refined","continuous","enclosure_variance_unresolved_cells",254,254,254,254,254,,,,,,,,,0,0,0,0,0,0,0,0
"enclosure_depth_v001","depth8_refined_minus_depth6_reference","maximum continuum-enclosure depth 8 minus 6, with guard depth fixed at 6 and with identical samples, multipliers, B=999, bootstrap grid 0.005, enclosure grid 0.0025, node ceiling 57601, and every remaining inferential setting","ED1_TWO_ROOT_SV_POWER_n4000","diagnostic","TWO_ROOT_SV_POWER",4000,4000,"absolute","K3",0.25,2.5,"depth6_reference","depth8_refined","ED1_009_TWO_ROOT_SV_POWER_n4000_depth6_reference","ED1_010_TWO_ROOT_SV_POWER_n4000_depth8_refined","continuous","enclosure_variance_unresolved_cells",254,254,254,254,254,,,,,,,,,0,0,0,0,0,0,0,0
"enclosure_depth_v001","depth8_refined_minus_depth6_reference","maximum continuum-enclosure depth 8 minus 6, with guard depth fixed at 6 and with identical samples, multipliers, B=999, bootstrap grid 0.005, enclosure grid 0.0025, node ceiling 57601, and every remaining inferential setting","ED1_TWO_ROOT_SV_POWER_n8000","diagnostic","TWO_ROOT_SV_POWER",8000,8000,"absolute","K3",0.25,2.5,"depth6_reference","depth8_refined","ED1_011_TWO_ROOT_SV_POWER_n8000_depth6_reference","ED1_012_TWO_ROOT_SV_POWER_n8000_depth8_refined","continuous","enclosure_variance_unresolved_cells",254,254,254,254,254,,,,,,,,,0,0,0,0,0,0,0,0
"enclosure_depth_v001","depth8_refined_minus_depth6_reference","maximum continuum-enclosure depth 8 minus 6, with guard depth fixed at 6 and with identical samples, multipliers, B=999, bootstrap grid 0.005, enclosure grid 0.0025, node ceiling 57601, and every remaining inferential setting","ED1_TWO_ROOT_SV_POWER_n2000","diagnostic","TWO_ROOT_SV_POWER",2000,2000,"absolute","K3",0.25,2.5,"depth6_reference","depth8_refined","ED1_007_TWO_ROOT_SV_POWER_n2000_depth6_reference","ED1_008_TWO_ROOT_SV_POWER_n2000_depth8_refined","continuous","guard_maximum_level",254,254,254,254,254,,,,,,,,,0,0,0,0,0,0,0,0
"enclosure_depth_v001","depth8_refined_minus_depth6_reference","maximum continuum-enclosure depth 8 minus 6, with guard depth fixed at 6 and with identical samples, multipliers, B=999, bootstrap grid 0.005, enclosure grid 0.0025, node ceiling 57601, and every remaining inferential setting","ED1_TWO_ROOT_SV_POWER_n4000","diagnostic","TWO_ROOT_SV_POWER",4000,4000,"absolute","K3",0.25,2.5,"depth6_reference","depth8_refined","ED1_009_TWO_ROOT_SV_POWER_n4000_depth6_reference","ED1_010_TWO_ROOT_SV_POWER_n4000_depth8_refined","continuous","guard_maximum_level",254,254,254,254,254,,,,,,,,,0,0,0,0,0,0,0,0
"enclosure_depth_v001","depth8_refined_minus_depth6_reference","maximum continuum-enclosure depth 8 minus 6, with guard depth fixed at 6 and with identical samples, multipliers, B=999, bootstrap grid 0.005, enclosure grid 0.0025, node ceiling 57601, and every remaining inferential setting","ED1_TWO_ROOT_SV_POWER_n8000","diagnostic","TWO_ROOT_SV_POWER",8000,8000,"absolute","K3",0.25,2.5,"depth6_reference","depth8_refined","ED1_011_TWO_ROOT_SV_POWER_n8000_depth6_reference","ED1_012_TWO_ROOT_SV_POWER_n8000_depth8_refined","continuous","guard_maximum_level",254,254,254,254,254,,,,,,,,,0,0,0,0,0,0,0,0
"enclosure_depth_v001","depth8_refined_minus_depth6_reference","maximum continuum-enclosure depth 8 minus 6, with guard depth fixed at 6 and with identical samples, multipliers, B=999, bootstrap grid 0.005, enclosure grid 0.0025, node ceiling 57601, and every remaining inferential setting","ED1_TWO_ROOT_SV_POWER_n2000","diagnostic","TWO_ROOT_SV_POWER",2000,2000,"absolute","K3",0.25,2.5,"depth6_reference","depth8_refined","ED1_007_TWO_ROOT_SV_POWER_n2000_depth6_reference","ED1_008_TWO_ROOT_SV_POWER_n2000_depth8_refined","continuous","guard_minimum_ratio",254,254,254,254,254,,,,,,,,,0.060012494951019,0.060012494951019,0,0,0,0,0,0
"enclosure_depth_v001","depth8_refined_minus_depth6_reference","maximum continuum-enclosure depth 8 minus 6, with guard depth fixed at 6 and with identical samples, multipliers, B=999, bootstrap grid 0.005, enclosure grid 0.0025, node ceiling 57601, and every remaining inferential setting","ED1_TWO_ROOT_SV_POWER_n4000","diagnostic","TWO_ROOT_SV_POWER",4000,4000,"absolute","K3",0.25,2.5,"depth6_reference","depth8_refined","ED1_009_TWO_ROOT_SV_POWER_n4000_depth6_reference","ED1_010_TWO_ROOT_SV_POWER_n4000_depth8_refined","continuous","guard_minimum_ratio",254,254,254,254,254,,,,,,,,,0.0600895412109408,0.0600895412109408,0,0,0,0,0,0
"enclosure_depth_v001","depth8_refined_minus_depth6_reference","maximum continuum-enclosure depth 8 minus 6, with guard depth fixed at 6 and with identical samples, multipliers, B=999, bootstrap grid 0.005, enclosure grid 0.0025, node ceiling 57601, and every remaining inferential setting","ED1_TWO_ROOT_SV_POWER_n8000","diagnostic","TWO_ROOT_SV_POWER",8000,8000,"absolute","K3",0.25,2.5,"depth6_reference","depth8_refined","ED1_011_TWO_ROOT_SV_POWER_n8000_depth6_reference","ED1_012_TWO_ROOT_SV_POWER_n8000_depth8_refined","continuous","guard_minimum_ratio",254,254,254,254,254,,,,,,,,,0.0600566941289726,0.0600566941289726,0,0,0,0,0,0
"enclosure_depth_v001","depth8_refined_minus_depth6_reference","maximum continuum-enclosure depth 8 minus 6, with guard depth fixed at 6 and with identical samples, multipliers, B=999, bootstrap grid 0.005, enclosure grid 0.0025, node ceiling 57601, and every remaining inferential setting","ED1_TWO_ROOT_SV_POWER_n2000","diagnostic","TWO_ROOT_SV_POWER",2000,2000,"absolute","K3",0.25,2.5,"depth6_reference","depth8_refined","ED1_007_TWO_ROOT_SV_POWER_n2000_depth6_reference","ED1_008_TWO_ROOT_SV_POWER_n2000_depth8_refined","continuous","guard_nodes_used",254,254,254,254,254,,,,,,,,,451,451,0,0,0,0,0,0
"enclosure_depth_v001","depth8_refined_minus_depth6_reference","maximum continuum-enclosure depth 8 minus 6, with guard depth fixed at 6 and with identical samples, multipliers, B=999, bootstrap grid 0.005, enclosure grid 0.0025, node ceiling 57601, and every remaining inferential setting","ED1_TWO_ROOT_SV_POWER_n4000","diagnostic","TWO_ROOT_SV_POWER",4000,4000,"absolute","K3",0.25,2.5,"depth6_reference","depth8_refined","ED1_009_TWO_ROOT_SV_POWER_n4000_depth6_reference","ED1_010_TWO_ROOT_SV_POWER_n4000_depth8_refined","continuous","guard_nodes_used",254,254,254,254,254,,,,,,,,,451,451,0,0,0,0,0,0
"enclosure_depth_v001","depth8_refined_minus_depth6_reference","maximum continuum-enclosure depth 8 minus 6, with guard depth fixed at 6 and with identical samples, multipliers, B=999, bootstrap grid 0.005, enclosure grid 0.0025, node ceiling 57601, and every remaining inferential setting","ED1_TWO_ROOT_SV_POWER_n8000","diagnostic","TWO_ROOT_SV_POWER",8000,8000,"absolute","K3",0.25,2.5,"depth6_reference","depth8_refined","ED1_011_TWO_ROOT_SV_POWER_n8000_depth6_reference","ED1_012_TWO_ROOT_SV_POWER_n8000_depth8_refined","continuous","guard_nodes_used",254,254,254,254,254,,,,,,,,,451,451,0,0,0,0,0,0
"enclosure_depth_v001","depth8_refined_minus_depth6_reference","maximum continuum-enclosure depth 8 minus 6, with guard depth fixed at 6 and with identical samples, multipliers, B=999, bootstrap grid 0.005, enclosure grid 0.0025, node ceiling 57601, and every remaining inferential setting","ED1_TWO_ROOT_SV_POWER_n2000","diagnostic","TWO_ROOT_SV_POWER",2000,2000,"absolute","K3",0.25,2.5,"depth6_reference","depth8_refined","ED1_007_TWO_ROOT_SV_POWER_n2000_depth6_reference","ED1_008_TWO_ROOT_SV_POWER_n2000_depth8_refined","continuous","integrated_half_width",254,254,254,254,254,,,,,,,,,133.215997165243,133.215997165243,0,0,0,0,0,0
"enclosure_depth_v001","depth8_refined_minus_depth6_reference","maximum continuum-enclosure depth 8 minus 6, with guard depth fixed at 6 and with identical samples, multipliers, B=999, bootstrap grid 0.005, enclosure grid 0.0025, node ceiling 57601, and every remaining inferential setting","ED1_TWO_ROOT_SV_POWER_n4000","diagnostic","TWO_ROOT_SV_POWER",4000,4000,"absolute","K3",0.25,2.5,"depth6_reference","depth8_refined","ED1_009_TWO_ROOT_SV_POWER_n4000_depth6_reference","ED1_010_TWO_ROOT_SV_POWER_n4000_depth8_refined","continuous","integrated_half_width",254,254,254,254,254,,,,,,,,,94.1198653464294,94.1198653464294,0,0,0,0,0,0
"enclosure_depth_v001","depth8_refined_minus_depth6_reference","maximum continuum-enclosure depth 8 minus 6, with guard depth fixed at 6 and with identical samples, multipliers, B=999, bootstrap grid 0.005, enclosure grid 0.0025, node ceiling 57601, and every remaining inferential setting","ED1_TWO_ROOT_SV_POWER_n8000","diagnostic","TWO_ROOT_SV_POWER",8000,8000,"absolute","K3",0.25,2.5,"depth6_reference","depth8_refined","ED1_011_TWO_ROOT_SV_POWER_n8000_depth6_reference","ED1_012_TWO_ROOT_SV_POWER_n8000_depth8_refined","continuous","integrated_half_width",254,254,254,254,254,,,,,,,,,66.5040054700869,66.5040054700869,0,0,0,0,0,0
"enclosure_depth_v001","depth8_refined_minus_depth6_reference","maximum continuum-enclosure depth 8 minus 6, with guard depth fixed at 6 and with identical samples, multipliers, B=999, bootstrap grid 0.005, enclosure grid 0.0025, node ceiling 57601, and every remaining inferential setting","ED1_TWO_ROOT_SV_POWER_n2000","diagnostic","TWO_ROOT_SV_POWER",2000,2000,"absolute","K3",0.25,2.5,"depth6_reference","depth8_refined","ED1_007_TWO_ROOT_SV_POWER_n2000_depth6_reference","ED1_008_TWO_ROOT_SV_POWER_n2000_depth8_refined","continuous","maximum_half_width",254,254,254,254,254,,,,,,,,,553.209163053671,553.209163053671,0,0,0,0,0,0
"enclosure_depth_v001","depth8_refined_minus_depth6_reference","maximum continuum-enclosure depth 8 minus 6, with guard depth fixed at 6 and with identical samples, multipliers, B=999, bootstrap grid 0.005, enclosure grid 0.0025, node ceiling 57601, and every remaining inferential setting","ED1_TWO_ROOT_SV_POWER_n4000","diagnostic","TWO_ROOT_SV_POWER",4000,4000,"absolute","K3",0.25,2.5,"depth6_reference","depth8_refined","ED1_009_TWO_ROOT_SV_POWER_n4000_depth6_reference","ED1_010_TWO_ROOT_SV_POWER_n4000_depth8_refined","continuous","maximum_half_width",254,254,254,254,254,,,,,,,,,390.884025202945,390.884025202945,0,0,0,0,0,0
"enclosure_depth_v001","depth8_refined_minus_depth6_reference","maximum continuum-enclosure depth 8 minus 6, with guard depth fixed at 6 and with identical samples, multipliers, B=999, bootstrap grid 0.005, enclosure grid 0.0025, node ceiling 57601, and every remaining inferential setting","ED1_TWO_ROOT_SV_POWER_n8000","diagnostic","TWO_ROOT_SV_POWER",8000,8000,"absolute","K3",0.25,2.5,"depth6_reference","depth8_refined","ED1_011_TWO_ROOT_SV_POWER_n8000_depth6_reference","ED1_012_TWO_ROOT_SV_POWER_n8000_depth8_refined","continuous","maximum_half_width",254,254,254,254,254,,,,,,,,,276.185595398364,276.185595398364,0,0,0,0,0,0
"enclosure_depth_v001","depth8_refined_minus_depth6_reference","maximum continuum-enclosure depth 8 minus 6, with guard depth fixed at 6 and with identical samples, multipliers, B=999, bootstrap grid 0.005, enclosure grid 0.0025, node ceiling 57601, and every remaining inferential setting","ED1_TWO_ROOT_SV_POWER_n2000","diagnostic","TWO_ROOT_SV_POWER",2000,2000,"absolute","K3",0.25,2.5,"depth6_reference","depth8_refined","ED1_007_TWO_ROOT_SV_POWER_n2000_depth6_reference","ED1_008_TWO_ROOT_SV_POWER_n2000_depth8_refined","continuous","numerical_outer_component_count",254,254,254,254,254,,,,,,,,,1.3740157480315,1.3740157480315,0,0,0,0,0,0
"enclosure_depth_v001","depth8_refined_minus_depth6_reference","maximum continuum-enclosure depth 8 minus 6, with guard depth fixed at 6 and with identical samples, multipliers, B=999, bootstrap grid 0.005, enclosure grid 0.0025, node ceiling 57601, and every remaining inferential setting","ED1_TWO_ROOT_SV_POWER_n4000","diagnostic","TWO_ROOT_SV_POWER",4000,4000,"absolute","K3",0.25,2.5,"depth6_reference","depth8_refined","ED1_009_TWO_ROOT_SV_POWER_n4000_depth6_reference","ED1_010_TWO_ROOT_SV_POWER_n4000_depth8_refined","continuous","numerical_outer_component_count",254,254,254,254,254,,,,,,,,,1.75196850393701,1.75196850393701,0,0,0,0,0,0
"enclosure_depth_v001","depth8_refined_minus_depth6_reference","maximum continuum-enclosure depth 8 minus 6, with guard depth fixed at 6 and with identical samples, multipliers, B=999, bootstrap grid 0.005, enclosure grid 0.0025, node ceiling 57601, and every remaining inferential setting","ED1_TWO_ROOT_SV_POWER_n8000","diagnostic","TWO_ROOT_SV_POWER",8000,8000,"absolute","K3",0.25,2.5,"depth6_reference","depth8_refined","ED1_011_TWO_ROOT_SV_POWER_n8000_depth6_reference","ED1_012_TWO_ROOT_SV_POWER_n8000_depth8_refined","continuous","numerical_outer_component_count",254,254,254,254,254,,,,,,,,,1.96850393700787,1.96850393700787,0,0,0,0,0,0
"enclosure_depth_v001","depth8_refined_minus_depth6_reference","maximum continuum-enclosure depth 8 minus 6, with guard depth fixed at 6 and with identical samples, multipliers, B=999, bootstrap grid 0.005, enclosure grid 0.0025, node ceiling 57601, and every remaining inferential setting","ED1_TWO_ROOT_SV_POWER_n2000","diagnostic","TWO_ROOT_SV_POWER",2000,2000,"absolute","K3",0.25,2.5,"depth6_reference","depth8_refined","ED1_007_TWO_ROOT_SV_POWER_n2000_depth6_reference","ED1_008_TWO_ROOT_SV_POWER_n2000_depth8_refined","continuous","numerical_outer_hausdorff",254,254,254,254,254,,,,,,,,,0.520221764271654,0.520206962044783,-1.4802226870081e-05,7.42293056723013e-05,4.65756087554603e-06,-0.000117187500000049,0,0
"enclosure_depth_v001","depth8_refined_minus_depth6_reference","maximum continuum-enclosure depth 8 minus 6, with guard depth fixed at 6 and with identical samples, multipliers, B=999, bootstrap grid 0.005, enclosure grid 0.0025, node ceiling 57601, and every remaining inferential setting","ED1_TWO_ROOT_SV_POWER_n4000","diagnostic","TWO_ROOT_SV_POWER",4000,4000,"absolute","K3",0.25,2.5,"depth6_reference","depth8_refined","ED1_009_TWO_ROOT_SV_POWER_n4000_depth6_reference","ED1_010_TWO_ROOT_SV_POWER_n4000_depth8_refined","continuous","numerical_outer_hausdorff",254,254,254,254,254,,,,,,,,,0.413431502214567,0.413333346149114,-9.81560654527497e-05,0.000237763595117626,1.49186148007073e-05,-0.000762207031249895,0,0
"enclosure_depth_v001","depth8_refined_minus_depth6_reference","maximum continuum-enclosure depth 8 minus 6, with guard depth fixed at 6 and with identical samples, multipliers, B=999, bootstrap grid 0.005, enclosure grid 0.0025, node ceiling 57601, and every remaining inferential setting","ED1_TWO_ROOT_SV_POWER_n8000","diagnostic","TWO_ROOT_SV_POWER",8000,8000,"absolute","K3",0.25,2.5,"depth6_reference","depth8_refined","ED1_011_TWO_ROOT_SV_POWER_n8000_depth6_reference","ED1_012_TWO_ROOT_SV_POWER_n8000_depth8_refined","continuous","numerical_outer_hausdorff",254,254,254,254,254,,,,,,,,,0.300517193651575,0.300445758489173,-7.14351624015736e-05,0.000158844530830472,9.96679229840268e-06,-0.000468750000000018,0,0
"enclosure_depth_v001","depth8_refined_minus_depth6_reference","maximum continuum-enclosure depth 8 minus 6, with guard depth fixed at 6 and with identical samples, multipliers, B=999, bootstrap grid 0.005, enclosure grid 0.0025, node ceiling 57601, and every remaining inferential setting","ED1_TWO_ROOT_SV_POWER_n2000","diagnostic","TWO_ROOT_SV_POWER",2000,2000,"absolute","K3",0.25,2.5,"depth6_reference","depth8_refined","ED1_007_TWO_ROOT_SV_POWER_n2000_depth6_reference","ED1_008_TWO_ROOT_SV_POWER_n2000_depth8_refined","continuous","numerical_outer_retained_proportion",254,254,254,254,254,,,,,,,,,0.602065562117235,0.601964847167542,-0.000100714949693782,0.000255927815407284,1.60583393473627e-05,-0.000409505208333355,0,0
"enclosure_depth_v001","depth8_refined_minus_depth6_reference","maximum continuum-enclosure depth 8 minus 6, with guard depth fixed at 6 and with identical samples, multipliers, B=999, bootstrap grid 0.005, enclosure grid 0.0025, node ceiling 57601, and every remaining inferential setting","ED1_TWO_ROOT_SV_POWER_n4000","diagnostic","TWO_ROOT_SV_POWER",4000,4000,"absolute","K3",0.25,2.5,"depth6_reference","depth8_refined","ED1_009_TWO_ROOT_SV_POWER_n4000_depth6_reference","ED1_010_TWO_ROOT_SV_POWER_n4000_depth8_refined","continuous","numerical_outer_retained_proportion",254,254,254,254,254,,,,,,,,,0.443109210958005,0.442927466097988,-0.000181744860017489,0.000451128678344585,2.83063308091615e-05,-0.000618272569444334,-8.68055555555136e-05,0
"enclosure_depth_v001","depth8_refined_minus_depth6_reference","maximum continuum-enclosure depth 8 minus 6, with guard depth fixed at 6 and with identical samples, multipliers, B=999, bootstrap grid 0.005, enclosure grid 0.0025, node ceiling 57601, and every remaining inferential setting","ED1_TWO_ROOT_SV_POWER_n8000","diagnostic","TWO_ROOT_SV_POWER",8000,8000,"absolute","K3",0.25,2.5,"depth6_reference","depth8_refined","ED1_011_TWO_ROOT_SV_POWER_n8000_depth6_reference","ED1_012_TWO_ROOT_SV_POWER_n8000_depth8_refined","continuous","numerical_outer_retained_proportion",254,254,254,254,254,,,,,,,,,0.302044168307087,0.301932397610455,-0.000111770696631664,0.000157065930501162,9.8551929882381e-06,-0.000351779513888903,-7.81249999999845e-05,0
"enclosure_depth_v001","depth8_refined_minus_depth6_reference","maximum continuum-enclosure depth 8 minus 6, with guard depth fixed at 6 and with identical samples, multipliers, B=999, bootstrap grid 0.005, enclosure grid 0.0025, node ceiling 57601, and every remaining inferential setting","ED1_TWO_ROOT_SV_POWER_n2000","diagnostic","TWO_ROOT_SV_POWER",2000,2000,"absolute","K3",0.25,2.5,"depth6_reference","depth8_refined","ED1_007_TWO_ROOT_SV_POWER_n2000_depth6_reference","ED1_008_TWO_ROOT_SV_POWER_n2000_depth8_refined","continuous","numerical_outer_total_length",254,254,254,254,254,,,,,,,,,1.35464751476378,1.35442090612697,-0.000226608636811013,0.000575837584666392,3.61312635315664e-05,-0.00092138671875005,0,0
"enclosure_depth_v001","depth8_refined_minus_depth6_reference","maximum continuum-enclosure depth 8 minus 6, with guard depth fixed at 6 and with identical samples, multipliers, B=999, bootstrap grid 0.005, enclosure grid 0.0025, node ceiling 57601, and every remaining inferential setting","ED1_TWO_ROOT_SV_POWER_n4000","diagnostic","TWO_ROOT_SV_POWER",4000,4000,"absolute","K3",0.25,2.5,"depth6_reference","depth8_refined","ED1_009_TWO_ROOT_SV_POWER_n4000_depth6_reference","ED1_010_TWO_ROOT_SV_POWER_n4000_depth8_refined","continuous","numerical_outer_total_length",254,254,254,254,254,,,,,,,,,0.996995724655512,0.996586798720473,-0.000408925935039347,0.00101503952627532,6.36892443206134e-05,-0.0013911132812497,-0.000195312499999878,0
"enclosure_depth_v001","depth8_refined_minus_depth6_reference","maximum continuum-enclosure depth 8 minus 6, with guard depth fixed at 6 and with identical samples, multipliers, B=999, bootstrap grid 0.005, enclosure grid 0.0025, node ceiling 57601, and every remaining inferential setting","ED1_TWO_ROOT_SV_POWER_n8000","diagnostic","TWO_ROOT_SV_POWER",8000,8000,"absolute","K3",0.25,2.5,"depth6_reference","depth8_refined","ED1_011_TWO_ROOT_SV_POWER_n8000_depth6_reference","ED1_012_TWO_ROOT_SV_POWER_n8000_depth8_refined","continuous","numerical_outer_total_length",254,254,254,254,254,,,,,,,,,0.679599378690945,0.679347894623524,-0.000251484067421247,0.000353398343627616,2.21741842235357e-05,-0.000791503906250057,-0.000175781249999951,0
"enclosure_depth_v001","depth8_refined_minus_depth6_reference","maximum continuum-enclosure depth 8 minus 6, with guard depth fixed at 6 and with identical samples, multipliers, B=999, bootstrap grid 0.005, enclosure grid 0.0025, node ceiling 57601, and every remaining inferential setting","ED1_TWO_ROOT_SV_POWER_n2000","diagnostic","TWO_ROOT_SV_POWER",2000,2000,"absolute","K3",0.25,2.5,"depth6_reference","depth8_refined","ED1_007_TWO_ROOT_SV_POWER_n2000_depth6_reference","ED1_008_TWO_ROOT_SV_POWER_n2000_depth8_refined","continuous","peak_r_heap_mb",254,254,254,254,254,,,,,,,,,237.601968503937,237.810236220472,0.208267716535433,5.33718873083929,0.334885005228307,0,0,0
"enclosure_depth_v001","depth8_refined_minus_depth6_reference","maximum continuum-enclosure depth 8 minus 6, with guard depth fixed at 6 and with identical samples, multipliers, B=999, bootstrap grid 0.005, enclosure grid 0.0025, node ceiling 57601, and every remaining inferential setting","ED1_TWO_ROOT_SV_POWER_n4000","diagnostic","TWO_ROOT_SV_POWER",4000,4000,"absolute","K3",0.25,2.5,"depth6_reference","depth8_refined","ED1_009_TWO_ROOT_SV_POWER_n4000_depth6_reference","ED1_010_TWO_ROOT_SV_POWER_n4000_depth8_refined","continuous","peak_r_heap_mb",254,254,254,254,254,,,,,,,,,383.414173228346,383.482283464567,0.0681102362204727,0.86310335581535,0.0541559211040567,0,0,0
"enclosure_depth_v001","depth8_refined_minus_depth6_reference","maximum continuum-enclosure depth 8 minus 6, with guard depth fixed at 6 and with identical samples, multipliers, B=999, bootstrap grid 0.005, enclosure grid 0.0025, node ceiling 57601, and every remaining inferential setting","ED1_TWO_ROOT_SV_POWER_n8000","diagnostic","TWO_ROOT_SV_POWER",8000,8000,"absolute","K3",0.25,2.5,"depth6_reference","depth8_refined","ED1_011_TWO_ROOT_SV_POWER_n8000_depth6_reference","ED1_012_TWO_ROOT_SV_POWER_n8000_depth8_refined","continuous","peak_r_heap_mb",254,254,254,254,254,,,,,,,,,660.068897637795,657.944881889764,-2.1240157480315,24.5196495780544,1.53849964677036,0,0,0
"enclosure_depth_v001","depth8_refined_minus_depth6_reference","maximum continuum-enclosure depth 8 minus 6, with guard depth fixed at 6 and with identical samples, multipliers, B=999, bootstrap grid 0.005, enclosure grid 0.0025, node ceiling 57601, and every remaining inferential setting","ED1_TWO_ROOT_SV_POWER_n2000","diagnostic","TWO_ROOT_SV_POWER",2000,2000,"absolute","K3",0.25,2.5,"depth6_reference","depth8_refined","ED1_007_TWO_ROOT_SV_POWER_n2000_depth6_reference","ED1_008_TWO_ROOT_SV_POWER_n2000_depth8_refined","continuous","root_error_conditional_on_isolation",254,254,254,254,0,,,,,,,,,,,,,,,,
"enclosure_depth_v001","depth8_refined_minus_depth6_reference","maximum continuum-enclosure depth 8 minus 6, with guard depth fixed at 6 and with identical samples, multipliers, B=999, bootstrap grid 0.005, enclosure grid 0.0025, node ceiling 57601, and every remaining inferential setting","ED1_TWO_ROOT_SV_POWER_n4000","diagnostic","TWO_ROOT_SV_POWER",4000,4000,"absolute","K3",0.25,2.5,"depth6_reference","depth8_refined","ED1_009_TWO_ROOT_SV_POWER_n4000_depth6_reference","ED1_010_TWO_ROOT_SV_POWER_n4000_depth8_refined","continuous","root_error_conditional_on_isolation",254,254,254,254,0,,,,,,,,,,,,,,,,
"enclosure_depth_v001","depth8_refined_minus_depth6_reference","maximum continuum-enclosure depth 8 minus 6, with guard depth fixed at 6 and with identical samples, multipliers, B=999, bootstrap grid 0.005, enclosure grid 0.0025, node ceiling 57601, and every remaining inferential setting","ED1_TWO_ROOT_SV_POWER_n8000","diagnostic","TWO_ROOT_SV_POWER",8000,8000,"absolute","K3",0.25,2.5,"depth6_reference","depth8_refined","ED1_011_TWO_ROOT_SV_POWER_n8000_depth6_reference","ED1_012_TWO_ROOT_SV_POWER_n8000_depth8_refined","continuous","root_error_conditional_on_isolation",254,254,254,254,0,,,,,,,,,,,,,,,,
"enclosure_depth_v001","depth8_refined_minus_depth6_reference","maximum continuum-enclosure depth 8 minus 6, with guard depth fixed at 6 and with identical samples, multipliers, B=999, bootstrap grid 0.005, enclosure grid 0.0025, node ceiling 57601, and every remaining inferential setting","ED1_TWO_ROOT_SV_POWER_n2000","diagnostic","TWO_ROOT_SV_POWER",2000,2000,"absolute","K3",0.25,2.5,"depth6_reference","depth8_refined","ED1_007_TWO_ROOT_SV_POWER_n2000_depth6_reference","ED1_008_TWO_ROOT_SV_POWER_n2000_depth8_refined","continuous","root_isolation_maximum_bisections",254,254,254,254,254,,,,,,,,,21.3937007874016,21.3937007874016,0,0,0,0,0,0
"enclosure_depth_v001","depth8_refined_minus_depth6_reference","maximum continuum-enclosure depth 8 minus 6, with guard depth fixed at 6 and with identical samples, multipliers, B=999, bootstrap grid 0.005, enclosure grid 0.0025, node ceiling 57601, and every remaining inferential setting","ED1_TWO_ROOT_SV_POWER_n4000","diagnostic","TWO_ROOT_SV_POWER",4000,4000,"absolute","K3",0.25,2.5,"depth6_reference","depth8_refined","ED1_009_TWO_ROOT_SV_POWER_n4000_depth6_reference","ED1_010_TWO_ROOT_SV_POWER_n4000_depth8_refined","continuous","root_isolation_maximum_bisections",254,254,254,254,254,,,,,,,,,21.9133858267717,21.9133858267717,0,0,0,0,0,0
"enclosure_depth_v001","depth8_refined_minus_depth6_reference","maximum continuum-enclosure depth 8 minus 6, with guard depth fixed at 6 and with identical samples, multipliers, B=999, bootstrap grid 0.005, enclosure grid 0.0025, node ceiling 57601, and every remaining inferential setting","ED1_TWO_ROOT_SV_POWER_n8000","diagnostic","TWO_ROOT_SV_POWER",8000,8000,"absolute","K3",0.25,2.5,"depth6_reference","depth8_refined","ED1_011_TWO_ROOT_SV_POWER_n8000_depth6_reference","ED1_012_TWO_ROOT_SV_POWER_n8000_depth8_refined","continuous","root_isolation_maximum_bisections",254,254,254,254,254,,,,,,,,,22,22,0,0,0,0,0,0
"enclosure_depth_v001","depth8_refined_minus_depth6_reference","maximum continuum-enclosure depth 8 minus 6, with guard depth fixed at 6 and with identical samples, multipliers, B=999, bootstrap grid 0.005, enclosure grid 0.0025, node ceiling 57601, and every remaining inferential setting","ED1_TWO_ROOT_SV_POWER_n2000","diagnostic","TWO_ROOT_SV_POWER",2000,2000,"absolute","K3",0.25,2.5,"depth6_reference","depth8_refined","ED1_007_TWO_ROOT_SV_POWER_n2000_depth6_reference","ED1_008_TWO_ROOT_SV_POWER_n2000_depth8_refined","continuous","root_multiplier_critical_value",254,254,254,254,238,,,,,,,,,2.09949033665039,2.09949033665039,0,0,0,0,0,0
"enclosure_depth_v001","depth8_refined_minus_depth6_reference","maximum continuum-enclosure depth 8 minus 6, with guard depth fixed at 6 and with identical samples, multipliers, B=999, bootstrap grid 0.005, enclosure grid 0.0025, node ceiling 57601, and every remaining inferential setting","ED1_TWO_ROOT_SV_POWER_n4000","diagnostic","TWO_ROOT_SV_POWER",4000,4000,"absolute","K3",0.25,2.5,"depth6_reference","depth8_refined","ED1_009_TWO_ROOT_SV_POWER_n4000_depth6_reference","ED1_010_TWO_ROOT_SV_POWER_n4000_depth8_refined","continuous","root_multiplier_critical_value",254,254,254,254,251,,,,,,,,,2.09601728047919,2.09601728047919,0,0,0,0,0,0
"enclosure_depth_v001","depth8_refined_minus_depth6_reference","maximum continuum-enclosure depth 8 minus 6, with guard depth fixed at 6 and with identical samples, multipliers, B=999, bootstrap grid 0.005, enclosure grid 0.0025, node ceiling 57601, and every remaining inferential setting","ED1_TWO_ROOT_SV_POWER_n8000","diagnostic","TWO_ROOT_SV_POWER",8000,8000,"absolute","K3",0.25,2.5,"depth6_reference","depth8_refined","ED1_011_TWO_ROOT_SV_POWER_n8000_depth6_reference","ED1_012_TWO_ROOT_SV_POWER_n8000_depth8_refined","continuous","root_multiplier_critical_value",254,254,254,254,253,,,,,,,,,2.09596969497326,2.09596969497326,0,0,0,0,0,0
"enclosure_depth_v001","depth8_refined_minus_depth6_reference","maximum continuum-enclosure depth 8 minus 6, with guard depth fixed at 6 and with identical samples, multipliers, B=999, bootstrap grid 0.005, enclosure grid 0.0025, node ceiling 57601, and every remaining inferential setting","ED1_TWO_ROOT_SV_POWER_n2000","diagnostic","TWO_ROOT_SV_POWER",2000,2000,"absolute","K3",0.25,2.5,"depth6_reference","depth8_refined","ED1_007_TWO_ROOT_SV_POWER_n2000_depth6_reference","ED1_008_TWO_ROOT_SV_POWER_n2000_depth8_refined","continuous","root_multiplier_total_length",254,254,254,254,238,,,,,,,,,1.25072821247159,1.25072821247159,0,0,0,0,0,0
"enclosure_depth_v001","depth8_refined_minus_depth6_reference","maximum continuum-enclosure depth 8 minus 6, with guard depth fixed at 6 and with identical samples, multipliers, B=999, bootstrap grid 0.005, enclosure grid 0.0025, node ceiling 57601, and every remaining inferential setting","ED1_TWO_ROOT_SV_POWER_n4000","diagnostic","TWO_ROOT_SV_POWER",4000,4000,"absolute","K3",0.25,2.5,"depth6_reference","depth8_refined","ED1_009_TWO_ROOT_SV_POWER_n4000_depth6_reference","ED1_010_TWO_ROOT_SV_POWER_n4000_depth8_refined","continuous","root_multiplier_total_length",254,254,254,254,251,,,,,,,,,0.876145336608659,0.876145336608659,0,0,0,0,0,0
"enclosure_depth_v001","depth8_refined_minus_depth6_reference","maximum continuum-enclosure depth 8 minus 6, with guard depth fixed at 6 and with identical samples, multipliers, B=999, bootstrap grid 0.005, enclosure grid 0.0025, node ceiling 57601, and every remaining inferential setting","ED1_TWO_ROOT_SV_POWER_n8000","diagnostic","TWO_ROOT_SV_POWER",8000,8000,"absolute","K3",0.25,2.5,"depth6_reference","depth8_refined","ED1_011_TWO_ROOT_SV_POWER_n8000_depth6_reference","ED1_012_TWO_ROOT_SV_POWER_n8000_depth8_refined","continuous","root_multiplier_total_length",254,254,254,254,253,,,,,,,,,0.601992386140569,0.601992386140569,0,0,0,0,0,0
"enclosure_depth_v001","depth8_refined_minus_depth6_reference","maximum continuum-enclosure depth 8 minus 6, with guard depth fixed at 6 and with identical samples, multipliers, B=999, bootstrap grid 0.005, enclosure grid 0.0025, node ceiling 57601, and every remaining inferential setting","ED1_TWO_ROOT_SV_POWER_n2000","diagnostic","TWO_ROOT_SV_POWER",2000,2000,"absolute","K3",0.25,2.5,"depth6_reference","depth8_refined","ED1_007_TWO_ROOT_SV_POWER_n2000_depth6_reference","ED1_008_TWO_ROOT_SV_POWER_n2000_depth8_refined","continuous","root_standard_error",254,254,254,254,0,,,,,,,,,,,,,,,,
"enclosure_depth_v001","depth8_refined_minus_depth6_reference","maximum continuum-enclosure depth 8 minus 6, with guard depth fixed at 6 and with identical samples, multipliers, B=999, bootstrap grid 0.005, enclosure grid 0.0025, node ceiling 57601, and every remaining inferential setting","ED1_TWO_ROOT_SV_POWER_n4000","diagnostic","TWO_ROOT_SV_POWER",4000,4000,"absolute","K3",0.25,2.5,"depth6_reference","depth8_refined","ED1_009_TWO_ROOT_SV_POWER_n4000_depth6_reference","ED1_010_TWO_ROOT_SV_POWER_n4000_depth8_refined","continuous","root_standard_error",254,254,254,254,0,,,,,,,,,,,,,,,,
"enclosure_depth_v001","depth8_refined_minus_depth6_reference","maximum continuum-enclosure depth 8 minus 6, with guard depth fixed at 6 and with identical samples, multipliers, B=999, bootstrap grid 0.005, enclosure grid 0.0025, node ceiling 57601, and every remaining inferential setting","ED1_TWO_ROOT_SV_POWER_n8000","diagnostic","TWO_ROOT_SV_POWER",8000,8000,"absolute","K3",0.25,2.5,"depth6_reference","depth8_refined","ED1_011_TWO_ROOT_SV_POWER_n8000_depth6_reference","ED1_012_TWO_ROOT_SV_POWER_n8000_depth8_refined","continuous","root_standard_error",254,254,254,254,0,,,,,,,,,,,,,,,,
"enclosure_depth_v001","depth8_refined_minus_depth6_reference","maximum continuum-enclosure depth 8 minus 6, with guard depth fixed at 6 and with identical samples, multipliers, B=999, bootstrap grid 0.005, enclosure grid 0.0025, node ceiling 57601, and every remaining inferential setting","ED1_TWO_ROOT_SV_POWER_n2000","diagnostic","TWO_ROOT_SV_POWER",2000,2000,"absolute","K3",0.25,2.5,"depth6_reference","depth8_refined","ED1_007_TWO_ROOT_SV_POWER_n2000_depth6_reference","ED1_008_TWO_ROOT_SV_POWER_n2000_depth8_refined","continuous","tangency_global_outer_component_count_conditional_on_continuum_band_coverage",254,254,254,254,0,,,,,,,,,,,,,,,,
"enclosure_depth_v001","depth8_refined_minus_depth6_reference","maximum continuum-enclosure depth 8 minus 6, with guard depth fixed at 6 and with identical samples, multipliers, B=999, bootstrap grid 0.005, enclosure grid 0.0025, node ceiling 57601, and every remaining inferential setting","ED1_TWO_ROOT_SV_POWER_n4000","diagnostic","TWO_ROOT_SV_POWER",4000,4000,"absolute","K3",0.25,2.5,"depth6_reference","depth8_refined","ED1_009_TWO_ROOT_SV_POWER_n4000_depth6_reference","ED1_010_TWO_ROOT_SV_POWER_n4000_depth8_refined","continuous","tangency_global_outer_component_count_conditional_on_continuum_band_coverage",254,254,254,254,0,,,,,,,,,,,,,,,,
"enclosure_depth_v001","depth8_refined_minus_depth6_reference","maximum continuum-enclosure depth 8 minus 6, with guard depth fixed at 6 and with identical samples, multipliers, B=999, bootstrap grid 0.005, enclosure grid 0.0025, node ceiling 57601, and every remaining inferential setting","ED1_TWO_ROOT_SV_POWER_n8000","diagnostic","TWO_ROOT_SV_POWER",8000,8000,"absolute","K3",0.25,2.5,"depth6_reference","depth8_refined","ED1_011_TWO_ROOT_SV_POWER_n8000_depth6_reference","ED1_012_TWO_ROOT_SV_POWER_n8000_depth8_refined","continuous","tangency_global_outer_component_count_conditional_on_continuum_band_coverage",254,254,254,254,0,,,,,,,,,,,,,,,,
"enclosure_depth_v001","depth8_refined_minus_depth6_reference","maximum continuum-enclosure depth 8 minus 6, with guard depth fixed at 6 and with identical samples, multipliers, B=999, bootstrap grid 0.005, enclosure grid 0.0025, node ceiling 57601, and every remaining inferential setting","ED1_TWO_ROOT_SV_POWER_n2000","diagnostic","TWO_ROOT_SV_POWER",2000,2000,"absolute","K3",0.25,2.5,"depth6_reference","depth8_refined","ED1_007_TWO_ROOT_SV_POWER_n2000_depth6_reference","ED1_008_TWO_ROOT_SV_POWER_n2000_depth8_refined","continuous","tangency_global_outer_hausdorff_conditional_on_continuum_band_coverage",254,254,254,254,0,,,,,,,,,,,,,,,,
"enclosure_depth_v001","depth8_refined_minus_depth6_reference","maximum continuum-enclosure depth 8 minus 6, with guard depth fixed at 6 and with identical samples, multipliers, B=999, bootstrap grid 0.005, enclosure grid 0.0025, node ceiling 57601, and every remaining inferential setting","ED1_TWO_ROOT_SV_POWER_n4000","diagnostic","TWO_ROOT_SV_POWER",4000,4000,"absolute","K3",0.25,2.5,"depth6_reference","depth8_refined","ED1_009_TWO_ROOT_SV_POWER_n4000_depth6_reference","ED1_010_TWO_ROOT_SV_POWER_n4000_depth8_refined","continuous","tangency_global_outer_hausdorff_conditional_on_continuum_band_coverage",254,254,254,254,0,,,,,,,,,,,,,,,,
"enclosure_depth_v001","depth8_refined_minus_depth6_reference","maximum continuum-enclosure depth 8 minus 6, with guard depth fixed at 6 and with identical samples, multipliers, B=999, bootstrap grid 0.005, enclosure grid 0.0025, node ceiling 57601, and every remaining inferential setting","ED1_TWO_ROOT_SV_POWER_n8000","diagnostic","TWO_ROOT_SV_POWER",8000,8000,"absolute","K3",0.25,2.5,"depth6_reference","depth8_refined","ED1_011_TWO_ROOT_SV_POWER_n8000_depth6_reference","ED1_012_TWO_ROOT_SV_POWER_n8000_depth8_refined","continuous","tangency_global_outer_hausdorff_conditional_on_continuum_band_coverage",254,254,254,254,0,,,,,,,,,,,,,,,,
"enclosure_depth_v001","depth8_refined_minus_depth6_reference","maximum continuum-enclosure depth 8 minus 6, with guard depth fixed at 6 and with identical samples, multipliers, B=999, bootstrap grid 0.005, enclosure grid 0.0025, node ceiling 57601, and every remaining inferential setting","ED1_TWO_ROOT_SV_POWER_n2000","diagnostic","TWO_ROOT_SV_POWER",2000,2000,"absolute","K3",0.25,2.5,"depth6_reference","depth8_refined","ED1_007_TWO_ROOT_SV_POWER_n2000_depth6_reference","ED1_008_TWO_ROOT_SV_POWER_n2000_depth8_refined","continuous","tangency_global_outer_left_radius_conditional_on_continuum_band_coverage",254,254,254,254,0,,,,,,,,,,,,,,,,
"enclosure_depth_v001","depth8_refined_minus_depth6_reference","maximum continuum-enclosure depth 8 minus 6, with guard depth fixed at 6 and with identical samples, multipliers, B=999, bootstrap grid 0.005, enclosure grid 0.0025, node ceiling 57601, and every remaining inferential setting","ED1_TWO_ROOT_SV_POWER_n4000","diagnostic","TWO_ROOT_SV_POWER",4000,4000,"absolute","K3",0.25,2.5,"depth6_reference","depth8_refined","ED1_009_TWO_ROOT_SV_POWER_n4000_depth6_reference","ED1_010_TWO_ROOT_SV_POWER_n4000_depth8_refined","continuous","tangency_global_outer_left_radius_conditional_on_continuum_band_coverage",254,254,254,254,0,,,,,,,,,,,,,,,,
"enclosure_depth_v001","depth8_refined_minus_depth6_reference","maximum continuum-enclosure depth 8 minus 6, with guard depth fixed at 6 and with identical samples, multipliers, B=999, bootstrap grid 0.005, enclosure grid 0.0025, node ceiling 57601, and every remaining inferential setting","ED1_TWO_ROOT_SV_POWER_n8000","diagnostic","TWO_ROOT_SV_POWER",8000,8000,"absolute","K3",0.25,2.5,"depth6_reference","depth8_refined","ED1_011_TWO_ROOT_SV_POWER_n8000_depth6_reference","ED1_012_TWO_ROOT_SV_POWER_n8000_depth8_refined","continuous","tangency_global_outer_left_radius_conditional_on_continuum_band_coverage",254,254,254,254,0,,,,,,,,,,,,,,,,
"enclosure_depth_v001","depth8_refined_minus_depth6_reference","maximum continuum-enclosure depth 8 minus 6, with guard depth fixed at 6 and with identical samples, multipliers, B=999, bootstrap grid 0.005, enclosure grid 0.0025, node ceiling 57601, and every remaining inferential setting","ED1_TWO_ROOT_SV_POWER_n2000","diagnostic","TWO_ROOT_SV_POWER",2000,2000,"absolute","K3",0.25,2.5,"depth6_reference","depth8_refined","ED1_007_TWO_ROOT_SV_POWER_n2000_depth6_reference","ED1_008_TWO_ROOT_SV_POWER_n2000_depth8_refined","continuous","tangency_global_outer_right_radius_conditional_on_continuum_band_coverage",254,254,254,254,0,,,,,,,,,,,,,,,,
"enclosure_depth_v001","depth8_refined_minus_depth6_reference","maximum continuum-enclosure depth 8 minus 6, with guard depth fixed at 6 and with identical samples, multipliers, B=999, bootstrap grid 0.005, enclosure grid 0.0025, node ceiling 57601, and every remaining inferential setting","ED1_TWO_ROOT_SV_POWER_n4000","diagnostic","TWO_ROOT_SV_POWER",4000,4000,"absolute","K3",0.25,2.5,"depth6_reference","depth8_refined","ED1_009_TWO_ROOT_SV_POWER_n4000_depth6_reference","ED1_010_TWO_ROOT_SV_POWER_n4000_depth8_refined","continuous","tangency_global_outer_right_radius_conditional_on_continuum_band_coverage",254,254,254,254,0,,,,,,,,,,,,,,,,
"enclosure_depth_v001","depth8_refined_minus_depth6_reference","maximum continuum-enclosure depth 8 minus 6, with guard depth fixed at 6 and with identical samples, multipliers, B=999, bootstrap grid 0.005, enclosure grid 0.0025, node ceiling 57601, and every remaining inferential setting","ED1_TWO_ROOT_SV_POWER_n8000","diagnostic","TWO_ROOT_SV_POWER",8000,8000,"absolute","K3",0.25,2.5,"depth6_reference","depth8_refined","ED1_011_TWO_ROOT_SV_POWER_n8000_depth6_reference","ED1_012_TWO_ROOT_SV_POWER_n8000_depth8_refined","continuous","tangency_global_outer_right_radius_conditional_on_continuum_band_coverage",254,254,254,254,0,,,,,,,,,,,,,,,,
"enclosure_depth_v001","depth8_refined_minus_depth6_reference","maximum continuum-enclosure depth 8 minus 6, with guard depth fixed at 6 and with identical samples, multipliers, B=999, bootstrap grid 0.005, enclosure grid 0.0025, node ceiling 57601, and every remaining inferential setting","ED1_TWO_ROOT_SV_POWER_n2000","diagnostic","TWO_ROOT_SV_POWER",2000,2000,"absolute","K3",0.25,2.5,"depth6_reference","depth8_refined","ED1_007_TWO_ROOT_SV_POWER_n2000_depth6_reference","ED1_008_TWO_ROOT_SV_POWER_n2000_depth8_refined","continuous","tangency_global_outer_total_length_conditional_on_continuum_band_coverage",254,254,254,254,0,,,,,,,,,,,,,,,,
"enclosure_depth_v001","depth8_refined_minus_depth6_reference","maximum continuum-enclosure depth 8 minus 6, with guard depth fixed at 6 and with identical samples, multipliers, B=999, bootstrap grid 0.005, enclosure grid 0.0025, node ceiling 57601, and every remaining inferential setting","ED1_TWO_ROOT_SV_POWER_n4000","diagnostic","TWO_ROOT_SV_POWER",4000,4000,"absolute","K3",0.25,2.5,"depth6_reference","depth8_refined","ED1_009_TWO_ROOT_SV_POWER_n4000_depth6_reference","ED1_010_TWO_ROOT_SV_POWER_n4000_depth8_refined","continuous","tangency_global_outer_total_length_conditional_on_continuum_band_coverage",254,254,254,254,0,,,,,,,,,,,,,,,,
"enclosure_depth_v001","depth8_refined_minus_depth6_reference","maximum continuum-enclosure depth 8 minus 6, with guard depth fixed at 6 and with identical samples, multipliers, B=999, bootstrap grid 0.005, enclosure grid 0.0025, node ceiling 57601, and every remaining inferential setting","ED1_TWO_ROOT_SV_POWER_n8000","diagnostic","TWO_ROOT_SV_POWER",8000,8000,"absolute","K3",0.25,2.5,"depth6_reference","depth8_refined","ED1_011_TWO_ROOT_SV_POWER_n8000_depth6_reference","ED1_012_TWO_ROOT_SV_POWER_n8000_depth8_refined","continuous","tangency_global_outer_total_length_conditional_on_continuum_band_coverage",254,254,254,254,0,,,,,,,,,,,,,,,,
"enclosure_depth_v001","depth8_refined_minus_depth6_reference","maximum continuum-enclosure depth 8 minus 6, with guard depth fixed at 6 and with identical samples, multipliers, B=999, bootstrap grid 0.005, enclosure grid 0.0025, node ceiling 57601, and every remaining inferential setting","ED1_TWO_ROOT_SV_POWER_n2000","diagnostic","TWO_ROOT_SV_POWER",2000,2000,"absolute","K3",0.25,2.5,"depth6_reference","depth8_refined","ED1_007_TWO_ROOT_SV_POWER_n2000_depth6_reference","ED1_008_TWO_ROOT_SV_POWER_n2000_depth8_refined","continuous","tangency_global_root_component_left_conditional_on_continuum_band_coverage",254,254,254,254,0,,,,,,,,,,,,,,,,
"enclosure_depth_v001","depth8_refined_minus_depth6_reference","maximum continuum-enclosure depth 8 minus 6, with guard depth fixed at 6 and with identical samples, multipliers, B=999, bootstrap grid 0.005, enclosure grid 0.0025, node ceiling 57601, and every remaining inferential setting","ED1_TWO_ROOT_SV_POWER_n4000","diagnostic","TWO_ROOT_SV_POWER",4000,4000,"absolute","K3",0.25,2.5,"depth6_reference","depth8_refined","ED1_009_TWO_ROOT_SV_POWER_n4000_depth6_reference","ED1_010_TWO_ROOT_SV_POWER_n4000_depth8_refined","continuous","tangency_global_root_component_left_conditional_on_continuum_band_coverage",254,254,254,254,0,,,,,,,,,,,,,,,,
"enclosure_depth_v001","depth8_refined_minus_depth6_reference","maximum continuum-enclosure depth 8 minus 6, with guard depth fixed at 6 and with identical samples, multipliers, B=999, bootstrap grid 0.005, enclosure grid 0.0025, node ceiling 57601, and every remaining inferential setting","ED1_TWO_ROOT_SV_POWER_n8000","diagnostic","TWO_ROOT_SV_POWER",8000,8000,"absolute","K3",0.25,2.5,"depth6_reference","depth8_refined","ED1_011_TWO_ROOT_SV_POWER_n8000_depth6_reference","ED1_012_TWO_ROOT_SV_POWER_n8000_depth8_refined","continuous","tangency_global_root_component_left_conditional_on_continuum_band_coverage",254,254,254,254,0,,,,,,,,,,,,,,,,
"enclosure_depth_v001","depth8_refined_minus_depth6_reference","maximum continuum-enclosure depth 8 minus 6, with guard depth fixed at 6 and with identical samples, multipliers, B=999, bootstrap grid 0.005, enclosure grid 0.0025, node ceiling 57601, and every remaining inferential setting","ED1_TWO_ROOT_SV_POWER_n2000","diagnostic","TWO_ROOT_SV_POWER",2000,2000,"absolute","K3",0.25,2.5,"depth6_reference","depth8_refined","ED1_007_TWO_ROOT_SV_POWER_n2000_depth6_reference","ED1_008_TWO_ROOT_SV_POWER_n2000_depth8_refined","continuous","tangency_global_root_component_left_radius_conditional_on_continuum_band_coverage",254,254,254,254,0,,,,,,,,,,,,,,,,
"enclosure_depth_v001","depth8_refined_minus_depth6_reference","maximum continuum-enclosure depth 8 minus 6, with guard depth fixed at 6 and with identical samples, multipliers, B=999, bootstrap grid 0.005, enclosure grid 0.0025, node ceiling 57601, and every remaining inferential setting","ED1_TWO_ROOT_SV_POWER_n4000","diagnostic","TWO_ROOT_SV_POWER",4000,4000,"absolute","K3",0.25,2.5,"depth6_reference","depth8_refined","ED1_009_TWO_ROOT_SV_POWER_n4000_depth6_reference","ED1_010_TWO_ROOT_SV_POWER_n4000_depth8_refined","continuous","tangency_global_root_component_left_radius_conditional_on_continuum_band_coverage",254,254,254,254,0,,,,,,,,,,,,,,,,
"enclosure_depth_v001","depth8_refined_minus_depth6_reference","maximum continuum-enclosure depth 8 minus 6, with guard depth fixed at 6 and with identical samples, multipliers, B=999, bootstrap grid 0.005, enclosure grid 0.0025, node ceiling 57601, and every remaining inferential setting","ED1_TWO_ROOT_SV_POWER_n8000","diagnostic","TWO_ROOT_SV_POWER",8000,8000,"absolute","K3",0.25,2.5,"depth6_reference","depth8_refined","ED1_011_TWO_ROOT_SV_POWER_n8000_depth6_reference","ED1_012_TWO_ROOT_SV_POWER_n8000_depth8_refined","continuous","tangency_global_root_component_left_radius_conditional_on_continuum_band_coverage",254,254,254,254,0,,,,,,,,,,,,,,,,
"enclosure_depth_v001","depth8_refined_minus_depth6_reference","maximum continuum-enclosure depth 8 minus 6, with guard depth fixed at 6 and with identical samples, multipliers, B=999, bootstrap grid 0.005, enclosure grid 0.0025, node ceiling 57601, and every remaining inferential setting","ED1_TWO_ROOT_SV_POWER_n2000","diagnostic","TWO_ROOT_SV_POWER",2000,2000,"absolute","K3",0.25,2.5,"depth6_reference","depth8_refined","ED1_007_TWO_ROOT_SV_POWER_n2000_depth6_reference","ED1_008_TWO_ROOT_SV_POWER_n2000_depth8_refined","continuous","tangency_global_root_component_length_conditional_on_continuum_band_coverage",254,254,254,254,0,,,,,,,,,,,,,,,,
"enclosure_depth_v001","depth8_refined_minus_depth6_reference","maximum continuum-enclosure depth 8 minus 6, with guard depth fixed at 6 and with identical samples, multipliers, B=999, bootstrap grid 0.005, enclosure grid 0.0025, node ceiling 57601, and every remaining inferential setting","ED1_TWO_ROOT_SV_POWER_n4000","diagnostic","TWO_ROOT_SV_POWER",4000,4000,"absolute","K3",0.25,2.5,"depth6_reference","depth8_refined","ED1_009_TWO_ROOT_SV_POWER_n4000_depth6_reference","ED1_010_TWO_ROOT_SV_POWER_n4000_depth8_refined","continuous","tangency_global_root_component_length_conditional_on_continuum_band_coverage",254,254,254,254,0,,,,,,,,,,,,,,,,
"enclosure_depth_v001","depth8_refined_minus_depth6_reference","maximum continuum-enclosure depth 8 minus 6, with guard depth fixed at 6 and with identical samples, multipliers, B=999, bootstrap grid 0.005, enclosure grid 0.0025, node ceiling 57601, and every remaining inferential setting","ED1_TWO_ROOT_SV_POWER_n8000","diagnostic","TWO_ROOT_SV_POWER",8000,8000,"absolute","K3",0.25,2.5,"depth6_reference","depth8_refined","ED1_011_TWO_ROOT_SV_POWER_n8000_depth6_reference","ED1_012_TWO_ROOT_SV_POWER_n8000_depth8_refined","continuous","tangency_global_root_component_length_conditional_on_continuum_band_coverage",254,254,254,254,0,,,,,,,,,,,,,,,,
"enclosure_depth_v001","depth8_refined_minus_depth6_reference","maximum continuum-enclosure depth 8 minus 6, with guard depth fixed at 6 and with identical samples, multipliers, B=999, bootstrap grid 0.005, enclosure grid 0.0025, node ceiling 57601, and every remaining inferential setting","ED1_TWO_ROOT_SV_POWER_n2000","diagnostic","TWO_ROOT_SV_POWER",2000,2000,"absolute","K3",0.25,2.5,"depth6_reference","depth8_refined","ED1_007_TWO_ROOT_SV_POWER_n2000_depth6_reference","ED1_008_TWO_ROOT_SV_POWER_n2000_depth8_refined","continuous","tangency_global_root_component_right_conditional_on_continuum_band_coverage",254,254,254,254,0,,,,,,,,,,,,,,,,
"enclosure_depth_v001","depth8_refined_minus_depth6_reference","maximum continuum-enclosure depth 8 minus 6, with guard depth fixed at 6 and with identical samples, multipliers, B=999, bootstrap grid 0.005, enclosure grid 0.0025, node ceiling 57601, and every remaining inferential setting","ED1_TWO_ROOT_SV_POWER_n4000","diagnostic","TWO_ROOT_SV_POWER",4000,4000,"absolute","K3",0.25,2.5,"depth6_reference","depth8_refined","ED1_009_TWO_ROOT_SV_POWER_n4000_depth6_reference","ED1_010_TWO_ROOT_SV_POWER_n4000_depth8_refined","continuous","tangency_global_root_component_right_conditional_on_continuum_band_coverage",254,254,254,254,0,,,,,,,,,,,,,,,,
"enclosure_depth_v001","depth8_refined_minus_depth6_reference","maximum continuum-enclosure depth 8 minus 6, with guard depth fixed at 6 and with identical samples, multipliers, B=999, bootstrap grid 0.005, enclosure grid 0.0025, node ceiling 57601, and every remaining inferential setting","ED1_TWO_ROOT_SV_POWER_n8000","diagnostic","TWO_ROOT_SV_POWER",8000,8000,"absolute","K3",0.25,2.5,"depth6_reference","depth8_refined","ED1_011_TWO_ROOT_SV_POWER_n8000_depth6_reference","ED1_012_TWO_ROOT_SV_POWER_n8000_depth8_refined","continuous","tangency_global_root_component_right_conditional_on_continuum_band_coverage",254,254,254,254,0,,,,,,,,,,,,,,,,
"enclosure_depth_v001","depth8_refined_minus_depth6_reference","maximum continuum-enclosure depth 8 minus 6, with guard depth fixed at 6 and with identical samples, multipliers, B=999, bootstrap grid 0.005, enclosure grid 0.0025, node ceiling 57601, and every remaining inferential setting","ED1_TWO_ROOT_SV_POWER_n2000","diagnostic","TWO_ROOT_SV_POWER",2000,2000,"absolute","K3",0.25,2.5,"depth6_reference","depth8_refined","ED1_007_TWO_ROOT_SV_POWER_n2000_depth6_reference","ED1_008_TWO_ROOT_SV_POWER_n2000_depth8_refined","continuous","tangency_global_root_component_right_radius_conditional_on_continuum_band_coverage",254,254,254,254,0,,,,,,,,,,,,,,,,
"enclosure_depth_v001","depth8_refined_minus_depth6_reference","maximum continuum-enclosure depth 8 minus 6, with guard depth fixed at 6 and with identical samples, multipliers, B=999, bootstrap grid 0.005, enclosure grid 0.0025, node ceiling 57601, and every remaining inferential setting","ED1_TWO_ROOT_SV_POWER_n4000","diagnostic","TWO_ROOT_SV_POWER",4000,4000,"absolute","K3",0.25,2.5,"depth6_reference","depth8_refined","ED1_009_TWO_ROOT_SV_POWER_n4000_depth6_reference","ED1_010_TWO_ROOT_SV_POWER_n4000_depth8_refined","continuous","tangency_global_root_component_right_radius_conditional_on_continuum_band_coverage",254,254,254,254,0,,,,,,,,,,,,,,,,
"enclosure_depth_v001","depth8_refined_minus_depth6_reference","maximum continuum-enclosure depth 8 minus 6, with guard depth fixed at 6 and with identical samples, multipliers, B=999, bootstrap grid 0.005, enclosure grid 0.0025, node ceiling 57601, and every remaining inferential setting","ED1_TWO_ROOT_SV_POWER_n8000","diagnostic","TWO_ROOT_SV_POWER",8000,8000,"absolute","K3",0.25,2.5,"depth6_reference","depth8_refined","ED1_011_TWO_ROOT_SV_POWER_n8000_depth6_reference","ED1_012_TWO_ROOT_SV_POWER_n8000_depth8_refined","continuous","tangency_global_root_component_right_radius_conditional_on_continuum_band_coverage",254,254,254,254,0,,,,,,,,,,,,,,,,
"enclosure_depth_v001","depth8_refined_minus_depth6_reference","maximum continuum-enclosure depth 8 minus 6, with guard depth fixed at 6 and with identical samples, multipliers, B=999, bootstrap grid 0.005, enclosure grid 0.0025, node ceiling 57601, and every remaining inferential setting","ED1_TWO_ROOT_SV_POWER_n2000","diagnostic","TWO_ROOT_SV_POWER",2000,2000,"absolute","K3",0.25,2.5,"depth6_reference","depth8_refined","ED1_007_TWO_ROOT_SV_POWER_n2000_depth6_reference","ED1_008_TWO_ROOT_SV_POWER_n2000_depth8_refined","continuous","tangency_global_scaled_outer_hausdorff_conditional_on_continuum_band_coverage",254,254,254,254,0,,,,,,,,,,,,,,,,
"enclosure_depth_v001","depth8_refined_minus_depth6_reference","maximum continuum-enclosure depth 8 minus 6, with guard depth fixed at 6 and with identical samples, multipliers, B=999, bootstrap grid 0.005, enclosure grid 0.0025, node ceiling 57601, and every remaining inferential setting","ED1_TWO_ROOT_SV_POWER_n4000","diagnostic","TWO_ROOT_SV_POWER",4000,4000,"absolute","K3",0.25,2.5,"depth6_reference","depth8_refined","ED1_009_TWO_ROOT_SV_POWER_n4000_depth6_reference","ED1_010_TWO_ROOT_SV_POWER_n4000_depth8_refined","continuous","tangency_global_scaled_outer_hausdorff_conditional_on_continuum_band_coverage",254,254,254,254,0,,,,,,,,,,,,,,,,
"enclosure_depth_v001","depth8_refined_minus_depth6_reference","maximum continuum-enclosure depth 8 minus 6, with guard depth fixed at 6 and with identical samples, multipliers, B=999, bootstrap grid 0.005, enclosure grid 0.0025, node ceiling 57601, and every remaining inferential setting","ED1_TWO_ROOT_SV_POWER_n8000","diagnostic","TWO_ROOT_SV_POWER",8000,8000,"absolute","K3",0.25,2.5,"depth6_reference","depth8_refined","ED1_011_TWO_ROOT_SV_POWER_n8000_depth6_reference","ED1_012_TWO_ROOT_SV_POWER_n8000_depth8_refined","continuous","tangency_global_scaled_outer_hausdorff_conditional_on_continuum_band_coverage",254,254,254,254,0,,,,,,,,,,,,,,,,
"enclosure_depth_v001","depth8_refined_minus_depth6_reference","maximum continuum-enclosure depth 8 minus 6, with guard depth fixed at 6 and with identical samples, multipliers, B=999, bootstrap grid 0.005, enclosure grid 0.0025, node ceiling 57601, and every remaining inferential setting","ED1_TWO_ROOT_SV_POWER_n2000","diagnostic","TWO_ROOT_SV_POWER",2000,2000,"absolute","K3",0.25,2.5,"depth6_reference","depth8_refined","ED1_007_TWO_ROOT_SV_POWER_n2000_depth6_reference","ED1_008_TWO_ROOT_SV_POWER_n2000_depth8_refined","continuous","tangency_global_scaled_outer_left_radius_conditional_on_continuum_band_coverage",254,254,254,254,0,,,,,,,,,,,,,,,,
"enclosure_depth_v001","depth8_refined_minus_depth6_reference","maximum continuum-enclosure depth 8 minus 6, with guard depth fixed at 6 and with identical samples, multipliers, B=999, bootstrap grid 0.005, enclosure grid 0.0025, node ceiling 57601, and every remaining inferential setting","ED1_TWO_ROOT_SV_POWER_n4000","diagnostic","TWO_ROOT_SV_POWER",4000,4000,"absolute","K3",0.25,2.5,"depth6_reference","depth8_refined","ED1_009_TWO_ROOT_SV_POWER_n4000_depth6_reference","ED1_010_TWO_ROOT_SV_POWER_n4000_depth8_refined","continuous","tangency_global_scaled_outer_left_radius_conditional_on_continuum_band_coverage",254,254,254,254,0,,,,,,,,,,,,,,,,
"enclosure_depth_v001","depth8_refined_minus_depth6_reference","maximum continuum-enclosure depth 8 minus 6, with guard depth fixed at 6 and with identical samples, multipliers, B=999, bootstrap grid 0.005, enclosure grid 0.0025, node ceiling 57601, and every remaining inferential setting","ED1_TWO_ROOT_SV_POWER_n8000","diagnostic","TWO_ROOT_SV_POWER",8000,8000,"absolute","K3",0.25,2.5,"depth6_reference","depth8_refined","ED1_011_TWO_ROOT_SV_POWER_n8000_depth6_reference","ED1_012_TWO_ROOT_SV_POWER_n8000_depth8_refined","continuous","tangency_global_scaled_outer_left_radius_conditional_on_continuum_band_coverage",254,254,254,254,0,,,,,,,,,,,,,,,,
"enclosure_depth_v001","depth8_refined_minus_depth6_reference","maximum continuum-enclosure depth 8 minus 6, with guard depth fixed at 6 and with identical samples, multipliers, B=999, bootstrap grid 0.005, enclosure grid 0.0025, node ceiling 57601, and every remaining inferential setting","ED1_TWO_ROOT_SV_POWER_n2000","diagnostic","TWO_ROOT_SV_POWER",2000,2000,"absolute","K3",0.25,2.5,"depth6_reference","depth8_refined","ED1_007_TWO_ROOT_SV_POWER_n2000_depth6_reference","ED1_008_TWO_ROOT_SV_POWER_n2000_depth8_refined","continuous","tangency_global_scaled_outer_right_radius_conditional_on_continuum_band_coverage",254,254,254,254,0,,,,,,,,,,,,,,,,
"enclosure_depth_v001","depth8_refined_minus_depth6_reference","maximum continuum-enclosure depth 8 minus 6, with guard depth fixed at 6 and with identical samples, multipliers, B=999, bootstrap grid 0.005, enclosure grid 0.0025, node ceiling 57601, and every remaining inferential setting","ED1_TWO_ROOT_SV_POWER_n4000","diagnostic","TWO_ROOT_SV_POWER",4000,4000,"absolute","K3",0.25,2.5,"depth6_reference","depth8_refined","ED1_009_TWO_ROOT_SV_POWER_n4000_depth6_reference","ED1_010_TWO_ROOT_SV_POWER_n4000_depth8_refined","continuous","tangency_global_scaled_outer_right_radius_conditional_on_continuum_band_coverage",254,254,254,254,0,,,,,,,,,,,,,,,,
"enclosure_depth_v001","depth8_refined_minus_depth6_reference","maximum continuum-enclosure depth 8 minus 6, with guard depth fixed at 6 and with identical samples, multipliers, B=999, bootstrap grid 0.005, enclosure grid 0.0025, node ceiling 57601, and every remaining inferential setting","ED1_TWO_ROOT_SV_POWER_n8000","diagnostic","TWO_ROOT_SV_POWER",8000,8000,"absolute","K3",0.25,2.5,"depth6_reference","depth8_refined","ED1_011_TWO_ROOT_SV_POWER_n8000_depth6_reference","ED1_012_TWO_ROOT_SV_POWER_n8000_depth8_refined","continuous","tangency_global_scaled_outer_right_radius_conditional_on_continuum_band_coverage",254,254,254,254,0,,,,,,,,,,,,,,,,
"enclosure_depth_v001","depth8_refined_minus_depth6_reference","maximum continuum-enclosure depth 8 minus 6, with guard depth fixed at 6 and with identical samples, multipliers, B=999, bootstrap grid 0.005, enclosure grid 0.0025, node ceiling 57601, and every remaining inferential setting","ED1_TWO_ROOT_SV_POWER_n2000","diagnostic","TWO_ROOT_SV_POWER",2000,2000,"absolute","K3",0.25,2.5,"depth6_reference","depth8_refined","ED1_007_TWO_ROOT_SV_POWER_n2000_depth6_reference","ED1_008_TWO_ROOT_SV_POWER_n2000_depth8_refined","continuous","tangency_global_scaled_outer_total_length_conditional_on_continuum_band_coverage",254,254,254,254,0,,,,,,,,,,,,,,,,
"enclosure_depth_v001","depth8_refined_minus_depth6_reference","maximum continuum-enclosure depth 8 minus 6, with guard depth fixed at 6 and with identical samples, multipliers, B=999, bootstrap grid 0.005, enclosure grid 0.0025, node ceiling 57601, and every remaining inferential setting","ED1_TWO_ROOT_SV_POWER_n4000","diagnostic","TWO_ROOT_SV_POWER",4000,4000,"absolute","K3",0.25,2.5,"depth6_reference","depth8_refined","ED1_009_TWO_ROOT_SV_POWER_n4000_depth6_reference","ED1_010_TWO_ROOT_SV_POWER_n4000_depth8_refined","continuous","tangency_global_scaled_outer_total_length_conditional_on_continuum_band_coverage",254,254,254,254,0,,,,,,,,,,,,,,,,
"enclosure_depth_v001","depth8_refined_minus_depth6_reference","maximum continuum-enclosure depth 8 minus 6, with guard depth fixed at 6 and with identical samples, multipliers, B=999, bootstrap grid 0.005, enclosure grid 0.0025, node ceiling 57601, and every remaining inferential setting","ED1_TWO_ROOT_SV_POWER_n8000","diagnostic","TWO_ROOT_SV_POWER",8000,8000,"absolute","K3",0.25,2.5,"depth6_reference","depth8_refined","ED1_011_TWO_ROOT_SV_POWER_n8000_depth6_reference","ED1_012_TWO_ROOT_SV_POWER_n8000_depth8_refined","continuous","tangency_global_scaled_outer_total_length_conditional_on_continuum_band_coverage",254,254,254,254,0,,,,,,,,,,,,,,,,
"enclosure_depth_v001","depth8_refined_minus_depth6_reference","maximum continuum-enclosure depth 8 minus 6, with guard depth fixed at 6 and with identical samples, multipliers, B=999, bootstrap grid 0.005, enclosure grid 0.0025, node ceiling 57601, and every remaining inferential setting","ED1_TWO_ROOT_SV_POWER_n2000","diagnostic","TWO_ROOT_SV_POWER",2000,2000,"absolute","K3",0.25,2.5,"depth6_reference","depth8_refined","ED1_007_TWO_ROOT_SV_POWER_n2000_depth6_reference","ED1_008_TWO_ROOT_SV_POWER_n2000_depth8_refined","continuous","tangency_global_scaled_root_component_left_radius_conditional_on_continuum_band_coverage",254,254,254,254,0,,,,,,,,,,,,,,,,
"enclosure_depth_v001","depth8_refined_minus_depth6_reference","maximum continuum-enclosure depth 8 minus 6, with guard depth fixed at 6 and with identical samples, multipliers, B=999, bootstrap grid 0.005, enclosure grid 0.0025, node ceiling 57601, and every remaining inferential setting","ED1_TWO_ROOT_SV_POWER_n4000","diagnostic","TWO_ROOT_SV_POWER",4000,4000,"absolute","K3",0.25,2.5,"depth6_reference","depth8_refined","ED1_009_TWO_ROOT_SV_POWER_n4000_depth6_reference","ED1_010_TWO_ROOT_SV_POWER_n4000_depth8_refined","continuous","tangency_global_scaled_root_component_left_radius_conditional_on_continuum_band_coverage",254,254,254,254,0,,,,,,,,,,,,,,,,
"enclosure_depth_v001","depth8_refined_minus_depth6_reference","maximum continuum-enclosure depth 8 minus 6, with guard depth fixed at 6 and with identical samples, multipliers, B=999, bootstrap grid 0.005, enclosure grid 0.0025, node ceiling 57601, and every remaining inferential setting","ED1_TWO_ROOT_SV_POWER_n8000","diagnostic","TWO_ROOT_SV_POWER",8000,8000,"absolute","K3",0.25,2.5,"depth6_reference","depth8_refined","ED1_011_TWO_ROOT_SV_POWER_n8000_depth6_reference","ED1_012_TWO_ROOT_SV_POWER_n8000_depth8_refined","continuous","tangency_global_scaled_root_component_left_radius_conditional_on_continuum_band_coverage",254,254,254,254,0,,,,,,,,,,,,,,,,
"enclosure_depth_v001","depth8_refined_minus_depth6_reference","maximum continuum-enclosure depth 8 minus 6, with guard depth fixed at 6 and with identical samples, multipliers, B=999, bootstrap grid 0.005, enclosure grid 0.0025, node ceiling 57601, and every remaining inferential setting","ED1_TWO_ROOT_SV_POWER_n2000","diagnostic","TWO_ROOT_SV_POWER",2000,2000,"absolute","K3",0.25,2.5,"depth6_reference","depth8_refined","ED1_007_TWO_ROOT_SV_POWER_n2000_depth6_reference","ED1_008_TWO_ROOT_SV_POWER_n2000_depth8_refined","continuous","tangency_global_scaled_root_component_length_conditional_on_continuum_band_coverage",254,254,254,254,0,,,,,,,,,,,,,,,,
"enclosure_depth_v001","depth8_refined_minus_depth6_reference","maximum continuum-enclosure depth 8 minus 6, with guard depth fixed at 6 and with identical samples, multipliers, B=999, bootstrap grid 0.005, enclosure grid 0.0025, node ceiling 57601, and every remaining inferential setting","ED1_TWO_ROOT_SV_POWER_n4000","diagnostic","TWO_ROOT_SV_POWER",4000,4000,"absolute","K3",0.25,2.5,"depth6_reference","depth8_refined","ED1_009_TWO_ROOT_SV_POWER_n4000_depth6_reference","ED1_010_TWO_ROOT_SV_POWER_n4000_depth8_refined","continuous","tangency_global_scaled_root_component_length_conditional_on_continuum_band_coverage",254,254,254,254,0,,,,,,,,,,,,,,,,
"enclosure_depth_v001","depth8_refined_minus_depth6_reference","maximum continuum-enclosure depth 8 minus 6, with guard depth fixed at 6 and with identical samples, multipliers, B=999, bootstrap grid 0.005, enclosure grid 0.0025, node ceiling 57601, and every remaining inferential setting","ED1_TWO_ROOT_SV_POWER_n8000","diagnostic","TWO_ROOT_SV_POWER",8000,8000,"absolute","K3",0.25,2.5,"depth6_reference","depth8_refined","ED1_011_TWO_ROOT_SV_POWER_n8000_depth6_reference","ED1_012_TWO_ROOT_SV_POWER_n8000_depth8_refined","continuous","tangency_global_scaled_root_component_length_conditional_on_continuum_band_coverage",254,254,254,254,0,,,,,,,,,,,,,,,,
"enclosure_depth_v001","depth8_refined_minus_depth6_reference","maximum continuum-enclosure depth 8 minus 6, with guard depth fixed at 6 and with identical samples, multipliers, B=999, bootstrap grid 0.005, enclosure grid 0.0025, node ceiling 57601, and every remaining inferential setting","ED1_TWO_ROOT_SV_POWER_n2000","diagnostic","TWO_ROOT_SV_POWER",2000,2000,"absolute","K3",0.25,2.5,"depth6_reference","depth8_refined","ED1_007_TWO_ROOT_SV_POWER_n2000_depth6_reference","ED1_008_TWO_ROOT_SV_POWER_n2000_depth8_refined","continuous","tangency_global_scaled_root_component_right_radius_conditional_on_continuum_band_coverage",254,254,254,254,0,,,,,,,,,,,,,,,,
"enclosure_depth_v001","depth8_refined_minus_depth6_reference","maximum continuum-enclosure depth 8 minus 6, with guard depth fixed at 6 and with identical samples, multipliers, B=999, bootstrap grid 0.005, enclosure grid 0.0025, node ceiling 57601, and every remaining inferential setting","ED1_TWO_ROOT_SV_POWER_n4000","diagnostic","TWO_ROOT_SV_POWER",4000,4000,"absolute","K3",0.25,2.5,"depth6_reference","depth8_refined","ED1_009_TWO_ROOT_SV_POWER_n4000_depth6_reference","ED1_010_TWO_ROOT_SV_POWER_n4000_depth8_refined","continuous","tangency_global_scaled_root_component_right_radius_conditional_on_continuum_band_coverage",254,254,254,254,0,,,,,,,,,,,,,,,,
"enclosure_depth_v001","depth8_refined_minus_depth6_reference","maximum continuum-enclosure depth 8 minus 6, with guard depth fixed at 6 and with identical samples, multipliers, B=999, bootstrap grid 0.005, enclosure grid 0.0025, node ceiling 57601, and every remaining inferential setting","ED1_TWO_ROOT_SV_POWER_n8000","diagnostic","TWO_ROOT_SV_POWER",8000,8000,"absolute","K3",0.25,2.5,"depth6_reference","depth8_refined","ED1_011_TWO_ROOT_SV_POWER_n8000_depth6_reference","ED1_012_TWO_ROOT_SV_POWER_n8000_depth8_refined","continuous","tangency_global_scaled_root_component_right_radius_conditional_on_continuum_band_coverage",254,254,254,254,0,,,,,,,,,,,,,,,,
"enclosure_depth_v001","depth8_refined_minus_depth6_reference","maximum continuum-enclosure depth 8 minus 6, with guard depth fixed at 6 and with identical samples, multipliers, B=999, bootstrap grid 0.005, enclosure grid 0.0025, node ceiling 57601, and every remaining inferential setting","ED1_TWO_ROOT_SV_POWER_n2000","diagnostic","TWO_ROOT_SV_POWER",2000,2000,"absolute","K3",0.25,2.5,"depth6_reference","depth8_refined","ED1_007_TWO_ROOT_SV_POWER_n2000_depth6_reference","ED1_008_TWO_ROOT_SV_POWER_n2000_depth8_refined","continuous","tangency_local_outer_total_length",254,254,254,254,0,,,,,,,,,,,,,,,,
"enclosure_depth_v001","depth8_refined_minus_depth6_reference","maximum continuum-enclosure depth 8 minus 6, with guard depth fixed at 6 and with identical samples, multipliers, B=999, bootstrap grid 0.005, enclosure grid 0.0025, node ceiling 57601, and every remaining inferential setting","ED1_TWO_ROOT_SV_POWER_n4000","diagnostic","TWO_ROOT_SV_POWER",4000,4000,"absolute","K3",0.25,2.5,"depth6_reference","depth8_refined","ED1_009_TWO_ROOT_SV_POWER_n4000_depth6_reference","ED1_010_TWO_ROOT_SV_POWER_n4000_depth8_refined","continuous","tangency_local_outer_total_length",254,254,254,254,0,,,,,,,,,,,,,,,,
"enclosure_depth_v001","depth8_refined_minus_depth6_reference","maximum continuum-enclosure depth 8 minus 6, with guard depth fixed at 6 and with identical samples, multipliers, B=999, bootstrap grid 0.005, enclosure grid 0.0025, node ceiling 57601, and every remaining inferential setting","ED1_TWO_ROOT_SV_POWER_n8000","diagnostic","TWO_ROOT_SV_POWER",8000,8000,"absolute","K3",0.25,2.5,"depth6_reference","depth8_refined","ED1_011_TWO_ROOT_SV_POWER_n8000_depth6_reference","ED1_012_TWO_ROOT_SV_POWER_n8000_depth8_refined","continuous","tangency_local_outer_total_length",254,254,254,254,0,,,,,,,,,,,,,,,,
"enclosure_depth_v001","depth8_refined_minus_depth6_reference","maximum continuum-enclosure depth 8 minus 6, with guard depth fixed at 6 and with identical samples, multipliers, B=999, bootstrap grid 0.005, enclosure grid 0.0025, node ceiling 57601, and every remaining inferential setting","ED1_TWO_ROOT_SV_POWER_n2000","diagnostic","TWO_ROOT_SV_POWER",2000,2000,"absolute","K3",0.25,2.5,"depth6_reference","depth8_refined","ED1_007_TWO_ROOT_SV_POWER_n2000_depth6_reference","ED1_008_TWO_ROOT_SV_POWER_n2000_depth8_refined","continuous","tangency_scaled_outer_hausdorff",254,254,254,254,0,,,,,,,,,,,,,,,,
"enclosure_depth_v001","depth8_refined_minus_depth6_reference","maximum continuum-enclosure depth 8 minus 6, with guard depth fixed at 6 and with identical samples, multipliers, B=999, bootstrap grid 0.005, enclosure grid 0.0025, node ceiling 57601, and every remaining inferential setting","ED1_TWO_ROOT_SV_POWER_n4000","diagnostic","TWO_ROOT_SV_POWER",4000,4000,"absolute","K3",0.25,2.5,"depth6_reference","depth8_refined","ED1_009_TWO_ROOT_SV_POWER_n4000_depth6_reference","ED1_010_TWO_ROOT_SV_POWER_n4000_depth8_refined","continuous","tangency_scaled_outer_hausdorff",254,254,254,254,0,,,,,,,,,,,,,,,,
"enclosure_depth_v001","depth8_refined_minus_depth6_reference","maximum continuum-enclosure depth 8 minus 6, with guard depth fixed at 6 and with identical samples, multipliers, B=999, bootstrap grid 0.005, enclosure grid 0.0025, node ceiling 57601, and every remaining inferential setting","ED1_TWO_ROOT_SV_POWER_n8000","diagnostic","TWO_ROOT_SV_POWER",8000,8000,"absolute","K3",0.25,2.5,"depth6_reference","depth8_refined","ED1_011_TWO_ROOT_SV_POWER_n8000_depth6_reference","ED1_012_TWO_ROOT_SV_POWER_n8000_depth8_refined","continuous","tangency_scaled_outer_hausdorff",254,254,254,254,0,,,,,,,,,,,,,,,,
"enclosure_depth_v001","depth8_refined_minus_depth6_reference","maximum continuum-enclosure depth 8 minus 6, with guard depth fixed at 6 and with identical samples, multipliers, B=999, bootstrap grid 0.005, enclosure grid 0.0025, node ceiling 57601, and every remaining inferential setting","ED1_TWO_ROOT_SV_POWER_n2000","diagnostic","TWO_ROOT_SV_POWER",2000,2000,"absolute","K3",0.25,2.5,"depth6_reference","depth8_refined","ED1_007_TWO_ROOT_SV_POWER_n2000_depth6_reference","ED1_008_TWO_ROOT_SV_POWER_n2000_depth8_refined","continuous","tangency_scaled_outer_radius",254,254,254,254,0,,,,,,,,,,,,,,,,
"enclosure_depth_v001","depth8_refined_minus_depth6_reference","maximum continuum-enclosure depth 8 minus 6, with guard depth fixed at 6 and with identical samples, multipliers, B=999, bootstrap grid 0.005, enclosure grid 0.0025, node ceiling 57601, and every remaining inferential setting","ED1_TWO_ROOT_SV_POWER_n4000","diagnostic","TWO_ROOT_SV_POWER",4000,4000,"absolute","K3",0.25,2.5,"depth6_reference","depth8_refined","ED1_009_TWO_ROOT_SV_POWER_n4000_depth6_reference","ED1_010_TWO_ROOT_SV_POWER_n4000_depth8_refined","continuous","tangency_scaled_outer_radius",254,254,254,254,0,,,,,,,,,,,,,,,,
"enclosure_depth_v001","depth8_refined_minus_depth6_reference","maximum continuum-enclosure depth 8 minus 6, with guard depth fixed at 6 and with identical samples, multipliers, B=999, bootstrap grid 0.005, enclosure grid 0.0025, node ceiling 57601, and every remaining inferential setting","ED1_TWO_ROOT_SV_POWER_n8000","diagnostic","TWO_ROOT_SV_POWER",8000,8000,"absolute","K3",0.25,2.5,"depth6_reference","depth8_refined","ED1_011_TWO_ROOT_SV_POWER_n8000_depth6_reference","ED1_012_TWO_ROOT_SV_POWER_n8000_depth8_refined","continuous","tangency_scaled_outer_radius",254,254,254,254,0,,,,,,,,,,,,,,,,
"enclosure_depth_v001","depth8_refined_minus_depth6_reference","maximum continuum-enclosure depth 8 minus 6, with guard depth fixed at 6 and with identical samples, multipliers, B=999, bootstrap grid 0.005, enclosure grid 0.0025, node ceiling 57601, and every remaining inferential setting","ED1_TWO_ROOT_SV_POWER_n2000","diagnostic","TWO_ROOT_SV_POWER",2000,2000,"absolute","K3",0.25,2.5,"depth6_reference","depth8_refined","ED1_007_TWO_ROOT_SV_POWER_n2000_depth6_reference","ED1_008_TWO_ROOT_SV_POWER_n2000_depth8_refined","continuous","tangency_truncated_local_outer_total_length",254,254,254,254,0,,,,,,,,,,,,,,,,
"enclosure_depth_v001","depth8_refined_minus_depth6_reference","maximum continuum-enclosure depth 8 minus 6, with guard depth fixed at 6 and with identical samples, multipliers, B=999, bootstrap grid 0.005, enclosure grid 0.0025, node ceiling 57601, and every remaining inferential setting","ED1_TWO_ROOT_SV_POWER_n4000","diagnostic","TWO_ROOT_SV_POWER",4000,4000,"absolute","K3",0.25,2.5,"depth6_reference","depth8_refined","ED1_009_TWO_ROOT_SV_POWER_n4000_depth6_reference","ED1_010_TWO_ROOT_SV_POWER_n4000_depth8_refined","continuous","tangency_truncated_local_outer_total_length",254,254,254,254,0,,,,,,,,,,,,,,,,
"enclosure_depth_v001","depth8_refined_minus_depth6_reference","maximum continuum-enclosure depth 8 minus 6, with guard depth fixed at 6 and with identical samples, multipliers, B=999, bootstrap grid 0.005, enclosure grid 0.0025, node ceiling 57601, and every remaining inferential setting","ED1_TWO_ROOT_SV_POWER_n8000","diagnostic","TWO_ROOT_SV_POWER",8000,8000,"absolute","K3",0.25,2.5,"depth6_reference","depth8_refined","ED1_011_TWO_ROOT_SV_POWER_n8000_depth6_reference","ED1_012_TWO_ROOT_SV_POWER_n8000_depth8_refined","continuous","tangency_truncated_local_outer_total_length",254,254,254,254,0,,,,,,,,,,,,,,,,
"enclosure_depth_v001","depth8_refined_minus_depth6_reference","maximum continuum-enclosure depth 8 minus 6, with guard depth fixed at 6 and with identical samples, multipliers, B=999, bootstrap grid 0.005, enclosure grid 0.0025, node ceiling 57601, and every remaining inferential setting","ED1_TWO_ROOT_SV_POWER_n2000","diagnostic","TWO_ROOT_SV_POWER",2000,2000,"absolute","K3",0.25,2.5,"depth6_reference","depth8_refined","ED1_007_TWO_ROOT_SV_POWER_n2000_depth6_reference","ED1_008_TWO_ROOT_SV_POWER_n2000_depth8_refined","continuous","tangency_truncated_local_scaled_outer_hausdorff",254,254,254,254,0,,,,,,,,,,,,,,,,
"enclosure_depth_v001","depth8_refined_minus_depth6_reference","maximum continuum-enclosure depth 8 minus 6, with guard depth fixed at 6 and with identical samples, multipliers, B=999, bootstrap grid 0.005, enclosure grid 0.0025, node ceiling 57601, and every remaining inferential setting","ED1_TWO_ROOT_SV_POWER_n4000","diagnostic","TWO_ROOT_SV_POWER",4000,4000,"absolute","K3",0.25,2.5,"depth6_reference","depth8_refined","ED1_009_TWO_ROOT_SV_POWER_n4000_depth6_reference","ED1_010_TWO_ROOT_SV_POWER_n4000_depth8_refined","continuous","tangency_truncated_local_scaled_outer_hausdorff",254,254,254,254,0,,,,,,,,,,,,,,,,
"enclosure_depth_v001","depth8_refined_minus_depth6_reference","maximum continuum-enclosure depth 8 minus 6, with guard depth fixed at 6 and with identical samples, multipliers, B=999, bootstrap grid 0.005, enclosure grid 0.0025, node ceiling 57601, and every remaining inferential setting","ED1_TWO_ROOT_SV_POWER_n8000","diagnostic","TWO_ROOT_SV_POWER",8000,8000,"absolute","K3",0.25,2.5,"depth6_reference","depth8_refined","ED1_011_TWO_ROOT_SV_POWER_n8000_depth6_reference","ED1_012_TWO_ROOT_SV_POWER_n8000_depth8_refined","continuous","tangency_truncated_local_scaled_outer_hausdorff",254,254,254,254,0,,,,,,,,,,,,,,,,
"enclosure_depth_v001","depth8_refined_minus_depth6_reference","maximum continuum-enclosure depth 8 minus 6, with guard depth fixed at 6 and with identical samples, multipliers, B=999, bootstrap grid 0.005, enclosure grid 0.0025, node ceiling 57601, and every remaining inferential setting","ED1_TWO_ROOT_SV_POWER_n2000","diagnostic","TWO_ROOT_SV_POWER",2000,2000,"absolute","K3",0.25,2.5,"depth6_reference","depth8_refined","ED1_007_TWO_ROOT_SV_POWER_n2000_depth6_reference","ED1_008_TWO_ROOT_SV_POWER_n2000_depth8_refined","continuous","tangency_truncated_local_scaled_outer_radius",254,254,254,254,0,,,,,,,,,,,,,,,,
"enclosure_depth_v001","depth8_refined_minus_depth6_reference","maximum continuum-enclosure depth 8 minus 6, with guard depth fixed at 6 and with identical samples, multipliers, B=999, bootstrap grid 0.005, enclosure grid 0.0025, node ceiling 57601, and every remaining inferential setting","ED1_TWO_ROOT_SV_POWER_n4000","diagnostic","TWO_ROOT_SV_POWER",4000,4000,"absolute","K3",0.25,2.5,"depth6_reference","depth8_refined","ED1_009_TWO_ROOT_SV_POWER_n4000_depth6_reference","ED1_010_TWO_ROOT_SV_POWER_n4000_depth8_refined","continuous","tangency_truncated_local_scaled_outer_radius",254,254,254,254,0,,,,,,,,,,,,,,,,
"enclosure_depth_v001","depth8_refined_minus_depth6_reference","maximum continuum-enclosure depth 8 minus 6, with guard depth fixed at 6 and with identical samples, multipliers, B=999, bootstrap grid 0.005, enclosure grid 0.0025, node ceiling 57601, and every remaining inferential setting","ED1_TWO_ROOT_SV_POWER_n8000","diagnostic","TWO_ROOT_SV_POWER",8000,8000,"absolute","K3",0.25,2.5,"depth6_reference","depth8_refined","ED1_011_TWO_ROOT_SV_POWER_n8000_depth6_reference","ED1_012_TWO_ROOT_SV_POWER_n8000_depth8_refined","continuous","tangency_truncated_local_scaled_outer_radius",254,254,254,254,0,,,,,,,,,,,,,,,,
"enclosure_depth_v001","depth8_refined_minus_depth6_reference","maximum continuum-enclosure depth 8 minus 6, with guard depth fixed at 6 and with identical samples, multipliers, B=999, bootstrap grid 0.005, enclosure grid 0.0025, node ceiling 57601, and every remaining inferential setting","ED1_TWO_ROOT_SV_POWER_n2000","diagnostic","TWO_ROOT_SV_POWER",2000,2000,"absolute","K3",0.25,2.5,"depth6_reference","depth8_refined","ED1_007_TWO_ROOT_SV_POWER_n2000_depth6_reference","ED1_008_TWO_ROOT_SV_POWER_n2000_depth8_refined","continuous","variance_at_root_hat",254,254,254,254,0,,,,,,,,,,,,,,,,
"enclosure_depth_v001","depth8_refined_minus_depth6_reference","maximum continuum-enclosure depth 8 minus 6, with guard depth fixed at 6 and with identical samples, multipliers, B=999, bootstrap grid 0.005, enclosure grid 0.0025, node ceiling 57601, and every remaining inferential setting","ED1_TWO_ROOT_SV_POWER_n4000","diagnostic","TWO_ROOT_SV_POWER",4000,4000,"absolute","K3",0.25,2.5,"depth6_reference","depth8_refined","ED1_009_TWO_ROOT_SV_POWER_n4000_depth6_reference","ED1_010_TWO_ROOT_SV_POWER_n4000_depth8_refined","continuous","variance_at_root_hat",254,254,254,254,0,,,,,,,,,,,,,,,,
"enclosure_depth_v001","depth8_refined_minus_depth6_reference","maximum continuum-enclosure depth 8 minus 6, with guard depth fixed at 6 and with identical samples, multipliers, B=999, bootstrap grid 0.005, enclosure grid 0.0025, node ceiling 57601, and every remaining inferential setting","ED1_TWO_ROOT_SV_POWER_n8000","diagnostic","TWO_ROOT_SV_POWER",8000,8000,"absolute","K3",0.25,2.5,"depth6_reference","depth8_refined","ED1_011_TWO_ROOT_SV_POWER_n8000_depth6_reference","ED1_012_TWO_ROOT_SV_POWER_n8000_depth8_refined","continuous","variance_at_root_hat",254,254,254,254,0,,,,,,,,,,,,,,,,
"enclosure_depth_v001","depth8_refined_minus_depth6_reference","maximum continuum-enclosure depth 8 minus 6, with guard depth fixed at 6 and with identical samples, multipliers, B=999, bootstrap grid 0.005, enclosure grid 0.0025, node ceiling 57601, and every remaining inferential setting","ED1_TWO_ROOT_SV_POWER_n2000","diagnostic","TWO_ROOT_SV_POWER",2000,2000,"absolute","K3",0.25,2.5,"depth6_reference","depth8_refined","ED1_007_TWO_ROOT_SV_POWER_n2000_depth6_reference","ED1_008_TWO_ROOT_SV_POWER_n2000_depth8_refined","continuous","wald_collection_bias_conditional_on_isolation",254,254,254,254,238,,,,,,,,,0.00175733120842144,0.00175733120842144,0,0,0,0,0,0
"enclosure_depth_v001","depth8_refined_minus_depth6_reference","maximum continuum-enclosure depth 8 minus 6, with guard depth fixed at 6 and with identical samples, multipliers, B=999, bootstrap grid 0.005, enclosure grid 0.0025, node ceiling 57601, and every remaining inferential setting","ED1_TWO_ROOT_SV_POWER_n4000","diagnostic","TWO_ROOT_SV_POWER",4000,4000,"absolute","K3",0.25,2.5,"depth6_reference","depth8_refined","ED1_009_TWO_ROOT_SV_POWER_n4000_depth6_reference","ED1_010_TWO_ROOT_SV_POWER_n4000_depth8_refined","continuous","wald_collection_bias_conditional_on_isolation",254,254,254,254,251,,,,,,,,,0.00459847282723368,0.00459847282723368,0,0,0,0,0,0
"enclosure_depth_v001","depth8_refined_minus_depth6_reference","maximum continuum-enclosure depth 8 minus 6, with guard depth fixed at 6 and with identical samples, multipliers, B=999, bootstrap grid 0.005, enclosure grid 0.0025, node ceiling 57601, and every remaining inferential setting","ED1_TWO_ROOT_SV_POWER_n8000","diagnostic","TWO_ROOT_SV_POWER",8000,8000,"absolute","K3",0.25,2.5,"depth6_reference","depth8_refined","ED1_011_TWO_ROOT_SV_POWER_n8000_depth6_reference","ED1_012_TWO_ROOT_SV_POWER_n8000_depth8_refined","continuous","wald_collection_bias_conditional_on_isolation",254,254,254,254,253,,,,,,,,,0.00108798721212411,0.00108798721212411,0,0,0,0,0,0
"enclosure_depth_v001","depth8_refined_minus_depth6_reference","maximum continuum-enclosure depth 8 minus 6, with guard depth fixed at 6 and with identical samples, multipliers, B=999, bootstrap grid 0.005, enclosure grid 0.0025, node ceiling 57601, and every remaining inferential setting","ED1_TWO_ROOT_SV_POWER_n2000","diagnostic","TWO_ROOT_SV_POWER",2000,2000,"absolute","K3",0.25,2.5,"depth6_reference","depth8_refined","ED1_007_TWO_ROOT_SV_POWER_n2000_depth6_reference","ED1_008_TWO_ROOT_SV_POWER_n2000_depth8_refined","continuous","wald_collection_rmse_conditional_on_isolation",254,254,254,254,238,,,,,,,,,0.104162343366471,0.104162343366471,0,0,0,0,0,0
"enclosure_depth_v001","depth8_refined_minus_depth6_reference","maximum continuum-enclosure depth 8 minus 6, with guard depth fixed at 6 and with identical samples, multipliers, B=999, bootstrap grid 0.005, enclosure grid 0.0025, node ceiling 57601, and every remaining inferential setting","ED1_TWO_ROOT_SV_POWER_n4000","diagnostic","TWO_ROOT_SV_POWER",4000,4000,"absolute","K3",0.25,2.5,"depth6_reference","depth8_refined","ED1_009_TWO_ROOT_SV_POWER_n4000_depth6_reference","ED1_010_TWO_ROOT_SV_POWER_n4000_depth8_refined","continuous","wald_collection_rmse_conditional_on_isolation",254,254,254,254,251,,,,,,,,,0.0808516515799691,0.0808516515799691,0,0,0,0,0,0
"enclosure_depth_v001","depth8_refined_minus_depth6_reference","maximum continuum-enclosure depth 8 minus 6, with guard depth fixed at 6 and with identical samples, multipliers, B=999, bootstrap grid 0.005, enclosure grid 0.0025, node ceiling 57601, and every remaining inferential setting","ED1_TWO_ROOT_SV_POWER_n8000","diagnostic","TWO_ROOT_SV_POWER",8000,8000,"absolute","K3",0.25,2.5,"depth6_reference","depth8_refined","ED1_011_TWO_ROOT_SV_POWER_n8000_depth6_reference","ED1_012_TWO_ROOT_SV_POWER_n8000_depth8_refined","continuous","wald_collection_rmse_conditional_on_isolation",254,254,254,254,253,,,,,,,,,0.0602445903350055,0.0602445903350055,0,0,0,0,0,0
"enclosure_depth_v001","depth8_refined_minus_depth6_reference","maximum continuum-enclosure depth 8 minus 6, with guard depth fixed at 6 and with identical samples, multipliers, B=999, bootstrap grid 0.005, enclosure grid 0.0025, node ceiling 57601, and every remaining inferential setting","ED1_TWO_ROOT_SV_POWER_n2000","diagnostic","TWO_ROOT_SV_POWER",2000,2000,"absolute","K3",0.25,2.5,"depth6_reference","depth8_refined","ED1_007_TWO_ROOT_SV_POWER_n2000_depth6_reference","ED1_008_TWO_ROOT_SV_POWER_n2000_depth8_refined","continuous","wald_collection_total_length",254,254,254,254,238,,,,,,,,,1.17012567810234,1.17012567810234,0,0,0,0,0,0
"enclosure_depth_v001","depth8_refined_minus_depth6_reference","maximum continuum-enclosure depth 8 minus 6, with guard depth fixed at 6 and with identical samples, multipliers, B=999, bootstrap grid 0.005, enclosure grid 0.0025, node ceiling 57601, and every remaining inferential setting","ED1_TWO_ROOT_SV_POWER_n4000","diagnostic","TWO_ROOT_SV_POWER",4000,4000,"absolute","K3",0.25,2.5,"depth6_reference","depth8_refined","ED1_009_TWO_ROOT_SV_POWER_n4000_depth6_reference","ED1_010_TWO_ROOT_SV_POWER_n4000_depth8_refined","continuous","wald_collection_total_length",254,254,254,254,251,,,,,,,,,0.820662161110229,0.820662161110229,0,0,0,0,0,0
"enclosure_depth_v001","depth8_refined_minus_depth6_reference","maximum continuum-enclosure depth 8 minus 6, with guard depth fixed at 6 and with identical samples, multipliers, B=999, bootstrap grid 0.005, enclosure grid 0.0025, node ceiling 57601, and every remaining inferential setting","ED1_TWO_ROOT_SV_POWER_n8000","diagnostic","TWO_ROOT_SV_POWER",8000,8000,"absolute","K3",0.25,2.5,"depth6_reference","depth8_refined","ED1_011_TWO_ROOT_SV_POWER_n8000_depth6_reference","ED1_012_TWO_ROOT_SV_POWER_n8000_depth8_refined","continuous","wald_collection_total_length",254,254,254,254,253,,,,,,,,,0.563335837292487,0.563335837292487,0,0,0,0,0,0
"enclosure_depth_v001","depth8_refined_minus_depth6_reference","maximum continuum-enclosure depth 8 minus 6, with guard depth fixed at 6 and with identical samples, multipliers, B=999, bootstrap grid 0.005, enclosure grid 0.0025, node ceiling 57601, and every remaining inferential setting","ED1_TWO_ROOT_SV_POWER_n2000","diagnostic","TWO_ROOT_SV_POWER",2000,2000,"absolute","K3",0.25,2.5,"depth6_reference","depth8_refined","ED1_007_TWO_ROOT_SV_POWER_n2000_depth6_reference","ED1_008_TWO_ROOT_SV_POWER_n2000_depth8_refined","continuous","wald_length",254,254,254,254,0,,,,,,,,,,,,,,,,
"enclosure_depth_v001","depth8_refined_minus_depth6_reference","maximum continuum-enclosure depth 8 minus 6, with guard depth fixed at 6 and with identical samples, multipliers, B=999, bootstrap grid 0.005, enclosure grid 0.0025, node ceiling 57601, and every remaining inferential setting","ED1_TWO_ROOT_SV_POWER_n4000","diagnostic","TWO_ROOT_SV_POWER",4000,4000,"absolute","K3",0.25,2.5,"depth6_reference","depth8_refined","ED1_009_TWO_ROOT_SV_POWER_n4000_depth6_reference","ED1_010_TWO_ROOT_SV_POWER_n4000_depth8_refined","continuous","wald_length",254,254,254,254,0,,,,,,,,,,,,,,,,
"enclosure_depth_v001","depth8_refined_minus_depth6_reference","maximum continuum-enclosure depth 8 minus 6, with guard depth fixed at 6 and with identical samples, multipliers, B=999, bootstrap grid 0.005, enclosure grid 0.0025, node ceiling 57601, and every remaining inferential setting","ED1_TWO_ROOT_SV_POWER_n8000","diagnostic","TWO_ROOT_SV_POWER",8000,8000,"absolute","K3",0.25,2.5,"depth6_reference","depth8_refined","ED1_011_TWO_ROOT_SV_POWER_n8000_depth6_reference","ED1_012_TWO_ROOT_SV_POWER_n8000_depth8_refined","continuous","wald_length",254,254,254,254,0,,,,,,,,,,,,,,,,
"enclosure_depth_v001","depth8_refined_minus_depth6_reference","maximum continuum-enclosure depth 8 minus 6, with guard depth fixed at 6 and with identical samples, multipliers, B=999, bootstrap grid 0.005, enclosure grid 0.0025, node ceiling 57601, and every remaining inferential setting","ED1_TWO_ROOT_SV_POWER_n2000","diagnostic","TWO_ROOT_SV_POWER",2000,2000,"absolute","K3",0.25,2.5,"depth6_reference","depth8_refined","ED1_007_TWO_ROOT_SV_POWER_n2000_depth6_reference","ED1_008_TWO_ROOT_SV_POWER_n2000_depth8_refined","continuous","x_count_above_q95",254,254,254,254,254,,,,,,,,,99.5826771653543,99.5826771653543,0,0,0,0,0,0
"enclosure_depth_v001","depth8_refined_minus_depth6_reference","maximum continuum-enclosure depth 8 minus 6, with guard depth fixed at 6 and with identical samples, multipliers, B=999, bootstrap grid 0.005, enclosure grid 0.0025, node ceiling 57601, and every remaining inferential setting","ED1_TWO_ROOT_SV_POWER_n4000","diagnostic","TWO_ROOT_SV_POWER",4000,4000,"absolute","K3",0.25,2.5,"depth6_reference","depth8_refined","ED1_009_TWO_ROOT_SV_POWER_n4000_depth6_reference","ED1_010_TWO_ROOT_SV_POWER_n4000_depth8_refined","continuous","x_count_above_q95",254,254,254,254,254,,,,,,,,,199.984251968504,199.984251968504,0,0,0,0,0,0
"enclosure_depth_v001","depth8_refined_minus_depth6_reference","maximum continuum-enclosure depth 8 minus 6, with guard depth fixed at 6 and with identical samples, multipliers, B=999, bootstrap grid 0.005, enclosure grid 0.0025, node ceiling 57601, and every remaining inferential setting","ED1_TWO_ROOT_SV_POWER_n8000","diagnostic","TWO_ROOT_SV_POWER",8000,8000,"absolute","K3",0.25,2.5,"depth6_reference","depth8_refined","ED1_011_TWO_ROOT_SV_POWER_n8000_depth6_reference","ED1_012_TWO_ROOT_SV_POWER_n8000_depth8_refined","continuous","x_count_above_q95",254,254,254,254,254,,,,,,,,,401.472440944882,401.472440944882,0,0,0,0,0,0
"enclosure_depth_v001","depth8_refined_minus_depth6_reference","maximum continuum-enclosure depth 8 minus 6, with guard depth fixed at 6 and with identical samples, multipliers, B=999, bootstrap grid 0.005, enclosure grid 0.0025, node ceiling 57601, and every remaining inferential setting","ED1_TWO_ROOT_SV_POWER_n2000","diagnostic","TWO_ROOT_SV_POWER",2000,2000,"absolute","K3",0.25,2.5,"depth6_reference","depth8_refined","ED1_007_TWO_ROOT_SV_POWER_n2000_depth6_reference","ED1_008_TWO_ROOT_SV_POWER_n2000_depth8_refined","continuous","x_count_above_q99",254,254,254,254,254,,,,,,,,,19.5866141732283,19.5866141732283,0,0,0,0,0,0
"enclosure_depth_v001","depth8_refined_minus_depth6_reference","maximum continuum-enclosure depth 8 minus 6, with guard depth fixed at 6 and with identical samples, multipliers, B=999, bootstrap grid 0.005, enclosure grid 0.0025, node ceiling 57601, and every remaining inferential setting","ED1_TWO_ROOT_SV_POWER_n4000","diagnostic","TWO_ROOT_SV_POWER",4000,4000,"absolute","K3",0.25,2.5,"depth6_reference","depth8_refined","ED1_009_TWO_ROOT_SV_POWER_n4000_depth6_reference","ED1_010_TWO_ROOT_SV_POWER_n4000_depth8_refined","continuous","x_count_above_q99",254,254,254,254,254,,,,,,,,,40.4291338582677,40.4291338582677,0,0,0,0,0,0
"enclosure_depth_v001","depth8_refined_minus_depth6_reference","maximum continuum-enclosure depth 8 minus 6, with guard depth fixed at 6 and with identical samples, multipliers, B=999, bootstrap grid 0.005, enclosure grid 0.0025, node ceiling 57601, and every remaining inferential setting","ED1_TWO_ROOT_SV_POWER_n8000","diagnostic","TWO_ROOT_SV_POWER",8000,8000,"absolute","K3",0.25,2.5,"depth6_reference","depth8_refined","ED1_011_TWO_ROOT_SV_POWER_n8000_depth6_reference","ED1_012_TWO_ROOT_SV_POWER_n8000_depth8_refined","continuous","x_count_above_q99",254,254,254,254,254,,,,,,,,,79.8818897637795,79.8818897637795,0,0,0,0,0,0
"enclosure_depth_v001","depth8_refined_minus_depth6_reference","maximum continuum-enclosure depth 8 minus 6, with guard depth fixed at 6 and with identical samples, multipliers, B=999, bootstrap grid 0.005, enclosure grid 0.0025, node ceiling 57601, and every remaining inferential setting","ED1_TWO_ROOT_SV_POWER_n2000","diagnostic","TWO_ROOT_SV_POWER",2000,2000,"absolute","K3",0.25,2.5,"depth6_reference","depth8_refined","ED1_007_TWO_ROOT_SV_POWER_n2000_depth6_reference","ED1_008_TWO_ROOT_SV_POWER_n2000_depth8_refined","continuous","x_ess_ratio_p1",254,254,254,254,254,,,,,,,,,0.493953512251731,0.493953512251731,0,0,0,0,0,0
"enclosure_depth_v001","depth8_refined_minus_depth6_reference","maximum continuum-enclosure depth 8 minus 6, with guard depth fixed at 6 and with identical samples, multipliers, B=999, bootstrap grid 0.005, enclosure grid 0.0025, node ceiling 57601, and every remaining inferential setting","ED1_TWO_ROOT_SV_POWER_n4000","diagnostic","TWO_ROOT_SV_POWER",4000,4000,"absolute","K3",0.25,2.5,"depth6_reference","depth8_refined","ED1_009_TWO_ROOT_SV_POWER_n4000_depth6_reference","ED1_010_TWO_ROOT_SV_POWER_n4000_depth8_refined","continuous","x_ess_ratio_p1",254,254,254,254,254,,,,,,,,,0.492246454561685,0.492246454561685,0,0,0,0,0,0
"enclosure_depth_v001","depth8_refined_minus_depth6_reference","maximum continuum-enclosure depth 8 minus 6, with guard depth fixed at 6 and with identical samples, multipliers, B=999, bootstrap grid 0.005, enclosure grid 0.0025, node ceiling 57601, and every remaining inferential setting","ED1_TWO_ROOT_SV_POWER_n8000","diagnostic","TWO_ROOT_SV_POWER",8000,8000,"absolute","K3",0.25,2.5,"depth6_reference","depth8_refined","ED1_011_TWO_ROOT_SV_POWER_n8000_depth6_reference","ED1_012_TWO_ROOT_SV_POWER_n8000_depth8_refined","continuous","x_ess_ratio_p1",254,254,254,254,254,,,,,,,,,0.493385702863169,0.493385702863169,0,0,0,0,0,0
"enclosure_depth_v001","depth8_refined_minus_depth6_reference","maximum continuum-enclosure depth 8 minus 6, with guard depth fixed at 6 and with identical samples, multipliers, B=999, bootstrap grid 0.005, enclosure grid 0.0025, node ceiling 57601, and every remaining inferential setting","ED1_TWO_ROOT_SV_POWER_n2000","diagnostic","TWO_ROOT_SV_POWER",2000,2000,"absolute","K3",0.25,2.5,"depth6_reference","depth8_refined","ED1_007_TWO_ROOT_SV_POWER_n2000_depth6_reference","ED1_008_TWO_ROOT_SV_POWER_n2000_depth8_refined","continuous","x_ess_ratio_upper",254,254,254,254,254,,,,,,,,,0.222574438044288,0.222574438044288,0,0,0,0,0,0
"enclosure_depth_v001","depth8_refined_minus_depth6_reference","maximum continuum-enclosure depth 8 minus 6, with guard depth fixed at 6 and with identical samples, multipliers, B=999, bootstrap grid 0.005, enclosure grid 0.0025, node ceiling 57601, and every remaining inferential setting","ED1_TWO_ROOT_SV_POWER_n4000","diagnostic","TWO_ROOT_SV_POWER",4000,4000,"absolute","K3",0.25,2.5,"depth6_reference","depth8_refined","ED1_009_TWO_ROOT_SV_POWER_n4000_depth6_reference","ED1_010_TWO_ROOT_SV_POWER_n4000_depth8_refined","continuous","x_ess_ratio_upper",254,254,254,254,254,,,,,,,,,0.219549214154115,0.219549214154115,0,0,0,0,0,0
"enclosure_depth_v001","depth8_refined_minus_depth6_reference","maximum continuum-enclosure depth 8 minus 6, with guard depth fixed at 6 and with identical samples, multipliers, B=999, bootstrap grid 0.005, enclosure grid 0.0025, node ceiling 57601, and every remaining inferential setting","ED1_TWO_ROOT_SV_POWER_n8000","diagnostic","TWO_ROOT_SV_POWER",8000,8000,"absolute","K3",0.25,2.5,"depth6_reference","depth8_refined","ED1_011_TWO_ROOT_SV_POWER_n8000_depth6_reference","ED1_012_TWO_ROOT_SV_POWER_n8000_depth8_refined","continuous","x_ess_ratio_upper",254,254,254,254,254,,,,,,,,,0.220550029798117,0.220550029798117,0,0,0,0,0,0
"enclosure_depth_v001","depth8_refined_minus_depth6_reference","maximum continuum-enclosure depth 8 minus 6, with guard depth fixed at 6 and with identical samples, multipliers, B=999, bootstrap grid 0.005, enclosure grid 0.0025, node ceiling 57601, and every remaining inferential setting","ED1_TWO_ROOT_SV_POWER_n2000","diagnostic","TWO_ROOT_SV_POWER",2000,2000,"absolute","K3",0.25,2.5,"depth6_reference","depth8_refined","ED1_007_TWO_ROOT_SV_POWER_n2000_depth6_reference","ED1_008_TWO_ROOT_SV_POWER_n2000_depth8_refined","continuous","x_latent_high_count",254,254,254,254,254,,,,,,,,,1002.09448818898,1002.09448818898,0,0,0,0,0,0
"enclosure_depth_v001","depth8_refined_minus_depth6_reference","maximum continuum-enclosure depth 8 minus 6, with guard depth fixed at 6 and with identical samples, multipliers, B=999, bootstrap grid 0.005, enclosure grid 0.0025, node ceiling 57601, and every remaining inferential setting","ED1_TWO_ROOT_SV_POWER_n4000","diagnostic","TWO_ROOT_SV_POWER",4000,4000,"absolute","K3",0.25,2.5,"depth6_reference","depth8_refined","ED1_009_TWO_ROOT_SV_POWER_n4000_depth6_reference","ED1_010_TWO_ROOT_SV_POWER_n4000_depth8_refined","continuous","x_latent_high_count",254,254,254,254,254,,,,,,,,,1999.37795275591,1999.37795275591,0,0,0,0,0,0
"enclosure_depth_v001","depth8_refined_minus_depth6_reference","maximum continuum-enclosure depth 8 minus 6, with guard depth fixed at 6 and with identical samples, multipliers, B=999, bootstrap grid 0.005, enclosure grid 0.0025, node ceiling 57601, and every remaining inferential setting","ED1_TWO_ROOT_SV_POWER_n8000","diagnostic","TWO_ROOT_SV_POWER",8000,8000,"absolute","K3",0.25,2.5,"depth6_reference","depth8_refined","ED1_011_TWO_ROOT_SV_POWER_n8000_depth6_reference","ED1_012_TWO_ROOT_SV_POWER_n8000_depth8_refined","continuous","x_latent_high_count",254,254,254,254,254,,,,,,,,,4006.29133858268,4006.29133858268,0,0,0,0,0,0
"enclosure_depth_v001","depth8_refined_minus_depth6_reference","maximum continuum-enclosure depth 8 minus 6, with guard depth fixed at 6 and with identical samples, multipliers, B=999, bootstrap grid 0.005, enclosure grid 0.0025, node ceiling 57601, and every remaining inferential setting","ED1_TWO_ROOT_SV_POWER_n2000","diagnostic","TWO_ROOT_SV_POWER",2000,2000,"absolute","K3",0.25,2.5,"depth6_reference","depth8_refined","ED1_007_TWO_ROOT_SV_POWER_n2000_depth6_reference","ED1_008_TWO_ROOT_SV_POWER_n2000_depth8_refined","continuous","x_max_share_p1",254,254,254,254,254,,,,,,,,,0.00236189289732878,0.00236189289732878,0,0,0,0,0,0
"enclosure_depth_v001","depth8_refined_minus_depth6_reference","maximum continuum-enclosure depth 8 minus 6, with guard depth fixed at 6 and with identical samples, multipliers, B=999, bootstrap grid 0.005, enclosure grid 0.0025, node ceiling 57601, and every remaining inferential setting","ED1_TWO_ROOT_SV_POWER_n4000","diagnostic","TWO_ROOT_SV_POWER",4000,4000,"absolute","K3",0.25,2.5,"depth6_reference","depth8_refined","ED1_009_TWO_ROOT_SV_POWER_n4000_depth6_reference","ED1_010_TWO_ROOT_SV_POWER_n4000_depth8_refined","continuous","x_max_share_p1",254,254,254,254,254,,,,,,,,,0.00118542223296453,0.00118542223296453,0,0,0,0,0,0
"enclosure_depth_v001","depth8_refined_minus_depth6_reference","maximum continuum-enclosure depth 8 minus 6, with guard depth fixed at 6 and with identical samples, multipliers, B=999, bootstrap grid 0.005, enclosure grid 0.0025, node ceiling 57601, and every remaining inferential setting","ED1_TWO_ROOT_SV_POWER_n8000","diagnostic","TWO_ROOT_SV_POWER",8000,8000,"absolute","K3",0.25,2.5,"depth6_reference","depth8_refined","ED1_011_TWO_ROOT_SV_POWER_n8000_depth6_reference","ED1_012_TWO_ROOT_SV_POWER_n8000_depth8_refined","continuous","x_max_share_p1",254,254,254,254,254,,,,,,,,,0.000592366517980882,0.000592366517980882,0,0,0,0,0,0
"enclosure_depth_v001","depth8_refined_minus_depth6_reference","maximum continuum-enclosure depth 8 minus 6, with guard depth fixed at 6 and with identical samples, multipliers, B=999, bootstrap grid 0.005, enclosure grid 0.0025, node ceiling 57601, and every remaining inferential setting","ED1_TWO_ROOT_SV_POWER_n2000","diagnostic","TWO_ROOT_SV_POWER",2000,2000,"absolute","K3",0.25,2.5,"depth6_reference","depth8_refined","ED1_007_TWO_ROOT_SV_POWER_n2000_depth6_reference","ED1_008_TWO_ROOT_SV_POWER_n2000_depth8_refined","continuous","x_max_share_upper",254,254,254,254,254,,,,,,,,,0.00797066790607136,0.00797066790607136,0,0,0,0,0,0
"enclosure_depth_v001","depth8_refined_minus_depth6_reference","maximum continuum-enclosure depth 8 minus 6, with guard depth fixed at 6 and with identical samples, multipliers, B=999, bootstrap grid 0.005, enclosure grid 0.0025, node ceiling 57601, and every remaining inferential setting","ED1_TWO_ROOT_SV_POWER_n4000","diagnostic","TWO_ROOT_SV_POWER",4000,4000,"absolute","K3",0.25,2.5,"depth6_reference","depth8_refined","ED1_009_TWO_ROOT_SV_POWER_n4000_depth6_reference","ED1_010_TWO_ROOT_SV_POWER_n4000_depth8_refined","continuous","x_max_share_upper",254,254,254,254,254,,,,,,,,,0.00399941428256541,0.00399941428256541,0,0,0,0,0,0
"enclosure_depth_v001","depth8_refined_minus_depth6_reference","maximum continuum-enclosure depth 8 minus 6, with guard depth fixed at 6 and with identical samples, multipliers, B=999, bootstrap grid 0.005, enclosure grid 0.0025, node ceiling 57601, and every remaining inferential setting","ED1_TWO_ROOT_SV_POWER_n8000","diagnostic","TWO_ROOT_SV_POWER",8000,8000,"absolute","K3",0.25,2.5,"depth6_reference","depth8_refined","ED1_011_TWO_ROOT_SV_POWER_n8000_depth6_reference","ED1_012_TWO_ROOT_SV_POWER_n8000_depth8_refined","continuous","x_max_share_upper",254,254,254,254,254,,,,,,,,,0.00200434736812085,0.00200434736812085,0,0,0,0,0,0
"enclosure_depth_v001","depth8_refined_minus_depth6_reference","maximum continuum-enclosure depth 8 minus 6, with guard depth fixed at 6 and with identical samples, multipliers, B=999, bootstrap grid 0.005, enclosure grid 0.0025, node ceiling 57601, and every remaining inferential setting","ED1_TWO_ROOT_SV_POWER_n2000","diagnostic","TWO_ROOT_SV_POWER",2000,2000,"absolute","K3",0.25,2.5,"depth6_reference","depth8_refined","ED1_007_TWO_ROOT_SV_POWER_n2000_depth6_reference","ED1_008_TWO_ROOT_SV_POWER_n2000_depth8_refined","continuous","x_top1pct_share_p1",254,254,254,254,254,,,,,,,,,0.0451570320857351,0.0451570320857351,0,0,0,0,0,0
"enclosure_depth_v001","depth8_refined_minus_depth6_reference","maximum continuum-enclosure depth 8 minus 6, with guard depth fixed at 6 and with identical samples, multipliers, B=999, bootstrap grid 0.005, enclosure grid 0.0025, node ceiling 57601, and every remaining inferential setting","ED1_TWO_ROOT_SV_POWER_n4000","diagnostic","TWO_ROOT_SV_POWER",4000,4000,"absolute","K3",0.25,2.5,"depth6_reference","depth8_refined","ED1_009_TWO_ROOT_SV_POWER_n4000_depth6_reference","ED1_010_TWO_ROOT_SV_POWER_n4000_depth8_refined","continuous","x_top1pct_share_p1",254,254,254,254,254,,,,,,,,,0.0453548580957532,0.0453548580957532,0,0,0,0,0,0
"enclosure_depth_v001","depth8_refined_minus_depth6_reference","maximum continuum-enclosure depth 8 minus 6, with guard depth fixed at 6 and with identical samples, multipliers, B=999, bootstrap grid 0.005, enclosure grid 0.0025, node ceiling 57601, and every remaining inferential setting","ED1_TWO_ROOT_SV_POWER_n8000","diagnostic","TWO_ROOT_SV_POWER",8000,8000,"absolute","K3",0.25,2.5,"depth6_reference","depth8_refined","ED1_011_TWO_ROOT_SV_POWER_n8000_depth6_reference","ED1_012_TWO_ROOT_SV_POWER_n8000_depth8_refined","continuous","x_top1pct_share_p1",254,254,254,254,254,,,,,,,,,0.0452606319056737,0.0452606319056737,0,0,0,0,0,0
"enclosure_depth_v001","depth8_refined_minus_depth6_reference","maximum continuum-enclosure depth 8 minus 6, with guard depth fixed at 6 and with identical samples, multipliers, B=999, bootstrap grid 0.005, enclosure grid 0.0025, node ceiling 57601, and every remaining inferential setting","ED1_TWO_ROOT_SV_POWER_n2000","diagnostic","TWO_ROOT_SV_POWER",2000,2000,"absolute","K3",0.25,2.5,"depth6_reference","depth8_refined","ED1_007_TWO_ROOT_SV_POWER_n2000_depth6_reference","ED1_008_TWO_ROOT_SV_POWER_n2000_depth8_refined","continuous","x_top1pct_share_upper",254,254,254,254,254,,,,,,,,,0.142627898857992,0.142627898857992,0,0,0,0,0,0
"enclosure_depth_v001","depth8_refined_minus_depth6_reference","maximum continuum-enclosure depth 8 minus 6, with guard depth fixed at 6 and with identical samples, multipliers, B=999, bootstrap grid 0.005, enclosure grid 0.0025, node ceiling 57601, and every remaining inferential setting","ED1_TWO_ROOT_SV_POWER_n4000","diagnostic","TWO_ROOT_SV_POWER",4000,4000,"absolute","K3",0.25,2.5,"depth6_reference","depth8_refined","ED1_009_TWO_ROOT_SV_POWER_n4000_depth6_reference","ED1_010_TWO_ROOT_SV_POWER_n4000_depth8_refined","continuous","x_top1pct_share_upper",254,254,254,254,254,,,,,,,,,0.143333172361409,0.143333172361409,0,0,0,0,0,0
"enclosure_depth_v001","depth8_refined_minus_depth6_reference","maximum continuum-enclosure depth 8 minus 6, with guard depth fixed at 6 and with identical samples, multipliers, B=999, bootstrap grid 0.005, enclosure grid 0.0025, node ceiling 57601, and every remaining inferential setting","ED1_TWO_ROOT_SV_POWER_n8000","diagnostic","TWO_ROOT_SV_POWER",8000,8000,"absolute","K3",0.25,2.5,"depth6_reference","depth8_refined","ED1_011_TWO_ROOT_SV_POWER_n8000_depth6_reference","ED1_012_TWO_ROOT_SV_POWER_n8000_depth8_refined","continuous","x_top1pct_share_upper",254,254,254,254,254,,,,,,,,,0.143142007621208,0.143142007621208,0,0,0,0,0,0
"enclosure_depth_v001","depth8_refined_minus_depth6_reference","maximum continuum-enclosure depth 8 minus 6, with guard depth fixed at 6 and with identical samples, multipliers, B=999, bootstrap grid 0.005, enclosure grid 0.0025, node ceiling 57601, and every remaining inferential setting","ED1_TWO_ROOT_SV_POWER_n2000","diagnostic","TWO_ROOT_SV_POWER",2000,2000,"absolute","K3",0.25,2.5,"depth6_reference","depth8_refined","ED1_007_TWO_ROOT_SV_POWER_n2000_depth6_reference","ED1_008_TWO_ROOT_SV_POWER_n2000_depth8_refined","continuous","y_count_above_q95",254,254,254,254,254,,,,,,,,,99.7992125984252,99.7992125984252,0,0,0,0,0,0
"enclosure_depth_v001","depth8_refined_minus_depth6_reference","maximum continuum-enclosure depth 8 minus 6, with guard depth fixed at 6 and with identical samples, multipliers, B=999, bootstrap grid 0.005, enclosure grid 0.0025, node ceiling 57601, and every remaining inferential setting","ED1_TWO_ROOT_SV_POWER_n4000","diagnostic","TWO_ROOT_SV_POWER",4000,4000,"absolute","K3",0.25,2.5,"depth6_reference","depth8_refined","ED1_009_TWO_ROOT_SV_POWER_n4000_depth6_reference","ED1_010_TWO_ROOT_SV_POWER_n4000_depth8_refined","continuous","y_count_above_q95",254,254,254,254,254,,,,,,,,,199.007874015748,199.007874015748,0,0,0,0,0,0
"enclosure_depth_v001","depth8_refined_minus_depth6_reference","maximum continuum-enclosure depth 8 minus 6, with guard depth fixed at 6 and with identical samples, multipliers, B=999, bootstrap grid 0.005, enclosure grid 0.0025, node ceiling 57601, and every remaining inferential setting","ED1_TWO_ROOT_SV_POWER_n8000","diagnostic","TWO_ROOT_SV_POWER",8000,8000,"absolute","K3",0.25,2.5,"depth6_reference","depth8_refined","ED1_011_TWO_ROOT_SV_POWER_n8000_depth6_reference","ED1_012_TWO_ROOT_SV_POWER_n8000_depth8_refined","continuous","y_count_above_q95",254,254,254,254,254,,,,,,,,,398.614173228346,398.614173228346,0,0,0,0,0,0
"enclosure_depth_v001","depth8_refined_minus_depth6_reference","maximum continuum-enclosure depth 8 minus 6, with guard depth fixed at 6 and with identical samples, multipliers, B=999, bootstrap grid 0.005, enclosure grid 0.0025, node ceiling 57601, and every remaining inferential setting","ED1_TWO_ROOT_SV_POWER_n2000","diagnostic","TWO_ROOT_SV_POWER",2000,2000,"absolute","K3",0.25,2.5,"depth6_reference","depth8_refined","ED1_007_TWO_ROOT_SV_POWER_n2000_depth6_reference","ED1_008_TWO_ROOT_SV_POWER_n2000_depth8_refined","continuous","y_count_above_q99",254,254,254,254,254,,,,,,,,,20.4330708661417,20.4330708661417,0,0,0,0,0,0
"enclosure_depth_v001","depth8_refined_minus_depth6_reference","maximum continuum-enclosure depth 8 minus 6, with guard depth fixed at 6 and with identical samples, multipliers, B=999, bootstrap grid 0.005, enclosure grid 0.0025, node ceiling 57601, and every remaining inferential setting","ED1_TWO_ROOT_SV_POWER_n4000","diagnostic","TWO_ROOT_SV_POWER",4000,4000,"absolute","K3",0.25,2.5,"depth6_reference","depth8_refined","ED1_009_TWO_ROOT_SV_POWER_n4000_depth6_reference","ED1_010_TWO_ROOT_SV_POWER_n4000_depth8_refined","continuous","y_count_above_q99",254,254,254,254,254,,,,,,,,,39.988188976378,39.988188976378,0,0,0,0,0,0
"enclosure_depth_v001","depth8_refined_minus_depth6_reference","maximum continuum-enclosure depth 8 minus 6, with guard depth fixed at 6 and with identical samples, multipliers, B=999, bootstrap grid 0.005, enclosure grid 0.0025, node ceiling 57601, and every remaining inferential setting","ED1_TWO_ROOT_SV_POWER_n8000","diagnostic","TWO_ROOT_SV_POWER",8000,8000,"absolute","K3",0.25,2.5,"depth6_reference","depth8_refined","ED1_011_TWO_ROOT_SV_POWER_n8000_depth6_reference","ED1_012_TWO_ROOT_SV_POWER_n8000_depth8_refined","continuous","y_count_above_q99",254,254,254,254,254,,,,,,,,,79.6850393700787,79.6850393700787,0,0,0,0,0,0
"enclosure_depth_v001","depth8_refined_minus_depth6_reference","maximum continuum-enclosure depth 8 minus 6, with guard depth fixed at 6 and with identical samples, multipliers, B=999, bootstrap grid 0.005, enclosure grid 0.0025, node ceiling 57601, and every remaining inferential setting","ED1_TWO_ROOT_SV_POWER_n2000","diagnostic","TWO_ROOT_SV_POWER",2000,2000,"absolute","K3",0.25,2.5,"depth6_reference","depth8_refined","ED1_007_TWO_ROOT_SV_POWER_n2000_depth6_reference","ED1_008_TWO_ROOT_SV_POWER_n2000_depth8_refined","continuous","y_ess_ratio_p1",254,254,254,254,254,,,,,,,,,0.398965015913786,0.398965015913786,0,0,0,0,0,0
"enclosure_depth_v001","depth8_refined_minus_depth6_reference","maximum continuum-enclosure depth 8 minus 6, with guard depth fixed at 6 and with identical samples, multipliers, B=999, bootstrap grid 0.005, enclosure grid 0.0025, node ceiling 57601, and every remaining inferential setting","ED1_TWO_ROOT_SV_POWER_n4000","diagnostic","TWO_ROOT_SV_POWER",4000,4000,"absolute","K3",0.25,2.5,"depth6_reference","depth8_refined","ED1_009_TWO_ROOT_SV_POWER_n4000_depth6_reference","ED1_010_TWO_ROOT_SV_POWER_n4000_depth8_refined","continuous","y_ess_ratio_p1",254,254,254,254,254,,,,,,,,,0.398627749479386,0.398627749479386,0,0,0,0,0,0
"enclosure_depth_v001","depth8_refined_minus_depth6_reference","maximum continuum-enclosure depth 8 minus 6, with guard depth fixed at 6 and with identical samples, multipliers, B=999, bootstrap grid 0.005, enclosure grid 0.0025, node ceiling 57601, and every remaining inferential setting","ED1_TWO_ROOT_SV_POWER_n8000","diagnostic","TWO_ROOT_SV_POWER",8000,8000,"absolute","K3",0.25,2.5,"depth6_reference","depth8_refined","ED1_011_TWO_ROOT_SV_POWER_n8000_depth6_reference","ED1_012_TWO_ROOT_SV_POWER_n8000_depth8_refined","continuous","y_ess_ratio_p1",254,254,254,254,254,,,,,,,,,0.398507476251369,0.398507476251369,0,0,0,0,0,0
"enclosure_depth_v001","depth8_refined_minus_depth6_reference","maximum continuum-enclosure depth 8 minus 6, with guard depth fixed at 6 and with identical samples, multipliers, B=999, bootstrap grid 0.005, enclosure grid 0.0025, node ceiling 57601, and every remaining inferential setting","ED1_TWO_ROOT_SV_POWER_n2000","diagnostic","TWO_ROOT_SV_POWER",2000,2000,"absolute","K3",0.25,2.5,"depth6_reference","depth8_refined","ED1_007_TWO_ROOT_SV_POWER_n2000_depth6_reference","ED1_008_TWO_ROOT_SV_POWER_n2000_depth8_refined","continuous","y_ess_ratio_upper",254,254,254,254,254,,,,,,,,,0.114834783196296,0.114834783196296,0,0,0,0,0,0
"enclosure_depth_v001","depth8_refined_minus_depth6_reference","maximum continuum-enclosure depth 8 minus 6, with guard depth fixed at 6 and with identical samples, multipliers, B=999, bootstrap grid 0.005, enclosure grid 0.0025, node ceiling 57601, and every remaining inferential setting","ED1_TWO_ROOT_SV_POWER_n4000","diagnostic","TWO_ROOT_SV_POWER",4000,4000,"absolute","K3",0.25,2.5,"depth6_reference","depth8_refined","ED1_009_TWO_ROOT_SV_POWER_n4000_depth6_reference","ED1_010_TWO_ROOT_SV_POWER_n4000_depth8_refined","continuous","y_ess_ratio_upper",254,254,254,254,254,,,,,,,,,0.114062862902254,0.114062862902254,0,0,0,0,0,0
"enclosure_depth_v001","depth8_refined_minus_depth6_reference","maximum continuum-enclosure depth 8 minus 6, with guard depth fixed at 6 and with identical samples, multipliers, B=999, bootstrap grid 0.005, enclosure grid 0.0025, node ceiling 57601, and every remaining inferential setting","ED1_TWO_ROOT_SV_POWER_n8000","diagnostic","TWO_ROOT_SV_POWER",8000,8000,"absolute","K3",0.25,2.5,"depth6_reference","depth8_refined","ED1_011_TWO_ROOT_SV_POWER_n8000_depth6_reference","ED1_012_TWO_ROOT_SV_POWER_n8000_depth8_refined","continuous","y_ess_ratio_upper",254,254,254,254,254,,,,,,,,,0.114309546473494,0.114309546473494,0,0,0,0,0,0
"enclosure_depth_v001","depth8_refined_minus_depth6_reference","maximum continuum-enclosure depth 8 minus 6, with guard depth fixed at 6 and with identical samples, multipliers, B=999, bootstrap grid 0.005, enclosure grid 0.0025, node ceiling 57601, and every remaining inferential setting","ED1_TWO_ROOT_SV_POWER_n2000","diagnostic","TWO_ROOT_SV_POWER",2000,2000,"absolute","K3",0.25,2.5,"depth6_reference","depth8_refined","ED1_007_TWO_ROOT_SV_POWER_n2000_depth6_reference","ED1_008_TWO_ROOT_SV_POWER_n2000_depth8_refined","continuous","y_latent_high_count",254,254,254,254,254,,,,,,,,,1960.24409448819,1960.24409448819,0,0,0,0,0,0
"enclosure_depth_v001","depth8_refined_minus_depth6_reference","maximum continuum-enclosure depth 8 minus 6, with guard depth fixed at 6 and with identical samples, multipliers, B=999, bootstrap grid 0.005, enclosure grid 0.0025, node ceiling 57601, and every remaining inferential setting","ED1_TWO_ROOT_SV_POWER_n4000","diagnostic","TWO_ROOT_SV_POWER",4000,4000,"absolute","K3",0.25,2.5,"depth6_reference","depth8_refined","ED1_009_TWO_ROOT_SV_POWER_n4000_depth6_reference","ED1_010_TWO_ROOT_SV_POWER_n4000_depth8_refined","continuous","y_latent_high_count",254,254,254,254,254,,,,,,,,,3920.61417322835,3920.61417322835,0,0,0,0,0,0
"enclosure_depth_v001","depth8_refined_minus_depth6_reference","maximum continuum-enclosure depth 8 minus 6, with guard depth fixed at 6 and with identical samples, multipliers, B=999, bootstrap grid 0.005, enclosure grid 0.0025, node ceiling 57601, and every remaining inferential setting","ED1_TWO_ROOT_SV_POWER_n8000","diagnostic","TWO_ROOT_SV_POWER",8000,8000,"absolute","K3",0.25,2.5,"depth6_reference","depth8_refined","ED1_011_TWO_ROOT_SV_POWER_n8000_depth6_reference","ED1_012_TWO_ROOT_SV_POWER_n8000_depth8_refined","continuous","y_latent_high_count",254,254,254,254,254,,,,,,,,,7840.50787401575,7840.50787401575,0,0,0,0,0,0
"enclosure_depth_v001","depth8_refined_minus_depth6_reference","maximum continuum-enclosure depth 8 minus 6, with guard depth fixed at 6 and with identical samples, multipliers, B=999, bootstrap grid 0.005, enclosure grid 0.0025, node ceiling 57601, and every remaining inferential setting","ED1_TWO_ROOT_SV_POWER_n2000","diagnostic","TWO_ROOT_SV_POWER",2000,2000,"absolute","K3",0.25,2.5,"depth6_reference","depth8_refined","ED1_007_TWO_ROOT_SV_POWER_n2000_depth6_reference","ED1_008_TWO_ROOT_SV_POWER_n2000_depth8_refined","continuous","y_max_share_p1",254,254,254,254,254,,,,,,,,,0.00251315590509555,0.00251315590509555,0,0,0,0,0,0
"enclosure_depth_v001","depth8_refined_minus_depth6_reference","maximum continuum-enclosure depth 8 minus 6, with guard depth fixed at 6 and with identical samples, multipliers, B=999, bootstrap grid 0.005, enclosure grid 0.0025, node ceiling 57601, and every remaining inferential setting","ED1_TWO_ROOT_SV_POWER_n4000","diagnostic","TWO_ROOT_SV_POWER",4000,4000,"absolute","K3",0.25,2.5,"depth6_reference","depth8_refined","ED1_009_TWO_ROOT_SV_POWER_n4000_depth6_reference","ED1_010_TWO_ROOT_SV_POWER_n4000_depth8_refined","continuous","y_max_share_p1",254,254,254,254,254,,,,,,,,,0.00126090760344702,0.00126090760344702,0,0,0,0,0,0
"enclosure_depth_v001","depth8_refined_minus_depth6_reference","maximum continuum-enclosure depth 8 minus 6, with guard depth fixed at 6 and with identical samples, multipliers, B=999, bootstrap grid 0.005, enclosure grid 0.0025, node ceiling 57601, and every remaining inferential setting","ED1_TWO_ROOT_SV_POWER_n8000","diagnostic","TWO_ROOT_SV_POWER",8000,8000,"absolute","K3",0.25,2.5,"depth6_reference","depth8_refined","ED1_011_TWO_ROOT_SV_POWER_n8000_depth6_reference","ED1_012_TWO_ROOT_SV_POWER_n8000_depth8_refined","continuous","y_max_share_p1",254,254,254,254,254,,,,,,,,,0.000629860469466313,0.000629860469466313,0,0,0,0,0,0
"enclosure_depth_v001","depth8_refined_minus_depth6_reference","maximum continuum-enclosure depth 8 minus 6, with guard depth fixed at 6 and with identical samples, multipliers, B=999, bootstrap grid 0.005, enclosure grid 0.0025, node ceiling 57601, and every remaining inferential setting","ED1_TWO_ROOT_SV_POWER_n2000","diagnostic","TWO_ROOT_SV_POWER",2000,2000,"absolute","K3",0.25,2.5,"depth6_reference","depth8_refined","ED1_007_TWO_ROOT_SV_POWER_n2000_depth6_reference","ED1_008_TWO_ROOT_SV_POWER_n2000_depth8_refined","continuous","y_max_share_upper",254,254,254,254,254,,,,,,,,,0.00575594044167497,0.00575594044167497,0,0,0,0,0,0
"enclosure_depth_v001","depth8_refined_minus_depth6_reference","maximum continuum-enclosure depth 8 minus 6, with guard depth fixed at 6 and with identical samples, multipliers, B=999, bootstrap grid 0.005, enclosure grid 0.0025, node ceiling 57601, and every remaining inferential setting","ED1_TWO_ROOT_SV_POWER_n4000","diagnostic","TWO_ROOT_SV_POWER",4000,4000,"absolute","K3",0.25,2.5,"depth6_reference","depth8_refined","ED1_009_TWO_ROOT_SV_POWER_n4000_depth6_reference","ED1_010_TWO_ROOT_SV_POWER_n4000_depth8_refined","continuous","y_max_share_upper",254,254,254,254,254,,,,,,,,,0.00289520262192182,0.00289520262192182,0,0,0,0,0,0
"enclosure_depth_v001","depth8_refined_minus_depth6_reference","maximum continuum-enclosure depth 8 minus 6, with guard depth fixed at 6 and with identical samples, multipliers, B=999, bootstrap grid 0.005, enclosure grid 0.0025, node ceiling 57601, and every remaining inferential setting","ED1_TWO_ROOT_SV_POWER_n8000","diagnostic","TWO_ROOT_SV_POWER",8000,8000,"absolute","K3",0.25,2.5,"depth6_reference","depth8_refined","ED1_011_TWO_ROOT_SV_POWER_n8000_depth6_reference","ED1_012_TWO_ROOT_SV_POWER_n8000_depth8_refined","continuous","y_max_share_upper",254,254,254,254,254,,,,,,,,,0.00144381391659013,0.00144381391659013,0,0,0,0,0,0
"enclosure_depth_v001","depth8_refined_minus_depth6_reference","maximum continuum-enclosure depth 8 minus 6, with guard depth fixed at 6 and with identical samples, multipliers, B=999, bootstrap grid 0.005, enclosure grid 0.0025, node ceiling 57601, and every remaining inferential setting","ED1_TWO_ROOT_SV_POWER_n2000","diagnostic","TWO_ROOT_SV_POWER",2000,2000,"absolute","K3",0.25,2.5,"depth6_reference","depth8_refined","ED1_007_TWO_ROOT_SV_POWER_n2000_depth6_reference","ED1_008_TWO_ROOT_SV_POWER_n2000_depth8_refined","continuous","y_top1pct_share_p1",254,254,254,254,254,,,,,,,,,0.0498500266770731,0.0498500266770731,0,0,0,0,0,0
"enclosure_depth_v001","depth8_refined_minus_depth6_reference","maximum continuum-enclosure depth 8 minus 6, with guard depth fixed at 6 and with identical samples, multipliers, B=999, bootstrap grid 0.005, enclosure grid 0.0025, node ceiling 57601, and every remaining inferential setting","ED1_TWO_ROOT_SV_POWER_n4000","diagnostic","TWO_ROOT_SV_POWER",4000,4000,"absolute","K3",0.25,2.5,"depth6_reference","depth8_refined","ED1_009_TWO_ROOT_SV_POWER_n4000_depth6_reference","ED1_010_TWO_ROOT_SV_POWER_n4000_depth8_refined","continuous","y_top1pct_share_p1",254,254,254,254,254,,,,,,,,,0.049999073239199,0.049999073239199,0,0,0,0,0,0
"enclosure_depth_v001","depth8_refined_minus_depth6_reference","maximum continuum-enclosure depth 8 minus 6, with guard depth fixed at 6 and with identical samples, multipliers, B=999, bootstrap grid 0.005, enclosure grid 0.0025, node ceiling 57601, and every remaining inferential setting","ED1_TWO_ROOT_SV_POWER_n8000","diagnostic","TWO_ROOT_SV_POWER",8000,8000,"absolute","K3",0.25,2.5,"depth6_reference","depth8_refined","ED1_011_TWO_ROOT_SV_POWER_n8000_depth6_reference","ED1_012_TWO_ROOT_SV_POWER_n8000_depth8_refined","continuous","y_top1pct_share_p1",254,254,254,254,254,,,,,,,,,0.0499474442209309,0.0499474442209309,0,0,0,0,0,0
"enclosure_depth_v001","depth8_refined_minus_depth6_reference","maximum continuum-enclosure depth 8 minus 6, with guard depth fixed at 6 and with identical samples, multipliers, B=999, bootstrap grid 0.005, enclosure grid 0.0025, node ceiling 57601, and every remaining inferential setting","ED1_TWO_ROOT_SV_POWER_n2000","diagnostic","TWO_ROOT_SV_POWER",2000,2000,"absolute","K3",0.25,2.5,"depth6_reference","depth8_refined","ED1_007_TWO_ROOT_SV_POWER_n2000_depth6_reference","ED1_008_TWO_ROOT_SV_POWER_n2000_depth8_refined","continuous","y_top1pct_share_upper",254,254,254,254,254,,,,,,,,,0.112769261046457,0.112769261046457,0,0,0,0,0,0
"enclosure_depth_v001","depth8_refined_minus_depth6_reference","maximum continuum-enclosure depth 8 minus 6, with guard depth fixed at 6 and with identical samples, multipliers, B=999, bootstrap grid 0.005, enclosure grid 0.0025, node ceiling 57601, and every remaining inferential setting","ED1_TWO_ROOT_SV_POWER_n4000","diagnostic","TWO_ROOT_SV_POWER",4000,4000,"absolute","K3",0.25,2.5,"depth6_reference","depth8_refined","ED1_009_TWO_ROOT_SV_POWER_n4000_depth6_reference","ED1_010_TWO_ROOT_SV_POWER_n4000_depth8_refined","continuous","y_top1pct_share_upper",254,254,254,254,254,,,,,,,,,0.113317213067108,0.113317213067108,0,0,0,0,0,0
"enclosure_depth_v001","depth8_refined_minus_depth6_reference","maximum continuum-enclosure depth 8 minus 6, with guard depth fixed at 6 and with identical samples, multipliers, B=999, bootstrap grid 0.005, enclosure grid 0.0025, node ceiling 57601, and every remaining inferential setting","ED1_TWO_ROOT_SV_POWER_n8000","diagnostic","TWO_ROOT_SV_POWER",8000,8000,"absolute","K3",0.25,2.5,"depth6_reference","depth8_refined","ED1_011_TWO_ROOT_SV_POWER_n8000_depth6_reference","ED1_012_TWO_ROOT_SV_POWER_n8000_depth8_refined","continuous","y_top1pct_share_upper",254,254,254,254,254,,,,,,,,,0.112996202462505,0.112996202462505,0,0,0,0,0,0
