"study_id","cell_id","cell_class","variant_id","scenario_id","n_x","n_y","moment_type","interval_id","p_min","p_max","bootstrap_reps","bootstrap_grid_size","bootstrap_grid_spacing","enclosure_grid_size","enclosure_grid_spacing","expected_replications","successful_replications","replication_failure_rate","continuum_band_coverage","continuum_band_coverage_wilson_lower","continuum_band_coverage_wilson_upper","construction_grid_band_coverage","audit_grid_band_coverage","joint_continuum_band_coverage","across_interval_joint_construction_grid_band_coverage","across_interval_joint_audit_grid_band_coverage","across_interval_joint_continuum_band_coverage","any_primary_false_report_rate","familywise_primary_error_rate","joint_any_primary_false_report_rate","across_interval_joint_any_primary_false_report_rate","any_primary_false_wilson_lower","any_primary_false_wilson_upper","familywise_primary_error_wilson_lower","familywise_primary_error_wilson_upper","reversal_certification_rate","exact_count_certification_rate","continuum_no_root_certification_rate","tangency_localization_applicable_rate","tangency_local_outer_nonempty_rate_conditional_on_applicability","tangency_local_geometry_scope","tangency_truncated_local_censoring_rate_conditional_on_applicability","tangency_truncated_local_left_boundary_touch_rate_conditional_on_applicability","tangency_truncated_local_right_boundary_touch_rate_conditional_on_applicability","tangency_neighborhood_width","mean_tangency_local_outer_total_length","q05_tangency_local_outer_total_length","q50_tangency_local_outer_total_length","q95_tangency_local_outer_total_length","mean_tangency_local_outer_total_length_normalized_by_neighborhood_width","q05_tangency_local_outer_total_length_normalized_by_neighborhood_width","q50_tangency_local_outer_total_length_normalized_by_neighborhood_width","q95_tangency_local_outer_total_length_normalized_by_neighborhood_width","mean_tangency_scaled_outer_radius_conditional_on_continuum_band_coverage","q50_tangency_scaled_outer_radius_conditional_on_continuum_band_coverage","mean_tangency_scaled_outer_hausdorff_conditional_on_continuum_band_coverage","q50_tangency_scaled_outer_hausdorff_conditional_on_continuum_band_coverage","tangency_global_geometry_applicable_replications","tangency_global_geometry_continuum_coverage_conditioned_replications","tangency_global_outer_total_length_conditioned_rows","tangency_global_outer_total_length_finite_count","tangency_global_outer_total_length_missing_count","tangency_global_outer_total_length_positive_infinite_count","tangency_global_outer_hausdorff_conditioned_rows","tangency_global_outer_hausdorff_finite_count","tangency_global_outer_hausdorff_missing_count","tangency_global_outer_hausdorff_positive_infinite_count","tangency_global_root_component_geometry_scope","tangency_global_root_component_present_replications","tangency_global_root_component_presence_denominator","tangency_global_root_component_absent_replications_under_continuum_coverage","tangency_global_root_component_length_continuum_coverage_conditioned_rows","tangency_global_root_component_geometry_conditioned_replications","tangency_global_root_component_length_root_component_present_conditioned_rows","tangency_global_root_component_length_finite_count","tangency_global_root_component_length_missing_count","tangency_global_root_component_length_positive_infinite_count","tangency_global_geometry_conditioning_rate","tangency_global_outer_nonempty_rate_conditional_on_continuum_band_coverage","tangency_global_outer_contains_root_rate_conditional_on_continuum_band_coverage","tangency_global_root_component_present_rate_conditional_on_continuum_band_coverage","mean_tangency_global_outer_component_count_conditional_on_continuum_band_coverage","q50_tangency_global_outer_component_count_conditional_on_continuum_band_coverage","mean_tangency_global_outer_total_length_conditional_on_continuum_band_coverage","q05_tangency_global_outer_total_length_conditional_on_continuum_band_coverage","q50_tangency_global_outer_total_length_conditional_on_continuum_band_coverage","q95_tangency_global_outer_total_length_conditional_on_continuum_band_coverage","mean_tangency_global_outer_hausdorff_conditional_on_continuum_band_coverage","q05_tangency_global_outer_hausdorff_conditional_on_continuum_band_coverage","q50_tangency_global_outer_hausdorff_conditional_on_continuum_band_coverage","q95_tangency_global_outer_hausdorff_conditional_on_continuum_band_coverage","mean_tangency_global_outer_left_radius_conditional_on_continuum_band_coverage","q50_tangency_global_outer_left_radius_conditional_on_continuum_band_coverage","mean_tangency_global_outer_right_radius_conditional_on_continuum_band_coverage","q50_tangency_global_outer_right_radius_conditional_on_continuum_band_coverage","mean_tangency_global_scaled_outer_total_length_conditional_on_continuum_band_coverage","q50_tangency_global_scaled_outer_total_length_conditional_on_continuum_band_coverage","mean_tangency_global_scaled_outer_hausdorff_conditional_on_continuum_band_coverage","q50_tangency_global_scaled_outer_hausdorff_conditional_on_continuum_band_coverage","mean_tangency_global_scaled_outer_left_radius_conditional_on_continuum_band_coverage","q50_tangency_global_scaled_outer_left_radius_conditional_on_continuum_band_coverage","mean_tangency_global_scaled_outer_right_radius_conditional_on_continuum_band_coverage","q50_tangency_global_scaled_outer_right_radius_conditional_on_continuum_band_coverage","mean_tangency_global_root_component_length_conditional_on_continuum_band_coverage","q50_tangency_global_root_component_length_conditional_on_continuum_band_coverage","q50_tangency_global_root_component_left_conditional_on_continuum_band_coverage","q50_tangency_global_root_component_right_conditional_on_continuum_band_coverage","mean_tangency_global_root_component_left_radius_conditional_on_continuum_band_coverage","q50_tangency_global_root_component_left_radius_conditional_on_continuum_band_coverage","mean_tangency_global_root_component_right_radius_conditional_on_continuum_band_coverage","q50_tangency_global_root_component_right_radius_conditional_on_continuum_band_coverage","mean_tangency_global_scaled_root_component_length_conditional_on_continuum_band_coverage","q50_tangency_global_scaled_root_component_length_conditional_on_continuum_band_coverage","mean_tangency_global_scaled_root_component_left_radius_conditional_on_continuum_band_coverage","q50_tangency_global_scaled_root_component_left_radius_conditional_on_continuum_band_coverage","mean_tangency_global_scaled_root_component_right_radius_conditional_on_continuum_band_coverage","q50_tangency_global_scaled_root_component_right_radius_conditional_on_continuum_band_coverage","mean_tangency_global_root_component_length_conditional_on_continuum_band_coverage_and_root_component_present","q50_tangency_global_root_component_length_conditional_on_continuum_band_coverage_and_root_component_present","mean_tangency_global_root_component_left_radius_conditional_on_continuum_band_coverage_and_root_component_present","q50_tangency_global_root_component_left_radius_conditional_on_continuum_band_coverage_and_root_component_present","mean_tangency_global_root_component_right_radius_conditional_on_continuum_band_coverage_and_root_component_present","q50_tangency_global_root_component_right_radius_conditional_on_continuum_band_coverage_and_root_component_present","mean_tangency_global_scaled_root_component_length_conditional_on_continuum_band_coverage_and_root_component_present","q50_tangency_global_scaled_root_component_length_conditional_on_continuum_band_coverage_and_root_component_present","q50_tangency_global_root_component_left_conditional_on_continuum_band_coverage_and_root_component_present","q50_tangency_global_root_component_right_conditional_on_continuum_band_coverage_and_root_component_present","mean_tangency_global_scaled_root_component_left_radius_conditional_on_continuum_band_coverage_and_root_component_present","q50_tangency_global_scaled_root_component_left_radius_conditional_on_continuum_band_coverage_and_root_component_present","mean_tangency_global_scaled_root_component_right_radius_conditional_on_continuum_band_coverage_and_root_component_present","q50_tangency_global_scaled_root_component_right_radius_conditional_on_continuum_band_coverage_and_root_component_present","tangency_global_outer_K_boundary_touch_rate_conditional_on_continuum_band_coverage","tangency_global_outer_K_left_touch_rate_conditional_on_continuum_band_coverage","tangency_global_outer_K_right_touch_rate_conditional_on_continuum_band_coverage","tangency_global_root_component_K_boundary_touch_rate_conditional_on_continuum_band_coverage","zero_budget_rejection_rate","outer_set_truth_coverage","root_isolation_report_rate","root_bias_conditional_on_isolation","root_rmse_conditional_on_isolation","root_collection_applicable_replications","root_collection_joint_isolation_reports","root_collection_joint_isolation_report_rate","root_collection_conditional_replication_denominator","root_collection_error_denominator","root_collection_bias_conditional_on_joint_isolation","root_collection_rmse_conditional_on_joint_isolation","wald_report_rate","wald_applicable_replications","wald_report_count","wald_conditional_coverage","wald_conditional_coverage_denominator","wald_conditional_coverage_count","wald_vacuous_fallback_set_coverage","wald_report_and_cover_rate","wald_report_and_cover_denominator","wald_report_and_cover_count","root_multiplier_report_rate","root_multiplier_applicable_replications","root_multiplier_report_count","root_multiplier_conditional_coverage","root_multiplier_conditional_coverage_denominator","root_multiplier_conditional_coverage_count","root_multiplier_vacuous_fallback_set_coverage","root_multiplier_report_and_cover_rate","root_multiplier_report_and_cover_denominator","root_multiplier_report_and_cover_count","derivative_assisted_band_report_rate","derivative_assisted_guard_failure_rate","derivative_assisted_operational_failure_rate","derivative_assisted_local_exact_root_certification_rate","derivative_assisted_exact_root_on_K_certification_rate","derivative_assisted_false_exact_root_report_rate","derivative_assisted_false_exact_root_on_K_report_rate","derivative_assisted_joint_grid_coverage","mean_derivative_assisted_critical_value","mean_derivative_assisted_value_width_inflation","pointwise_grid_curve_coverage","pointwise_false_sign_report_rate","guard_failure_rate","enclosure_limit_rate","enclosure_depth_limit_rate","enclosure_node_limit_rate","enclosure_variance_limit_rate","enclosure_statistical_limit_rate","mean_enclosure_limit_hit_cells","mean_enclosure_limit_hit_total_width","mean_enclosure_limit_hit_width_proportion","maximum_enclosure_limit_hit_cell_width","mean_enclosure_depth_limit_cells","mean_enclosure_depth_limit_total_width","mean_enclosure_node_limit_cells","mean_enclosure_node_limit_total_width","mean_enclosure_variance_limit_cells","mean_enclosure_variance_limit_total_width","mean_enclosure_statistical_limit_cells","mean_enclosure_statistical_limit_total_width","truth_score_limit_rate","mean_critical_value","mean_maximum_half_width","mean_outer_set_length","mean_outer_set_retained_proportion","mean_y_ess_ratio_upper","mean_y_max_share_upper","mean_elapsed_seconds_per_replication","mean_peak_r_heap_mb_per_replication"
"main_final_v003","M001_LN_EQUAL_n50","benchmark","main_primary","LN_EQUAL",50,50,"absolute","K1",0.25,1.5,999,251,0.00500000000000012,501,0.00250000000000017,2032,2032,0,0.947342519685039,0.936759808285905,0.956237036887449,0.947342519685039,0.947342519685039,0.947342519685039,0.94488188976378,0.94488188976378,0.94488188976378,0.0526574803149606,0.0526574803149606,0.0526574803149606,0.0551181102362205,0.0437629631125504,0.0632401917140948,0.0437629631125504,0.0632401917140948,0,0,0.0374015748031496,0,,"TRUNCATED_TO_FIXED_NEIGHBORHOOD",,,,,,,,,,,,,,,,,0,0,0,0,0,0,0,0,0,0,"CONDITIONAL_ON_CONTINUUM_COVERAGE_AND_ROOT_COMPONENT_PRESENT",0,0,0,0,0,0,0,0,0,,,,,,,,,,,,,,,,,,,,,,,,,,,,,,,,,,,,,,,,,,,,,,,,,,,,,,,,,,,,0.947342519685039,,,,0,0,,0,0,,,,0,0,,0,0,,,0,0,,0,0,,0,0,,,0,0,,,,,,,,,,,0.940452755905512,0.0595472440944882,0,0.0093503937007874,0.0093503937007874,0,0,0.0093503937007874,2.17814960629921,2.1270992249016e-05,1.70167937992128e-05,9.76562500021316e-06,2.17814960629921,2.1270992249016e-05,0,0,0,0,2.17814960629921,2.1270992249016e-05,0,2.01546047410965,0.127474970017013,1.19423263910249,0.955386111281988,0.916270819729871,0.0378611796183385,10.707344980315,138.082775590551
"main_final_v003","M001_LN_EQUAL_n50","benchmark","main_primary","LN_EQUAL",50,50,"absolute","K2",0.25,2,999,351,0.00500000000000012,701,0.00250000000000017,2032,2032,0,0.947342519685039,0.936759808285905,0.956237036887449,0.947342519685039,0.947342519685039,0.947342519685039,0.94488188976378,0.94488188976378,0.94488188976378,0.0526574803149606,0.0526574803149606,0.0526574803149606,0.0551181102362205,0.0437629631125504,0.0632401917140948,0.0437629631125504,0.0632401917140948,0,0,0.0354330708661417,0,,"TRUNCATED_TO_FIXED_NEIGHBORHOOD",,,,,,,,,,,,,,,,,0,0,0,0,0,0,0,0,0,0,"CONDITIONAL_ON_CONTINUUM_COVERAGE_AND_ROOT_COMPONENT_PRESENT",0,0,0,0,0,0,0,0,0,,,,,,,,,,,,,,,,,,,,,,,,,,,,,,,,,,,,,,,,,,,,,,,,,,,,,,,,,,,,0.947342519685039,,,,0,0,,0,0,,,,0,0,,0,0,,,0,0,,0,0,,0,0,,,0,0,,,,,,,,,,,0.937992125984252,0.062007874015748,0,0.00738188976377953,0.00738188976377953,0,0,0.00738188976377953,1.66092519685039,1.62199726254922e-05,9.26855578599555e-06,9.76562500021316e-06,1.66092519685039,1.62199726254922e-05,0,0,0,0,1.66092519685039,1.62199726254922e-05,0,2.0343294761906,0.180493253229648,1.67229230264979,0.955595601514166,0.857250959371321,0.0460771922460023,10.707344980315,138.082775590551
"main_final_v003","M001_LN_EQUAL_n50","benchmark","main_primary","LN_EQUAL",50,50,"absolute","K3",0.25,2.5,999,451,0.00500000000000034,901,0.00250000000000039,2032,2032,0,0.946850393700787,0.936226152206375,0.955788298197812,0.946850393700787,0.946850393700787,0.946850393700787,0.94488188976378,0.94488188976378,0.94488188976378,0.0531496062992126,0.0531496062992126,0.0531496062992126,0.0551181102362205,0.0442117018021878,0.0637738477936251,0.0442117018021878,0.0637738477936251,0,0,0.031003937007874,0,,"TRUNCATED_TO_FIXED_NEIGHBORHOOD",,,,,,,,,,,,,,,,,0,0,0,0,0,0,0,0,0,0,"CONDITIONAL_ON_CONTINUUM_COVERAGE_AND_ROOT_COMPONENT_PRESENT",0,0,0,0,0,0,0,0,0,,,,,,,,,,,,,,,,,,,,,,,,,,,,,,,,,,,,,,,,,,,,,,,,,,,,,,,,,,,,0.946850393700787,,,,0,0,,0,0,,,,0,0,,0,0,,,0,0,,0,0,,0,0,,,0,0,,,,,,,,,,,0.936023622047244,0.0639763779527559,0,0.00885826771653543,0.00885826771653543,0,0,0.00885826771653543,1.00738188976378,9.8377137672248e-06,4.37231722987769e-06,9.76562500021316e-06,1.00738188976378,9.8377137672248e-06,0,0,0,0,1.00738188976378,9.8377137672248e-06,0,2.05108135733216,0.242785709108469,2.15153542826495,0.956237968117755,0.788727287908359,0.0556069090365281,10.707344980315,138.082775590551
"main_final_v003","M002_LN_EQUAL_n100","benchmark","main_primary","LN_EQUAL",100,100,"absolute","K1",0.25,1.5,999,251,0.00500000000000012,501,0.00250000000000017,2032,2032,0,0.952263779527559,0.94210971741508,0.960711075449951,0.952263779527559,0.952263779527559,0.952263779527559,0.948818897637795,0.948818897637795,0.948818897637795,0.0477362204724409,0.0477362204724409,0.0477362204724409,0.0511811023622047,0.0392889245500489,0.0578902825849203,0.0392889245500489,0.0578902825849203,0,0,0.0349409448818898,0,,"TRUNCATED_TO_FIXED_NEIGHBORHOOD",,,,,,,,,,,,,,,,,0,0,0,0,0,0,0,0,0,0,"CONDITIONAL_ON_CONTINUUM_COVERAGE_AND_ROOT_COMPONENT_PRESENT",0,0,0,0,0,0,0,0,0,,,,,,,,,,,,,,,,,,,,,,,,,,,,,,,,,,,,,,,,,,,,,,,,,,,,,,,,,,,,0.952263779527559,,,,0,0,,0,0,,,,0,0,,0,0,,,0,0,,0,0,,0,0,,,0,0,,,,,,,,,,,0.940944881889764,0.0590551181102362,0,0.00639763779527559,0.00639763779527559,0,0,0.00639763779527559,2.69094488188976,2.6278758612205e-05,2.1023006889764e-05,9.76562500021316e-06,2.69094488188976,2.6278758612205e-05,0,0,0,0,2.69094488188976,2.6278758612205e-05,0,2.02373101814081,0.0912034472854365,1.1995796744279,0.959663739542323,0.914828162461879,0.020425193507495,11.5986505905512,146.792519685039
"main_final_v003","M002_LN_EQUAL_n100","benchmark","main_primary","LN_EQUAL",100,100,"absolute","K2",0.25,2,999,351,0.00500000000000012,701,0.00250000000000017,2032,2032,0,0.952755905511811,0.942646118952406,0.961157068681793,0.953248031496063,0.953248031496063,0.952755905511811,0.948818897637795,0.948818897637795,0.948818897637795,0.046751968503937,0.046751968503937,0.046751968503937,0.0511811023622047,0.0383972094766492,0.0568172081199848,0.0383972094766492,0.0568172081199848,0,0,0.031003937007874,0,,"TRUNCATED_TO_FIXED_NEIGHBORHOOD",,,,,,,,,,,,,,,,,0,0,0,0,0,0,0,0,0,0,"CONDITIONAL_ON_CONTINUUM_COVERAGE_AND_ROOT_COMPONENT_PRESENT",0,0,0,0,0,0,0,0,0,,,,,,,,,,,,,,,,,,,,,,,,,,,,,,,,,,,,,,,,,,,,,,,,,,,,,,,,,,,,0.953248031496063,,,,0,0,,0,0,,,,0,0,,0,0,,,0,0,,0,0,,0,0,,,0,0,,,,,,,,,,,0.936515748031496,0.0634842519685039,0,0.00492125984251968,0.00492125984251968,0,0,0.00492125984251968,0.87992125984252,8.59298105314955e-06,4.91027488751403e-06,9.76562500021316e-06,0.87992125984252,8.59298105314955e-06,0,0,0,0,0.87992125984252,8.59298105314955e-06,0.000492125984251968,2.04514544178447,0.129369565010362,1.68219240203617,0.961252801163526,0.854311760881733,0.0254854298132711,11.5986505905512,146.792519685039
"main_final_v003","M002_LN_EQUAL_n100","benchmark","main_primary","LN_EQUAL",100,100,"absolute","K3",0.25,2.5,999,451,0.00500000000000034,901,0.00250000000000039,2032,2032,0,0.951279527559055,0.941037712857364,0.959818290469332,0.951771653543307,0.951771653543307,0.951279527559055,0.948818897637795,0.948818897637795,0.948818897637795,0.0482283464566929,0.0482283464566929,0.0482283464566929,0.0511811023622047,0.0397351852340803,0.0584264166700565,0.0397351852340803,0.0584264166700565,0,0,0.0260826771653543,0,,"TRUNCATED_TO_FIXED_NEIGHBORHOOD",,,,,,,,,,,,,,,,,0,0,0,0,0,0,0,0,0,0,"CONDITIONAL_ON_CONTINUUM_COVERAGE_AND_ROOT_COMPONENT_PRESENT",0,0,0,0,0,0,0,0,0,,,,,,,,,,,,,,,,,,,,,,,,,,,,,,,,,,,,,,,,,,,,,,,,,,,,,,,,,,,,0.951771653543307,,,,0,0,,0,0,,,,0,0,,0,0,,,0,0,,0,0,,0,0,,,0,0,,,,,,,,,,,0.93503937007874,0.0649606299212598,0,0.0078740157480315,0.0078740157480315,0,0,0.0078740157480315,1.34547244094488,1.3139379306102e-05,5.83972413604533e-06,9.76562500021316e-06,1.34547244094488,1.3139379306102e-05,0,0,0,0,1.34547244094488,1.3139379306102e-05,0.000492125984251968,2.06437492518178,0.174388854483194,2.16665930079663,0.962959689242946,0.783438364253539,0.0315296684243338,11.5986505905512,146.792519685039
"main_final_v003","M003_LN_EQUAL_n250","benchmark","main_primary","LN_EQUAL",250,250,"absolute","K1",0.25,1.5,999,251,0.00500000000000012,501,0.00250000000000017,2032,2032,0,0.947834645669291,0.937293697333401,0.956685542609122,0.948818897637795,0.948818897637795,0.947834645669291,0.946358267716535,0.946358267716535,0.945374015748031,0.0511811023622047,0.0511811023622047,0.0511811023622047,0.0536417322834646,0.0424181572878878,0.0616378132312546,0.0424181572878878,0.0616378132312546,0,0,0.0354330708661417,0,,"TRUNCATED_TO_FIXED_NEIGHBORHOOD",,,,,,,,,,,,,,,,,0,0,0,0,0,0,0,0,0,0,"CONDITIONAL_ON_CONTINUUM_COVERAGE_AND_ROOT_COMPONENT_PRESENT",0,0,0,0,0,0,0,0,0,,,,,,,,,,,,,,,,,,,,,,,,,,,,,,,,,,,,,,,,,,,,,,,,,,,,,,,,,,,,0.948818897637795,,,,0,0,,0,0,,,,0,0,,0,0,,,0,0,,0,0,,0,0,,,0,0,,,,,,,,,,,0.945374015748031,0.0546259842519685,0,0.0108267716535433,0.0108267716535433,0,0,0.0108267716535433,2.99064960629921,2.92055625615158e-05,2.33644500492127e-05,9.76562500021316e-06,2.99064960629921,2.92055625615158e-05,0,0,0,0,2.99064960629921,2.92055625615158e-05,0.000984251968503937,2.02563660985995,0.0580390691632324,1.19583260123185,0.956666080985482,0.914259701087845,0.00900619041336904,13.6189483267717,162.357529527559
"main_final_v003","M003_LN_EQUAL_n250","benchmark","main_primary","LN_EQUAL",250,250,"absolute","K2",0.25,2,999,351,0.00500000000000012,701,0.00250000000000017,2032,2032,0,0.949311023622047,0.938896793558425,0.9580296306916,0.949803149606299,0.949803149606299,0.949311023622047,0.946358267716535,0.946358267716535,0.945374015748031,0.0501968503937008,0.0501968503937008,0.0501968503937008,0.0536417322834646,0.0415228271054667,0.0605683538753405,0.0415228271054667,0.0605683538753405,0,0,0.031988188976378,0,,"TRUNCATED_TO_FIXED_NEIGHBORHOOD",,,,,,,,,,,,,,,,,0,0,0,0,0,0,0,0,0,0,"CONDITIONAL_ON_CONTINUUM_COVERAGE_AND_ROOT_COMPONENT_PRESENT",0,0,0,0,0,0,0,0,0,,,,,,,,,,,,,,,,,,,,,,,,,,,,,,,,,,,,,,,,,,,,,,,,,,,,,,,,,,,,0.950295275590551,,,,0,0,,0,0,,,,0,0,,0,0,,,0,0,,0,0,,0,0,,,0,0,,,,,,,,,,,0.941437007874016,0.0585629921259843,0,0.00984251968503937,0.00984251968503937,0,0,0.00984251968503937,3.31988188976378,3.24207215797243e-05,1.85261266169853e-05,9.76562500021316e-06,3.31988188976378,3.24207215797243e-05,0,0,0,0,3.31988188976378,3.24207215797243e-05,0.000492125984251968,2.04835270779781,0.0824749091361545,1.67812174158772,0.958926709478698,0.852859204190361,0.0116049149653289,13.6189483267717,162.357529527559
"main_final_v003","M003_LN_EQUAL_n250","benchmark","main_primary","LN_EQUAL",250,250,"absolute","K3",0.25,2.5,999,451,0.00500000000000034,901,0.00250000000000039,2032,2032,0,0.948326771653543,0.937827822439857,0.957133812271833,0.949803149606299,0.949803149606299,0.948326771653543,0.946358267716535,0.946358267716535,0.945374015748031,0.0501968503937008,0.0501968503937008,0.0501968503937008,0.0536417322834646,0.0415228271054667,0.0605683538753405,0.0415228271054667,0.0605683538753405,0,0,0.0265748031496063,0,,"TRUNCATED_TO_FIXED_NEIGHBORHOOD",,,,,,,,,,,,,,,,,0,0,0,0,0,0,0,0,0,0,"CONDITIONAL_ON_CONTINUUM_COVERAGE_AND_ROOT_COMPONENT_PRESENT",0,0,0,0,0,0,0,0,0,,,,,,,,,,,,,,,,,,,,,,,,,,,,,,,,,,,,,,,,,,,,,,,,,,,,,,,,,,,,0.950295275590551,,,,0,0,,0,0,,,,0,0,,0,0,,,0,0,,0,0,,0,0,,,0,0,,,,,,,,,,,0.937992125984252,0.062007874015748,0,0.0103346456692913,0.0103346456692913,0,0,0.0103346456692913,5.14616141732283,5.02554825910431e-05,2.23357700404636e-05,9.76562500021316e-06,5.14616141732283,5.02554825910431e-05,0,0,0,0,5.14616141732283,5.02554825910431e-05,0.00147637795275591,2.06972383548053,0.111470785577916,2.16342008815976,0.961520039182114,0.780299902371856,0.0148258679253672,13.6189483267717,162.357529527559
"main_final_v003","M004_LN_EQUAL_n500","benchmark","main_primary","LN_EQUAL",500,500,"absolute","K1",0.25,1.5,999,251,0.00500000000000012,501,0.00250000000000017,2032,2032,0,0.945866141732283,0.935159526935823,0.954890133930029,0.946850393700787,0.946850393700787,0.945866141732283,0.944389763779528,0.944389763779528,0.943405511811024,0.0531496062992126,0.0531496062992126,0.0531496062992126,0.0556102362204724,0.0442117018021878,0.0637738477936251,0.0442117018021878,0.0637738477936251,0,0,0.0403543307086614,0,,"TRUNCATED_TO_FIXED_NEIGHBORHOOD",,,,,,,,,,,,,,,,,0,0,0,0,0,0,0,0,0,0,"CONDITIONAL_ON_CONTINUUM_COVERAGE_AND_ROOT_COMPONENT_PRESENT",0,0,0,0,0,0,0,0,0,,,,,,,,,,,,,,,,,,,,,,,,,,,,,,,,,,,,,,,,,,,,,,,,,,,,,,,,,,,,0.946850393700787,,,,0,0,,0,0,,,,0,0,,0,0,,,0,0,,0,0,,0,0,,,0,0,,,,,,,,,,,0.936023622047244,0.0639763779527559,0,0.00738188976377953,0.00738188976377953,0,0,0.00738188976377953,1.92372047244094,1.8786332738681e-05,1.50290661909448e-05,9.76562500021316e-06,1.92372047244094,1.8786332738681e-05,0,0,0,0,1.92372047244094,1.8786332738681e-05,0.000984251968503937,2.03012126651148,0.0411359733210929,1.19232808751384,0.953862470011073,0.914428077878387,0.00478887503100806,15.8663813976378,193.133612204724
"main_final_v003","M004_LN_EQUAL_n500","benchmark","main_primary","LN_EQUAL",500,500,"absolute","K2",0.25,2,999,351,0.00500000000000012,701,0.00250000000000017,2032,2032,0,0.946358267716535,0.935692726073977,0.955339329561042,0.946850393700787,0.946850393700787,0.946358267716535,0.944389763779528,0.944389763779528,0.943405511811024,0.0531496062992126,0.0531496062992126,0.0531496062992126,0.0556102362204724,0.0442117018021878,0.0637738477936251,0.0442117018021878,0.0637738477936251,0,0,0.0354330708661417,0,,"TRUNCATED_TO_FIXED_NEIGHBORHOOD",,,,,,,,,,,,,,,,,0,0,0,0,0,0,0,0,0,0,"CONDITIONAL_ON_CONTINUUM_COVERAGE_AND_ROOT_COMPONENT_PRESENT",0,0,0,0,0,0,0,0,0,,,,,,,,,,,,,,,,,,,,,,,,,,,,,,,,,,,,,,,,,,,,,,,,,,,,,,,,,,,,0.946850393700787,,,,0,0,,0,0,,,,0,0,,0,0,,,0,0,,0,0,,0,0,,,0,0,,,,,,,,,,,0.93257874015748,0.0674212598425197,0,0.00984251968503937,0.00984251968503937,0,0,0.00984251968503937,2.98474409448819,2.9147891547736e-05,1.66559380272777e-05,9.76562500021316e-06,2.98474409448819,2.9147891547736e-05,0,0,0,0,2.98474409448819,2.9147891547736e-05,0.000492125984251968,2.05406378863771,0.058493592735633,1.67280473844273,0.955888421967274,0.853119981679061,0.00629934906938844,15.8663813976378,193.133612204724
"main_final_v003","M004_LN_EQUAL_n500","benchmark","main_primary","LN_EQUAL",500,500,"absolute","K3",0.25,2.5,999,451,0.00500000000000034,901,0.00250000000000039,2032,2032,0,0.945866141732283,0.935159526935823,0.954890133930029,0.946358267716535,0.946358267716535,0.945866141732283,0.944389763779528,0.944389763779528,0.943405511811024,0.0536417322834646,0.0536417322834646,0.0536417322834646,0.0556102362204724,0.0446606704389576,0.0643072739260229,0.0446606704389576,0.0643072739260229,0,0,0.031496062992126,0,,"TRUNCATED_TO_FIXED_NEIGHBORHOOD",,,,,,,,,,,,,,,,,0,0,0,0,0,0,0,0,0,0,"CONDITIONAL_ON_CONTINUUM_COVERAGE_AND_ROOT_COMPONENT_PRESENT",0,0,0,0,0,0,0,0,0,,,,,,,,,,,,,,,,,,,,,,,,,,,,,,,,,,,,,,,,,,,,,,,,,,,,,,,,,,,,0.946358267716535,,,,0,0,,0,0,,,,0,0,,0,0,,,0,0,,0,0,,0,0,,,0,0,,,,,,,,,,,0.928149606299213,0.0718503937007874,0,0.0142716535433071,0.0142716535433071,0,0,0.0142716535433071,4.12106299212598,4.02447557824797e-05,1.78865581255465e-05,9.76562500021316e-06,4.12106299212598,4.02447557824797e-05,0,0,0,0,4.12106299212598,4.02447557824797e-05,0.000492125984251968,2.07673553155548,0.0791256479415186,2.15518542192114,0.957860187520505,0.780524604679449,0.00821660835511913,15.8663813976378,193.133612204724
"main_final_v003","M027_LN_HIGH_VARIANCE_n250","stress","main_primary","LN_HIGH_VARIANCE",250,250,"absolute","K1",0.25,1.5,999,251,0.00500000000000012,501,0.00250000000000017,2032,2032,0,0.916338582677165,0.903500097677336,0.92760587703846,0.916338582677165,0.916338582677165,0.916338582677165,0.764763779527559,0.764763779527559,0.764763779527559,0.0511811023622047,0.0511811023622047,0.0511811023622047,0.0511811023622047,0.0424181572878878,0.0616378132312546,0.0424181572878878,0.0616378132312546,0.000492125984251968,0.000492125984251968,0.0216535433070866,0,,"TRUNCATED_TO_FIXED_NEIGHBORHOOD",,,,,,,,,,,,,,,,,0,0,0,0,0,0,0,0,0,0,"CONDITIONAL_ON_CONTINUUM_COVERAGE_AND_ROOT_COMPONENT_PRESENT",0,0,0,0,0,0,0,0,0,,,,,,,,,,,,,,,,,,,,,,,,,,,,,,,,,,,,,,,,,,,,,,,,,,,,,,,,,,,0.000492125984251968,0.948818897637795,,,,0,0,,0,0,,,,0,0,,0,0,,,0,0,0,2032,0,,0,0,,,0,0,,,,,,,,,,,0.889271653543307,0.0674212598425197,0,0.0211614173228346,0.0211614173228346,0,0,0.0211614173228346,0.0964566929133858,9.4195989173211e-07,7.53567913385688e-07,9.76562500010214e-06,0.0964566929133858,9.4195989173211e-07,0,0,0,0,0.0964566929133858,9.4195989173211e-07,0,2.13575559033193,0.500011763597379,0.804986178180364,0.643988942544291,0.218625972920111,0.0817443722885252,11.6376437007874,159.487401574803
"main_final_v003","M027_LN_HIGH_VARIANCE_n250","stress","main_primary","LN_HIGH_VARIANCE",250,250,"absolute","K2",0.25,2,999,351,0.00500000000000012,701,0.00250000000000017,2032,2032,0,0.871555118110236,0.856303232834671,0.885404817886873,0.871555118110236,0.871555118110236,0.871555118110236,0.764763779527559,0.764763779527559,0.764763779527559,0.0492125984251969,0.0492125984251969,0.0492125984251969,0.0511811023622047,0.0406284936952145,0.0594978977472575,0.0406284936952145,0.0594978977472575,0.016240157480315,0.016240157480315,0.00344488188976378,0,,"TRUNCATED_TO_FIXED_NEIGHBORHOOD",,,,,,,,,,,,,,,,,0,0,0,0,0,0,0,0,0,0,"CONDITIONAL_ON_CONTINUUM_COVERAGE_AND_ROOT_COMPONENT_PRESENT",0,0,0,0,0,0,0,0,0,,,,,,,,,,,,,,,,,,,,,,,,,,,,,,,,,,,,,,,,,,,,,,,,,,,,,,,,,,,0.016240157480315,0.950787401574803,0.777066929133858,-0.0316058913455124,0.285884817448591,2032,1579,0.777066929133858,1579,1579,-0.0316058913455124,0.285884817448591,0.777066929133858,2032,1579,0.978467384420519,1579,1545,0.983267716535433,0.760334645669291,2032,1545,0.777066929133858,2032,1579,0.978467384420519,1579,1545,0.983267716535433,0.760334645669291,2032,1545,,,,,,,,,,,0.829724409448819,0.0674212598425197,0,0.0216535433070866,0.0216535433070866,0,0,0.0216535433070866,0.0984251968503937,9.61183562992317e-07,5.49247750281324e-07,9.76562500021316e-06,0.0984251968503937,9.61183562992317e-07,0,0,0,0,0.0984251968503937,9.61183562992317e-07,0,2.1562519066466,1.44477567355827,1.29406838244341,0.739467647110517,0.107789101399272,0.151916307753203,11.6376437007874,159.487401574803
"main_final_v003","M027_LN_HIGH_VARIANCE_n250","stress","main_primary","LN_HIGH_VARIANCE",250,250,"absolute","K3",0.25,2.5,999,451,0.00500000000000034,901,0.00250000000000039,2032,2032,0,0.766732283464567,0.747851406081602,0.784606558807241,0.766732283464567,0.766732283464567,0.766732283464567,0.764763779527559,0.764763779527559,0.764763779527559,0.0487204724409449,0.0487204724409449,0.0487204724409449,0.0511811023622047,0.0401817095306682,0.0589622871426362,0.0401817095306682,0.0589622871426362,0.0437992125984252,0.0437992125984252,0.000492125984251968,0,,"TRUNCATED_TO_FIXED_NEIGHBORHOOD",,,,,,,,,,,,,,,,,0,0,0,0,0,0,0,0,0,0,"CONDITIONAL_ON_CONTINUUM_COVERAGE_AND_ROOT_COMPONENT_PRESENT",0,0,0,0,0,0,0,0,0,,,,,,,,,,,,,,,,,,,,,,,,,,,,,,,,,,,,,,,,,,,,,,,,,,,,,,,,,,,0.0437992125984252,0.951279527559055,0.777066929133858,-0.0316058913455124,0.285884817448591,2032,1579,0.777066929133858,1579,1579,-0.0316058913455124,0.285884817448591,0.777066929133858,2032,1579,0.978467384420519,1579,1545,0.983267716535433,0.760334645669291,2032,1545,0.777066929133858,2032,1579,0.978467384420519,1579,1545,0.983267716535433,0.760334645669291,2032,1545,,,,,,,,,,,0.719488188976378,0.0674212598425197,0,0.0221456692913386,0.0221456692913386,0,0,0.0221456692913386,0.12253937007874,1.1966735359255e-06,5.31854904855778e-07,9.76562500021316e-06,0.12253937007874,1.1966735359255e-06,0,0,0,0,0.12253937007874,1.1966735359255e-06,0,2.16539022382181,4.69728890890568,1.76648618683102,0.785104971924896,0.0603203386819757,0.23508359572569,11.6376437007874,159.487401574803
"main_final_v003","M028_LN_HIGH_VARIANCE_n500","stress","main_primary","LN_HIGH_VARIANCE",500,500,"absolute","K1",0.25,1.5,999,251,0.00500000000000012,501,0.00250000000000017,2032,2032,0,0.93503937007874,0.92348133545051,0.944955640493655,0.93503937007874,0.93503937007874,0.93503937007874,0.800688976377953,0.800688976377953,0.800688976377953,0.0374015748031496,0.0374015748031496,0.0374015748031496,0.0374015748031496,0.0299861572251528,0.0465627597572967,0.0299861572251528,0.0465627597572967,0.0177165354330709,0.0177165354330709,0.0127952755905512,0,,"TRUNCATED_TO_FIXED_NEIGHBORHOOD",,,,,,,,,,,,,,,,,0,0,0,0,0,0,0,0,0,0,"CONDITIONAL_ON_CONTINUUM_COVERAGE_AND_ROOT_COMPONENT_PRESENT",0,0,0,0,0,0,0,0,0,,,,,,,,,,,,,,,,,,,,,,,,,,,,,,,,,,,,,,,,,,,,,,,,,,,,,,,,,,,0.0177165354330709,0.96259842519685,,,,0,0,,0,0,,,,0,0,,0,0,,,0,0,0,2032,0,,0,0,,,0,0,,,,,,,,,,,0.903543307086614,0.0556102362204724,0,0.0118110236220472,0.0118110236220472,0,0,0.0118110236220472,0.0349409448818898,3.41220164862523e-07,2.72976131890018e-07,9.76562500021316e-06,0.0349409448818898,3.41220164862523e-07,0,0,0,0,0.0349409448818898,3.41220164862523e-07,0,2.15457937506695,0.365755594976529,0.654845321535126,0.5238762572281,0.200491535550667,0.054601755232926,11.3497401574803,177.999507874016
"main_final_v003","M028_LN_HIGH_VARIANCE_n500","stress","main_primary","LN_HIGH_VARIANCE",500,500,"absolute","K2",0.25,2,999,351,0.00500000000000012,701,0.00250000000000017,2032,2032,0,0.894685039370079,0.880585650120844,0.907294954751577,0.894685039370079,0.894685039370079,0.894685039370079,0.800688976377953,0.800688976377953,0.800688976377953,0.0339566929133858,0.0339566929133858,0.0339566929133858,0.0374015748031496,0.0269195767434516,0.0427525768548246,0.0269195767434516,0.0427525768548246,0.12746062992126,0.12746062992126,0,0,,"TRUNCATED_TO_FIXED_NEIGHBORHOOD",,,,,,,,,,,,,,,,,0,0,0,0,0,0,0,0,0,0,"CONDITIONAL_ON_CONTINUUM_COVERAGE_AND_ROOT_COMPONENT_PRESENT",0,0,0,0,0,0,0,0,0,,,,,,,,,,,,,,,,,,,,,,,,,,,,,,,,,,,,,,,,,,,,,,,,,,,,,,,,,,,0.12746062992126,0.966043307086614,0.90255905511811,-0.00659605003116082,0.251152954608078,2032,1834,0.90255905511811,1834,1834,-0.00659605003116082,0.251152954608078,0.90255905511811,2032,1834,0.969465648854962,1834,1778,0.97244094488189,0.875,2032,1778,0.90255905511811,2032,1834,0.968920392584515,1834,1777,0.971948818897638,0.874507874015748,2032,1777,,,,,,,,,,,0.851377952755906,0.0556102362204724,0,0.0172244094488189,0.0172244094488189,0,0,0.0172244094488189,0.0644685039370079,6.29575233760144e-07,3.59757276434368e-07,9.76562500021316e-06,0.0644685039370079,6.29575233760144e-07,0,0,0,0,0.0644685039370079,6.29575233760144e-07,0,2.17948257388752,1.10260314272453,1.12648192878783,0.643703959307333,0.0894225095544808,0.111784739948956,11.3497401574803,177.999507874016
"main_final_v003","M028_LN_HIGH_VARIANCE_n500","stress","main_primary","LN_HIGH_VARIANCE",500,500,"absolute","K3",0.25,2.5,999,451,0.00500000000000034,901,0.00250000000000039,2032,2032,0,0.803149606299213,0.785296125219682,0.819859052587564,0.803149606299213,0.803149606299213,0.803149606299213,0.800688976377953,0.800688976377953,0.800688976377953,0.0329724409448819,0.0329724409448819,0.0329724409448819,0.0374015748031496,0.0260471882991164,0.0416601757608246,0.0260471882991164,0.0416601757608246,0.233267716535433,0.233267716535433,0,0,,"TRUNCATED_TO_FIXED_NEIGHBORHOOD",,,,,,,,,,,,,,,,,0,0,0,0,0,0,0,0,0,0,"CONDITIONAL_ON_CONTINUUM_COVERAGE_AND_ROOT_COMPONENT_PRESENT",0,0,0,0,0,0,0,0,0,,,,,,,,,,,,,,,,,,,,,,,,,,,,,,,,,,,,,,,,,,,,,,,,,,,,,,,,,,,0.233267716535433,0.967027559055118,0.90255905511811,-0.00659605003116082,0.251152954608078,2032,1834,0.90255905511811,1834,1834,-0.00659605003116082,0.251152954608078,0.90255905511811,2032,1834,0.969465648854962,1834,1778,0.97244094488189,0.875,2032,1778,0.90255905511811,2032,1834,0.968920392584515,1834,1777,0.971948818897638,0.874507874015748,2032,1777,,,,,,,,,,,0.759350393700787,0.0556102362204724,0,0.0201771653543307,0.0201771653543307,0,0,0.0201771653543307,0.107775590551181,1.05249600147657e-06,4.67776000656253e-07,9.76562500021316e-06,0.107775590551181,1.05249600147657e-06,0,0,0,0,0.107775590551181,1.05249600147657e-06,0,2.1902729459316,3.80622643612304,1.53796488123616,0.683539947216071,0.0454830468250479,0.187591163239727,11.3497401574803,177.999507874016
"main_final_v003","M029_LN_HIGH_VARIANCE_n1000","stress","main_primary","LN_HIGH_VARIANCE",1000,1000,"absolute","K1",0.25,1.5,999,251,0.00500000000000012,501,0.00250000000000017,2032,2032,0,0.93996062992126,0.928777852058935,0.949483071576905,0.93996062992126,0.93996062992126,0.93996062992126,0.831692913385827,0.831692913385827,0.831692913385827,0.0349409448818898,0.0349409448818898,0.0349409448818898,0.0349409448818898,0.0277937003636122,0.0438432427729992,0.0277937003636122,0.0438432427729992,0.0359251968503937,0.0359251968503937,0.00442913385826772,0,,"TRUNCATED_TO_FIXED_NEIGHBORHOOD",,,,,,,,,,,,,,,,,0,0,0,0,0,0,0,0,0,0,"CONDITIONAL_ON_CONTINUUM_COVERAGE_AND_ROOT_COMPONENT_PRESENT",0,0,0,0,0,0,0,0,0,,,,,,,,,,,,,,,,,,,,,,,,,,,,,,,,,,,,,,,,,,,,,,,,,,,,,,,,,,,0.0359251968503937,0.96505905511811,,,,0,0,,0,0,,,,0,0,,0,0,,,0,0,0,2032,0,,0,0,,,0,0,,,,,,,,,,,0.906988188976378,0.0561023622047244,0,0.0201771653543307,0.0201771653543307,0,0,0.0201771653543307,0.0442913385826772,4.32532603347101e-07,3.46026082677681e-07,9.76562500021316e-06,0.0442913385826772,4.32532603347101e-07,0,0,0,0,0.0442913385826772,4.32532603347101e-07,0,2.16885239013086,0.262785853668428,0.530827204186147,0.424661763348917,0.188602699083164,0.0353889197185281,13.4722903543307,236.489566929134
"main_final_v003","M029_LN_HIGH_VARIANCE_n1000","stress","main_primary","LN_HIGH_VARIANCE",1000,1000,"absolute","K2",0.25,2,999,351,0.00500000000000012,701,0.00250000000000017,2032,2032,0,0.908464566929134,0.895143784695367,0.920243873713746,0.908464566929134,0.908464566929134,0.908464566929134,0.831692913385827,0.831692913385827,0.831692913385827,0.0334645669291339,0.0334645669291339,0.0334645669291339,0.0349409448818898,0.026483161098785,0.0422065977303236,0.026483161098785,0.0422065977303236,0.341043307086614,0.341043307086614,0.000492125984251968,0,,"TRUNCATED_TO_FIXED_NEIGHBORHOOD",,,,,,,,,,,,,,,,,0,0,0,0,0,0,0,0,0,0,"CONDITIONAL_ON_CONTINUUM_COVERAGE_AND_ROOT_COMPONENT_PRESENT",0,0,0,0,0,0,0,0,0,,,,,,,,,,,,,,,,,,,,,,,,,,,,,,,,,,,,,,,,,,,,,,,,,,,,,,,,,,,0.341043307086614,0.966535433070866,0.97244094488189,0.0123478973169645,0.204127818477693,2032,1976,0.97244094488189,1976,1976,0.0123478973169645,0.204127818477693,0.97244094488189,2032,1976,0.964574898785425,1976,1906,0.965551181102362,0.937992125984252,2032,1906,0.97244094488189,2032,1976,0.964574898785425,1976,1906,0.965551181102362,0.937992125984252,2032,1906,,,,,,,,,,,0.858267716535433,0.0561023622047244,0,0.0231299212598425,0.0231299212598425,0,0,0.0231299212598425,0.0767716535433071,7.4972317913487e-07,4.28413245219926e-07,9.76562500021316e-06,0.0767716535433071,7.4972317913487e-07,0,0,0,0,0.0767716535433071,7.4972317913487e-07,0,2.19943302980604,0.811323172515231,0.948521911140502,0.542012520651715,0.0764333233540492,0.0793608992380369,13.4722903543307,236.489566929134
"main_final_v003","M029_LN_HIGH_VARIANCE_n1000","stress","main_primary","LN_HIGH_VARIANCE",1000,1000,"absolute","K3",0.25,2.5,999,451,0.00500000000000034,901,0.00250000000000039,2032,2032,0,0.834645669291339,0.817864419826286,0.850164023207687,0.834645669291339,0.834645669291339,0.834645669291339,0.831692913385827,0.831692913385827,0.831692913385827,0.0324803149606299,0.0324803149606299,0.0324803149606299,0.0349409448818898,0.0256116678102544,0.0411133014805189,0.0256116678102544,0.0411133014805189,0.566437007874016,0.566437007874016,0,0,,"TRUNCATED_TO_FIXED_NEIGHBORHOOD",,,,,,,,,,,,,,,,,0,0,0,0,0,0,0,0,0,0,"CONDITIONAL_ON_CONTINUUM_COVERAGE_AND_ROOT_COMPONENT_PRESENT",0,0,0,0,0,0,0,0,0,,,,,,,,,,,,,,,,,,,,,,,,,,,,,,,,,,,,,,,,,,,,,,,,,,,,,,,,,,,0.566437007874016,0.96751968503937,0.97244094488189,0.0123478973169645,0.204127818477693,2032,1976,0.97244094488189,1976,1976,0.0123478973169645,0.204127818477693,0.97244094488189,2032,1976,0.964574898785425,1976,1906,0.965551181102362,0.937992125984252,2032,1906,0.97244094488189,2032,1976,0.964574898785425,1976,1906,0.965551181102362,0.937992125984252,2032,1906,,,,,,,,,,,0.781988188976378,0.0561023622047244,0,0.0369094488188976,0.0369094488188976,0,0,0.0369094488188976,0.271161417322835,2.64806071604472e-06,1.17691587379765e-06,9.76562500021316e-06,0.271161417322835,2.64806071604472e-06,0,0,0,0,0.271161417322835,2.64806071604472e-06,0,2.21230754344179,2.86883689963471,1.21998788428119,0.542216837458306,0.0351099459733251,0.145280327437662,13.4722903543307,236.489566929134
"main_final_v003","M011_LN_MODERATE_n100","power","main_primary","LN_MODERATE",100,100,"absolute","K1",0.25,1.5,999,251,0.00500000000000012,501,0.00250000000000017,2032,2032,0,0.941929133858268,0.930901772087567,0.951288730624944,0.941929133858268,0.941929133858268,0.941929133858268,0.920275590551181,0.920275590551181,0.920275590551181,0.046259842519685,0.046259842519685,0.046259842519685,0.046259842519685,0.0379517630655154,0.056280259761951,0.0379517630655154,0.056280259761951,0,0,0.0236220472440945,0,,"TRUNCATED_TO_FIXED_NEIGHBORHOOD",,,,,,,,,,,,,,,,,0,0,0,0,0,0,0,0,0,0,"CONDITIONAL_ON_CONTINUUM_COVERAGE_AND_ROOT_COMPONENT_PRESENT",0,0,0,0,0,0,0,0,0,,,,,,,,,,,,,,,,,,,,,,,,,,,,,,,,,,,,,,,,,,,,,,,,,,,,,,,,,,,0,0.953740157480315,,,,0,0,,0,0,,,,0,0,,0,0,,,0,0,0,2032,0,,0,0,,,0,0,,,,,,,,,,,0.93011811023622,0.0536417322834646,0,0.0221456692913386,0.0221456692913386,0,0,0.0221456692913386,0.442913385826772,4.32532603346438e-06,3.4602608267715e-06,9.76562500010214e-06,0.442913385826772,4.32532603346438e-06,0,0,0,0,0.442913385826772,4.32532603346438e-06,0,2.05763901488316,0.155837594157142,1.11238252414493,0.889906019315945,0.708146421371756,0.0386628379268335,10.9246988188976,156.652263779528
"main_final_v003","M011_LN_MODERATE_n100","power","main_primary","LN_MODERATE",100,100,"absolute","K2",0.25,2,999,351,0.00500000000000012,701,0.00250000000000017,2032,2032,0,0.935531496062992,0.924010173318349,0.945409197394983,0.935531496062992,0.935531496062992,0.935531496062992,0.920275590551181,0.920275590551181,0.920275590551181,0.0442913385826772,0.0442913385826772,0.0442913385826772,0.046259842519685,0.0361728163151656,0.0541296274356303,0.0361728163151656,0.0541296274356303,0,0,0.00492125984251968,0,,"TRUNCATED_TO_FIXED_NEIGHBORHOOD",,,,,,,,,,,,,,,,,0,0,0,0,0,0,0,0,0,0,"CONDITIONAL_ON_CONTINUUM_COVERAGE_AND_ROOT_COMPONENT_PRESENT",0,0,0,0,0,0,0,0,0,,,,,,,,,,,,,,,,,,,,,,,,,,,,,,,,,,,,,,,,,,,,,,,,,,,,,,,,,,,0,0.955708661417323,0.527066929133858,-0.00132193869810779,0.32257932525204,2032,1071,0.527066929133858,1071,1071,-0.00132193869810779,0.32257932525204,0.527066929133858,2032,1071,1,1071,1071,1,0.527066929133858,2032,1071,0.527066929133858,2032,1071,1,1071,1071,1,0.527066929133858,2032,1071,,,,,,,,,,,0.919291338582677,0.0536417322834646,0,0.0226377952755906,0.0226377952755906,0,0,0.0226377952755906,0.521653543307087,5.09427288385855e-06,2.9110130764906e-06,9.76562500010214e-06,0.521653543307087,5.09427288385855e-06,0,0,0,0,0.521653543307087,5.09427288385855e-06,0,2.08246597512536,0.242783501767369,1.59384613757997,0.910769221474269,0.553663643074754,0.0566567848872073,10.9246988188976,156.652263779528
"main_final_v003","M011_LN_MODERATE_n100","power","main_primary","LN_MODERATE",100,100,"absolute","K3",0.25,2.5,999,451,0.00500000000000034,901,0.00250000000000039,2032,2032,0,0.923228346456693,0.9108375963799,0.934021905104242,0.923228346456693,0.923228346456693,0.923228346456693,0.920275590551181,0.920275590551181,0.920275590551181,0.0442913385826772,0.0442913385826772,0.0442913385826772,0.046259842519685,0.0361728163151656,0.0541296274356303,0.0361728163151656,0.0541296274356303,0,0,0.000984251968503937,0,,"TRUNCATED_TO_FIXED_NEIGHBORHOOD",,,,,,,,,,,,,,,,,0,0,0,0,0,0,0,0,0,0,"CONDITIONAL_ON_CONTINUUM_COVERAGE_AND_ROOT_COMPONENT_PRESENT",0,0,0,0,0,0,0,0,0,,,,,,,,,,,,,,,,,,,,,,,,,,,,,,,,,,,,,,,,,,,,,,,,,,,,,,,,,,,0,0.955708661417323,0.527066929133858,-0.00132193869810779,0.32257932525204,2032,1071,0.527066929133858,1071,1071,-0.00132193869810779,0.32257932525204,0.527066929133858,2032,1071,1,1071,1071,1,0.527066929133858,2032,1071,0.527066929133858,2032,1071,1,1071,1071,1,0.527066929133858,2032,1071,,,,,,,,,,,0.903051181102362,0.0536417322834646,0,0.0241141732283465,0.0241141732283465,0,0,0.0241141732283465,0.5,4.88281250000018e-06,2.17013888888897e-06,9.76562500021316e-06,0.5,4.88281250000018e-06,0,0,0,0,0.5,4.88281250000018e-06,0,2.09992591392971,0.371472521604769,2.05333165446604,0.912591846429353,0.418530404318213,0.0800495675031802,10.9246988188976,156.652263779528
"main_final_v003","M012_LN_MODERATE_n250","power","main_primary","LN_MODERATE",250,250,"absolute","K1",0.25,1.5,999,251,0.00500000000000012,501,0.00250000000000017,2032,2032,0,0.940452755905512,0.92930853552954,0.949934782875468,0.940452755905512,0.940452755905512,0.940452755905512,0.923720472440945,0.923720472440945,0.923720472440945,0.0452755905511811,0.0452755905511811,0.0452755905511811,0.0452755905511811,0.0370617132280369,0.0552055200610943,0.0370617132280369,0.0552055200610943,0,0,0.0103346456692913,0,,"TRUNCATED_TO_FIXED_NEIGHBORHOOD",,,,,,,,,,,,,,,,,0,0,0,0,0,0,0,0,0,0,"CONDITIONAL_ON_CONTINUUM_COVERAGE_AND_ROOT_COMPONENT_PRESENT",0,0,0,0,0,0,0,0,0,,,,,,,,,,,,,,,,,,,,,,,,,,,,,,,,,,,,,,,,,,,,,,,,,,,,,,,,,,,0,0.954724409448819,,,,0,0,,0,0,,,,0,0,,0,0,,,0,0,0,2032,0,,0,0,,,0,0,,,,,,,,,,,0.928149606299213,0.0561023622047244,0,0.046751968503937,0.046751968503937,0,0,0.046751968503937,0.646161417322835,6.31017009104284e-06,5.04813607283427e-06,9.76562500010214e-06,0.646161417322835,6.31017009104284e-06,0,0,0,0,0.646161417322835,6.31017009104284e-06,0,2.0702432509791,0.100437575872371,0.984308721587414,0.787446977269931,0.699979445008159,0.0187573138231799,12.8369709645669,152.486663385827
"main_final_v003","M012_LN_MODERATE_n250","power","main_primary","LN_MODERATE",250,250,"absolute","K2",0.25,2,999,351,0.00500000000000012,701,0.00250000000000017,2032,2032,0,0.93503937007874,0.92348133545051,0.944955640493655,0.93503937007874,0.93503937007874,0.93503937007874,0.923720472440945,0.923720472440945,0.923720472440945,0.0408464566929134,0.0408464566929134,0.0408464566929134,0.0452755905511811,0.0330713008354128,0.0503543795312099,0.0330713008354128,0.0503543795312099,0.000492125984251968,0.000492125984251968,0.000984251968503937,0,,"TRUNCATED_TO_FIXED_NEIGHBORHOOD",,,,,,,,,,,,,,,,,0,0,0,0,0,0,0,0,0,0,"CONDITIONAL_ON_CONTINUUM_COVERAGE_AND_ROOT_COMPONENT_PRESENT",0,0,0,0,0,0,0,0,0,,,,,,,,,,,,,,,,,,,,,,,,,,,,,,,,,,,,,,,,,,,,,,,,,,,,,,,,,,,0.000492125984251968,0.959153543307087,0.746062992125984,-0.00975842433834774,0.295292729114053,2032,1516,0.746062992125984,1516,1516,-0.00975842433834774,0.295292729114053,0.746062992125984,2032,1516,1,1516,1516,1,0.746062992125984,2032,1516,0.746062992125984,2032,1516,1,1516,1516,1,0.746062992125984,2032,1516,,,,,,,,,,,0.919291338582677,0.0561023622047244,0,0.0403543307086614,0.0403543307086614,0,0,0.0403543307086614,0.525590551181102,5.13272022637793e-06,2.93298298650167e-06,9.76562500021316e-06,0.525590551181102,5.13272022637793e-06,0,0,0,0,0.525590551181102,5.13272022637793e-06,0,2.10142151109757,0.158263170519743,1.45381910909818,0.830753776627531,0.537020386841006,0.0293168050137742,12.8369709645669,152.486663385827
"main_final_v003","M012_LN_MODERATE_n250","power","main_primary","LN_MODERATE",250,250,"absolute","K3",0.25,2.5,999,451,0.00500000000000034,901,0.00250000000000039,2032,2032,0,0.927165354330709,0.915042415014432,0.937676244623051,0.927165354330709,0.927165354330709,0.927165354330709,0.923720472440945,0.923720472440945,0.923720472440945,0.0383858267716535,0.0383858267716535,0.0383858267716535,0.0452755905511811,0.0308658374629594,0.0476478690578253,0.0308658374629594,0.0476478690578253,0.0383858267716535,0.0383858267716535,0,0,,"TRUNCATED_TO_FIXED_NEIGHBORHOOD",,,,,,,,,,,,,,,,,0,0,0,0,0,0,0,0,0,0,"CONDITIONAL_ON_CONTINUUM_COVERAGE_AND_ROOT_COMPONENT_PRESENT",0,0,0,0,0,0,0,0,0,,,,,,,,,,,,,,,,,,,,,,,,,,,,,,,,,,,,,,,,,,,,,,,,,,,,,,,,,,,0.0383858267716535,0.961614173228346,0.746062992125984,-0.00975842433834774,0.295292729114053,2032,1516,0.746062992125984,1516,1516,-0.00975842433834774,0.295292729114053,0.746062992125984,2032,1516,1,1516,1516,1,0.746062992125984,2032,1516,0.746062992125984,2032,1516,1,1516,1516,1,0.746062992125984,2032,1516,,,,,,,,,,,0.906003937007874,0.0561023622047244,0,0.0457677165354331,0.0457677165354331,0,0,0.0457677165354331,0.546259842519685,5.33456877460653e-06,2.37091945538068e-06,9.76562500021316e-06,0.546259842519685,5.33456877460653e-06,0,0,0,0,0.546259842519685,5.33456877460653e-06,0,2.12498784170037,0.246490362499624,1.84240321842704,0.818845874856463,0.392528843446779,0.044194140438221,12.8369709645669,152.486663385827
"main_final_v003","M013_LN_MODERATE_n500","power","main_primary","LN_MODERATE",500,500,"absolute","K1",0.25,1.5,999,251,0.00500000000000012,501,0.00250000000000017,2032,2032,0,0.940452755905512,0.92930853552954,0.949934782875468,0.940944881889764,0.940944881889764,0.940452755905512,0.929133858267717,0.929133858267717,0.928641732283465,0.0408464566929134,0.0408464566929134,0.0408464566929134,0.0408464566929134,0.0330713008354128,0.0503543795312099,0.0330713008354128,0.0503543795312099,0,0,0.00738188976377953,0,,"TRUNCATED_TO_FIXED_NEIGHBORHOOD",,,,,,,,,,,,,,,,,0,0,0,0,0,0,0,0,0,0,"CONDITIONAL_ON_CONTINUUM_COVERAGE_AND_ROOT_COMPONENT_PRESENT",0,0,0,0,0,0,0,0,0,,,,,,,,,,,,,,,,,,,,,,,,,,,,,,,,,,,,,,,,,,,,,,,,,,,,,,,,,,,0,0.959153543307087,,,,0,0,,0,0,,,,0,0,,0,0,,,0,0,0,2032,0,,0,0,,,0,0,,,,,,,,,,,0.926181102362205,0.0497047244094488,0,0.0452755905511811,0.0452755905511811,0,0,0.0452755905511811,0.373523622047244,3.64769162155437e-06,2.91815329724349e-06,9.76562500021316e-06,0.373523622047244,3.64769162155437e-06,0,0,0,0,0.373523622047244,3.64769162155437e-06,0.000492125984251968,2.07660325428572,0.0711576915500229,0.832073037455401,0.665658429964321,0.699886020883221,0.0106111808743285,14.943686515748,180.06781496063
"main_final_v003","M013_LN_MODERATE_n500","power","main_primary","LN_MODERATE",500,500,"absolute","K2",0.25,2,999,351,0.00500000000000012,701,0.00250000000000017,2032,2032,0,0.939468503937008,0.928247362514132,0.949031166352541,0.940452755905512,0.940452755905512,0.939468503937008,0.929133858267717,0.929133858267717,0.928641732283465,0.0383858267716535,0.0383858267716535,0.0383858267716535,0.0408464566929134,0.0308658374629594,0.0476478690578253,0.0308658374629594,0.0476478690578253,0.183070866141732,0.183070866141732,0,0,,"TRUNCATED_TO_FIXED_NEIGHBORHOOD",,,,,,,,,,,,,,,,,0,0,0,0,0,0,0,0,0,0,"CONDITIONAL_ON_CONTINUUM_COVERAGE_AND_ROOT_COMPONENT_PRESENT",0,0,0,0,0,0,0,0,0,,,,,,,,,,,,,,,,,,,,,,,,,,,,,,,,,,,,,,,,,,,,,,,,,,,,,,,,,,,0.183070866141732,0.961614173228346,0.888287401574803,-0.0065156932313353,0.280408148779545,2032,1805,0.888287401574803,1805,1805,-0.0065156932313353,0.280408148779545,0.888287401574803,2032,1805,1,1805,1805,1,0.888287401574803,2032,1805,0.888287401574803,2032,1805,1,1805,1805,1,0.888287401574803,2032,1805,,,,,,,,,,,0.919783464566929,0.0497047244094488,0,0.0398622047244094,0.0398622047244094,0,0,0.0398622047244094,0.356299212598425,3.47948449803128e-06,1.98827685601788e-06,9.76562500021316e-06,0.356299212598425,3.47948449803128e-06,0,0,0,0,0.356299212598425,3.47948449803128e-06,0.000984251968503937,2.11171496000728,0.112474077429063,1.26420869601993,0.722404969154246,0.534042236416153,0.017275960177703,14.943686515748,180.06781496063
"main_final_v003","M013_LN_MODERATE_n500","power","main_primary","LN_MODERATE",500,500,"absolute","K3",0.25,2.5,999,451,0.00500000000000034,901,0.00250000000000039,2032,2032,0,0.937007874015748,0.925597748467941,0.946768806552894,0.937007874015748,0.937007874015748,0.937007874015748,0.929133858267717,0.929133858267717,0.928641732283465,0.0369094488188976,0.0369094488188976,0.0369094488188976,0.0408464566929134,0.0295468805069974,0.0460196417062845,0.0295468805069974,0.0460196417062845,0.566929133858268,0.566929133858268,0,0,,"TRUNCATED_TO_FIXED_NEIGHBORHOOD",,,,,,,,,,,,,,,,,0,0,0,0,0,0,0,0,0,0,"CONDITIONAL_ON_CONTINUUM_COVERAGE_AND_ROOT_COMPONENT_PRESENT",0,0,0,0,0,0,0,0,0,,,,,,,,,,,,,,,,,,,,,,,,,,,,,,,,,,,,,,,,,,,,,,,,,,,,,,,,,,,0.566929133858268,0.963090551181102,0.888287401574803,-0.0065156932313353,0.280408148779545,2032,1805,0.888287401574803,1805,1805,-0.0065156932313353,0.280408148779545,0.888287401574803,2032,1805,1,1805,1805,1,0.888287401574803,2032,1805,0.888287401574803,2032,1805,1,1805,1805,1,0.888287401574803,2032,1805,,,,,,,,,,,0.90994094488189,0.0497047244094488,0,0.0551181102362205,0.0551181102362205,0,0,0.0551181102362205,0.419291338582677,4.09464197834631e-06,1.81984087926503e-06,9.76562500021316e-06,0.419291338582677,4.09464197834631e-06,0,0,0,0,0.419291338582677,4.09464197834631e-06,0,2.14022972900288,0.176243071932533,1.51951688991757,0.675340839963364,0.384403708061808,0.0271487516996057,14.943686515748,180.06781496063
"main_final_v003","M014_LN_MODERATE_n1000","power","main_primary","LN_MODERATE",1000,1000,"absolute","K1",0.25,1.5,999,251,0.00500000000000012,501,0.00250000000000017,2032,2032,0,0.947834645669291,0.937293697333401,0.956685542609122,0.947834645669291,0.947834645669291,0.947834645669291,0.938976377952756,0.938976377952756,0.938976377952756,0.0413385826771654,0.0413385826771654,0.0413385826771654,0.0413385826771654,0.0335134175218564,0.0508946576139339,0.0335134175218564,0.0508946576139339,0.0595472440944882,0.0595472440944882,0.00393700787401575,0,,"TRUNCATED_TO_FIXED_NEIGHBORHOOD",,,,,,,,,,,,,,,,,0,0,0,0,0,0,0,0,0,0,"CONDITIONAL_ON_CONTINUUM_COVERAGE_AND_ROOT_COMPONENT_PRESENT",0,0,0,0,0,0,0,0,0,,,,,,,,,,,,,,,,,,,,,,,,,,,,,,,,,,,,,,,,,,,,,,,,,,,,,,,,,,,0.0595472440944882,0.958661417322835,,,,0,0,,0,0,,,,0,0,,0,0,,,0,0,0,2032,0,,0,0,,,0,0,,,,,,,,,,,0.936515748031496,0.0497047244094488,0,0.0359251968503937,0.0359251968503937,0,0,0.0359251968503937,0.18011811023622,1.75896592027538e-06,1.40717273622031e-06,9.76562500021316e-06,0.18011811023622,1.75896592027538e-06,0,0,0,0,0.18011811023622,1.75896592027538e-06,0,2.07872045886581,0.0505797580999644,0.659096247154897,0.527276997723917,0.698072327651496,0.00603441148890917,19.2599409448819,242.706299212598
"main_final_v003","M014_LN_MODERATE_n1000","power","main_primary","LN_MODERATE",1000,1000,"absolute","K2",0.25,2,999,351,0.00500000000000012,701,0.00250000000000017,2032,2032,0,0.945866141732283,0.935159526935823,0.954890133930029,0.945866141732283,0.945866141732283,0.945866141732283,0.938976377952756,0.938976377952756,0.938976377952756,0.0388779527559055,0.0388779527559055,0.0388779527559055,0.0413385826771654,0.031306227272423,0.0481898740175293,0.031306227272423,0.0481898740175293,0.621062992125984,0.621062992125984,0,0,,"TRUNCATED_TO_FIXED_NEIGHBORHOOD",,,,,,,,,,,,,,,,,0,0,0,0,0,0,0,0,0,0,"CONDITIONAL_ON_CONTINUUM_COVERAGE_AND_ROOT_COMPONENT_PRESENT",0,0,0,0,0,0,0,0,0,,,,,,,,,,,,,,,,,,,,,,,,,,,,,,,,,,,,,,,,,,,,,,,,,,,,,,,,,,,0.621062992125984,0.961122047244094,0.971456692913386,-0.00674996686962322,0.231164872968729,2032,1974,0.971456692913386,1974,1974,-0.00674996686962322,0.231164872968729,0.971456692913386,2032,1974,0.975177304964539,1974,1925,0.975885826771654,0.947342519685039,2032,1925,0.971456692913386,2032,1974,0.976190476190476,1974,1927,0.976870078740158,0.948326771653543,2032,1927,,,,,,,,,,,0.929133858267717,0.0497047244094488,0,0.0403543307086614,0.0403543307086614,0,0,0.0403543307086614,0.167814960629921,1.6388179749023e-06,9.36467414229884e-07,9.76562500021316e-06,0.167814960629921,1.6388179749023e-06,0,0,0,0,0.167814960629921,1.6388179749023e-06,0,2.11814960071179,0.0803229166160639,1.01596866637703,0.580553523644017,0.529655508583969,0.0102467757621354,19.2599409448819,242.706299212598
"main_final_v003","M014_LN_MODERATE_n1000","power","main_primary","LN_MODERATE",1000,1000,"absolute","K3",0.25,2.5,999,451,0.00500000000000034,901,0.00250000000000039,2032,2032,0,0.94242125984252,0.93143325408756,0.951739643394118,0.94488188976378,0.94488188976378,0.94242125984252,0.938976377952756,0.938976377952756,0.938976377952756,0.0344488188976378,0.0344488188976378,0.0344488188976378,0.0413385826771654,0.0273564261024065,0.0432981222650373,0.0273564261024065,0.0432981222650373,0.955708661417323,0.955708661417323,0,0,,"TRUNCATED_TO_FIXED_NEIGHBORHOOD",,,,,,,,,,,,,,,,,0,0,0,0,0,0,0,0,0,0,"CONDITIONAL_ON_CONTINUUM_COVERAGE_AND_ROOT_COMPONENT_PRESENT",0,0,0,0,0,0,0,0,0,,,,,,,,,,,,,,,,,,,,,,,,,,,,,,,,,,,,,,,,,,,,,,,,,,,,,,,,,,,0.955708661417323,0.965551181102362,0.971456692913386,-0.00674996686962322,0.231164872968729,2032,1974,0.971456692913386,1974,1974,-0.00674996686962322,0.231164872968729,0.971456692913386,2032,1974,0.975177304964539,1974,1925,0.975885826771654,0.947342519685039,2032,1925,0.971456692913386,2032,1974,0.976190476190476,1974,1927,0.976870078740158,0.948326771653543,2032,1927,,,,,,,,,,,0.923228346456693,0.0497047244094488,0,0.0437992125984252,0.0437992125984252,0,0,0.0437992125984252,0.184547244094488,1.80221918061095e-06,8.00986302493754e-07,9.76562500021316e-06,0.184547244094488,1.80221918061095e-06,0,0,0,0,0.184547244094488,1.80221918061095e-06,0.00246062992125984,2.15096088942714,0.126753073726162,1.11173654631367,0.494105131694964,0.375904379487823,0.0167936451036065,19.2599409448819,242.706299212598
"main_final_v003","M005_LN_NO_ROOT_n50","benchmark","main_primary","LN_NO_ROOT",50,50,"absolute","K1",0.25,1.5,999,251,0.00500000000000012,501,0.00250000000000017,2032,2032,0,0.93011811023622,0.918202229611899,0.940410798640589,0.93011811023622,0.93011811023622,0.93011811023622,0.90009842519685,0.90009842519685,0.90009842519685,0,0,0,0,0,0.00188691452571133,0,0.00188691452571133,0,0,0.233267716535433,0,,"TRUNCATED_TO_FIXED_NEIGHBORHOOD",,,,,,,,,,,,,,,,,0,0,0,0,0,0,0,0,0,0,"CONDITIONAL_ON_CONTINUUM_COVERAGE_AND_ROOT_COMPONENT_PRESENT",0,0,0,0,0,0,0,0,0,,,,,,,,,,,,,,,,,,,,,,,,,,,,,,,,,,,,,,,,,,,,,,,,,,,,,,,,,,,,1,,,,0,0,,0,0,,,,0,0,,0,0,,,0,0,,0,0,,0,0,,,0,0,,,,,,,,,,,0.910925196850394,0,0,0.0250984251968504,0.0250984251968504,0,0,0.0250984251968504,3.8636811023622,3.77312607652557e-05,3.01850086122046e-05,9.76562500021316e-06,3.8636811023622,3.77312607652557e-05,0,0,0,0,3.8636811023622,3.77312607652557e-05,0,2.08171920954018,0.577292503084637,0.855666422205647,0.684533137764518,0.508016726741484,0.106734720593537,11.577498523622,137.00875984252
"main_final_v003","M005_LN_NO_ROOT_n50","benchmark","main_primary","LN_NO_ROOT",50,50,"absolute","K2",0.25,2,999,351,0.00500000000000012,701,0.00250000000000017,2032,2032,0,0.921751968503937,0.909263103111541,0.932649214065098,0.921751968503937,0.921751968503937,0.921751968503937,0.90009842519685,0.90009842519685,0.90009842519685,0,0,0,0,0,0.00188691452571133,0,0.00188691452571133,0,0,0.174212598425197,0,,"TRUNCATED_TO_FIXED_NEIGHBORHOOD",,,,,,,,,,,,,,,,,0,0,0,0,0,0,0,0,0,0,"CONDITIONAL_ON_CONTINUUM_COVERAGE_AND_ROOT_COMPONENT_PRESENT",0,0,0,0,0,0,0,0,0,,,,,,,,,,,,,,,,,,,,,,,,,,,,,,,,,,,,,,,,,,,,,,,,,,,,,,,,,,,,1,,,,0,0,,0,0,,,,0,0,,0,0,,,0,0,,0,0,,0,0,,,0,0,,,,,,,,,,,0.898129921259842,0,0,0.0241141732283465,0.0241141732283465,0,0,0.0241141732283465,3.90649606299213,3.81493756151577e-05,2.17996432086615e-05,9.76562500021316e-06,3.90649606299213,3.81493756151577e-05,0,0,0,0,3.90649606299213,3.81493756151577e-05,0,2.09976949653288,1.14929996875669,1.25221211591105,0.715549780520599,0.350160872108182,0.159357681888953,11.577498523622,137.00875984252
"main_final_v003","M005_LN_NO_ROOT_n50","benchmark","main_primary","LN_NO_ROOT",50,50,"absolute","K3",0.25,2.5,999,451,0.00500000000000034,901,0.00250000000000039,2032,2032,0,0.90255905511811,0.888895044307283,0.914703876871819,0.90255905511811,0.90255905511811,0.90255905511811,0.90009842519685,0.90009842519685,0.90009842519685,0,0,0,0,0,0.00188691452571133,0,0.00188691452571133,0,0,0.127952755905512,0,,"TRUNCATED_TO_FIXED_NEIGHBORHOOD",,,,,,,,,,,,,,,,,0,0,0,0,0,0,0,0,0,0,"CONDITIONAL_ON_CONTINUUM_COVERAGE_AND_ROOT_COMPONENT_PRESENT",0,0,0,0,0,0,0,0,0,,,,,,,,,,,,,,,,,,,,,,,,,,,,,,,,,,,,,,,,,,,,,,,,,,,,,,,,,,,,1,,,,0,0,,0,0,,,,0,0,,0,0,,,0,0,,0,0,,0,0,,,0,0,,,,,,,,,,,0.871555118110236,0.000492125984251968,0,0.0300196850393701,0.0300196850393701,0,0,0.0300196850393701,4.11712598425197,4.02063084399611e-05,1.78694704177605e-05,9.76562500021316e-06,4.11712598425197,4.02063084399611e-05,0,0,0,0,4.11712598425197,4.02063084399611e-05,0,2.10916018777571,2.35579218259254,1.67099862166277,0.742666054072343,0.247439452554026,0.219863513147497,11.577498523622,137.00875984252
"main_final_v003","M006_LN_NO_ROOT_n100","benchmark","main_primary","LN_NO_ROOT",100,100,"absolute","K1",0.25,1.5,999,251,0.00500000000000012,501,0.00250000000000017,2032,2032,0,0.949311023622047,0.938896793558425,0.9580296306916,0.949311023622047,0.949311023622047,0.949311023622047,0.931102362204724,0.931102362204724,0.931102362204724,0,0,0,0,0,0.00188691452571133,0,0.00188691452571133,0,0,0.427657480314961,0,,"TRUNCATED_TO_FIXED_NEIGHBORHOOD",,,,,,,,,,,,,,,,,0,0,0,0,0,0,0,0,0,0,"CONDITIONAL_ON_CONTINUUM_COVERAGE_AND_ROOT_COMPONENT_PRESENT",0,0,0,0,0,0,0,0,0,,,,,,,,,,,,,,,,,,,,,,,,,,,,,,,,,,,,,,,,,,,,,,,,,,,,,,,,,,,,1,,,,0,0,,0,0,,,,0,0,,0,0,,,0,0,,0,0,,0,0,,,0,0,,,,,,,,,,,0.929625984251969,0,0,0.0290354330708661,0.0290354330708661,0,0,0.0290354330708661,1.43700787401575,1.40332800196847e-05,1.12266240157477e-05,9.76562500021316e-06,1.43700787401575,1.40332800196847e-05,0,0,0,0,1.43700787401575,1.40332800196847e-05,0,2.10095268056991,0.421725837564895,0.56876526359498,0.455012210875984,0.484920221047741,0.0674478452449615,11.5178464566929,140.204281496063
"main_final_v003","M006_LN_NO_ROOT_n100","benchmark","main_primary","LN_NO_ROOT",100,100,"absolute","K2",0.25,2,999,351,0.00500000000000012,701,0.00250000000000017,2032,2032,0,0.943897637795276,0.933028943529037,0.953091138260144,0.943897637795276,0.943897637795276,0.943897637795276,0.931102362204724,0.931102362204724,0.931102362204724,0,0,0,0,0,0.00188691452571133,0,0.00188691452571133,0,0,0.326279527559055,0,,"TRUNCATED_TO_FIXED_NEIGHBORHOOD",,,,,,,,,,,,,,,,,0,0,0,0,0,0,0,0,0,0,"CONDITIONAL_ON_CONTINUUM_COVERAGE_AND_ROOT_COMPONENT_PRESENT",0,0,0,0,0,0,0,0,0,,,,,,,,,,,,,,,,,,,,,,,,,,,,,,,,,,,,,,,,,,,,,,,,,,,,,,,,,,,,1,,,,0,0,,0,0,,,,0,0,,0,0,,,0,0,,0,0,,0,0,,,0,0,,,,,,,,,,,0.918307086614173,0,0,0.0295275590551181,0.0295275590551181,0,0,0.0295275590551181,1.96604330708661,1.91996416707673e-05,1.0971223811867e-05,9.76562500021316e-06,1.96604330708661,1.91996416707673e-05,0,0,0,0,1.96604330708661,1.91996416707673e-05,0,2.12549445672623,0.862170597907368,0.882490902397576,0.504280515655758,0.316019982313719,0.108595462386776,11.5178464566929,140.204281496063
"main_final_v003","M006_LN_NO_ROOT_n100","benchmark","main_primary","LN_NO_ROOT",100,100,"absolute","K3",0.25,2.5,999,451,0.00500000000000034,901,0.00250000000000039,2032,2032,0,0.93257874015748,0.920839717861407,0.942685284236919,0.93257874015748,0.93257874015748,0.93257874015748,0.931102362204724,0.931102362204724,0.931102362204724,0,0,0,0,0,0.00188691452571133,0,0.00188691452571133,0,0,0.24753937007874,0,,"TRUNCATED_TO_FIXED_NEIGHBORHOOD",,,,,,,,,,,,,,,,,0,0,0,0,0,0,0,0,0,0,"CONDITIONAL_ON_CONTINUUM_COVERAGE_AND_ROOT_COMPONENT_PRESENT",0,0,0,0,0,0,0,0,0,,,,,,,,,,,,,,,,,,,,,,,,,,,,,,,,,,,,,,,,,,,,,,,,,,,,,,,,,,,,1,,,,0,0,,0,0,,,,0,0,,0,0,,,0,0,,0,0,,0,0,,,0,0,,,,,,,,,,,0.901082677165354,0,0,0.0290354330708661,0.0290354330708661,0,0,0.0290354330708661,2.68011811023622,2.6173028420276e-05,1.16324570756782e-05,9.76562500021316e-06,2.68011811023622,2.6173028420276e-05,0,0,0,0,2.68011811023622,2.6173028420276e-05,0,2.13845126599533,1.83494911141022,1.23553675373708,0.54912744610537,0.208971007199767,0.160403898706054,11.5178464566929,140.204281496063
"main_final_v003","M007_LN_NO_ROOT_n250","benchmark","main_primary","LN_NO_ROOT",250,250,"absolute","K1",0.25,1.5,999,251,0.00500000000000012,501,0.00250000000000017,2032,2032,0,0.948818897637795,0.938362186768745,0.957581842712112,0.948818897637795,0.948818897637795,0.948818897637795,0.93257874015748,0.93257874015748,0.93257874015748,0,0,0,0,0,0.00188691452571133,0,0.00188691452571133,0,0,0.820866141732283,0,,"TRUNCATED_TO_FIXED_NEIGHBORHOOD",,,,,,,,,,,,,,,,,0,0,0,0,0,0,0,0,0,0,"CONDITIONAL_ON_CONTINUUM_COVERAGE_AND_ROOT_COMPONENT_PRESENT",0,0,0,0,0,0,0,0,0,,,,,,,,,,,,,,,,,,,,,,,,,,,,,,,,,,,,,,,,,,,,,,,,,,,,,,,,,,,,1,,,,0,0,,0,0,,,,0,0,,0,0,,,0,0,,0,0,,0,0,,,0,0,,,,,,,,,,,0.929625984251969,0,0,0.015255905511811,0.015255905511811,0,0,0.015255905511811,1.12549212598425,1.09911340428147e-05,8.7929072342518e-06,9.76562500021316e-06,1.12549212598425,1.09911340428147e-05,0,0,0,0,1.12549212598425,1.09911340428147e-05,0,2.12629026653201,0.277179135988151,0.118006808063177,0.0944054464505413,0.460852060111597,0.036262805361398,11.0557554133858,149.768996062992
"main_final_v003","M007_LN_NO_ROOT_n250","benchmark","main_primary","LN_NO_ROOT",250,250,"absolute","K2",0.25,2,999,351,0.00500000000000012,701,0.00250000000000017,2032,2032,0,0.944389763779528,0.933561262932979,0.95354121362537,0.944389763779528,0.944389763779528,0.944389763779528,0.93257874015748,0.93257874015748,0.93257874015748,0,0,0,0,0,0.00188691452571133,0,0.00188691452571133,0,0,0.691437007874016,0,,"TRUNCATED_TO_FIXED_NEIGHBORHOOD",,,,,,,,,,,,,,,,,0,0,0,0,0,0,0,0,0,0,"CONDITIONAL_ON_CONTINUUM_COVERAGE_AND_ROOT_COMPONENT_PRESENT",0,0,0,0,0,0,0,0,0,,,,,,,,,,,,,,,,,,,,,,,,,,,,,,,,,,,,,,,,,,,,,,,,,,,,,,,,,,,,1,,,,0,0,,0,0,,,,0,0,,0,0,,,0,0,,0,0,,0,0,,,0,0,,,,,,,,,,,0.917322834645669,0,0,0.0221456692913386,0.0221456692913386,0,0,0.0221456692913386,0.821850393700787,8.0258827509849e-06,4.58621871484852e-06,9.76562500021316e-06,0.821850393700787,8.0258827509849e-06,0,0,0,0,0.821850393700787,8.0258827509849e-06,0,2.15790736433232,0.581275349891767,0.246122691237082,0.140641537849761,0.279862529837644,0.0643362869173471,11.0557554133858,149.768996062992
"main_final_v003","M007_LN_NO_ROOT_n250","benchmark","main_primary","LN_NO_ROOT",250,250,"absolute","K3",0.25,2.5,999,451,0.00500000000000034,901,0.00250000000000039,2032,2032,0,0.934547244094488,0.922952671409381,0.944501909765616,0.934547244094488,0.934547244094488,0.934547244094488,0.93257874015748,0.93257874015748,0.93257874015748,0,0,0,0,0,0.00188691452571133,0,0.00188691452571133,0,0,0.526574803149606,0,,"TRUNCATED_TO_FIXED_NEIGHBORHOOD",,,,,,,,,,,,,,,,,0,0,0,0,0,0,0,0,0,0,"CONDITIONAL_ON_CONTINUUM_COVERAGE_AND_ROOT_COMPONENT_PRESENT",0,0,0,0,0,0,0,0,0,,,,,,,,,,,,,,,,,,,,,,,,,,,,,,,,,,,,,,,,,,,,,,,,,,,,,,,,,,,,1,,,,0,0,,0,0,,,,0,0,,0,0,,,0,0,,0,0,,0,0,,,0,0,,,,,,,,,,,0.901574803149606,0,0,0.0221456692913386,0.0221456692913386,0,0,0.0221456692913386,0.996555118110236,9.73198357529571e-06,4.32532603346476e-06,9.76562500021316e-06,0.996555118110236,9.73198357529571e-06,0,0,0,0,0.996555118110236,9.73198357529571e-06,0,2.17549944640775,1.27971838003179,0.445628580408772,0.198057146848343,0.169495522486059,0.104253774415622,11.0557554133858,149.768996062992
"main_final_v003","M008_LN_NO_ROOT_n500","benchmark","main_primary","LN_NO_ROOT",500,500,"absolute","K1",0.25,1.5,999,251,0.00500000000000012,501,0.00250000000000017,2032,2032,0,0.950295275590551,0.939966747863243,0.958924465925117,0.950295275590551,0.950295275590551,0.950295275590551,0.93257874015748,0.93257874015748,0.93257874015748,0,0,0,0,0,0.00188691452571133,0,0.00188691452571133,0,0,0.980314960629921,0,,"TRUNCATED_TO_FIXED_NEIGHBORHOOD",,,,,,,,,,,,,,,,,0,0,0,0,0,0,0,0,0,0,"CONDITIONAL_ON_CONTINUUM_COVERAGE_AND_ROOT_COMPONENT_PRESENT",0,0,0,0,0,0,0,0,0,,,,,,,,,,,,,,,,,,,,,,,,,,,,,,,,,,,,,,,,,,,,,,,,,,,,,,,,,,,,1,,,,0,0,,0,0,,,,0,0,,0,0,,,0,0,,0,0,,0,0,,,0,0,,,,,,,,,,,0.928641732283465,0,0,0,0,0,0,0,0,0,0,0,0,0,0,0,0,0,0,0,0,2.13213720387396,0.1968119741934,0.00673966535433071,0.00539173228346457,0.455723811611151,0.021835560543303,11.4041624015748,181.274114173228
"main_final_v003","M008_LN_NO_ROOT_n500","benchmark","main_primary","LN_NO_ROOT",500,500,"absolute","K2",0.25,2,999,351,0.00500000000000012,701,0.00250000000000017,2032,2032,0,0.948326771653543,0.937827822439857,0.957133812271833,0.948818897637795,0.948818897637795,0.948326771653543,0.93257874015748,0.93257874015748,0.93257874015748,0,0,0,0,0,0.00188691452571133,0,0.00188691452571133,0,0,0.924212598425197,0,,"TRUNCATED_TO_FIXED_NEIGHBORHOOD",,,,,,,,,,,,,,,,,0,0,0,0,0,0,0,0,0,0,"CONDITIONAL_ON_CONTINUUM_COVERAGE_AND_ROOT_COMPONENT_PRESENT",0,0,0,0,0,0,0,0,0,,,,,,,,,,,,,,,,,,,,,,,,,,,,,,,,,,,,,,,,,,,,,,,,,,,,,,,,,,,,1,,,,0,0,,0,0,,,,0,0,,0,0,,,0,0,,0,0,,0,0,,,0,0,,,,,,,,,,,0.914862204724409,0,0,0.00246062992125984,0.00246062992125984,0,0,0.00246062992125984,0.0324803149606299,3.17190575787496e-07,1.81251757592855e-07,9.76562500021316e-06,0.0324803149606299,3.17190575787496e-07,0,0,0,0,0.0324803149606299,3.17190575787496e-07,0.000492125984251968,2.17044554738317,0.417918871269657,0.0281646872693159,0.0160941070110377,0.266929235011864,0.0413106955047049,11.4041624015748,181.274114173228
"main_final_v003","M008_LN_NO_ROOT_n500","benchmark","main_primary","LN_NO_ROOT",500,500,"absolute","K3",0.25,2.5,999,451,0.00500000000000034,901,0.00250000000000039,2032,2032,0,0.9375,0.926127300406548,0.947221649383455,0.938484251968504,0.938484251968504,0.9375,0.93257874015748,0.93257874015748,0.93257874015748,0,0,0,0,0,0.00188691452571133,0,0.00188691452571133,0,0,0.794291338582677,0,,"TRUNCATED_TO_FIXED_NEIGHBORHOOD",,,,,,,,,,,,,,,,,0,0,0,0,0,0,0,0,0,0,"CONDITIONAL_ON_CONTINUUM_COVERAGE_AND_ROOT_COMPONENT_PRESENT",0,0,0,0,0,0,0,0,0,,,,,,,,,,,,,,,,,,,,,,,,,,,,,,,,,,,,,,,,,,,,,,,,,,,,,,,,,,,,1,,,,0,0,,0,0,,,,0,0,,0,0,,,0,0,,0,0,,0,0,,,0,0,,,,,,,,,,,0.899114173228346,0,0,0.00639763779527559,0.00639763779527559,0,0,0.00639763779527559,0.137795275590551,1.34565698818972e-06,5.98069772528764e-07,9.76562500021316e-06,0.137795275590551,1.34565698818972e-06,0,0,0,0,0.137795275590551,1.34565698818972e-06,0.000984251968503937,2.19276060138102,0.940251516733203,0.0982715228223425,0.0436762323654856,0.152333076709611,0.0714954331458326,11.4041624015748,181.274114173228
"main_final_v003","M015_LN_WEAK_n100","power","main_primary","LN_WEAK",100,100,"absolute","K1",0.25,1.5,999,251,0.00500000000000012,501,0.00250000000000017,2032,2032,0,0.94242125984252,0.93143325408756,0.951739643394118,0.94242125984252,0.94242125984252,0.94242125984252,0.932086614173228,0.932086614173228,0.932086614173228,0.0428149606299213,0.0428149606299213,0.0428149606299213,0.0428149606299213,0.0348417128633989,0.0525135465798943,0.0348417128633989,0.0525135465798943,0,0,0.0255905511811024,0,,"TRUNCATED_TO_FIXED_NEIGHBORHOOD",,,,,,,,,,,,,,,,,0,0,0,0,0,0,0,0,0,0,"CONDITIONAL_ON_CONTINUUM_COVERAGE_AND_ROOT_COMPONENT_PRESENT",0,0,0,0,0,0,0,0,0,,,,,,,,,,,,,,,,,,,,,,,,,,,,,,,,,,,,,,,,,,,,,,,,,,,,,,,,,,,0,0.961614173228346,,,,0,0,,0,0,,,,0,0,,0,0,,,0,0,0,2032,0,,0,0,,,0,0,,,,,,,,,,,0.920275590551181,0.0580708661417323,0,0.0078740157480315,0.0078740157480315,0,0,0.0078740157480315,0.383366141732283,3.74380997785426e-06,2.99504798228341e-06,9.76562500021316e-06,0.383366141732283,3.74380997785426e-06,0,0,0,0,0.383366141732283,3.74380997785426e-06,0,2.11165816678809,0.73957729846778,1.19274119459738,0.954192955677904,0.35084930064687,0.0967360646419859,11.2873951771654,142.907578740158
"main_final_v003","M015_LN_WEAK_n100","power","main_primary","LN_WEAK",100,100,"absolute","K2",0.25,2,999,351,0.00500000000000012,701,0.00250000000000017,2032,2032,0,0.939468503937008,0.928247362514132,0.949031166352541,0.939468503937008,0.939468503937008,0.939468503937008,0.932086614173228,0.932086614173228,0.932086614173228,0.0413385826771654,0.0413385826771654,0.0413385826771654,0.0428149606299213,0.0335134175218564,0.0508946576139339,0.0335134175218564,0.0508946576139339,0,0,0.0167322834645669,0,,"TRUNCATED_TO_FIXED_NEIGHBORHOOD",,,,,,,,,,,,,,,,,0,0,0,0,0,0,0,0,0,0,"CONDITIONAL_ON_CONTINUUM_COVERAGE_AND_ROOT_COMPONENT_PRESENT",0,0,0,0,0,0,0,0,0,,,,,,,,,,,,,,,,,,,,,,,,,,,,,,,,,,,,,,,,,,,,,,,,,,,,,,,,,,,0,0.963090551181102,0.191929133858268,-0.0515942489737577,0.335853320931976,2032,390,0.191929133858268,390,390,-0.0515942489737577,0.335853320931976,0.191929133858268,2032,390,1,390,390,1,0.191929133858268,2032,390,0.191929133858268,2032,390,1,390,390,1,0.191929133858268,2032,390,,,,,,,,,,,0.911909448818898,0.0585629921259843,0,0.00590551181102362,0.00590551181102362,0,0,0.00590551181102362,0.288385826771654,2.81626783956704e-06,1.60929590832403e-06,9.76562500021316e-06,0.288385826771654,2.81626783956704e-06,0,0,0,0,0.288385826771654,2.81626783956704e-06,0,2.13032993511272,1.8641340391213,1.67757171390563,0.958612407946077,0.208099187015644,0.159357906328442,11.2873951771654,142.907578740158
"main_final_v003","M015_LN_WEAK_n100","power","main_primary","LN_WEAK",100,100,"absolute","K3",0.25,2.5,999,451,0.00500000000000034,901,0.00250000000000039,2032,2032,0,0.933562992125984,0.921895857611973,0.943593934024688,0.933562992125984,0.933562992125984,0.933562992125984,0.932086614173228,0.932086614173228,0.932086614173228,0.0408464566929134,0.0408464566929134,0.0408464566929134,0.0428149606299213,0.0330713008354128,0.0503543795312099,0.0330713008354128,0.0503543795312099,0,0,0.0093503937007874,0,,"TRUNCATED_TO_FIXED_NEIGHBORHOOD",,,,,,,,,,,,,,,,,0,0,0,0,0,0,0,0,0,0,"CONDITIONAL_ON_CONTINUUM_COVERAGE_AND_ROOT_COMPONENT_PRESENT",0,0,0,0,0,0,0,0,0,,,,,,,,,,,,,,,,,,,,,,,,,,,,,,,,,,,,,,,,,,,,,,,,,,,,,,,,,,,0,0.963582677165354,0.191929133858268,-0.0515942489737577,0.335853320931976,2032,390,0.191929133858268,390,390,-0.0515942489737577,0.335853320931976,0.191929133858268,2032,390,1,390,390,1,0.191929133858268,2032,390,0.191929133858268,2032,390,1,390,390,1,0.191929133858268,2032,390,,,,,,,,,,,0.901082677165354,0.0595472440944882,0,0.00738188976377953,0.00738188976377953,0,0,0.00738188976377953,0.40255905511811,3.93124077263774e-06,1.74721812117233e-06,9.76562500021316e-06,0.40255905511811,3.93124077263774e-06,0,0,0,0,0.40255905511811,3.93124077263774e-06,0,2.13902122962826,5.01207211351814,2.16735875407542,0.963270557366853,0.132097565409322,0.232090102436171,11.2873951771654,142.907578740158
"main_final_v003","M016_LN_WEAK_n250","power","main_primary","LN_WEAK",250,250,"absolute","K1",0.25,1.5,999,251,0.00500000000000012,501,0.00250000000000017,2032,2032,0,0.944389763779528,0.933561262932979,0.95354121362537,0.944389763779528,0.944389763779528,0.944389763779528,0.938976377952756,0.938976377952756,0.938976377952756,0.0339566929133858,0.0339566929133858,0.0339566929133858,0.0339566929133858,0.0269195767434516,0.0427525768548246,0.0269195767434516,0.0427525768548246,0,0,0.0142716535433071,0,,"TRUNCATED_TO_FIXED_NEIGHBORHOOD",,,,,,,,,,,,,,,,,0,0,0,0,0,0,0,0,0,0,"CONDITIONAL_ON_CONTINUUM_COVERAGE_AND_ROOT_COMPONENT_PRESENT",0,0,0,0,0,0,0,0,0,,,,,,,,,,,,,,,,,,,,,,,,,,,,,,,,,,,,,,,,,,,,,,,,,,,,,,,,,,,0,0.96751968503937,,,,0,0,,0,0,,,,0,0,,0,0,,,0,0,0,2032,0,,0,0,,,0,0,,,,,,,,,,,0.914862204724409,0.0501968503937008,0,0.00885826771653543,0.00885826771653543,0,0,0.00885826771653543,0.463582677165354,4.52717458169311e-06,3.62173966535449e-06,9.76562500021316e-06,0.463582677165354,4.52717458169311e-06,0,0,0,0,0.463582677165354,4.52717458169311e-06,0,2.13460941933912,0.485448428458339,1.19465757835568,0.955726062684547,0.320871546839749,0.0553682245621666,10.8228622047244,176.698277559055
"main_final_v003","M016_LN_WEAK_n250","power","main_primary","LN_WEAK",250,250,"absolute","K2",0.25,2,999,351,0.00500000000000012,701,0.00250000000000017,2032,2032,0,0.945374015748031,0.934626551904839,0.954440714191845,0.945374015748031,0.945374015748031,0.945374015748031,0.938976377952756,0.938976377952756,0.938976377952756,0.031496062992126,0.031496062992126,0.031496062992126,0.0339566929133858,0.0247420234100767,0.0400181563423615,0.0247420234100767,0.0400181563423615,0,0,0.00984251968503937,0,,"TRUNCATED_TO_FIXED_NEIGHBORHOOD",,,,,,,,,,,,,,,,,0,0,0,0,0,0,0,0,0,0,"CONDITIONAL_ON_CONTINUUM_COVERAGE_AND_ROOT_COMPONENT_PRESENT",0,0,0,0,0,0,0,0,0,,,,,,,,,,,,,,,,,,,,,,,,,,,,,,,,,,,,,,,,,,,,,,,,,,,,,,,,,,,0,0.969488188976378,0.239173228346457,-0.0292836131354724,0.317933383607865,2032,486,0.239173228346457,486,486,-0.0292836131354724,0.317933383607865,0.239173228346457,2032,486,1,486,486,1,0.239173228346457,2032,486,0.239173228346457,2032,486,1,486,486,1,0.239173228346457,2032,486,,,,,,,,,,,0.906496062992126,0.0506889763779528,0,0.0103346456692913,0.0103346456692913,0,0,0.0103346456692913,0.337106299212598,3.29205370324812e-06,1.88117354471321e-06,9.76562500021316e-06,0.337106299212598,3.29205370324812e-06,0,0,0,0,0.337106299212598,3.29205370324812e-06,0,2.16082969843095,1.27141851009,1.68238395150252,0.961362258001441,0.171383697929532,0.102541735050041,10.8228622047244,176.698277559055
"main_final_v003","M016_LN_WEAK_n250","power","main_primary","LN_WEAK",250,250,"absolute","K3",0.25,2.5,999,451,0.00500000000000034,901,0.00250000000000039,2032,2032,0,0.943405511811024,0.932496837302434,0.95264084971758,0.943405511811024,0.943405511811024,0.943405511811024,0.938976377952756,0.938976377952756,0.938976377952756,0.030511811023622,0.030511811023622,0.030511811023622,0.0339566929133858,0.0238743110237534,0.0389210791903496,0.0238743110237534,0.0389210791903496,0,0,0.00541338582677165,0,,"TRUNCATED_TO_FIXED_NEIGHBORHOOD",,,,,,,,,,,,,,,,,0,0,0,0,0,0,0,0,0,0,"CONDITIONAL_ON_CONTINUUM_COVERAGE_AND_ROOT_COMPONENT_PRESENT",0,0,0,0,0,0,0,0,0,,,,,,,,,,,,,,,,,,,,,,,,,,,,,,,,,,,,,,,,,,,,,,,,,,,,,,,,,,,0,0.970472440944882,0.239173228346457,-0.0292836131354724,0.317933383607865,2032,486,0.239173228346457,486,486,-0.0292836131354724,0.317933383607865,0.239173228346457,2032,486,1,486,486,1,0.239173228346457,2032,486,0.239173228346457,2032,486,1,486,486,1,0.239173228346457,2032,486,,,,,,,,,,,0.898622047244094,0.0516732283464567,0,0.00836614173228347,0.00836614173228347,0,0,0.00836614173228347,0.437007874015748,4.26765501968506e-06,1.89673556430447e-06,9.76562500021316e-06,0.437007874015748,4.26765501968506e-06,0,0,0,0,0.437007874015748,4.26765501968506e-06,0,2.17391885969847,3.60449091240469,2.17200352946604,0.965334901984908,0.0973885429268134,0.165167834104536,10.8228622047244,176.698277559055
"main_final_v003","M017_LN_WEAK_n500","power","main_primary","LN_WEAK",500,500,"absolute","K1",0.25,1.5,999,251,0.00500000000000012,501,0.00250000000000017,2032,2032,0,0.945374015748031,0.934626551904839,0.954440714191845,0.945374015748031,0.945374015748031,0.945374015748031,0.933070866141732,0.933070866141732,0.933070866141732,0.0354330708661417,0.0354330708661417,0.0354330708661417,0.0354330708661417,0.0282313910182992,0.0443879468874799,0.0282313910182992,0.0443879468874799,0,0,0.0187007874015748,0,,"TRUNCATED_TO_FIXED_NEIGHBORHOOD",,,,,,,,,,,,,,,,,0,0,0,0,0,0,0,0,0,0,"CONDITIONAL_ON_CONTINUUM_COVERAGE_AND_ROOT_COMPONENT_PRESENT",0,0,0,0,0,0,0,0,0,,,,,,,,,,,,,,,,,,,,,,,,,,,,,,,,,,,,,,,,,,,,,,,,,,,,,,,,,,,0,0.964566929133858,,,,0,0,,0,0,,,,0,0,,0,0,,,0,0,0,2032,0,,0,0,,,0,0,,,,,,,,,,,0.919783464566929,0.0526574803149606,0,0.0132874015748032,0.0132874015748032,0,0,0.0132874015748032,0.354330708661417,3.46026082677159e-06,2.76820866141727e-06,9.76562500021316e-06,0.354330708661417,3.46026082677159e-06,0,0,0,0,0.354330708661417,3.46026082677159e-06,0,2.14942782628352,0.353949019506547,1.18011295829232,0.944090366633858,0.306668841834014,0.0353954130971166,11.6940127952756,207.479232283465
"main_final_v003","M017_LN_WEAK_n500","power","main_primary","LN_WEAK",500,500,"absolute","K2",0.25,2,999,351,0.00500000000000012,701,0.00250000000000017,2032,2032,0,0.940452755905512,0.92930853552954,0.949934782875468,0.940452755905512,0.940452755905512,0.940452755905512,0.933070866141732,0.933070866141732,0.933070866141732,0.0334645669291339,0.0334645669291339,0.0334645669291339,0.0354330708661417,0.026483161098785,0.0422065977303236,0.026483161098785,0.0422065977303236,0,0,0.00984251968503937,0,,"TRUNCATED_TO_FIXED_NEIGHBORHOOD",,,,,,,,,,,,,,,,,0,0,0,0,0,0,0,0,0,0,"CONDITIONAL_ON_CONTINUUM_COVERAGE_AND_ROOT_COMPONENT_PRESENT",0,0,0,0,0,0,0,0,0,,,,,,,,,,,,,,,,,,,,,,,,,,,,,,,,,,,,,,,,,,,,,,,,,,,,,,,,,,,0,0.96751968503937,0.291830708661417,-0.0603535493491564,0.331343056990826,2032,593,0.291830708661417,593,593,-0.0603535493491564,0.331343056990826,0.291830708661417,2032,593,1,593,593,1,0.291830708661417,2032,593,0.291830708661417,2032,593,1,593,593,1,0.291830708661417,2032,593,,,,,,,,,,,0.910433070866142,0.0551181102362205,0,0.0147637795275591,0.0147637795275591,0,0,0.0147637795275591,1.0625,1.03759765624998e-05,5.92912946428558e-06,9.76562500021316e-06,1.0625,1.03759765624998e-05,0,0,0,0,1.0625,1.03759765624998e-05,0,2.18130473480854,0.960994112601697,1.67022937203955,0.954416784022603,0.152149899939474,0.0711541870425245,11.6940127952756,207.479232283465
"main_final_v003","M017_LN_WEAK_n500","power","main_primary","LN_WEAK",500,500,"absolute","K3",0.25,2.5,999,451,0.00500000000000034,901,0.00250000000000039,2032,2032,0,0.936515748031496,0.925068377933241,0.946315782318427,0.936515748031496,0.936515748031496,0.936515748031496,0.933070866141732,0.933070866141732,0.933070866141732,0.031496062992126,0.031496062992126,0.031496062992126,0.0354330708661417,0.0247420234100767,0.0400181563423615,0.0247420234100767,0.0400181563423615,0,0,0.00590551181102362,0,,"TRUNCATED_TO_FIXED_NEIGHBORHOOD",,,,,,,,,,,,,,,,,0,0,0,0,0,0,0,0,0,0,"CONDITIONAL_ON_CONTINUUM_COVERAGE_AND_ROOT_COMPONENT_PRESENT",0,0,0,0,0,0,0,0,0,,,,,,,,,,,,,,,,,,,,,,,,,,,,,,,,,,,,,,,,,,,,,,,,,,,,,,,,,,,0,0.968503937007874,0.291830708661417,-0.0603535493491564,0.331343056990826,2032,593,0.291830708661417,593,593,-0.0603535493491564,0.331343056990826,0.291830708661417,2032,593,1,593,593,1,0.291830708661417,2032,593,0.291830708661417,2032,593,1,593,593,1,0.291830708661417,2032,593,,,,,,,,,,,0.901574803149606,0.0551181102362205,0,0.0191929133858268,0.0191929133858268,0,0,0.0191929133858268,0.450295275590551,4.39741480068907e-06,1.95440657808403e-06,9.76562500021316e-06,0.450295275590551,4.39741480068907e-06,0,0,0,0,0.450295275590551,4.39741480068907e-06,0,2.19749647637957,2.87813837062201,2.16108584426519,0.960482597451197,0.0792358377483947,0.123910258394868,11.6940127952756,207.479232283465
"main_final_v003","M018_LN_WEAK_n1000","power","main_primary","LN_WEAK",1000,1000,"absolute","K1",0.25,1.5,999,251,0.00500000000000012,501,0.00250000000000017,2032,2032,0,0.950787401574803,0.940502102252742,0.959371506304785,0.950787401574803,0.950787401574803,0.950787401574803,0.937992125984252,0.937992125984252,0.937992125984252,0.030511811023622,0.030511811023622,0.030511811023622,0.030511811023622,0.0238743110237534,0.0389210791903496,0.0238743110237534,0.0389210791903496,0,0,0.0127952755905512,0,,"TRUNCATED_TO_FIXED_NEIGHBORHOOD",,,,,,,,,,,,,,,,,0,0,0,0,0,0,0,0,0,0,"CONDITIONAL_ON_CONTINUUM_COVERAGE_AND_ROOT_COMPONENT_PRESENT",0,0,0,0,0,0,0,0,0,,,,,,,,,,,,,,,,,,,,,,,,,,,,,,,,,,,,,,,,,,,,,,,,,,,,,,,,,,,0,0.969488188976378,,,,0,0,,0,0,,,,0,0,,0,0,,,0,0,0,2032,0,,0,0,,,0,0,,,,,,,,,,,0.922736220472441,0.0536417322834646,0,0.0221456692913386,0.0221456692913386,0,0,0.0221456692913386,0.576279527559055,5.62772976131856e-06,4.50218380905485e-06,9.76562500021316e-06,0.576279527559055,5.62772976131856e-06,0,0,0,0,0.576279527559055,5.62772976131856e-06,0,2.1615447931144,0.253279136569675,1.1625794466274,0.930063557301919,0.296510220710905,0.0223255731908338,13.2476092519685,299.273228346457
"main_final_v003","M018_LN_WEAK_n1000","power","main_primary","LN_WEAK",1000,1000,"absolute","K2",0.25,2,999,351,0.00500000000000012,701,0.00250000000000017,2032,2032,0,0.949803149606299,0.939431646124659,0.958477172894533,0.949803149606299,0.949803149606299,0.949803149606299,0.937992125984252,0.937992125984252,0.937992125984252,0.0285433070866142,0.0285433070866142,0.0285433070866142,0.030511811023622,0.0221450486481552,0.0367207624892774,0.0221450486481552,0.0367207624892774,0,0,0.00541338582677165,0,,"TRUNCATED_TO_FIXED_NEIGHBORHOOD",,,,,,,,,,,,,,,,,0,0,0,0,0,0,0,0,0,0,"CONDITIONAL_ON_CONTINUUM_COVERAGE_AND_ROOT_COMPONENT_PRESENT",0,0,0,0,0,0,0,0,0,,,,,,,,,,,,,,,,,,,,,,,,,,,,,,,,,,,,,,,,,,,,,,,,,,,,,,,,,,,0,0.971456692913386,0.381397637795276,-0.0617224120085553,0.320526521299909,2032,775,0.381397637795276,775,775,-0.0617224120085553,0.320526521299909,0.381397637795276,2032,775,1,775,775,1,0.381397637795276,2032,775,0.381397637795276,2032,775,1,775,775,1,0.381397637795276,2032,775,,,,,,,,,,,0.906988188976378,0.0541338582677165,0,0.0285433070866142,0.0285433070866142,0,0,0.0285433070866142,1.14222440944882,1.11545352485237e-05,6.37402014201352e-06,9.76562500021316e-06,1.14222440944882,1.11545352485237e-05,0,0,0,0,1.14222440944882,1.11545352485237e-05,0,2.20012690276524,0.699781802038529,1.651487532488,0.943707161421717,0.138044599428799,0.0486305743495793,13.2476092519685,299.273228346457
"main_final_v003","M018_LN_WEAK_n1000","power","main_primary","LN_WEAK",1000,1000,"absolute","K3",0.25,2.5,999,451,0.00500000000000034,901,0.00250000000000039,2032,2032,0,0.941929133858268,0.930901772087567,0.951288730624944,0.941929133858268,0.941929133858268,0.941929133858268,0.937992125984252,0.937992125984252,0.937992125984252,0.0280511811023622,0.0280511811023622,0.0280511811023622,0.030511811023622,0.0217140899406607,0.0361693264276042,0.0217140899406607,0.0361693264276042,0,0,0.00246062992125984,0,,"TRUNCATED_TO_FIXED_NEIGHBORHOOD",,,,,,,,,,,,,,,,,0,0,0,0,0,0,0,0,0,0,"CONDITIONAL_ON_CONTINUUM_COVERAGE_AND_ROOT_COMPONENT_PRESENT",0,0,0,0,0,0,0,0,0,,,,,,,,,,,,,,,,,,,,,,,,,,,,,,,,,,,,,,,,,,,,,,,,,,,,,,,,,,,0,0.971948818897638,0.381397637795276,-0.0617224120085553,0.320526521299909,2032,775,0.381397637795276,775,775,-0.0617224120085553,0.320526521299909,0.381397637795276,2032,775,1,775,775,1,0.381397637795276,2032,775,0.381397637795276,2032,775,1,775,775,1,0.381397637795276,2032,775,,,,,,,,,,,0.895669291338583,0.0546259842519685,0,0.0270669291338583,0.0270669291338583,0,0,0.0270669291338583,0.65994094488189,6.44473578986293e-06,2.86432701771686e-06,9.76562500021316e-06,0.65994094488189,6.44473578986293e-06,0,0,0,0,0.65994094488189,6.44473578986293e-06,0,2.22083686944372,2.15677725317348,2.13808346245233,0.950259316645478,0.0661579246615723,0.0914047655139676,13.2476092519685,299.273228346457
"main_final_v003","M009_MIXED_SIGN_n100","benchmark","main_primary","MIXED_SIGN",100,100,"absolute","K1",0.25,1.5,999,251,0.00500000000000012,501,0.00250000000000017,2032,2032,0,0.977854330708661,0.97049707419837,0.983408246663377,0.977854330708661,0.977854330708661,0.943897637795276,0.976870078740158,0.976870078740158,0.976870078740158,0.0221456692913386,0.0221456692913386,0.046259842519685,0.0231299212598425,0.0165917533366234,0.0295029258016302,0.0165917533366234,0.0295029258016302,0,0,0.0132874015748032,0,,"TRUNCATED_TO_FIXED_NEIGHBORHOOD",,,,,,,,,,,,,,,,,0,0,0,0,0,0,0,0,0,0,"CONDITIONAL_ON_CONTINUUM_COVERAGE_AND_ROOT_COMPONENT_PRESENT",0,0,0,0,0,0,0,0,0,,,,,,,,,,,,,,,,,,,,,,,,,,,,,,,,,,,,,,,,,,,,,,,,,,,,,,,,,,,,0.977854330708661,,,,0,0,,0,0,,,,0,0,,0,0,,,0,0,0,2032,0,,0,0,,,0,0,,,,,,,,,,,0.934547244094488,0.0654527559055118,0,0.00442913385826772,0.00442913385826772,0,0,0.00442913385826772,0.3125,3.05175781249998e-06,2.44140624999999e-06,9.76562500021316e-06,0.3125,3.05175781249998e-06,0,0,0,0,0.3125,3.05175781249998e-06,0,2.39167314215827,9.56046854058235,1.22828307144285,0.982626457154282,0.424774498728142,0.0304262135229196,17.2524325787402,148.845767716535
"main_final_v003","M009_MIXED_SIGN_n100","benchmark","main_primary","MIXED_SIGN",100,100,"absolute","K2",0.25,2,999,351,0.00500000000000012,701,0.00250000000000017,2032,2032,0,0.978346456692913,0.971057282730551,0.983830432900363,0.978346456692913,0.978346456692913,0.944389763779528,0.976870078740158,0.976870078740158,0.976870078740158,0.0216535433070866,0.0216535433070866,0.0447834645669291,0.0231299212598425,0.0161695670996367,0.0289427172694493,0.0161695670996367,0.0289427172694493,0,0,0.0113188976377953,0,,"TRUNCATED_TO_FIXED_NEIGHBORHOOD",,,,,,,,,,,,,,,,,0,0,0,0,0,0,0,0,0,0,"CONDITIONAL_ON_CONTINUUM_COVERAGE_AND_ROOT_COMPONENT_PRESENT",0,0,0,0,0,0,0,0,0,,,,,,,,,,,,,,,,,,,,,,,,,,,,,,,,,,,,,,,,,,,,,,,,,,,,,,,,,,,,0.978346456692913,,,,0,0,,0,0,,,,0,0,,0,0,,,0,0,0,2032,0,,0,0,,,0,0,,,,,,,,,,,0.931594488188976,0.0684055118110236,0,0.00492125984251968,0.00492125984251968,0,0,0.00492125984251968,0.823818897637795,8.0451064222441e-06,4.59720366985377e-06,9.76562500021316e-06,0.823818897637795,8.0451064222441e-06,0,0,0,0,0.823818897637795,8.0451064222441e-06,0,2.40861828704408,40.139606897225,1.72067610613004,0.983243489217168,0.373589991272971,0.0340796214277424,17.2524325787402,148.845767716535
"main_final_v003","M009_MIXED_SIGN_n100","benchmark","main_primary","MIXED_SIGN",100,100,"absolute","K3",0.25,2.5,999,451,0.00500000000000034,901,0.00250000000000039,2032,2032,0,0.977362204724409,0.969937665559858,0.982985260532721,0.977362204724409,0.977362204724409,0.943897637795276,0.976870078740158,0.976870078740158,0.976870078740158,0.0226377952755906,0.0226377952755906,0.0452755905511811,0.0231299212598425,0.0170147394672789,0.0300623344401423,0.0170147394672789,0.0300623344401423,0,0,0.0103346456692913,0,,"TRUNCATED_TO_FIXED_NEIGHBORHOOD",,,,,,,,,,,,,,,,,0,0,0,0,0,0,0,0,0,0,"CONDITIONAL_ON_CONTINUUM_COVERAGE_AND_ROOT_COMPONENT_PRESENT",0,0,0,0,0,0,0,0,0,,,,,,,,,,,,,,,,,,,,,,,,,,,,,,,,,,,,,,,,,,,,,,,,,,,,,,,,,,,,0.977362204724409,,,,0,0,,0,0,,,,0,0,,0,0,,,0,0,0,2032,0,,0,0,,,0,0,,,,,,,,,,,0.931594488188976,0.0684055118110236,0,0.00688976377952756,0.00688976377952756,0,0,0.00688976377952756,0.990157480314961,9.66950664370057e-06,4.29755850831137e-06,9.76562500021316e-06,0.990157480314961,9.66950664370057e-06,0,0,0,0,0.990157480314961,9.66950664370057e-06,0,2.41914002059996,165.259947516748,2.21339426596334,0.983730784872594,0.348594508761193,0.0367918740943385,17.2524325787402,148.845767716535
"main_final_v003","M009_MIXED_SIGN_n100","benchmark","main_primary","MIXED_SIGN",100,100,"signed","K1",0.25,1.5,999,251,0.00500000000000012,501,0.00250000000000017,2032,2032,0,0.965551181102362,0.956701877734963,0.972643573897593,0.965551181102362,0.965551181102362,0.943897637795276,0.964074803149606,0.964074803149606,0.964074803149606,0.0241141732283465,0.0241141732283465,0.046259842519685,0.0241141732283465,0.0182882552053661,0.031736003009558,0.0182882552053661,0.031736003009558,0,0,0.00738188976377953,0,,"TRUNCATED_TO_FIXED_NEIGHBORHOOD",,,,,,,,,,,,,,,,,0,0,0,0,0,0,0,0,0,0,"CONDITIONAL_ON_CONTINUUM_COVERAGE_AND_ROOT_COMPONENT_PRESENT",0,0,0,0,0,0,0,0,0,,,,,,,,,,,,,,,,,,,,,,,,,,,,,,,,,,,,,,,,,,,,,,,,,,,,,,,,,,,0,0.977854330708661,0.218011811023622,-0.0507835494426754,0.258429964204148,2032,443,0.218011811023622,443,443,-0.0507835494426754,0.258429964204148,0.218011811023622,2032,443,1,443,443,1,0.218011811023622,2032,443,0.218011811023622,2032,443,1,443,443,1,0.218011811023622,2032,443,,,,,,,,,,,0.915354330708661,0.0585629921259843,0,0.00442913385826772,0.00442913385826772,0,0,0.00442913385826772,0.0925196850393701,9.03512549212596e-07,7.22810039370077e-07,9.76562500021316e-06,0.0925196850393701,9.03512549212596e-07,0,0,0,0,0.0925196850393701,9.03512549212596e-07,0,2.39167314215827,12.5793395322276,1.220018127922,0.976014502337598,0.424774498728142,0.0304262135229196,17.2524325787402,148.845767716535
"main_final_v003","M009_MIXED_SIGN_n100","benchmark","main_primary","MIXED_SIGN",100,100,"signed","K2",0.25,2,999,351,0.00500000000000012,701,0.00250000000000017,2032,2032,0,0.965551181102362,0.956701877734963,0.972643573897593,0.965551181102362,0.965551181102362,0.944389763779528,0.964074803149606,0.964074803149606,0.964074803149606,0.0231299212598425,0.0231299212598425,0.0447834645669291,0.0241141732283465,0.017438500657776,0.0306209680188129,0.017438500657776,0.0306209680188129,0,0,0.00492125984251968,0,,"TRUNCATED_TO_FIXED_NEIGHBORHOOD",,,,,,,,,,,,,,,,,0,0,0,0,0,0,0,0,0,0,"CONDITIONAL_ON_CONTINUUM_COVERAGE_AND_ROOT_COMPONENT_PRESENT",0,0,0,0,0,0,0,0,0,,,,,,,,,,,,,,,,,,,,,,,,,,,,,,,,,,,,,,,,,,,,,,,,,,,,,,,,,,,0,0.978838582677165,0.218011811023622,-0.0507835494426754,0.258429964204148,2032,443,0.218011811023622,443,443,-0.0507835494426754,0.258429964204148,0.218011811023622,2032,443,1,443,443,1,0.218011811023622,2032,443,0.218011811023622,2032,443,1,443,443,1,0.218011811023622,2032,443,,,,,,,,,,,0.910925196850394,0.0585629921259843,0,0.00541338582677165,0.00541338582677165,0,0,0.00541338582677165,0.0949803149606299,9.27542138287487e-07,5.30024079021421e-07,9.76562500021316e-06,0.0949803149606299,9.27542138287487e-07,0,0,0,0,0.0949803149606299,9.27542138287487e-07,0,2.40861828704408,50.5884360473988,1.70951741376261,0.976867093578635,0.373589991272971,0.0340796214277424,17.2524325787402,148.845767716535
"main_final_v003","M009_MIXED_SIGN_n100","benchmark","main_primary","MIXED_SIGN",100,100,"signed","K3",0.25,2.5,999,451,0.00500000000000034,901,0.00250000000000039,2032,2032,0,0.965551181102362,0.956701877734963,0.972643573897593,0.965551181102362,0.965551181102362,0.943897637795276,0.964074803149606,0.964074803149606,0.964074803149606,0.0226377952755906,0.0226377952755906,0.0452755905511811,0.0241141732283465,0.0170147394672789,0.0300623344401423,0.0170147394672789,0.0300623344401423,0,0,0.00393700787401575,0,,"TRUNCATED_TO_FIXED_NEIGHBORHOOD",,,,,,,,,,,,,,,,,0,0,0,0,0,0,0,0,0,0,"CONDITIONAL_ON_CONTINUUM_COVERAGE_AND_ROOT_COMPONENT_PRESENT",0,0,0,0,0,0,0,0,0,,,,,,,,,,,,,,,,,,,,,,,,,,,,,,,,,,,,,,,,,,,,,,,,,,,,,,,,,,,0,0.979330708661417,0.218011811023622,-0.0507835494426754,0.258429964204148,2032,443,0.218011811023622,443,443,-0.0507835494426754,0.258429964204148,0.218011811023622,2032,443,1,443,443,1,0.218011811023622,2032,443,0.218011811023622,2032,443,1,443,443,1,0.218011811023622,2032,443,,,,,,,,,,,0.90994094488189,0.0585629921259843,0,0.00984251968503937,0.00984251968503937,0,0,0.00984251968503937,0.507874015748031,4.95970718503907e-06,2.20431430446181e-06,9.76562500021316e-06,0.507874015748031,4.95970718503907e-06,0,0,0,0,0.507874015748031,4.95970718503907e-06,0,2.41914002059996,204.161987271873,2.19593630813238,0.975971692503281,0.348594508761193,0.0367918740943385,17.2524325787402,148.845767716535
"main_final_v003","M010_MIXED_SIGN_n250","benchmark","main_primary","MIXED_SIGN",250,250,"absolute","K1",0.25,1.5,999,251,0.00500000000000012,501,0.00250000000000017,2032,2032,0,0.973425196850394,0.965488460590252,0.979575307348986,0.973425196850394,0.973425196850394,0.945374015748031,0.973425196850394,0.973425196850394,0.973425196850394,0.0265748031496063,0.0265748031496063,0.0433070866141732,0.0265748031496063,0.0204246926510143,0.0345115394097478,0.0204246926510143,0.0345115394097478,0,0,0.0118110236220472,0,,"TRUNCATED_TO_FIXED_NEIGHBORHOOD",,,,,,,,,,,,,,,,,0,0,0,0,0,0,0,0,0,0,"CONDITIONAL_ON_CONTINUUM_COVERAGE_AND_ROOT_COMPONENT_PRESENT",0,0,0,0,0,0,0,0,0,,,,,,,,,,,,,,,,,,,,,,,,,,,,,,,,,,,,,,,,,,,,,,,,,,,,,,,,,,,,0.973425196850394,,,,0,0,,0,0,,,,0,0,,0,0,,,0,0,0,2032,0,,0,0,,,0,0,,,,,,,,,,,0.934547244094488,0.0654527559055118,0,0.0093503937007874,0.0093503937007874,0,0,0.0093503937007874,2.40501968503937,2.34865203617126e-05,1.87892162893701e-05,9.76562500021316e-06,2.40501968503937,2.34865203617126e-05,0,0,0,0,2.40501968503937,2.34865203617126e-05,0,2.39397454320508,6.06735134653524,1.22540611447312,0.980324891578494,0.422982905130844,0.0121816234644733,17.2498710629921,183.999901574803
"main_final_v003","M010_MIXED_SIGN_n250","benchmark","main_primary","MIXED_SIGN",250,250,"absolute","K2",0.25,2,999,351,0.00500000000000012,701,0.00250000000000017,2032,2032,0,0.97490157480315,0.967151794626135,0.980859157620606,0.97490157480315,0.97490157480315,0.945866141732283,0.973425196850394,0.973425196850394,0.973425196850394,0.0250984251968504,0.0250984251968504,0.0413385826771654,0.0265748031496063,0.0191408423793943,0.032848205373865,0.0191408423793943,0.032848205373865,0,0,0.00984251968503937,0,,"TRUNCATED_TO_FIXED_NEIGHBORHOOD",,,,,,,,,,,,,,,,,0,0,0,0,0,0,0,0,0,0,"CONDITIONAL_ON_CONTINUUM_COVERAGE_AND_ROOT_COMPONENT_PRESENT",0,0,0,0,0,0,0,0,0,,,,,,,,,,,,,,,,,,,,,,,,,,,,,,,,,,,,,,,,,,,,,,,,,,,,,,,,,,,,0.97490157480315,,,,0,0,,0,0,,,,0,0,,0,0,,,0,0,0,2032,0,,0,0,,,0,0,,,,,,,,,,,0.932086614173228,0.0679133858267717,0,0.0093503937007874,0.0093503937007874,0,0,0.0093503937007874,1.19192913385827,1.16399329478345e-05,6.65139025590544e-06,9.76562500021316e-06,1.19192913385827,1.16399329478345e-05,0,0,0,0,1.19192913385827,1.16399329478345e-05,0,2.41050047898434,25.4714844695125,1.71825228953925,0.981858451165284,0.37174337986398,0.013644292177527,17.2498710629921,183.999901574803
"main_final_v003","M010_MIXED_SIGN_n250","benchmark","main_primary","MIXED_SIGN",250,250,"absolute","K3",0.25,2.5,999,451,0.00500000000000034,901,0.00250000000000039,2032,2032,0,0.97490157480315,0.967151794626135,0.980859157620606,0.97490157480315,0.97490157480315,0.947342519685039,0.973425196850394,0.973425196850394,0.973425196850394,0.0250984251968504,0.0250984251968504,0.0408464566929134,0.0265748031496063,0.0191408423793943,0.032848205373865,0.0191408423793943,0.032848205373865,0,0,0.00836614173228347,0,,"TRUNCATED_TO_FIXED_NEIGHBORHOOD",,,,,,,,,,,,,,,,,0,0,0,0,0,0,0,0,0,0,"CONDITIONAL_ON_CONTINUUM_COVERAGE_AND_ROOT_COMPONENT_PRESENT",0,0,0,0,0,0,0,0,0,,,,,,,,,,,,,,,,,,,,,,,,,,,,,,,,,,,,,,,,,,,,,,,,,,,,,,,,,,,,0.97490157480315,,,,0,0,,0,0,,,,0,0,,0,0,,,0,0,0,2032,0,,0,0,,,0,0,,,,,,,,,,,0.93011811023622,0.0698818897637795,0,0.0108267716535433,0.0108267716535433,0,0,0.0108267716535433,2.20324803149606,2.15160940575787e-05,9.56270847003498e-06,9.76562500021316e-06,2.20324803149606,2.15160940575787e-05,0,0,0,0,2.20324803149606,2.15160940575787e-05,0,2.4212161664965,104.886440903525,2.21176118144839,0.983004969532617,0.346699845018568,0.0147388253744075,17.2498710629921,183.999901574803
"main_final_v003","M010_MIXED_SIGN_n250","benchmark","main_primary","MIXED_SIGN",250,250,"signed","K1",0.25,1.5,999,251,0.00500000000000012,501,0.00250000000000017,2032,2032,0,0.96998031496063,0.961628211656971,0.976558792898094,0.96998031496063,0.96998031496063,0.945374015748031,0.968503937007874,0.968503937007874,0.968503937007874,0.0182086614173228,0.0182086614173228,0.0433070866141732,0.0182086614173228,0.0132390674197259,0.0249964535651869,0.0132390674197259,0.0249964535651869,0,0,0.00295275590551181,0,,"TRUNCATED_TO_FIXED_NEIGHBORHOOD",,,,,,,,,,,,,,,,,0,0,0,0,0,0,0,0,0,0,"CONDITIONAL_ON_CONTINUUM_COVERAGE_AND_ROOT_COMPONENT_PRESENT",0,0,0,0,0,0,0,0,0,,,,,,,,,,,,,,,,,,,,,,,,,,,,,,,,,,,,,,,,,,,,,,,,,,,,,,,,,,,0,0.982283464566929,0.296751968503937,-0.0220141338878628,0.256210966073285,2032,603,0.296751968503937,603,603,-0.0220141338878628,0.256210966073285,0.296751968503937,2032,603,1,603,603,1,0.296751968503937,2032,603,0.296751968503937,2032,603,1,603,603,1,0.296751968503937,2032,603,,,,,,,,,,,0.922244094488189,0.0546259842519685,0,0.00196850393700787,0.00196850393700787,0,0,0.00196850393700787,0.015748031496063,1.53789370078655e-07,1.23031496062924e-07,9.76562500010214e-06,0.015748031496063,1.53789370078655e-07,0,0,0,0,0.015748031496063,1.53789370078655e-07,0,2.39397454320508,7.98373038869925,1.22276098056102,0.978208784448819,0.422982905130844,0.0121816234644733,17.2498710629921,183.999901574803
"main_final_v003","M010_MIXED_SIGN_n250","benchmark","main_primary","MIXED_SIGN",250,250,"signed","K2",0.25,2,999,351,0.00500000000000012,701,0.00250000000000017,2032,2032,0,0.968996062992126,0.960530135286496,0.975692079730233,0.968996062992126,0.968996062992126,0.945866141732283,0.968503937007874,0.968503937007874,0.968503937007874,0.0177165354330709,0.0177165354330709,0.0413385826771654,0.0182086614173228,0.0128243668046116,0.0244287594111336,0.0128243668046116,0.0244287594111336,0,0,0.00295275590551181,0,,"TRUNCATED_TO_FIXED_NEIGHBORHOOD",,,,,,,,,,,,,,,,,0,0,0,0,0,0,0,0,0,0,"CONDITIONAL_ON_CONTINUUM_COVERAGE_AND_ROOT_COMPONENT_PRESENT",0,0,0,0,0,0,0,0,0,,,,,,,,,,,,,,,,,,,,,,,,,,,,,,,,,,,,,,,,,,,,,,,,,,,,,,,,,,,0,0.982775590551181,0.296751968503937,-0.0220141338878628,0.256210966073285,2032,603,0.296751968503937,603,603,-0.0220141338878628,0.256210966073285,0.296751968503937,2032,603,1,603,603,1,0.296751968503937,2032,603,0.296751968503937,2032,603,1,603,603,1,0.296751968503937,2032,603,,,,,,,,,,,0.921259842519685,0.0546259842519685,0,0.00836614173228347,0.00836614173228347,0,0,0.00836614173228347,0.166338582677165,1.62440022145653e-06,9.28228697975158e-07,9.76562500021316e-06,0.166338582677165,1.62440022145653e-06,0,0,0,0,0.166338582677165,1.62440022145653e-06,0,2.41050047898434,32.1042521243007,1.70917608306164,0.976672047463794,0.37174337986398,0.013644292177527,17.2498710629921,183.999901574803
"main_final_v003","M010_MIXED_SIGN_n250","benchmark","main_primary","MIXED_SIGN",250,250,"signed","K3",0.25,2.5,999,451,0.00500000000000034,901,0.00250000000000039,2032,2032,0,0.970472440944882,0.962178019718808,0.976991379605425,0.970472440944882,0.970472440944882,0.947342519685039,0.968503937007874,0.968503937007874,0.968503937007874,0.0172244094488189,0.0172244094488189,0.0408464566929134,0.0182086614173228,0.0124107679742479,0.0238599634723297,0.0124107679742479,0.0238599634723297,0,0,0.00295275590551181,0,,"TRUNCATED_TO_FIXED_NEIGHBORHOOD",,,,,,,,,,,,,,,,,0,0,0,0,0,0,0,0,0,0,"CONDITIONAL_ON_CONTINUUM_COVERAGE_AND_ROOT_COMPONENT_PRESENT",0,0,0,0,0,0,0,0,0,,,,,,,,,,,,,,,,,,,,,,,,,,,,,,,,,,,,,,,,,,,,,,,,,,,,,,,,,,,0,0.983267716535433,0.296751968503937,-0.0220141338878628,0.256210966073285,2032,603,0.296751968503937,603,603,-0.0220141338878628,0.256210966073285,0.296751968503937,2032,603,1,603,603,1,0.296751968503937,2032,603,0.296751968503937,2032,603,1,603,603,1,0.296751968503937,2032,603,,,,,,,,,,,0.919783464566929,0.0546259842519685,0,0.0118110236220472,0.0118110236220472,0,0,0.0118110236220472,0.503444881889764,4.91645392470408e-06,2.18509063320181e-06,9.76562500021316e-06,0.503444881889764,4.91645392470408e-06,0,0,0,0,0.503444881889764,4.91645392470408e-06,0,2.4212161664965,129.586833179417,2.18842273141455,0.972632325073135,0.346699845018568,0.0147388253744075,17.2498710629921,183.999901574803
"main_final_v003","M044_PARETO_n250","stress","main_primary","PARETO",250,250,"absolute","K1",0.25,1.5,999,251,0.00500000000000012,501,0.00250000000000017,2032,2032,0,0.937992125984252,0.926657035735333,0.947674308823837,0.938484251968504,0.938484251968504,0.937992125984252,0.903543307086614,0.903543307086614,0.903051181102362,0.0482283464566929,0.0482283464566929,0.0482283464566929,0.0482283464566929,0.0397351852340803,0.0584264166700565,0.0397351852340803,0.0584264166700565,0,0,0.0187007874015748,0,,"TRUNCATED_TO_FIXED_NEIGHBORHOOD",,,,,,,,,,,,,,,,,0,0,0,0,0,0,0,0,0,0,"CONDITIONAL_ON_CONTINUUM_COVERAGE_AND_ROOT_COMPONENT_PRESENT",0,0,0,0,0,0,0,0,0,,,,,,,,,,,,,,,,,,,,,,,,,,,,,,,,,,,,,,,,,,,,,,,,,,,,,,,,,,,0,0.952263779527559,0.326771653543307,-0.0299261775376432,0.271823434036938,2032,664,0.326771653543307,664,664,-0.0299261775376432,0.271823434036938,0.326771653543307,2032,664,1,664,664,1,0.326771653543307,2032,664,0.326771653543307,2032,664,1,664,664,1,0.326771653543307,2032,664,,,,,,,,,,,0.93011811023622,0.0551181102362205,0,0.031003937007874,0.031003937007874,0,0,0.031003937007874,2.21456692913386,2.16266301673225e-05,1.7301304133858e-05,9.76562500021316e-06,2.21456692913386,2.16266301673225e-05,0,0,0,0,2.21456692913386,2.16266301673225e-05,0.000492125984251968,2.02012851466847,0.0682927555202414,1.17331641009473,0.938653128075787,0.867471288629596,0.0165509836708942,16.1033981299213,156.175885826772
"main_final_v003","M044_PARETO_n250","stress","main_primary","PARETO",250,250,"absolute","K2",0.25,2,999,351,0.00500000000000012,701,0.00250000000000017,2032,2032,0,0.925196850393701,0.912938860478061,0.935850220082751,0.925688976377953,0.925688976377953,0.925196850393701,0.903543307086614,0.903543307086614,0.903051181102362,0.0447834645669291,0.0447834645669291,0.0447834645669291,0.0482283464566929,0.0366171184269266,0.054667720093037,0.0366171184269266,0.054667720093037,0,0,0.00836614173228347,0,,"TRUNCATED_TO_FIXED_NEIGHBORHOOD",,,,,,,,,,,,,,,,,0,0,0,0,0,0,0,0,0,0,"CONDITIONAL_ON_CONTINUUM_COVERAGE_AND_ROOT_COMPONENT_PRESENT",0,0,0,0,0,0,0,0,0,,,,,,,,,,,,,,,,,,,,,,,,,,,,,,,,,,,,,,,,,,,,,,,,,,,,,,,,,,,0,0.955216535433071,0.326771653543307,-0.0299261775376432,0.271823434036938,2032,664,0.326771653543307,664,664,-0.0299261775376432,0.271823434036938,0.326771653543307,2032,664,1,664,664,1,0.326771653543307,2032,664,0.326771653543307,2032,664,1,664,664,1,0.326771653543307,2032,664,,,,,,,,,,,0.915846456692913,0.0551181102362205,0,0.0285433070866142,0.0285433070866142,0,0,0.0285433070866142,2.11417322834646,2.06462229330709e-05,1.17978416760405e-05,9.76562500021316e-06,2.11417322834646,2.06462229330709e-05,0,0,0,0,2.11417322834646,2.06462229330709e-05,0.000492125984251968,2.03729519061027,0.118295321398151,1.65169264425443,0.943824368145388,0.735835826906733,0.0266636883854568,16.1033981299213,156.175885826772
"main_final_v003","M044_PARETO_n250","stress","main_primary","PARETO",250,250,"absolute","K3",0.25,2.5,999,451,0.00500000000000034,901,0.00250000000000039,2032,2032,0,0.904527559055118,0.890976295842379,0.916552204413394,0.904527559055118,0.904527559055118,0.904527559055118,0.903543307086614,0.903543307086614,0.903051181102362,0.0428149606299213,0.0428149606299213,0.0428149606299213,0.0482283464566929,0.0348417128633989,0.0525135465798943,0.0348417128633989,0.0525135465798943,0,0,0.00590551181102362,0,,"TRUNCATED_TO_FIXED_NEIGHBORHOOD",,,,,,,,,,,,,,,,,0,0,0,0,0,0,0,0,0,0,"CONDITIONAL_ON_CONTINUUM_COVERAGE_AND_ROOT_COMPONENT_PRESENT",0,0,0,0,0,0,0,0,0,,,,,,,,,,,,,,,,,,,,,,,,,,,,,,,,,,,,,,,,,,,,,,,,,,,,,,,,,,,0,0.957185039370079,0.326771653543307,-0.0299261775376432,0.271823434036938,2032,664,0.326771653543307,664,664,-0.0299261775376432,0.271823434036938,0.326771653543307,2032,664,1,664,664,1,0.326771653543307,2032,664,0.326771653543307,2032,664,1,664,664,1,0.326771653543307,2032,664,,,,,,,,,,,0.892716535433071,0.0551181102362205,0,0.0270669291338583,0.0270669291338583,0,0,0.0270669291338583,1.79330708661417,1.75127645177166e-05,7.78345089676293e-06,9.76562500021316e-06,1.79330708661417,1.75127645177166e-05,0,0,0,0,1.79330708661417,1.75127645177166e-05,0,2.0507391665071,0.203788194316525,2.11767499307948,0.941188885813101,0.578469746599712,0.042283682963608,16.1033981299213,156.175885826772
"main_final_v003","M045_PARETO_n500","stress","main_primary","PARETO",500,500,"absolute","K1",0.25,1.5,999,251,0.00500000000000012,501,0.00250000000000017,2032,2032,0,0.937007874015748,0.925597748467941,0.946768806552894,0.938976377952756,0.938976377952756,0.937007874015748,0.904035433070866,0.904035433070866,0.902066929133858,0.0437992125984252,0.0437992125984252,0.0437992125984252,0.0437992125984252,0.0357288115032397,0.0535912374783887,0.0357288115032397,0.0535912374783887,0,0,0.0078740157480315,0,,"TRUNCATED_TO_FIXED_NEIGHBORHOOD",,,,,,,,,,,,,,,,,0,0,0,0,0,0,0,0,0,0,"CONDITIONAL_ON_CONTINUUM_COVERAGE_AND_ROOT_COMPONENT_PRESENT",0,0,0,0,0,0,0,0,0,,,,,,,,,,,,,,,,,,,,,,,,,,,,,,,,,,,,,,,,,,,,,,,,,,,,,,,,,,,0,0.956692913385827,0.438484251968504,-0.0315562690614784,0.2683167855097,2032,891,0.438484251968504,891,891,-0.0315562690614784,0.2683167855097,0.438484251968504,2032,891,1,891,891,1,0.438484251968504,2032,891,0.438484251968504,2032,891,1,891,891,1,0.438484251968504,2032,891,,,,,,,,,,,0.925688976377953,0.0546259842519685,0,0.0487204724409449,0.0487204724409449,0,0,0.0487204724409449,1.87450787401575,1.83057409571845e-05,1.46445927657476e-05,9.76562500021316e-06,1.87450787401575,1.83057409571845e-05,0,0,0,0,1.87450787401575,1.83057409571845e-05,0.00196850393700787,2.03287959545034,0.0487574310041032,1.15781604196143,0.926252833569144,0.86578484910958,0.00984637309991791,19.643749015748,192.092076771654
"main_final_v003","M045_PARETO_n500","stress","main_primary","PARETO",500,500,"absolute","K2",0.25,2,999,351,0.00500000000000012,701,0.00250000000000017,2032,2032,0,0.926181102362205,0.913990346240196,0.936763523858951,0.929625984251969,0.929625984251969,0.926181102362205,0.904035433070866,0.904035433070866,0.902066929133858,0.0408464566929134,0.0408464566929134,0.0408464566929134,0.0437992125984252,0.0330713008354128,0.0503543795312099,0.0330713008354128,0.0503543795312099,0,0,0.00344488188976378,0,,"TRUNCATED_TO_FIXED_NEIGHBORHOOD",,,,,,,,,,,,,,,,,0,0,0,0,0,0,0,0,0,0,"CONDITIONAL_ON_CONTINUUM_COVERAGE_AND_ROOT_COMPONENT_PRESENT",0,0,0,0,0,0,0,0,0,,,,,,,,,,,,,,,,,,,,,,,,,,,,,,,,,,,,,,,,,,,,,,,,,,,,,,,,,,,0,0.960137795275591,0.438484251968504,-0.0315562690614784,0.2683167855097,2032,891,0.438484251968504,891,891,-0.0315562690614784,0.2683167855097,0.438484251968504,2032,891,1,891,891,1,0.438484251968504,2032,891,0.438484251968504,2032,891,1,891,891,1,0.438484251968504,2032,891,,,,,,,,,,,0.910925196850394,0.0546259842519685,0,0.0487204724409449,0.0487204724409449,0,0,0.0487204724409449,1.88976377952756,1.84547244094489e-05,1.05455568053993e-05,9.76562500021316e-06,1.88976377952756,1.84547244094489e-05,0,0,0,0,1.88976377952756,1.84547244094489e-05,0.00344488188976378,2.0552595446189,0.0848829263421433,1.61938361220472,0.925362064116985,0.724342032494094,0.0167899250827645,19.643749015748,192.092076771654
"main_final_v003","M045_PARETO_n500","stress","main_primary","PARETO",500,500,"absolute","K3",0.25,2.5,999,451,0.00500000000000034,901,0.00250000000000039,2032,2032,0,0.906988188976378,0.89358018095211,0.918860293149501,0.90994094488189,0.90994094488189,0.906988188976378,0.904035433070866,0.904035433070866,0.902066929133858,0.0383858267716535,0.0383858267716535,0.0383858267716535,0.0437992125984252,0.0308658374629594,0.0476478690578253,0.0308658374629594,0.0476478690578253,0,0,0.000984251968503937,0,,"TRUNCATED_TO_FIXED_NEIGHBORHOOD",,,,,,,,,,,,,,,,,0,0,0,0,0,0,0,0,0,0,"CONDITIONAL_ON_CONTINUUM_COVERAGE_AND_ROOT_COMPONENT_PRESENT",0,0,0,0,0,0,0,0,0,,,,,,,,,,,,,,,,,,,,,,,,,,,,,,,,,,,,,,,,,,,,,,,,,,,,,,,,,,,0,0.96259842519685,0.438484251968504,-0.0315562690614784,0.2683167855097,2032,891,0.438484251968504,891,891,-0.0315562690614784,0.2683167855097,0.438484251968504,2032,891,1,891,891,1,0.438484251968504,2032,891,0.438484251968504,2032,891,1,891,891,1,0.438484251968504,2032,891,,,,,,,,,,,0.887303149606299,0.0546259842519685,0,0.0447834645669291,0.0447834645669291,0,0,0.0447834645669291,1.48917322834646,1.4542707308071e-05,6.46342547025379e-06,9.76562500021316e-06,1.48917322834646,1.4542707308071e-05,0,0,0,0,1.48917322834646,1.4542707308071e-05,0.00295275590551181,2.07256139394936,0.146574714949683,2.04448427695928,0.908659678648567,0.550309004547351,0.0283446074009355,19.643749015748,192.092076771654
"main_final_v003","M046_PARETO_n1000","stress","main_primary","PARETO",1000,1000,"absolute","K1",0.25,1.5,999,251,0.00500000000000012,501,0.00250000000000017,2032,2032,0,0.940944881889764,0.929839415162014,0.950386298012162,0.943897637795276,0.943897637795276,0.940944881889764,0.911909448818898,0.911909448818898,0.908956692913386,0.0482283464566929,0.0482283464566929,0.0482283464566929,0.0482283464566929,0.0397351852340803,0.0584264166700565,0.0397351852340803,0.0584264166700565,0,0,0.00196850393700787,0,,"TRUNCATED_TO_FIXED_NEIGHBORHOOD",,,,,,,,,,,,,,,,,0,0,0,0,0,0,0,0,0,0,"CONDITIONAL_ON_CONTINUUM_COVERAGE_AND_ROOT_COMPONENT_PRESENT",0,0,0,0,0,0,0,0,0,,,,,,,,,,,,,,,,,,,,,,,,,,,,,,,,,,,,,,,,,,,,,,,,,,,,,,,,,,,0,0.952263779527559,0.576771653543307,-0.0190530602361765,0.25794697708019,2032,1172,0.576771653543307,1172,1172,-0.0190530602361765,0.25794697708019,0.576771653543307,2032,1172,1,1172,1172,1,0.576771653543307,2032,1172,0.576771653543307,2032,1172,1,1172,1172,1,0.576771653543307,2032,1172,,,,,,,,,,,0.932086614173228,0.0511811023622047,0,0.0536417322834646,0.0536417322834646,0,0,0.0536417322834646,2.00393700787402,1.95696973425196e-05,1.56557578740156e-05,9.76562500021316e-06,2.00393700787402,1.95696973425196e-05,0,0,0,0,2.00393700787402,1.95696973425196e-05,0.00295275590551181,2.04383449888339,0.0350640687070919,1.13217508150837,0.905740065206693,0.863214339044054,0.005972594102401,24.0870334645669,250.704625984252
"main_final_v003","M046_PARETO_n1000","stress","main_primary","PARETO",1000,1000,"absolute","K2",0.25,2,999,351,0.00500000000000012,701,0.00250000000000017,2032,2032,0,0.930610236220472,0.918729406732016,0.94086601628964,0.93257874015748,0.93257874015748,0.930610236220472,0.911909448818898,0.911909448818898,0.908956692913386,0.046751968503937,0.046751968503937,0.046751968503937,0.0482283464566929,0.0383972094766492,0.0568172081199848,0.0383972094766492,0.0568172081199848,0,0,0,0,,"TRUNCATED_TO_FIXED_NEIGHBORHOOD",,,,,,,,,,,,,,,,,0,0,0,0,0,0,0,0,0,0,"CONDITIONAL_ON_CONTINUUM_COVERAGE_AND_ROOT_COMPONENT_PRESENT",0,0,0,0,0,0,0,0,0,,,,,,,,,,,,,,,,,,,,,,,,,,,,,,,,,,,,,,,,,,,,,,,,,,,,,,,,,,,0,0.954232283464567,0.576771653543307,-0.0190530602361765,0.25794697708019,2032,1172,0.576771653543307,1172,1172,-0.0190530602361765,0.25794697708019,0.576771653543307,2032,1172,1,1172,1172,1,0.576771653543307,2032,1172,0.576771653543307,2032,1172,1,1172,1172,1,0.576771653543307,2032,1172,,,,,,,,,,,0.915354330708661,0.0511811023622047,0,0.0649606299212598,0.0649606299212598,0,0,0.0649606299212598,2.04773622047244,1.99974240280501e-05,1.14270994446001e-05,9.76562500021316e-06,2.04773622047244,1.99974240280501e-05,0,0,0,0,2.04773622047244,1.99974240280501e-05,0.00196850393700787,2.0710751276681,0.0621369723089381,1.55624416080985,0.889282377605631,0.713110326377979,0.0109197093487031,24.0870334645669,250.704625984252
"main_final_v003","M046_PARETO_n1000","stress","main_primary","PARETO",1000,1000,"absolute","K3",0.25,2.5,999,451,0.00500000000000034,901,0.00250000000000039,2032,2032,0,0.913877952755906,0.90088554801644,0.925308452853518,0.914370078740158,0.914370078740158,0.913877952755906,0.911909448818898,0.911909448818898,0.908956692913386,0.0418307086614173,0.0418307086614173,0.0418307086614173,0.0482283464566929,0.0339558620335285,0.0514346078714295,0.0339558620335285,0.0514346078714295,0.000984251968503937,0.000984251968503937,0,0,,"TRUNCATED_TO_FIXED_NEIGHBORHOOD",,,,,,,,,,,,,,,,,0,0,0,0,0,0,0,0,0,0,"CONDITIONAL_ON_CONTINUUM_COVERAGE_AND_ROOT_COMPONENT_PRESENT",0,0,0,0,0,0,0,0,0,,,,,,,,,,,,,,,,,,,,,,,,,,,,,,,,,,,,,,,,,,,,,,,,,,,,,,,,,,,0.000984251968503937,0.958169291338583,0.576771653543307,-0.0190530602361765,0.25794697708019,2032,1172,0.576771653543307,1172,1172,-0.0190530602361765,0.25794697708019,0.576771653543307,2032,1172,1,1172,1172,1,0.576771653543307,2032,1172,0.576771653543307,2032,1172,1,1172,1172,1,0.576771653543307,2032,1172,,,,,,,,,,,0.894192913385827,0.0511811023622047,0,0.0674212598425197,0.0674212598425197,0,0,0.0674212598425197,2.02066929133858,1.97330985482277e-05,8.77026602143452e-06,9.76562500021316e-06,2.02066929133858,1.97330985482277e-05,0,0,0,0,2.02066929133858,1.97330985482277e-05,0.000492125984251968,2.09207448393067,0.11124101629503,1.88615777443713,0.83829234419428,0.523373810273115,0.0197360509729526,24.0870334645669,250.704625984252
"main_final_v003","M036_RARE_CROSSING_P01_n100","stress","main_primary","RARE_CROSSING_P01",100,100,"absolute","K1",0.25,1.5,999,251,0.00500000000000012,501,0.00250000000000017,2032,2032,0,0.601377952755906,0.579917611409556,0.622455711038971,0.601377952755906,0.601377952755906,0.601377952755906,0.601377952755906,0.601377952755906,0.601377952755906,0.25492125984252,0.25492125984252,0.25492125984252,0.255413385826772,0.236446764332477,0.274320640622055,0.236446764332477,0.274320640622055,0,0,0.235728346456693,0,,"TRUNCATED_TO_FIXED_NEIGHBORHOOD",,,,,,,,,,,,,,,,,0,0,0,0,0,0,0,0,0,0,"CONDITIONAL_ON_CONTINUUM_COVERAGE_AND_ROOT_COMPONENT_PRESENT",0,0,0,0,0,0,0,0,0,,,,,,,,,,,,,,,,,,,,,,,,,,,,,,,,,,,,,,,,,,,,,,,,,,,,,,,,,,,0,0.747047244094488,0.323326771653543,-0.054903454880616,0.258724840813279,2032,657,0.323326771653543,657,657,-0.054903454880616,0.258724840813279,0.323326771653543,2032,657,1,657,657,1,0.323326771653543,2032,657,0.323326771653543,2032,657,1,657,657,1,0.323326771653543,2032,657,,,,,,,,,,,0.609251968503937,0.277066929133858,0,0.0137795275590551,0.0137795275590551,0,0,0.0137795275590551,1.08612204724409,1.06066606176182e-05,8.48532849409453e-06,9.76562500021316e-06,1.08612204724409,1.06066606176182e-05,0,0,0,0,1.08612204724409,1.06066606176182e-05,0,1.90951922018201,1.03806536562284,0.935800468865342,0.748640375092274,0.411712783508543,0.218588806866835,11.0921899606299,153.827854330709
"main_final_v003","M036_RARE_CROSSING_P01_n100","stress","main_primary","RARE_CROSSING_P01",100,100,"absolute","K2",0.25,2,999,351,0.00500000000000012,701,0.00250000000000017,2032,2032,0,0.602362204724409,0.580908886475823,0.62342922551104,0.602362204724409,0.602362204724409,0.602362204724409,0.601377952755906,0.601377952755906,0.601377952755906,0.253937007874016,0.253937007874016,0.253937007874016,0.255413385826772,0.23548842322831,0.273314192187887,0.23548842322831,0.273314192187887,0,0,0.226870078740157,0,,"TRUNCATED_TO_FIXED_NEIGHBORHOOD",,,,,,,,,,,,,,,,,0,0,0,0,0,0,0,0,0,0,"CONDITIONAL_ON_CONTINUUM_COVERAGE_AND_ROOT_COMPONENT_PRESENT",0,0,0,0,0,0,0,0,0,,,,,,,,,,,,,,,,,,,,,,,,,,,,,,,,,,,,,,,,,,,,,,,,,,,,,,,,,,,0,0.749507874015748,0.323326771653543,-0.054903454880616,0.258724840813279,2032,657,0.323326771653543,657,657,-0.054903454880616,0.258724840813279,0.323326771653543,2032,657,1,657,657,1,0.323326771653543,2032,657,0.323326771653543,2032,657,1,657,657,1,0.323326771653543,2032,657,,,,,,,,,,,0.609251968503937,0.281496062992126,0,0.015748031496063,0.015748031496063,0,0,0.015748031496063,1.53494094488189,1.49896576648626e-05,8.56551866563575e-06,9.76562500021316e-06,1.53494094488189,1.49896576648626e-05,0,0,0,0,1.53494094488189,1.49896576648626e-05,0,1.9136717094054,3.9505260897912,1.31512448768916,0.751499707250949,0.385142130605333,0.370052376354482,11.0921899606299,153.827854330709
"main_final_v003","M036_RARE_CROSSING_P01_n100","stress","main_primary","RARE_CROSSING_P01",100,100,"absolute","K3",0.25,2.5,999,451,0.00500000000000034,901,0.00250000000000039,2032,2032,0,0.602854330708661,0.58140455758868,0.62391594916735,0.602854330708661,0.602854330708661,0.602854330708661,0.601377952755906,0.601377952755906,0.601377952755906,0.253444881889764,0.253444881889764,0.253444881889764,0.255413385826772,0.235009300354316,0.272810920292713,0.235009300354316,0.272810920292713,0,0,0.22244094488189,0,,"TRUNCATED_TO_FIXED_NEIGHBORHOOD",,,,,,,,,,,,,,,,,0,0,0,0,0,0,0,0,0,0,"CONDITIONAL_ON_CONTINUUM_COVERAGE_AND_ROOT_COMPONENT_PRESENT",0,0,0,0,0,0,0,0,0,,,,,,,,,,,,,,,,,,,,,,,,,,,,,,,,,,,,,,,,,,,,,,,,,,,,,,,,,,,0,0.750492125984252,0.323326771653543,-0.054903454880616,0.258724840813279,2032,657,0.323326771653543,657,657,-0.054903454880616,0.258724840813279,0.323326771653543,2032,657,1,657,657,1,0.323326771653543,2032,657,0.323326771653543,2032,657,1,657,657,1,0.323326771653543,2032,657,,,,,,,,,,,0.609251968503937,0.285433070866142,0,0.0182086614173228,0.0182086614173228,0,0,0.0182086614173228,2.97933070866142,2.90950264517713e-05,1.29311228674539e-05,9.76562500021316e-06,2.97933070866142,2.90950264517713e-05,0,0,0,0,2.97933070866142,2.90950264517713e-05,0,1.9162534874368,15.3853343762816,1.69560980368787,0.753604357194608,0.378191180440738,0.453953405596053,11.0921899606299,153.827854330709
"main_final_v003","M047_RARE_CROSSING_P01_nx100_ny400","stress","main_primary","RARE_CROSSING_P01",100,400,"absolute","K1",0.25,1.5,999,251,0.00500000000000012,501,0.00250000000000017,2032,2032,0,0.883858267716535,0.869197614029853,0.897070305920881,0.883858267716535,0.883858267716535,0.883858267716535,0.84990157480315,0.84990157480315,0.84990157480315,0.0442913385826772,0.0442913385826772,0.0442913385826772,0.0442913385826772,0.0361728163151656,0.0541296274356303,0.0361728163151656,0.0541296274356303,0,0,0.0137795275590551,0,,"TRUNCATED_TO_FIXED_NEIGHBORHOOD",,,,,,,,,,,,,,,,,0,0,0,0,0,0,0,0,0,0,"CONDITIONAL_ON_CONTINUUM_COVERAGE_AND_ROOT_COMPONENT_PRESENT",0,0,0,0,0,0,0,0,0,,,,,,,,,,,,,,,,,,,,,,,,,,,,,,,,,,,,,,,,,,,,,,,,,,,,,,,,,,,0,0.955708661417323,0.527066929133858,-0.0034645769789648,0.262965356948773,2032,1071,0.527066929133858,1071,1071,-0.0034645769789648,0.262965356948773,0.527066929133858,2032,1071,1,1071,1071,1,0.527066929133858,2032,1071,0.527066929133858,2032,1071,1,1071,1071,1,0.527066929133858,2032,1071,,,,,,,,,,,0.861220472440945,0.0580708661417323,0,0.0132874015748032,0.0132874015748032,0,0,0.0132874015748032,0.339566929133858,3.31608329232266e-06,2.65286663385813e-06,9.76562500010214e-06,0.339566929133858,3.31608329232266e-06,0,0,0,0,0.339566929133858,3.31608329232266e-06,0,2.08252539028754,0.712630553363222,1.17182541253999,0.937460330031988,0.0872543339912268,0.106824118757167,12.3760703740157,162.375196850394
"main_final_v003","M047_RARE_CROSSING_P01_nx100_ny400","stress","main_primary","RARE_CROSSING_P01",100,400,"absolute","K2",0.25,2,999,351,0.00500000000000012,701,0.00250000000000017,2032,2032,0,0.856791338582677,0.840887294735248,0.871348912911267,0.856791338582677,0.856791338582677,0.856791338582677,0.84990157480315,0.84990157480315,0.84990157480315,0.0437992125984252,0.0437992125984252,0.0437992125984252,0.0442913385826772,0.0357288115032397,0.0535912374783887,0.0357288115032397,0.0535912374783887,0,0,0.0132874015748032,0,,"TRUNCATED_TO_FIXED_NEIGHBORHOOD",,,,,,,,,,,,,,,,,0,0,0,0,0,0,0,0,0,0,"CONDITIONAL_ON_CONTINUUM_COVERAGE_AND_ROOT_COMPONENT_PRESENT",0,0,0,0,0,0,0,0,0,,,,,,,,,,,,,,,,,,,,,,,,,,,,,,,,,,,,,,,,,,,,,,,,,,,,,,,,,,,0,0.956200787401575,0.527066929133858,-0.0034645769789648,0.262965356948773,2032,1071,0.527066929133858,1071,1071,-0.0034645769789648,0.262965356948773,0.527066929133858,2032,1071,1,1071,1071,1,0.527066929133858,2032,1071,0.527066929133858,2032,1071,1,1071,1071,1,0.527066929133858,2032,1071,,,,,,,,,,,0.83759842519685,0.0590551181102362,0,0.0177165354330709,0.0177165354330709,0,0,0.0177165354330709,0.364665354330709,3.56118510088592e-06,2.03496291479195e-06,9.76562500021316e-06,0.364665354330709,3.56118510088592e-06,0,0,0,0,0.364665354330709,3.56118510088592e-06,0,2.10212914361987,2.69402261264027,1.63564578559455,0.934654734625457,0.0372831278075242,0.217674966259389,12.3760703740157,162.375196850394
"main_final_v003","M047_RARE_CROSSING_P01_nx100_ny400","stress","main_primary","RARE_CROSSING_P01",100,400,"absolute","K3",0.25,2.5,999,451,0.00500000000000034,901,0.00250000000000039,2032,2032,0,0.851870078740158,0.835761203432974,0.866651056521865,0.851870078740158,0.851870078740158,0.851870078740158,0.84990157480315,0.84990157480315,0.84990157480315,0.0433070866141732,0.0433070866141732,0.0433070866141732,0.0442913385826772,0.0352851087291446,0.0530525454833161,0.0352851087291446,0.0530525454833161,0,0,0.0132874015748032,0,,"TRUNCATED_TO_FIXED_NEIGHBORHOOD",,,,,,,,,,,,,,,,,0,0,0,0,0,0,0,0,0,0,"CONDITIONAL_ON_CONTINUUM_COVERAGE_AND_ROOT_COMPONENT_PRESENT",0,0,0,0,0,0,0,0,0,,,,,,,,,,,,,,,,,,,,,,,,,,,,,,,,,,,,,,,,,,,,,,,,,,,,,,,,,,,0,0.957185039370079,0.527066929133858,-0.0034645769789648,0.262965356948773,2032,1071,0.527066929133858,1071,1071,-0.0034645769789648,0.262965356948773,0.527066929133858,2032,1071,1,1071,1071,1,0.527066929133858,2032,1071,0.527066929133858,2032,1071,1,1071,1071,1,0.527066929133858,2032,1071,,,,,,,,,,,0.830708661417323,0.0590551181102362,0,0.0187007874015748,0.0187007874015748,0,0,0.0187007874015748,0.443405511811024,4.33013195128034e-06,1.92450308945793e-06,9.76562500021316e-06,0.443405511811024,4.33013195128034e-06,0,0,0,0,0.443405511811024,4.33013195128034e-06,0,2.11197225304697,10.6269726208703,2.06948636753353,0.919771718903789,0.0295985986336356,0.307996999327042,12.3760703740157,162.375196850394
"main_final_v003","M037_RARE_CROSSING_P01_n250","stress","main_primary","RARE_CROSSING_P01",250,250,"absolute","K1",0.25,1.5,999,251,0.00500000000000012,501,0.00250000000000017,2032,2032,0,0.892716535433071,0.878512008780238,0.905439017015512,0.892716535433071,0.892716535433071,0.892716535433071,0.871555118110236,0.871555118110236,0.871555118110236,0.093011811023622,0.093011811023622,0.093011811023622,0.093011811023622,0.0811397068504994,0.10641981904789,0.0811397068504994,0.10641981904789,0,0,0.0718503937007874,0,,"TRUNCATED_TO_FIXED_NEIGHBORHOOD",,,,,,,,,,,,,,,,,0,0,0,0,0,0,0,0,0,0,"CONDITIONAL_ON_CONTINUUM_COVERAGE_AND_ROOT_COMPONENT_PRESENT",0,0,0,0,0,0,0,0,0,,,,,,,,,,,,,,,,,,,,,,,,,,,,,,,,,,,,,,,,,,,,,,,,,,,,,,,,,,,0,0.906988188976378,0.531003937007874,-0.0329392875963071,0.259276439684559,2032,1079,0.531003937007874,1079,1079,-0.0329392875963071,0.259276439684559,0.531003937007874,2032,1079,1,1079,1079,1,0.531003937007874,2032,1079,0.531003937007874,2032,1079,1,1079,1079,1,0.531003937007874,2032,1079,,,,,,,,,,,0.892716535433071,0.093996062992126,0,0.0137795275590551,0.0137795275590551,0,0,0.0137795275590551,0.131397637795276,1.28318005659441e-06,1.02654404527553e-06,9.76562500010214e-06,0.131397637795276,1.28318005659441e-06,0,0,0,0,0.131397637795276,1.28318005659441e-06,0,1.99208132318182,0.777690852565836,1.07168804499108,0.857350435992864,0.13586271860616,0.155415117148049,12.3468154527559,172.722982283465
"main_final_v003","M037_RARE_CROSSING_P01_n250","stress","main_primary","RARE_CROSSING_P01",250,250,"absolute","K2",0.25,2,999,351,0.00500000000000012,701,0.00250000000000017,2032,2032,0,0.884842519685039,0.870231225953711,0.898001483535358,0.884842519685039,0.884842519685039,0.884842519685039,0.871555118110236,0.871555118110236,0.871555118110236,0.093011811023622,0.093011811023622,0.093011811023622,0.093011811023622,0.0811397068504994,0.10641981904789,0.0811397068504994,0.10641981904789,0,0,0.0718503937007874,0,,"TRUNCATED_TO_FIXED_NEIGHBORHOOD",,,,,,,,,,,,,,,,,0,0,0,0,0,0,0,0,0,0,"CONDITIONAL_ON_CONTINUUM_COVERAGE_AND_ROOT_COMPONENT_PRESENT",0,0,0,0,0,0,0,0,0,,,,,,,,,,,,,,,,,,,,,,,,,,,,,,,,,,,,,,,,,,,,,,,,,,,,,,,,,,,0,0.906988188976378,0.531003937007874,-0.0329392875963071,0.259276439684559,2032,1079,0.531003937007874,1079,1079,-0.0329392875963071,0.259276439684559,0.531003937007874,2032,1079,1,1079,1079,1,0.531003937007874,2032,1079,0.531003937007874,2032,1079,1,1079,1079,1,0.531003937007874,2032,1079,,,,,,,,,,,0.883366141732283,0.093996062992126,0,0.015748031496063,0.015748031496063,0,0,0.015748031496063,0.145669291338583,1.42255167322847e-06,8.1288667041627e-07,9.76562500021316e-06,0.145669291338583,1.42255167322847e-06,0,0,0,0,0.145669291338583,1.42255167322847e-06,0,1.99838395472961,3.07820343069905,1.52695885365404,0.872547916373735,0.0896972678451695,0.309931976377801,12.3468154527559,172.722982283465
"main_final_v003","M037_RARE_CROSSING_P01_n250","stress","main_primary","RARE_CROSSING_P01",250,250,"absolute","K3",0.25,2.5,999,451,0.00500000000000034,901,0.00250000000000039,2032,2032,0,0.872047244094488,0.856818132287795,0.885872313202915,0.872047244094488,0.872047244094488,0.872047244094488,0.871555118110236,0.871555118110236,0.871555118110236,0.093011811023622,0.093011811023622,0.093011811023622,0.093011811023622,0.0811397068504994,0.10641981904789,0.0811397068504994,0.10641981904789,0,0,0.0718503937007874,0,,"TRUNCATED_TO_FIXED_NEIGHBORHOOD",,,,,,,,,,,,,,,,,0,0,0,0,0,0,0,0,0,0,"CONDITIONAL_ON_CONTINUUM_COVERAGE_AND_ROOT_COMPONENT_PRESENT",0,0,0,0,0,0,0,0,0,,,,,,,,,,,,,,,,,,,,,,,,,,,,,,,,,,,,,,,,,,,,,,,,,,,,,,,,,,,0,0.906988188976378,0.531003937007874,-0.0329392875963071,0.259276439684559,2032,1079,0.531003937007874,1079,1079,-0.0329392875963071,0.259276439684559,0.531003937007874,2032,1079,1,1079,1079,1,0.531003937007874,2032,1079,0.531003937007874,2032,1079,1,1079,1079,1,0.531003937007874,2032,1079,,,,,,,,,,,0.869586614173228,0.093996062992126,0,0.0172244094488189,0.0172244094488189,0,0,0.0172244094488189,0.172244094488189,1.68207123523578e-06,7.47587215660348e-07,9.76562500021316e-06,0.172244094488189,1.68207123523578e-06,0,0,0,0,0.172244094488189,1.68207123523578e-06,0,2.00179451731385,12.2996488972867,1.97362003837045,0.877164461497977,0.0821322250267629,0.428641957864643,12.3468154527559,172.722982283465
"main_final_v003","M048_RARE_CROSSING_P01_nx400_ny100","stress","main_primary","RARE_CROSSING_P01",400,100,"absolute","K1",0.25,1.5,999,251,0.00500000000000012,501,0.00250000000000017,2032,2032,0,0.639271653543307,0.618147460603901,0.659870259070532,0.639271653543307,0.639271653543307,0.639271653543307,0.639271653543307,0.639271653543307,0.639271653543307,0.360236220472441,0.360236220472441,0.360236220472441,0.360236220472441,0.339644743074438,0.381355142481962,0.339644743074438,0.381355142481962,0,0,0.359744094488189,0,,"TRUNCATED_TO_FIXED_NEIGHBORHOOD",,,,,,,,,,,,,,,,,0,0,0,0,0,0,0,0,0,0,"CONDITIONAL_ON_CONTINUUM_COVERAGE_AND_ROOT_COMPONENT_PRESENT",0,0,0,0,0,0,0,0,0,,,,,,,,,,,,,,,,,,,,,,,,,,,,,,,,,,,,,,,,,,,,,,,,,,,,,,,,,,,0,0.639763779527559,0.389271653543307,-0.0272105365199231,0.219586003496912,2032,791,0.389271653543307,791,791,-0.0272105365199231,0.219586003496912,0.389271653543307,2032,791,1,791,791,1,0.389271653543307,2032,791,0.389271653543307,2032,791,1,791,791,1,0.389271653543307,2032,791,,,,,,,,,,,0.638779527559055,0.360728346456693,0,0.000984251968503937,0.000984251968503937,0,0,0.000984251968503937,0.00246062992125984,2.40295890748086e-08,1.92236712598469e-08,9.76562500004663e-06,0.00246062992125984,2.40295890748086e-08,0,0,0,0,0.00246062992125984,2.40295890748086e-08,0,1.8302638429263,0.913928622466136,0.798045053557148,0.638436042845719,0.398226409844427,0.223455442370663,10.7388351377953,173.044734251969
"main_final_v003","M048_RARE_CROSSING_P01_nx400_ny100","stress","main_primary","RARE_CROSSING_P01",400,100,"absolute","K2",0.25,2,999,351,0.00500000000000012,701,0.00250000000000017,2032,2032,0,0.639271653543307,0.618147460603901,0.659870259070532,0.639271653543307,0.639271653543307,0.639271653543307,0.639271653543307,0.639271653543307,0.639271653543307,0.360236220472441,0.360236220472441,0.360236220472441,0.360236220472441,0.339644743074438,0.381355142481962,0.339644743074438,0.381355142481962,0,0,0.359744094488189,0,,"TRUNCATED_TO_FIXED_NEIGHBORHOOD",,,,,,,,,,,,,,,,,0,0,0,0,0,0,0,0,0,0,"CONDITIONAL_ON_CONTINUUM_COVERAGE_AND_ROOT_COMPONENT_PRESENT",0,0,0,0,0,0,0,0,0,,,,,,,,,,,,,,,,,,,,,,,,,,,,,,,,,,,,,,,,,,,,,,,,,,,,,,,,,,,0,0.639763779527559,0.389271653543307,-0.0272105365199231,0.219586003496912,2032,791,0.389271653543307,791,791,-0.0272105365199231,0.219586003496912,0.389271653543307,2032,791,1,791,791,1,0.389271653543307,2032,791,0.389271653543307,2032,791,1,791,791,1,0.389271653543307,2032,791,,,,,,,,,,,0.638779527559055,0.360728346456693,0,0.000492125984251968,0.000492125984251968,0,0,0.000492125984251968,0.000984251968503937,9.61183562993984e-09,5.49247750282276e-09,9.76562500004663e-06,0.000984251968503937,9.61183562993984e-09,0,0,0,0,0.000984251968503937,9.61183562993984e-09,0,1.83700987599322,3.59068279596035,1.11684671236774,0.638198121352995,0.370922753970333,0.37976108713766,10.7388351377953,173.044734251969
"main_final_v003","M048_RARE_CROSSING_P01_nx400_ny100","stress","main_primary","RARE_CROSSING_P01",400,100,"absolute","K3",0.25,2.5,999,451,0.00500000000000034,901,0.00250000000000039,2032,2032,0,0.639271653543307,0.618147460603901,0.659870259070532,0.639271653543307,0.639271653543307,0.639271653543307,0.639271653543307,0.639271653543307,0.639271653543307,0.360236220472441,0.360236220472441,0.360236220472441,0.360236220472441,0.339644743074438,0.381355142481962,0.339644743074438,0.381355142481962,0,0,0.359744094488189,0,,"TRUNCATED_TO_FIXED_NEIGHBORHOOD",,,,,,,,,,,,,,,,,0,0,0,0,0,0,0,0,0,0,"CONDITIONAL_ON_CONTINUUM_COVERAGE_AND_ROOT_COMPONENT_PRESENT",0,0,0,0,0,0,0,0,0,,,,,,,,,,,,,,,,,,,,,,,,,,,,,,,,,,,,,,,,,,,,,,,,,,,,,,,,,,,0,0.639763779527559,0.389271653543307,-0.0272105365199231,0.219586003496912,2032,791,0.389271653543307,791,791,-0.0272105365199231,0.219586003496912,0.389271653543307,2032,791,1,791,791,1,0.389271653543307,2032,791,0.389271653543307,2032,791,1,791,791,1,0.389271653543307,2032,791,,,,,,,,,,,0.638779527559055,0.360728346456693,0,0.000492125984251968,0.000492125984251968,0,0,0.000492125984251968,0.000984251968503937,9.61183562993984e-09,4.27192694663993e-09,9.76562500004663e-06,0.000984251968503937,9.61183562993984e-09,0,0,0,0,0.000984251968503937,9.61183562993984e-09,0,1.84167061890093,14.2092802414432,1.43459646630475,0.637598429468777,0.363928563531327,0.466972493643288,10.7388351377953,173.044734251969
"main_final_v003","M038_RARE_CROSSING_P01_n500","stress","main_primary","RARE_CROSSING_P01",500,500,"absolute","K1",0.25,1.5,999,251,0.00500000000000012,501,0.00250000000000017,2032,2032,0,0.910433070866142,0.897230117452113,0.922087120033671,0.910433070866142,0.910433070866142,0.910433070866142,0.891732283464567,0.891732283464567,0.891732283464567,0.0649606299212598,0.0649606299212598,0.0649606299212598,0.0649606299212598,0.0550443595063453,0.0765186645494902,0.0550443595063453,0.0765186645494902,0,0,0.0118110236220472,0,,"TRUNCATED_TO_FIXED_NEIGHBORHOOD",,,,,,,,,,,,,,,,,0,0,0,0,0,0,0,0,0,0,"CONDITIONAL_ON_CONTINUUM_COVERAGE_AND_ROOT_COMPONENT_PRESENT",0,0,0,0,0,0,0,0,0,,,,,,,,,,,,,,,,,,,,,,,,,,,,,,,,,,,,,,,,,,,,,,,,,,,,,,,,,,,0,0.935531496062992,0.700295275590551,-0.0263840325607823,0.2492157016412,2032,1423,0.700295275590551,1423,1423,-0.0263840325607823,0.2492157016412,0.700295275590551,2032,1423,1,1423,1423,1,0.700295275590551,2032,1423,0.700295275590551,2032,1423,1,1423,1423,1,0.700295275590551,2032,1423,,,,,,,,,,,0.898129921259842,0.0698818897637795,0,0.0132874015748032,0.0132874015748032,0,0,0.0132874015748032,0.0905511811023622,8.84288877952744e-07,7.07431102362195e-07,9.76562500021316e-06,0.0905511811023622,8.84288877952744e-07,0,0,0,0,0.0905511811023622,8.84288877952744e-07,0,2.08132135450357,0.593858018980301,1.08111554964321,0.864892439714567,0.0756764920180536,0.086578920504565,13.7250546259843,178.06313976378
"main_final_v003","M038_RARE_CROSSING_P01_n500","stress","main_primary","RARE_CROSSING_P01",500,500,"absolute","K2",0.25,2,999,351,0.00500000000000012,701,0.00250000000000017,2032,2032,0,0.897637795275591,0.883698833896334,0.910076139591092,0.897637795275591,0.897637795275591,0.897637795275591,0.891732283464567,0.891732283464567,0.891732283464567,0.0644685039370079,0.0644685039370079,0.0644685039370079,0.0649606299212598,0.0545908026050166,0.0759898266816512,0.0545908026050166,0.0759898266816512,0,0,0.00738188976377953,0,,"TRUNCATED_TO_FIXED_NEIGHBORHOOD",,,,,,,,,,,,,,,,,0,0,0,0,0,0,0,0,0,0,"CONDITIONAL_ON_CONTINUUM_COVERAGE_AND_ROOT_COMPONENT_PRESENT",0,0,0,0,0,0,0,0,0,,,,,,,,,,,,,,,,,,,,,,,,,,,,,,,,,,,,,,,,,,,,,,,,,,,,,,,,,,,0,0.935531496062992,0.700295275590551,-0.0263840325607823,0.2492157016412,2032,1423,0.700295275590551,1423,1423,-0.0263840325607823,0.2492157016412,0.700295275590551,2032,1423,1,1423,1423,1,0.700295275590551,2032,1423,0.700295275590551,2032,1423,1,1423,1423,1,0.700295275590551,2032,1423,,,,,,,,,,,0.883366141732283,0.0698818897637795,0,0.0231299212598425,0.0231299212598425,0,0,0.0231299212598425,0.135334645669291,1.32162739911447e-06,7.55215656636842e-07,9.76562500021316e-06,0.135334645669291,1.32162739911447e-06,0,0,0,0,0.135334645669291,1.32162739911447e-06,0,2.10009123061027,2.38247797492493,1.52556357556441,0.871750614608233,0.0267774632540352,0.174062451652658,13.7250546259843,178.06313976378
"main_final_v003","M038_RARE_CROSSING_P01_n500","stress","main_primary","RARE_CROSSING_P01",500,500,"absolute","K3",0.25,2.5,999,451,0.00500000000000034,901,0.00250000000000039,2032,2032,0,0.893700787401575,0.879548650965127,0.906367164368959,0.893700787401575,0.893700787401575,0.893700787401575,0.891732283464567,0.891732283464567,0.891732283464567,0.0634842519685039,0.0634842519685039,0.0634842519685039,0.0649606299212598,0.0536842176815734,0.0749316220667592,0.0536842176815734,0.0749316220667592,0.00492125984251968,0.00492125984251968,0.00738188976377953,0,,"TRUNCATED_TO_FIXED_NEIGHBORHOOD",,,,,,,,,,,,,,,,,0,0,0,0,0,0,0,0,0,0,"CONDITIONAL_ON_CONTINUUM_COVERAGE_AND_ROOT_COMPONENT_PRESENT",0,0,0,0,0,0,0,0,0,,,,,,,,,,,,,,,,,,,,,,,,,,,,,,,,,,,,,,,,,,,,,,,,,,,,,,,,,,,0.00492125984251968,0.936515748031496,0.700295275590551,-0.0263840325607823,0.2492157016412,2032,1423,0.700295275590551,1423,1423,-0.0263840325607823,0.2492157016412,0.700295275590551,2032,1423,1,1423,1423,1,0.700295275590551,2032,1423,0.700295275590551,2032,1423,1,1423,1423,1,0.700295275590551,2032,1423,,,,,,,,,,,0.876968503937008,0.0698818897637795,0,0.0250984251968504,0.0250984251968504,0,0,0.0250984251968504,0.15748031496063,1.5378937007883e-06,6.83508311461466e-07,9.76562500021316e-06,0.15748031496063,1.5378937007883e-06,0,0,0,0,0.15748031496063,1.5378937007883e-06,0,2.11010184458028,9.59640415231071,1.9019983390748,0.845332595144357,0.0191989305475041,0.243093186515394,13.7250546259843,178.06313976378
"main_final_v003","M039_RARE_CROSSING_P01_n1000","stress","main_primary","RARE_CROSSING_P01",1000,1000,"absolute","K1",0.25,1.5,999,251,0.00500000000000012,501,0.00250000000000017,2032,2032,0,0.93257874015748,0.920839717861407,0.942685284236919,0.93257874015748,0.93257874015748,0.93257874015748,0.923228346456693,0.923228346456693,0.923228346456693,0.0452755905511811,0.0452755905511811,0.0452755905511811,0.0452755905511811,0.0370617132280369,0.0552055200610943,0.0370617132280369,0.0552055200610943,0.000984251968503937,0.000984251968503937,0.00196850393700787,0,,"TRUNCATED_TO_FIXED_NEIGHBORHOOD",,,,,,,,,,,,,,,,,0,0,0,0,0,0,0,0,0,0,"CONDITIONAL_ON_CONTINUUM_COVERAGE_AND_ROOT_COMPONENT_PRESENT",0,0,0,0,0,0,0,0,0,,,,,,,,,,,,,,,,,,,,,,,,,,,,,,,,,,,,,,,,,,,,,,,,,,,,,,,,,,,0.000984251968503937,0.955708661417323,0.851870078740158,-0.0202265909060784,0.231444621689776,2032,1731,0.851870078740158,1731,1731,-0.0202265909060784,0.231444621689776,0.851870078740158,2032,1731,1,1731,1731,1,0.851870078740158,2032,1731,0.851870078740158,2032,1731,1,1731,1731,1,0.851870078740158,2032,1731,,,,,,,,,,,0.911417322834646,0.0615157480314961,0,0.0196850393700787,0.0196850393700787,0,0,0.0196850393700787,0.109251968503937,1.06691375492152e-06,8.53531003937215e-07,9.76562500021316e-06,0.109251968503937,1.06691375492152e-06,0,0,0,0,0.109251968503937,1.06691375492152e-06,0,2.11811564325891,0.431220344070817,1.01592749407911,0.812741995263287,0.0655823392718461,0.0444650872597483,16.340813976378,241.854970472441
"main_final_v003","M039_RARE_CROSSING_P01_n1000","stress","main_primary","RARE_CROSSING_P01",1000,1000,"absolute","K2",0.25,2,999,351,0.00500000000000012,701,0.00250000000000017,2032,2032,0,0.929133858267717,0.917148345306979,0.939499893407174,0.929133858267717,0.929133858267717,0.929133858267717,0.923228346456693,0.923228346456693,0.923228346456693,0.0437992125984252,0.0437992125984252,0.0437992125984252,0.0452755905511811,0.0357288115032397,0.0535912374783887,0.0357288115032397,0.0535912374783887,0.170275590551181,0.170275590551181,0,0,,"TRUNCATED_TO_FIXED_NEIGHBORHOOD",,,,,,,,,,,,,,,,,0,0,0,0,0,0,0,0,0,0,"CONDITIONAL_ON_CONTINUUM_COVERAGE_AND_ROOT_COMPONENT_PRESENT",0,0,0,0,0,0,0,0,0,,,,,,,,,,,,,,,,,,,,,,,,,,,,,,,,,,,,,,,,,,,,,,,,,,,,,,,,,,,0.170275590551181,0.957185039370079,0.851870078740158,-0.0202265909060784,0.231444621689776,2032,1731,0.851870078740158,1731,1731,-0.0202265909060784,0.231444621689776,0.851870078740158,2032,1731,1,1731,1731,1,0.851870078740158,2032,1731,0.851870078740158,2032,1731,1,1731,1731,1,0.851870078740158,2032,1731,,,,,,,,,,,0.901574803149606,0.0615157480314961,0,0.030511811023622,0.030511811023622,0,0,0.030511811023622,0.168307086614173,1.64362389271693e-06,9.392136529811e-07,9.76562500021316e-06,0.168307086614173,1.64362389271693e-06,0,0,0,0,0.168307086614173,1.64362389271693e-06,0,2.14640521757495,1.73890471128901,1.3499733463798,0.771413340788456,0.0192745254487012,0.0876477334771481,16.340813976378,241.854970472441
"main_final_v003","M039_RARE_CROSSING_P01_n1000","stress","main_primary","RARE_CROSSING_P01",1000,1000,"absolute","K3",0.25,2.5,999,451,0.00500000000000034,901,0.00250000000000039,2032,2032,0,0.927657480314961,0.915568671403064,0.938132383003587,0.927657480314961,0.927657480314961,0.927657480314961,0.923228346456693,0.923228346456693,0.923228346456693,0.0428149606299213,0.0428149606299213,0.0428149606299213,0.0452755905511811,0.0348417128633989,0.0525135465798943,0.0348417128633989,0.0525135465798943,0.405511811023622,0.405511811023622,0,0,,"TRUNCATED_TO_FIXED_NEIGHBORHOOD",,,,,,,,,,,,,,,,,0,0,0,0,0,0,0,0,0,0,"CONDITIONAL_ON_CONTINUUM_COVERAGE_AND_ROOT_COMPONENT_PRESENT",0,0,0,0,0,0,0,0,0,,,,,,,,,,,,,,,,,,,,,,,,,,,,,,,,,,,,,,,,,,,,,,,,,,,,,,,,,,,0.405511811023622,0.958169291338583,0.851870078740158,-0.0202265909060784,0.231444621689776,2032,1731,0.851870078740158,1731,1731,-0.0202265909060784,0.231444621689776,0.851870078740158,2032,1731,1,1731,1731,1,0.851870078740158,2032,1731,0.851870078740158,2032,1731,1,1731,1731,1,0.851870078740158,2032,1731,,,,,,,,,,,0.896653543307087,0.0615157480314961,0,0.0393700787401575,0.0393700787401575,0,0,0.0393700787401575,0.193405511811024,1.88872570128038e-06,8.39433645013501e-07,9.76562500021316e-06,0.193405511811024,1.88872570128038e-06,0,0,0,0,0.193405511811024,1.88872570128038e-06,0,2.16246748208901,7.02705369836103,1.52292511707216,0.676855607587626,0.0119278564174438,0.119122303268733,16.340813976378,241.854970472441
"main_final_v003","M019_RARE_CROSSING_P05_n100","power","main_primary","RARE_CROSSING_P05",100,100,"absolute","K1",0.25,1.5,999,251,0.00500000000000012,501,0.00250000000000017,2032,2032,0,0.901082677165354,0.887335159466343,0.913316577405257,0.901082677165354,0.901082677165354,0.901082677165354,0.885826771653543,0.885826771653543,0.885826771653543,0.0703740157480315,0.0703740157480315,0.0703740157480315,0.0703740157480315,0.0600445761572877,0.0823247903593914,0.0600445761572877,0.0823247903593914,0,0,0.0108267716535433,0,,"TRUNCATED_TO_FIXED_NEIGHBORHOOD",,,,,,,,,,,,,,,,,0,0,0,0,0,0,0,0,0,0,"CONDITIONAL_ON_CONTINUUM_COVERAGE_AND_ROOT_COMPONENT_PRESENT",0,0,0,0,0,0,0,0,0,,,,,,,,,,,,,,,,,,,,,,,,,,,,,,,,,,,,,,,,,,,,,,,,,,,,,,,,,,,0,0.929625984251969,0.711122047244094,-0.0135949079833992,0.252906620077648,2032,1445,0.711122047244094,1445,1445,-0.0135949079833992,0.252906620077648,0.711122047244094,2032,1445,1,1445,1445,1,0.711122047244094,2032,1445,0.711122047244094,2032,1445,1,1445,1445,1,0.711122047244094,2032,1445,,,,,,,,,,,0.893208661417323,0.0728346456692913,0,0.0123031496062992,0.0123031496062992,0,0,0.0123031496062992,0.0625,6.10351562499855e-07,4.88281249999884e-07,9.76562500021316e-06,0.0625,6.10351562499855e-07,0,0,0,0,0.0625,6.10351562499855e-07,0,2.07089817119454,2.83919720085726,1.05021714578463,0.840173716627707,0.0878388154186271,0.187964186263981,10.4913312007874,154.920718503937
"main_final_v003","M019_RARE_CROSSING_P05_n100","power","main_primary","RARE_CROSSING_P05",100,100,"absolute","K2",0.25,2,999,351,0.00500000000000012,701,0.00250000000000017,2032,2032,0,0.890748031496063,0.876439778227987,0.903581668491093,0.890748031496063,0.890748031496063,0.890748031496063,0.885826771653543,0.885826771653543,0.885826771653543,0.0703740157480315,0.0703740157480315,0.0703740157480315,0.0703740157480315,0.0600445761572877,0.0823247903593914,0.0600445761572877,0.0823247903593914,0,0,0.00393700787401575,0,,"TRUNCATED_TO_FIXED_NEIGHBORHOOD",,,,,,,,,,,,,,,,,0,0,0,0,0,0,0,0,0,0,"CONDITIONAL_ON_CONTINUUM_COVERAGE_AND_ROOT_COMPONENT_PRESENT",0,0,0,0,0,0,0,0,0,,,,,,,,,,,,,,,,,,,,,,,,,,,,,,,,,,,,,,,,,,,,,,,,,,,,,,,,,,,0,0.929625984251969,0.711122047244094,-0.0135949079833992,0.252906620077648,2032,1445,0.711122047244094,1445,1445,-0.0135949079833992,0.252906620077648,0.711122047244094,2032,1445,1,1445,1445,1,0.711122047244094,2032,1445,0.711122047244094,2032,1445,1,1445,1445,1,0.711122047244094,2032,1445,,,,,,,,,,,0.88238188976378,0.0728346456692913,0,0.0221456692913386,0.0221456692913386,0,0,0.0221456692913386,0.114665354330709,1.11977885088607e-06,6.39873629077751e-07,9.76562500021316e-06,0.114665354330709,1.11977885088607e-06,0,0,0,0,0.114665354330709,1.11977885088607e-06,0,2.09084441009789,11.4377807483621,1.49354811781035,0.853456067320198,0.0603821245195375,0.251553742670251,10.4913312007874,154.920718503937
"main_final_v003","M019_RARE_CROSSING_P05_n100","power","main_primary","RARE_CROSSING_P05",100,100,"absolute","K3",0.25,2.5,999,451,0.00500000000000034,901,0.00250000000000039,2032,2032,0,0.886318897637795,0.871782247796376,0.899397646000195,0.886318897637795,0.886318897637795,0.886318897637795,0.885826771653543,0.885826771653543,0.885826771653543,0.0703740157480315,0.0703740157480315,0.0703740157480315,0.0703740157480315,0.0600445761572877,0.0823247903593914,0.0600445761572877,0.0823247903593914,0.00885826771653543,0.00885826771653543,0.00393700787401575,0,,"TRUNCATED_TO_FIXED_NEIGHBORHOOD",,,,,,,,,,,,,,,,,0,0,0,0,0,0,0,0,0,0,"CONDITIONAL_ON_CONTINUUM_COVERAGE_AND_ROOT_COMPONENT_PRESENT",0,0,0,0,0,0,0,0,0,,,,,,,,,,,,,,,,,,,,,,,,,,,,,,,,,,,,,,,,,,,,,,,,,,,,,,,,,,,0.00885826771653543,0.929625984251969,0.711122047244094,-0.0135949079833992,0.252906620077648,2032,1445,0.711122047244094,1445,1445,-0.0135949079833992,0.252906620077648,0.711122047244094,2032,1445,1,1445,1445,1,0.711122047244094,2032,1445,0.711122047244094,2032,1445,1,1445,1445,1,0.711122047244094,2032,1445,,,,,,,,,,,0.879429133858268,0.0728346456692913,0,0.0255905511811024,0.0255905511811024,0,0,0.0255905511811024,0.13238188976378,1.29279189222583e-06,5.74574174322591e-07,9.76562500021316e-06,0.13238188976378,1.29279189222583e-06,0,0,0,0,0.13238188976378,1.29279189222583e-06,0,2.10188207897241,46.142134535297,1.86754435381551,0.830019712806895,0.0542111699194116,0.281595095706415,10.4913312007874,154.920718503937
"main_final_v003","M020_RARE_CROSSING_P05_n250","power","main_primary","RARE_CROSSING_P05",250,250,"absolute","K1",0.25,1.5,999,251,0.00500000000000012,501,0.00250000000000017,2032,2032,0,0.9375,0.926127300406548,0.947221649383455,0.9375,0.9375,0.9375,0.931594488188976,0.931594488188976,0.931594488188976,0.0374015748031496,0.0374015748031496,0.0374015748031496,0.0374015748031496,0.0299861572251528,0.0465627597572967,0.0299861572251528,0.0465627597572967,0.0501968503937008,0.0501968503937008,0.000984251968503937,0,,"TRUNCATED_TO_FIXED_NEIGHBORHOOD",,,,,,,,,,,,,,,,,0,0,0,0,0,0,0,0,0,0,"CONDITIONAL_ON_CONTINUUM_COVERAGE_AND_ROOT_COMPONENT_PRESENT",0,0,0,0,0,0,0,0,0,,,,,,,,,,,,,,,,,,,,,,,,,,,,,,,,,,,,,,,,,,,,,,,,,,,,,,,,,,,0.0501968503937008,0.963582677165354,0.900590551181102,-0.00415666429063499,0.21618065879068,2032,1830,0.900590551181102,1830,1830,-0.00415666429063499,0.21618065879068,0.900590551181102,2032,1830,1,1830,1830,1,0.900590551181102,2032,1830,0.900590551181102,2032,1830,1,1830,1830,1,0.900590551181102,2032,1830,,,,,,,,,,,0.912893700787402,0.0575787401574803,0,0.0231299212598425,0.0231299212598425,0,0,0.0231299212598425,0.0831692913385827,8.12200110728837e-07,6.4976008858307e-07,9.76562500021316e-06,0.0831692913385827,8.12200110728837e-07,0,0,0,0,0.0831692913385827,8.12200110728837e-07,0,2.11360546710803,1.86825533502631,0.941232357475701,0.752985885980561,0.0835569649839402,0.0726673928714882,12.8697559055118,148.190748031496
"main_final_v003","M020_RARE_CROSSING_P05_n250","power","main_primary","RARE_CROSSING_P05",250,250,"absolute","K2",0.25,2,999,351,0.00500000000000012,701,0.00250000000000017,2032,2032,0,0.9375,0.926127300406548,0.947221649383455,0.9375,0.9375,0.9375,0.931594488188976,0.931594488188976,0.931594488188976,0.0334645669291339,0.0334645669291339,0.0334645669291339,0.0374015748031496,0.026483161098785,0.0422065977303236,0.026483161098785,0.0422065977303236,0.495570866141732,0.495570866141732,0,0,,"TRUNCATED_TO_FIXED_NEIGHBORHOOD",,,,,,,,,,,,,,,,,0,0,0,0,0,0,0,0,0,0,"CONDITIONAL_ON_CONTINUUM_COVERAGE_AND_ROOT_COMPONENT_PRESENT",0,0,0,0,0,0,0,0,0,,,,,,,,,,,,,,,,,,,,,,,,,,,,,,,,,,,,,,,,,,,,,,,,,,,,,,,,,,,0.495570866141732,0.966535433070866,0.900590551181102,-0.00415666429063499,0.21618065879068,2032,1830,0.900590551181102,1830,1830,-0.00415666429063499,0.21618065879068,0.900590551181102,2032,1830,1,1830,1830,1,0.900590551181102,2032,1830,0.900590551181102,2032,1830,1,1830,1830,1,0.900590551181102,2032,1830,,,,,,,,,,,0.906496062992126,0.0575787401574803,0,0.030511811023622,0.030511811023622,0,0,0.030511811023622,0.0920275590551181,8.98706631398268e-07,5.13546646513296e-07,9.76562500021316e-06,0.0920275590551181,8.98706631398268e-07,0,0,0,0,0.0920275590551181,8.98706631398268e-07,0,2.14125286246935,7.55936580255361,1.21792412705309,0.695956644030336,0.0569966028834225,0.0934270463777971,12.8697559055118,148.190748031496
"main_final_v003","M020_RARE_CROSSING_P05_n250","power","main_primary","RARE_CROSSING_P05",250,250,"absolute","K3",0.25,2.5,999,451,0.00500000000000034,901,0.00250000000000039,2032,2032,0,0.9375,0.926127300406548,0.947221649383455,0.9375,0.9375,0.9375,0.931594488188976,0.931594488188976,0.931594488188976,0.0329724409448819,0.0329724409448819,0.0329724409448819,0.0374015748031496,0.0260471882991164,0.0416601757608246,0.0260471882991164,0.0416601757608246,0.69242125984252,0.69242125984252,0,0,,"TRUNCATED_TO_FIXED_NEIGHBORHOOD",,,,,,,,,,,,,,,,,0,0,0,0,0,0,0,0,0,0,"CONDITIONAL_ON_CONTINUUM_COVERAGE_AND_ROOT_COMPONENT_PRESENT",0,0,0,0,0,0,0,0,0,,,,,,,,,,,,,,,,,,,,,,,,,,,,,,,,,,,,,,,,,,,,,,,,,,,,,,,,,,,0.69242125984252,0.96751968503937,0.900590551181102,-0.00415666429063499,0.21618065879068,2032,1830,0.900590551181102,1830,1830,-0.00415666429063499,0.21618065879068,0.900590551181102,2032,1830,1,1830,1830,1,0.900590551181102,2032,1830,0.900590551181102,2032,1830,1,1830,1830,1,0.900590551181102,2032,1830,,,,,,,,,,,0.90501968503937,0.0575787401574803,0,0.0408464566929134,0.0408464566929134,0,0,0.0408464566929134,0.159448818897638,1.5571173720481e-06,6.92052165354709e-07,9.76562500021316e-06,0.159448818897638,1.5571173720481e-06,0,0,0,0,0.159448818897638,1.5571173720481e-06,0,2.15660051351237,30.5700433882689,1.31874048428273,0.586106881903434,0.0508818063717155,0.103299829577697,12.8697559055118,148.190748031496
"main_final_v003","M021_RARE_CROSSING_P05_n500","power","main_primary","RARE_CROSSING_P05",500,500,"absolute","K1",0.25,1.5,999,251,0.00500000000000012,501,0.00250000000000017,2032,2032,0,0.943405511811024,0.932496837302434,0.95264084971758,0.943405511811024,0.943405511811024,0.943405511811024,0.937992125984252,0.937992125984252,0.937992125984252,0.0364173228346457,0.0364173228346457,0.0364173228346457,0.0364173228346457,0.0291079889034999,0.0454761385406144,0.0291079889034999,0.0454761385406144,0.506889763779528,0.506889763779528,0,0,,"TRUNCATED_TO_FIXED_NEIGHBORHOOD",,,,,,,,,,,,,,,,,0,0,0,0,0,0,0,0,0,0,"CONDITIONAL_ON_CONTINUUM_COVERAGE_AND_ROOT_COMPONENT_PRESENT",0,0,0,0,0,0,0,0,0,,,,,,,,,,,,,,,,,,,,,,,,,,,,,,,,,,,,,,,,,,,,,,,,,,,,,,,,,,,0.506889763779528,0.964074803149606,0.980314960629921,0.0036646803932975,0.178645283667424,2032,1992,0.980314960629921,1992,1992,0.0036646803932975,0.178645283667424,0.980314960629921,2032,1992,0.977911646586345,1992,1948,0.978346456692913,0.958661417322835,2032,1948,0.980314960629921,2032,1992,0.97640562248996,1992,1945,0.976870078740158,0.957185039370079,2032,1945,,,,,,,,,,,0.916338582677165,0.0551181102362205,0,0.0211614173228346,0.0211614173228346,0,0,0.0211614173228346,0.062007874015748,6.05545644685827e-07,4.84436515748662e-07,9.76562500021316e-06,0.062007874015748,6.05545644685827e-07,0,0,0,0,0.062007874015748,6.05545644685827e-07,0,2.11904542333296,1.33065022689343,0.774059414600763,0.61924753168061,0.0831176894529009,0.0360130312165805,13.3637918307087,178.092421259843
"main_final_v003","M021_RARE_CROSSING_P05_n500","power","main_primary","RARE_CROSSING_P05",500,500,"absolute","K2",0.25,2,999,351,0.00500000000000012,701,0.00250000000000017,2032,2032,0,0.943897637795276,0.933028943529037,0.953091138260144,0.943897637795276,0.943897637795276,0.943897637795276,0.937992125984252,0.937992125984252,0.937992125984252,0.0344488188976378,0.0344488188976378,0.0344488188976378,0.0364173228346457,0.0273564261024065,0.0432981222650373,0.0273564261024065,0.0432981222650373,0.941437007874016,0.941437007874016,0,0,,"TRUNCATED_TO_FIXED_NEIGHBORHOOD",,,,,,,,,,,,,,,,,0,0,0,0,0,0,0,0,0,0,"CONDITIONAL_ON_CONTINUUM_COVERAGE_AND_ROOT_COMPONENT_PRESENT",0,0,0,0,0,0,0,0,0,,,,,,,,,,,,,,,,,,,,,,,,,,,,,,,,,,,,,,,,,,,,,,,,,,,,,,,,,,,0.941437007874016,0.966535433070866,0.980314960629921,0.0036646803932975,0.178645283667424,2032,1992,0.980314960629921,1992,1992,0.0036646803932975,0.178645283667424,0.980314960629921,2032,1992,0.977911646586345,1992,1948,0.978346456692913,0.958661417322835,2032,1948,0.980314960629921,2032,1992,0.97640562248996,1992,1945,0.976870078740158,0.957185039370079,2032,1945,,,,,,,,,,,0.911417322834646,0.0551181102362205,0,0.0265748031496063,0.0265748031496063,0,0,0.0265748031496063,0.0634842519685039,6.19963398130505e-07,3.54264798931717e-07,9.76562500021316e-06,0.0634842519685039,6.19963398130505e-07,0,0,0,0,0.0634842519685039,6.19963398130505e-07,0,2.14712598772775,5.38928192980373,0.874606919175997,0.499775382386284,0.0567670690900984,0.0458872002748154,13.3637918307087,178.092421259843
"main_final_v003","M021_RARE_CROSSING_P05_n500","power","main_primary","RARE_CROSSING_P05",500,500,"absolute","K3",0.25,2.5,999,451,0.00500000000000034,901,0.00250000000000039,2032,2032,0,0.941437007874016,0.930370493238304,0.95083761470504,0.941437007874016,0.941437007874016,0.941437007874016,0.937992125984252,0.937992125984252,0.937992125984252,0.0334645669291339,0.0334645669291339,0.0334645669291339,0.0364173228346457,0.026483161098785,0.0422065977303236,0.026483161098785,0.0422065977303236,0.970964566929134,0.970964566929134,0,0,,"TRUNCATED_TO_FIXED_NEIGHBORHOOD",,,,,,,,,,,,,,,,,0,0,0,0,0,0,0,0,0,0,"CONDITIONAL_ON_CONTINUUM_COVERAGE_AND_ROOT_COMPONENT_PRESENT",0,0,0,0,0,0,0,0,0,,,,,,,,,,,,,,,,,,,,,,,,,,,,,,,,,,,,,,,,,,,,,,,,,,,,,,,,,,,0.970964566929134,0.967027559055118,0.980314960629921,0.0036646803932975,0.178645283667424,2032,1992,0.980314960629921,1992,1992,0.0036646803932975,0.178645283667424,0.980314960629921,2032,1992,0.977911646586345,1992,1948,0.978346456692913,0.958661417322835,2032,1948,0.980314960629921,2032,1992,0.97640562248996,1992,1945,0.976870078740158,0.957185039370079,2032,1945,,,,,,,,,,,0.908464566929134,0.0551181102362205,0,0.0295275590551181,0.0295275590551181,0,0,0.0295275590551181,0.0875984251968504,8.55453371063853e-07,3.80201498250601e-07,9.76562500021316e-06,0.0875984251968504,8.55453371063853e-07,0,0,0,0,0.0875984251968504,8.55453371063853e-07,0,2.16389132459016,21.8214005902748,0.887131760965182,0.394280782651192,0.0506621640409499,0.0506505715027867,13.3637918307087,178.092421259843
"main_final_v003","M022_RARE_CROSSING_P05_n1000","power","main_primary","RARE_CROSSING_P05",1000,1000,"absolute","K1",0.25,1.5,999,251,0.00500000000000012,501,0.00250000000000017,2032,2032,0,0.94242125984252,0.93143325408756,0.951739643394118,0.94242125984252,0.94242125984252,0.94242125984252,0.940452755905512,0.940452755905512,0.940452755905512,0.0413385826771654,0.0413385826771654,0.0413385826771654,0.0413385826771654,0.0335134175218564,0.0508946576139339,0.0335134175218564,0.0508946576139339,0.881889763779528,0.881889763779528,0,0,,"TRUNCATED_TO_FIXED_NEIGHBORHOOD",,,,,,,,,,,,,,,,,0,0,0,0,0,0,0,0,0,0,"CONDITIONAL_ON_CONTINUUM_COVERAGE_AND_ROOT_COMPONENT_PRESENT",0,0,0,0,0,0,0,0,0,,,,,,,,,,,,,,,,,,,,,,,,,,,,,,,,,,,,,,,,,,,,,,,,,,,,,,,,,,,0.881889763779528,0.959645669291339,0.998523622047244,0.00414342006397562,0.136071428523085,2032,2029,0.998523622047244,2029,2029,0.00414342006397562,0.136071428523085,0.998523622047244,2032,2029,0.951700344997536,2029,1931,0.951771653543307,0.950295275590551,2032,1931,0.998523622047244,2032,2029,0.950221784130113,2029,1928,0.950295275590551,0.948818897637795,2032,1928,,,,,,,,,,,0.923228346456693,0.0541338582677165,0,0.0290354330708661,0.0290354330708661,0,0,0.0290354330708661,0.0580708661417323,5.67098302166314e-07,4.53678641733051e-07,9.76562500021316e-06,0.0580708661417323,5.67098302166314e-07,0,0,0,0,0.0580708661417323,5.67098302166314e-07,0,2.12157387190268,0.946368790993126,0.58011375607468,0.464091004859744,0.0831946511851553,0.0178688096971344,15.1983631889764,243.395964566929
"main_final_v003","M022_RARE_CROSSING_P05_n1000","power","main_primary","RARE_CROSSING_P05",1000,1000,"absolute","K2",0.25,2,999,351,0.00500000000000012,701,0.00250000000000017,2032,2032,0,0.94242125984252,0.93143325408756,0.951739643394118,0.94242125984252,0.94242125984252,0.94242125984252,0.940452755905512,0.940452755905512,0.940452755905512,0.0403543307086614,0.0403543307086614,0.0403543307086614,0.0413385826771654,0.0326295175920927,0.0498137680053624,0.0326295175920927,0.0498137680053624,1,1,0,0,,"TRUNCATED_TO_FIXED_NEIGHBORHOOD",,,,,,,,,,,,,,,,,0,0,0,0,0,0,0,0,0,0,"CONDITIONAL_ON_CONTINUUM_COVERAGE_AND_ROOT_COMPONENT_PRESENT",0,0,0,0,0,0,0,0,0,,,,,,,,,,,,,,,,,,,,,,,,,,,,,,,,,,,,,,,,,,,,,,,,,,,,,,,,,,,1,0.962106299212598,0.998523622047244,0.00414342006397562,0.136071428523085,2032,2029,0.998523622047244,2029,2029,0.00414342006397562,0.136071428523085,0.998523622047244,2032,2029,0.951700344997536,2029,1931,0.951771653543307,0.950295275590551,2032,1931,0.998523622047244,2032,2029,0.950221784130113,2029,1928,0.950295275590551,0.948818897637795,2032,1928,,,,,,,,,,,0.917814960629921,0.0541338582677165,0,0.0191929133858268,0.0191929133858268,0,0,0.0191929133858268,0.0393700787401575,3.84473425197266e-07,2.19699100112723e-07,9.76562500021316e-06,0.0393700787401575,3.84473425197266e-07,0,0,0,0,0.0393700787401575,3.84473425197266e-07,0,2.15106237138673,3.83670586556603,0.599753091166339,0.342716052095051,0.0569601904805873,0.0226664911709526,15.1983631889764,243.395964566929
"main_final_v003","M022_RARE_CROSSING_P05_n1000","power","main_primary","RARE_CROSSING_P05",1000,1000,"absolute","K3",0.25,2.5,999,451,0.00500000000000034,901,0.00250000000000039,2032,2032,0,0.945866141732283,0.935159526935823,0.954890133930029,0.945866141732283,0.945866141732283,0.945866141732283,0.940452755905512,0.940452755905512,0.940452755905512,0.0378937007874016,0.0378937007874016,0.0378937007874016,0.0413385826771654,0.0304258118652351,0.047105499886382,0.0304258118652351,0.047105499886382,1,1,0,0,,"TRUNCATED_TO_FIXED_NEIGHBORHOOD",,,,,,,,,,,,,,,,,0,0,0,0,0,0,0,0,0,0,"CONDITIONAL_ON_CONTINUUM_COVERAGE_AND_ROOT_COMPONENT_PRESENT",0,0,0,0,0,0,0,0,0,,,,,,,,,,,,,,,,,,,,,,,,,,,,,,,,,,,,,,,,,,,,,,,,,,,,,,,,,,,1,0.965551181102362,0.998523622047244,0.00414342006397562,0.136071428523085,2032,2029,0.998523622047244,2029,2029,0.00414342006397562,0.136071428523085,0.998523622047244,2032,2029,0.951700344997536,2029,1931,0.951771653543307,0.950295275590551,2032,1931,0.998523622047244,2032,2029,0.950221784130113,2029,1928,0.950295275590551,0.948818897637795,2032,1928,,,,,,,,,,,0.913385826771654,0.0541338582677165,0,0.0270669291338583,0.0270669291338583,0,0,0.0270669291338583,0.0536417322834646,5.23845041831953e-07,2.32820018591979e-07,9.76562500021316e-06,0.0536417322834646,5.23845041831953e-07,0,0,0,0,0.0536417322834646,5.23845041831953e-07,0,2.16693082844278,15.5320286189778,0.604385366364727,0.268615718384323,0.0508591813918485,0.0250062473901238,15.1983631889764,243.395964566929
"main_final_v003","M030_RARE_EQUAL_P01_n100","stress","main_primary","RARE_EQUAL_P01",100,100,"absolute","K1",0.25,1.5,999,251,0.00500000000000012,501,0.00250000000000017,2032,2032,0,0.959153543307087,0.94964562046879,0.966928699164587,0.959153543307087,0.959153543307087,0.959153543307087,0.959153543307087,0.959153543307087,0.958169291338583,0.0408464566929134,0.0408464566929134,0.0408464566929134,0.0408464566929134,0.0330713008354128,0.0503543795312099,0.0330713008354128,0.0503543795312099,0,0,0.0132874015748032,0,,"TRUNCATED_TO_FIXED_NEIGHBORHOOD",,,,,,,,,,,,,,,,,0,0,0,0,0,0,0,0,0,0,"CONDITIONAL_ON_CONTINUUM_COVERAGE_AND_ROOT_COMPONENT_PRESENT",0,0,0,0,0,0,0,0,0,,,,,,,,,,,,,,,,,,,,,,,,,,,,,,,,,,,,,,,,,,,,,,,,,,,,,,,,,,,,0.959153543307087,,,,0,0,,0,0,,,,0,0,,0,0,,,0,0,,0,0,,0,0,,,0,0,,,,,,,,,,,0.980314960629921,0.0196850393700787,0,0.00738188976377953,0.00738188976377953,0,0,0.00738188976377953,1.14468503937008,1.11785648375986e-05,8.94285187007891e-06,9.76562500021316e-06,1.14468503937008,1.11785648375986e-05,0,0,0,0,1.14468503937008,1.11785648375986e-05,0,1.69848274320012,1.35485325740646,1.22812264510027,0.982498116080217,0.410886443004704,0.221221444734593,15.5032568897638,139.983267716535
"main_final_v003","M030_RARE_EQUAL_P01_n100","stress","main_primary","RARE_EQUAL_P01",100,100,"absolute","K2",0.25,2,999,351,0.00500000000000012,701,0.00250000000000017,2032,2032,0,0.958661417322835,0.949105342386066,0.966486582478143,0.959153543307087,0.959153543307087,0.958661417322835,0.959153543307087,0.959153543307087,0.958169291338583,0.0408464566929134,0.0408464566929134,0.0408464566929134,0.0408464566929134,0.0330713008354128,0.0503543795312099,0.0330713008354128,0.0503543795312099,0,0,0.0123031496062992,0,,"TRUNCATED_TO_FIXED_NEIGHBORHOOD",,,,,,,,,,,,,,,,,0,0,0,0,0,0,0,0,0,0,"CONDITIONAL_ON_CONTINUUM_COVERAGE_AND_ROOT_COMPONENT_PRESENT",0,0,0,0,0,0,0,0,0,,,,,,,,,,,,,,,,,,,,,,,,,,,,,,,,,,,,,,,,,,,,,,,,,,,,,,,,,,,,0.959153543307087,,,,0,0,,0,0,,,,0,0,,0,0,,,0,0,,0,0,,0,0,,,0,0,,,,,,,,,,,0.980314960629921,0.0196850393700787,0,0.00885826771653543,0.00885826771653543,0,0,0.00885826771653543,2.3001968503937,2.2462859867126e-05,1.2835919924072e-05,9.76562500021316e-06,2.3001968503937,2.2462859867126e-05,0,0,0,0,2.3001968503937,2.2462859867126e-05,0.000492125984251968,1.69995309910281,5.49967184215724,1.72067699041892,0.983243994525098,0.383936567586309,0.377442987780419,15.5032568897638,139.983267716535
"main_final_v003","M030_RARE_EQUAL_P01_n100","stress","main_primary","RARE_EQUAL_P01",100,100,"absolute","K3",0.25,2.5,999,451,0.00500000000000034,901,0.00250000000000039,2032,2032,0,0.958169291338583,0.94856539212857,0.966044137966471,0.959153543307087,0.959153543307087,0.958169291338583,0.959153543307087,0.959153543307087,0.958169291338583,0.0408464566929134,0.0408464566929134,0.0408464566929134,0.0408464566929134,0.0330713008354128,0.0503543795312099,0.0330713008354128,0.0503543795312099,0,0,0.0103346456692913,0,,"TRUNCATED_TO_FIXED_NEIGHBORHOOD",,,,,,,,,,,,,,,,,0,0,0,0,0,0,0,0,0,0,"CONDITIONAL_ON_CONTINUUM_COVERAGE_AND_ROOT_COMPONENT_PRESENT",0,0,0,0,0,0,0,0,0,,,,,,,,,,,,,,,,,,,,,,,,,,,,,,,,,,,,,,,,,,,,,,,,,,,,,,,,,,,,0.959153543307087,,,,0,0,,0,0,,,,0,0,,0,0,,,0,0,,0,0,,0,0,,,0,0,,,,,,,,,,,0.980314960629921,0.0196850393700787,0,0.0103346456692913,0.0103346456692913,0,0,0.0103346456692913,3.29281496062992,3.21563960999016e-05,1.42917315999562e-05,9.76562500021316e-06,3.29281496062992,3.21563960999016e-05,0,0,0,0,3.29281496062992,3.21563960999016e-05,0.000984251968503937,1.70098149845594,22.1708969862208,2.2141758571835,0.984078158748223,0.376950200016456,0.464715553015377,15.5032568897638,139.983267716535
"main_final_v003","M031_RARE_EQUAL_P01_n250","stress","main_primary","RARE_EQUAL_P01",250,250,"absolute","K1",0.25,1.5,999,251,0.00500000000000012,501,0.00250000000000017,2032,2032,0,0.952263779527559,0.94210971741508,0.960711075449951,0.952263779527559,0.952263779527559,0.952263779527559,0.952263779527559,0.952263779527559,0.952263779527559,0.0477362204724409,0.0477362204724409,0.0477362204724409,0.0477362204724409,0.0392889245500489,0.0578902825849203,0.0392889245500489,0.0578902825849203,0,0,0.0221456692913386,0,,"TRUNCATED_TO_FIXED_NEIGHBORHOOD",,,,,,,,,,,,,,,,,0,0,0,0,0,0,0,0,0,0,"CONDITIONAL_ON_CONTINUUM_COVERAGE_AND_ROOT_COMPONENT_PRESENT",0,0,0,0,0,0,0,0,0,,,,,,,,,,,,,,,,,,,,,,,,,,,,,,,,,,,,,,,,,,,,,,,,,,,,,,,,,,,,0.952263779527559,,,,0,0,,0,0,,,,0,0,,0,0,,,0,0,,0,0,,0,0,,,0,0,,,,,,,,,,,0.93996062992126,0.0600393700787402,0,0.0093503937007874,0.0093503937007874,0,0,0.0093503937007874,0.561515748031496,5.48355222686984e-06,4.38684178149588e-06,9.76562500021316e-06,0.561515748031496,5.48355222686984e-06,0,0,0,0,0.561515748031496,5.48355222686984e-06,0,1.94806083678093,1.08021552189267,1.20936202882782,0.967489623062254,0.146970201060788,0.151610682535355,13.4696943897638,150.996948818898
"main_final_v003","M031_RARE_EQUAL_P01_n250","stress","main_primary","RARE_EQUAL_P01",250,250,"absolute","K2",0.25,2,999,351,0.00500000000000012,701,0.00250000000000017,2032,2032,0,0.952263779527559,0.94210971741508,0.960711075449951,0.952263779527559,0.952263779527559,0.952263779527559,0.952263779527559,0.952263779527559,0.952263779527559,0.0477362204724409,0.0477362204724409,0.0477362204724409,0.0477362204724409,0.0392889245500489,0.0578902825849203,0.0392889245500489,0.0578902825849203,0,0,0.0201771653543307,0,,"TRUNCATED_TO_FIXED_NEIGHBORHOOD",,,,,,,,,,,,,,,,,0,0,0,0,0,0,0,0,0,0,"CONDITIONAL_ON_CONTINUUM_COVERAGE_AND_ROOT_COMPONENT_PRESENT",0,0,0,0,0,0,0,0,0,,,,,,,,,,,,,,,,,,,,,,,,,,,,,,,,,,,,,,,,,,,,,,,,,,,,,,,,,,,,0.952263779527559,,,,0,0,,0,0,,,,0,0,,0,0,,,0,0,,0,0,,0,0,,,0,0,,,,,,,,,,,0.939468503937008,0.0605314960629921,0,0.0123031496062992,0.0123031496062992,0,0,0.0123031496062992,0.87253937007874,8.52089228592496e-06,4.86908130624283e-06,9.76562500021316e-06,0.87253937007874,8.52089228592496e-06,0,0,0,0,0.87253937007874,8.52089228592496e-06,0,1.95185418146148,4.40110688833277,1.69731536144347,0.96989449225341,0.101867765481977,0.299800807059775,13.4696943897638,150.996948818898
"main_final_v003","M031_RARE_EQUAL_P01_n250","stress","main_primary","RARE_EQUAL_P01",250,250,"absolute","K3",0.25,2.5,999,451,0.00500000000000034,901,0.00250000000000039,2032,2032,0,0.953248031496063,0.943182791880015,0.961602790523351,0.953248031496063,0.953248031496063,0.953248031496063,0.952263779527559,0.952263779527559,0.952263779527559,0.046751968503937,0.046751968503937,0.046751968503937,0.0477362204724409,0.0383972094766492,0.0568172081199848,0.0383972094766492,0.0568172081199848,0,0,0.0196850393700787,0,,"TRUNCATED_TO_FIXED_NEIGHBORHOOD",,,,,,,,,,,,,,,,,0,0,0,0,0,0,0,0,0,0,"CONDITIONAL_ON_CONTINUUM_COVERAGE_AND_ROOT_COMPONENT_PRESENT",0,0,0,0,0,0,0,0,0,,,,,,,,,,,,,,,,,,,,,,,,,,,,,,,,,,,,,,,,,,,,,,,,,,,,,,,,,,,,0.953248031496063,,,,0,0,,0,0,,,,0,0,,0,0,,,0,0,,0,0,,0,0,,,0,0,,,,,,,,,,,0.938484251968504,0.0615157480314961,0,0.0108267716535433,0.0108267716535433,0,0,0.0108267716535433,0.837106299212598,8.17486620324781e-06,3.63327386811014e-06,9.76562500021316e-06,0.837106299212598,8.17486620324781e-06,0,0,0,0,0.837106299212598,8.17486620324781e-06,0,1.95461855150584,17.7917831796836,2.18498233825203,0.971103261445347,0.0943379079866855,0.412588766774013,13.4696943897638,150.996948818898
"main_final_v003","M032_RARE_EQUAL_P01_n500","stress","main_primary","RARE_EQUAL_P01",500,500,"absolute","K1",0.25,1.5,999,251,0.00500000000000012,501,0.00250000000000017,2032,2032,0,0.956200787401575,0.946408762521611,0.96427118849676,0.957185039370079,0.957185039370079,0.956200787401575,0.955708661417323,0.955708661417323,0.954724409448819,0.0428149606299213,0.0428149606299213,0.0428149606299213,0.0442913385826772,0.0348417128633989,0.0525135465798943,0.0348417128633989,0.0525135465798943,0,0,0.031003937007874,0,,"TRUNCATED_TO_FIXED_NEIGHBORHOOD",,,,,,,,,,,,,,,,,0,0,0,0,0,0,0,0,0,0,"CONDITIONAL_ON_CONTINUUM_COVERAGE_AND_ROOT_COMPONENT_PRESENT",0,0,0,0,0,0,0,0,0,,,,,,,,,,,,,,,,,,,,,,,,,,,,,,,,,,,,,,,,,,,,,,,,,,,,,,,,,,,,0.957185039370079,,,,0,0,,0,0,,,,0,0,,0,0,,,0,0,,0,0,,0,0,,,0,0,,,,,,,,,,,0.951771653543307,0.0482283464566929,0,0.00344488188976378,0.00344488188976378,0,0,0.00344488188976378,0.516240157480315,5.0414077878936e-06,4.03312623031488e-06,9.76562500021316e-06,0.516240157480315,5.0414077878936e-06,0,0,0,0,0.516240157480315,5.0414077878936e-06,0.000984251968503937,1.99932752155512,0.783340314513059,1.20638299416369,0.965106395330955,0.0789490581418238,0.0869051956976038,12.7651638779528,177.797096456693
"main_final_v003","M032_RARE_EQUAL_P01_n500","stress","main_primary","RARE_EQUAL_P01",500,500,"absolute","K2",0.25,2,999,351,0.00500000000000012,701,0.00250000000000017,2032,2032,0,0.955708661417323,0.94587037256437,0.963827183684834,0.956692913385827,0.956692913385827,0.955708661417323,0.955708661417323,0.955708661417323,0.954724409448819,0.0433070866141732,0.0433070866141732,0.0433070866141732,0.0442913385826772,0.0352851087291446,0.0530525454833161,0.0352851087291446,0.0530525454833161,0,0,0.0290354330708661,0,,"TRUNCATED_TO_FIXED_NEIGHBORHOOD",,,,,,,,,,,,,,,,,0,0,0,0,0,0,0,0,0,0,"CONDITIONAL_ON_CONTINUUM_COVERAGE_AND_ROOT_COMPONENT_PRESENT",0,0,0,0,0,0,0,0,0,,,,,,,,,,,,,,,,,,,,,,,,,,,,,,,,,,,,,,,,,,,,,,,,,,,,,,,,,,,,0.956692913385827,,,,0,0,,0,0,,,,0,0,,0,0,,,0,0,,0,0,,0,0,,,0,0,,,,,,,,,,,0.947834645669291,0.0521653543307087,0,0.00738188976377953,0.00738188976377953,0,0,0.00738188976377953,1.0757874015748,1.05057363435041e-05,6.00327791057379e-06,9.76562500021316e-06,1.0757874015748,1.05057363435041e-05,0,0,0,0,1.0757874015748,1.05057363435041e-05,0.000984251968503937,2.00620654732348,3.19584886709277,1.69035376361036,0.965916436348777,0.0290714903061243,0.176413604099349,12.7651638779528,177.797096456693
"main_final_v003","M032_RARE_EQUAL_P01_n500","stress","main_primary","RARE_EQUAL_P01",500,500,"absolute","K3",0.25,2.5,999,451,0.00500000000000034,901,0.00250000000000039,2032,2032,0,0.956692913385827,0.946947454516684,0.964714891270855,0.957677165354331,0.957677165354331,0.956692913385827,0.955708661417323,0.955708661417323,0.954724409448819,0.0423228346456693,0.0423228346456693,0.0423228346456693,0.0442913385826772,0.0343986289143123,0.0519742357598132,0.0343986289143123,0.0519742357598132,0,0,0.0290354330708661,0,,"TRUNCATED_TO_FIXED_NEIGHBORHOOD",,,,,,,,,,,,,,,,,0,0,0,0,0,0,0,0,0,0,"CONDITIONAL_ON_CONTINUUM_COVERAGE_AND_ROOT_COMPONENT_PRESENT",0,0,0,0,0,0,0,0,0,,,,,,,,,,,,,,,,,,,,,,,,,,,,,,,,,,,,,,,,,,,,,,,,,,,,,,,,,,,,0.958169291338583,,,,0,0,,0,0,,,,0,0,,0,0,,,0,0,,0,0,,0,0,,,0,0,,,,,,,,,,,0.945866141732283,0.0541338582677165,0,0.00639763779527559,0.00639763779527559,0,0,0.00639763779527559,0.968503937007874,9.45804625984222e-06,4.20357611548543e-06,9.76562500021316e-06,0.968503937007874,9.45804625984222e-06,0,0,0,0,0.968503937007874,9.45804625984222e-06,0.000984251968503937,2.01230394405512,12.9397920652957,2.17447550135335,0.966433556157043,0.0214073612661239,0.248896092256904,12.7651638779528,177.797096456693
"main_final_v003","M033_RARE_NO_ROOT_P01_n100","stress","main_primary","RARE_NO_ROOT_P01",100,100,"absolute","K1",0.25,1.5,999,251,0.00500000000000012,501,0.00250000000000017,2032,2032,0,0.645669291338583,0.624615476883246,0.666173374790366,0.645669291338583,0.645669291338583,0.645669291338583,0.645669291338583,0.645669291338583,0.645669291338583,0.0659448818897638,0.0659448818897638,0.0659448818897638,0.0664370078740158,0.0559519929820402,0.0775758206121305,0.0559519929820402,0.0775758206121305,0,0,0.0369094488188976,0,,"TRUNCATED_TO_FIXED_NEIGHBORHOOD",,,,,,,,,,,,,,,,,0,0,0,0,0,0,0,0,0,0,"CONDITIONAL_ON_CONTINUUM_COVERAGE_AND_ROOT_COMPONENT_PRESENT",0,0,0,0,0,0,0,0,0,,,,,,,,,,,,,,,,,,,,,,,,,,,,,,,,,,,,,,,,,,,,,,,,,,,,,,,,,,,,1,,,,0,0,,0,0,,,,0,0,,0,0,,,0,0,,0,0,,0,0,,,0,0,,,,,,,,,,,0.644192913385827,0.0688976377952756,0,0.0132874015748032,0.0132874015748032,0,0,0.0132874015748032,1.14566929133858,1.11881766732286e-05,8.95054133858288e-06,9.76562500021316e-06,1.14566929133858,1.11881766732286e-05,0,0,0,0,1.14566929133858,1.11881766732286e-05,0,1.77574506309842,0.944638912857312,1.18286797951526,0.946294383612205,0.392271511548908,0.22538387108936,9.38110482283465,149.118897637795
"main_final_v003","M033_RARE_NO_ROOT_P01_n100","stress","main_primary","RARE_NO_ROOT_P01",100,100,"absolute","K2",0.25,2,999,351,0.00500000000000012,701,0.00250000000000017,2032,2032,0,0.645669291338583,0.624615476883246,0.666173374790366,0.645669291338583,0.645669291338583,0.645669291338583,0.645669291338583,0.645669291338583,0.645669291338583,0.0654527559055118,0.0654527559055118,0.0654527559055118,0.0664370078740158,0.0554980902343836,0.0770473285906194,0.0554980902343836,0.0770473285906194,0,0,0.0329724409448819,0,,"TRUNCATED_TO_FIXED_NEIGHBORHOOD",,,,,,,,,,,,,,,,,0,0,0,0,0,0,0,0,0,0,"CONDITIONAL_ON_CONTINUUM_COVERAGE_AND_ROOT_COMPONENT_PRESENT",0,0,0,0,0,0,0,0,0,,,,,,,,,,,,,,,,,,,,,,,,,,,,,,,,,,,,,,,,,,,,,,,,,,,,,,,,,,,,1,,,,0,0,,0,0,,,,0,0,,0,0,,,0,0,,0,0,,0,0,,,0,0,,,,,,,,,,,0.644192913385827,0.0733267716535433,0,0.0137795275590551,0.0137795275590551,0,0,0.0137795275590551,0.780511811023622,7.6221856545274e-06,4.35553465972994e-06,9.76562500021316e-06,0.780511811023622,7.6221856545274e-06,0,0,0,0,0.780511811023622,7.6221856545274e-06,0,1.77767026710284,3.69643795271383,1.66355215958723,0.950601234049845,0.364765478525882,0.383081155892654,9.38110482283465,149.118897637795
"main_final_v003","M033_RARE_NO_ROOT_P01_n100","stress","main_primary","RARE_NO_ROOT_P01",100,100,"absolute","K3",0.25,2.5,999,451,0.00500000000000034,901,0.00250000000000039,2032,2032,0,0.646161417322835,0.625113183859154,0.666658062583625,0.646161417322835,0.646161417322835,0.646161417322835,0.645669291338583,0.645669291338583,0.645669291338583,0.0644685039370079,0.0644685039370079,0.0644685039370079,0.0664370078740158,0.0545908026050166,0.0759898266816512,0.0545908026050166,0.0759898266816512,0,0,0.0285433070866142,0,,"TRUNCATED_TO_FIXED_NEIGHBORHOOD",,,,,,,,,,,,,,,,,0,0,0,0,0,0,0,0,0,0,"CONDITIONAL_ON_CONTINUUM_COVERAGE_AND_ROOT_COMPONENT_PRESENT",0,0,0,0,0,0,0,0,0,,,,,,,,,,,,,,,,,,,,,,,,,,,,,,,,,,,,,,,,,,,,,,,,,,,,,,,,,,,,1,,,,0,0,,0,0,,,,0,0,,0,0,,,0,0,,0,0,,0,0,,,0,0,,,,,,,,,,,0.644192913385827,0.0757874015748032,0,0.0147637795275591,0.0147637795275591,0,0,0.0147637795275591,1.76919291338583,1.72772745447833e-05,7.67878868657034e-06,9.76562500021316e-06,1.76919291338583,1.72772745447833e-05,0,0,0,0,1.76919291338583,1.72772745447833e-05,0,1.77892754300456,14.6086010592585,2.14605812373124,0.953803610547217,0.357772217501692,0.470957131431256,9.38110482283465,149.118897637795
"main_final_v003","M034_RARE_NO_ROOT_P01_n250","stress","main_primary","RARE_NO_ROOT_P01",250,250,"absolute","K1",0.25,1.5,999,251,0.00500000000000012,501,0.00250000000000017,2032,2032,0,0.883858267716535,0.869197614029853,0.897070305920881,0.883858267716535,0.883858267716535,0.883858267716535,0.850885826771654,0.850885826771654,0.850885826771654,0.0575787401574803,0.0575787401574803,0.0575787401574803,0.0595472440944882,0.0482603566058815,0.0685667459124398,0.0482603566058815,0.0685667459124398,0,0,0.0482283464566929,0,,"TRUNCATED_TO_FIXED_NEIGHBORHOOD",,,,,,,,,,,,,,,,,0,0,0,0,0,0,0,0,0,0,"CONDITIONAL_ON_CONTINUUM_COVERAGE_AND_ROOT_COMPONENT_PRESENT",0,0,0,0,0,0,0,0,0,,,,,,,,,,,,,,,,,,,,,,,,,,,,,,,,,,,,,,,,,,,,,,,,,,,,,,,,,,,,1,,,,0,0,,0,0,,,,0,0,,0,0,,,0,0,,0,0,,0,0,,,0,0,,,,,,,,,,,0.884842519685039,0.062007874015748,0,0.0108267716535433,0.0108267716535433,0,0,0.0108267716535433,1.41338582677165,1.38025959645673e-05,1.10420767716538e-05,9.76562500021316e-06,1.41338582677165,1.38025959645673e-05,0,0,0,0,1.41338582677165,1.38025959645673e-05,0,1.95216592540472,0.746854569972572,1.14973821204478,0.919790569635827,0.142951857997275,0.153248190032135,11.772938976378,144.911909448819
"main_final_v003","M034_RARE_NO_ROOT_P01_n250","stress","main_primary","RARE_NO_ROOT_P01",250,250,"absolute","K2",0.25,2,999,351,0.00500000000000012,701,0.00250000000000017,2032,2032,0,0.864665354330709,0.849101823818623,0.878852700134574,0.864665354330709,0.864665354330709,0.864665354330709,0.850885826771654,0.850885826771654,0.850885826771654,0.0575787401574803,0.0575787401574803,0.0575787401574803,0.0595472440944882,0.0482603566058815,0.0685667459124398,0.0482603566058815,0.0685667459124398,0,0,0.0447834645669291,0,,"TRUNCATED_TO_FIXED_NEIGHBORHOOD",,,,,,,,,,,,,,,,,0,0,0,0,0,0,0,0,0,0,"CONDITIONAL_ON_CONTINUUM_COVERAGE_AND_ROOT_COMPONENT_PRESENT",0,0,0,0,0,0,0,0,0,,,,,,,,,,,,,,,,,,,,,,,,,,,,,,,,,,,,,,,,,,,,,,,,,,,,,,,,,,,,1,,,,0,0,,0,0,,,,0,0,,0,0,,,0,0,,0,0,,0,0,,,0,0,,,,,,,,,,,0.875492125984252,0.0644685039370079,0,0.0118110236220472,0.0118110236220472,0,0,0.0118110236220472,0.709645669291339,6.93013348917315e-06,3.96007627952752e-06,9.76562500021316e-06,0.709645669291339,6.93013348917315e-06,0,0,0,0,0.709645669291339,6.93013348917315e-06,0,1.95795743066584,2.99914566040981,1.59458493210199,0.911191389772568,0.0970943801812128,0.30543531577444,11.772938976378,144.911909448819
"main_final_v003","M034_RARE_NO_ROOT_P01_n250","stress","main_primary","RARE_NO_ROOT_P01",250,250,"absolute","K3",0.25,2.5,999,451,0.00500000000000034,901,0.00250000000000039,2032,2032,0,0.851377952755906,0.835248919543924,0.866180945641747,0.851377952755906,0.851377952755906,0.851377952755906,0.850885826771654,0.850885826771654,0.850885826771654,0.0590551181102362,0.0590551181102362,0.0590551181102362,0.0595472440944882,0.0496137019878383,0.0701605848379859,0.0496137019878383,0.0701605848379859,0,0,0.0428149606299213,0,,"TRUNCATED_TO_FIXED_NEIGHBORHOOD",,,,,,,,,,,,,,,,,0,0,0,0,0,0,0,0,0,0,"CONDITIONAL_ON_CONTINUUM_COVERAGE_AND_ROOT_COMPONENT_PRESENT",0,0,0,0,0,0,0,0,0,,,,,,,,,,,,,,,,,,,,,,,,,,,,,,,,,,,,,,,,,,,,,,,,,,,,,,,,,,,,1,,,,0,0,,0,0,,,,0,0,,0,0,,,0,0,,0,0,,0,0,,,0,0,,,,,,,,,,,0.859251968503937,0.0644685039370079,0,0.0221456692913386,0.0221456692913386,0,0,0.0221456692913386,1.48080708661417,1.44610067052162e-05,6.42711409120722e-06,9.76562500021316e-06,1.48080708661417,1.44610067052162e-05,0,0,0,0,1.48080708661417,1.44610067052162e-05,0,1.96110240062073,12.0432816014499,2.03033803384135,0.902372459485045,0.0895249738885928,0.423000384497573,11.772938976378,144.911909448819
"main_final_v003","M035_RARE_NO_ROOT_P01_n500","stress","main_primary","RARE_NO_ROOT_P01",500,500,"absolute","K1",0.25,1.5,999,251,0.00500000000000012,501,0.00250000000000017,2032,2032,0,0.886318897637795,0.871782247796376,0.899397646000195,0.886318897637795,0.886318897637795,0.886318897637795,0.873523622047244,0.873523622047244,0.873523622047244,0.0295275590551181,0.0295275590551181,0.0295275590551181,0.0295275590551181,0.0230086203945753,0.0378219802811925,0.0230086203945753,0.0378219802811925,0,0,0.0295275590551181,0,,"TRUNCATED_TO_FIXED_NEIGHBORHOOD",,,,,,,,,,,,,,,,,0,0,0,0,0,0,0,0,0,0,"CONDITIONAL_ON_CONTINUUM_COVERAGE_AND_ROOT_COMPONENT_PRESENT",0,0,0,0,0,0,0,0,0,,,,,,,,,,,,,,,,,,,,,,,,,,,,,,,,,,,,,,,,,,,,,,,,,,,,,,,,,,,,1,,,,0,0,,0,0,,,,0,0,,0,0,,,0,0,,0,0,,0,0,,,0,0,,,,,,,,,,,0.884350393700787,0.0275590551181102,0,0.0147637795275591,0.0147637795275591,0,0,0.0147637795275591,0.119094488188976,1.16303211122067e-06,9.30425688976537e-07,9.76562500021316e-06,0.119094488188976,1.16303211122067e-06,0,0,0,0,0.119094488188976,1.16303211122067e-06,0,2.04372744223012,0.566805344095734,1.08341159610298,0.866729276882382,0.0773360720802249,0.0871079434495176,12.693687992126,172.441190944882
"main_final_v003","M035_RARE_NO_ROOT_P01_n500","stress","main_primary","RARE_NO_ROOT_P01",500,500,"absolute","K2",0.25,2,999,351,0.00500000000000012,701,0.00250000000000017,2032,2032,0,0.877952755905512,0.863002501424476,0.891476681296246,0.877952755905512,0.877952755905512,0.877952755905512,0.873523622047244,0.873523622047244,0.873523622047244,0.0295275590551181,0.0295275590551181,0.0295275590551181,0.0295275590551181,0.0230086203945753,0.0378219802811925,0.0230086203945753,0.0378219802811925,0,0,0.0280511811023622,0,,"TRUNCATED_TO_FIXED_NEIGHBORHOOD",,,,,,,,,,,,,,,,,0,0,0,0,0,0,0,0,0,0,"CONDITIONAL_ON_CONTINUUM_COVERAGE_AND_ROOT_COMPONENT_PRESENT",0,0,0,0,0,0,0,0,0,,,,,,,,,,,,,,,,,,,,,,,,,,,,,,,,,,,,,,,,,,,,,,,,,,,,,,,,,,,,1,,,,0,0,,0,0,,,,0,0,,0,0,,,0,0,,0,0,,0,0,,,0,0,,,,,,,,,,,0.875,0.0275590551181102,0,0.0236220472440945,0.0236220472440945,0,0,0.0236220472440945,0.174212598425197,1.70129490649646e-06,9.72168517997974e-07,9.76562500021316e-06,0.174212598425197,1.70129490649646e-06,0,0,0,0,0.174212598425197,1.70129490649646e-06,0,2.05735168413973,2.29734936060718,1.42200342373585,0.812573384991915,0.0276251399742007,0.176892295246664,12.693687992126,172.441190944882
"main_final_v003","M035_RARE_NO_ROOT_P01_n500","stress","main_primary","RARE_NO_ROOT_P01",500,500,"absolute","K3",0.25,2.5,999,451,0.00500000000000034,901,0.00250000000000039,2032,2032,0,0.874507874015748,0.859393689287835,0.888208730048713,0.874507874015748,0.874507874015748,0.874507874015748,0.873523622047244,0.873523622047244,0.873523622047244,0.0295275590551181,0.0295275590551181,0.0295275590551181,0.0295275590551181,0.0230086203945753,0.0378219802811925,0.0230086203945753,0.0378219802811925,0,0,0.0280511811023622,0,,"TRUNCATED_TO_FIXED_NEIGHBORHOOD",,,,,,,,,,,,,,,,,0,0,0,0,0,0,0,0,0,0,"CONDITIONAL_ON_CONTINUUM_COVERAGE_AND_ROOT_COMPONENT_PRESENT",0,0,0,0,0,0,0,0,0,,,,,,,,,,,,,,,,,,,,,,,,,,,,,,,,,,,,,,,,,,,,,,,,,,,,,,,,,,,,1,,,,0,0,,0,0,,,,0,0,,0,0,,,0,0,,0,0,,0,0,,,0,0,,,,,,,,,,,0.871555118110236,0.0275590551181102,0,0.0324803149606299,0.0324803149606299,0,0,0.0324803149606299,0.30757874015748,3.00369863435072e-06,1.33497717082254e-06,9.76562500021316e-06,0.30757874015748,3.00369863435072e-06,0,0,0,0,0.30757874015748,3.00369863435072e-06,0,2.06433004161217,9.27610826080371,1.73095034621832,0.76931126498592,0.0199966772510166,0.249472359988586,12.693687992126,172.441190944882
"main_final_v003","M040_TANGENCY_n500","stress","main_primary","TANGENCY",500,500,"absolute","K1",0.25,1.5,999,251,0.00500000000000012,501,0.00250000000000017,2032,2032,0,0.94488188976378,0.934093798157723,0.953991073169794,0.945374015748031,0.945374015748031,0.94488188976378,0.945374015748031,0.945374015748031,0.94488188976378,0.0369094488188976,0.0369094488188976,0.0369094488188976,0.0369094488188976,0.0295468805069974,0.0460196417062845,0.0295468805069974,0.0460196417062845,0,0,0.0191929133858268,1,0.975885826771654,"TRUNCATED_TO_FIXED_NEIGHBORHOOD",0.974409448818898,0.960137795275591,0.96259842519685,0.95,0.916172917884166,0.92575,0.95,0.95,0.964392545141227,0.974473684210526,1,1,1.98698309469839,1.98817682191763,1.98698309469839,1.98817682191763,2032,1920,1920,1920,0,0,1920,1920,0,0,"CONDITIONAL_ON_CONTINUUM_COVERAGE_AND_ROOT_COMPONENT_PRESENT",1920,1920,0,1920,1920,1920,1920,0,0,0.94488188976378,1,1,1,1,1,1.24284172058105,1.23506103515625,1.25,1.25,0.743617502848307,0.73741650390625,0.75,0.75,0.743059794108073,0.75,0.499781926472982,0.5,4.94197820434295,4.97044205479407,2.95688616707054,2.98226523287644,2.95466851988911,2.98226523287644,1.98730968445384,1.98817682191763,1.24284172058105,1.25,0.25,1.5,0.743059794108073,0.75,0.499781926472982,0.5,4.94197820434295,4.97044205479407,2.95466851988911,2.98226523287644,1.98730968445384,1.98817682191763,1.24284172058105,1.25,0.743059794108073,0.75,0.499781926472982,0.5,4.94197820434295,4.97044205479407,0.25,1.5,2.95466851988911,2.98226523287644,1.98730968445384,1.98817682191763,0.998958333333333,0.947395833333333,0.9984375,0.998958333333333,,0.96505905511811,,,,0,0,,0,0,,,,0,0,,0,0,,,0,0,,0,0,,0,0,,,0,0,,,,,,,,,,,0.922736220472441,0.0595472440944882,0,0.0231299212598425,0.0231299212598425,0,0,0.0231299212598425,3.66092519685039,3.57512226254921e-05,2.86009781003937e-05,9.76562500021316e-06,3.66092519685039,3.57512226254921e-05,0,0,0,0,3.66092519685039,3.57512226254921e-05,0.000492125984251968,2.1162440409895,28.6000995071767,1.20090189295491,0.960721514363927,0.316026654251378,0.00806034647040897,4.17759940944882,155.923375984252
"main_final_v003","M041_TANGENCY_n1000","stress","main_primary","TANGENCY",1000,1000,"absolute","K1",0.25,1.5,999,251,0.00500000000000012,501,0.00250000000000017,2032,2032,0,0.951771653543307,0.941573583329943,0.96026481476592,0.951771653543307,0.951771653543307,0.951771653543307,0.951771653543307,0.951771653543307,0.951771653543307,0.0383858267716535,0.0383858267716535,0.0383858267716535,0.0383858267716535,0.0308658374629594,0.0476478690578253,0.0308658374629594,0.0476478690578253,0,0,0.0191929133858268,1,0.973425196850394,"TRUNCATED_TO_FIXED_NEIGHBORHOOD",0.96751968503937,0.952263779527559,0.961614173228346,0.95,0.913625416192483,0.87142333984375,0.95,0.95,0.96171096441314,0.917287726151316,1,1,2.3603022993374,2.36435402250794,2.3603022993374,2.36435402250794,2032,1934,1934,1934,0,0,1934,1934,0,0,"CONDITIONAL_ON_CONTINUUM_COVERAGE_AND_ROOT_COMPONENT_PRESENT",1934,1934,0,1934,1934,1934,1934,0,0,0.951771653543307,1,1,1,1,1,1.23737952026241,1.166625,1.25,1.25,0.739374904060561,0.66696142578125,0.75,0.75,0.738321120411065,0.75,0.499058399851344,0.5,5.85120649220274,5.91088505626985,3.49628805711402,3.54653103376191,3.49130502189294,3.54653103376191,2.3599014703098,2.36435402250794,1.23737952026241,1.25,0.25,1.5,0.738321120411065,0.75,0.499058399851344,0.5,5.85120649220274,5.91088505626985,3.49130502189294,3.54653103376191,2.3599014703098,2.36435402250794,1.23737952026241,1.25,0.738321120411065,0.75,0.499058399851344,0.5,5.85120649220274,5.91088505626985,0.25,1.5,3.49130502189294,3.54653103376191,2.3599014703098,2.36435402250794,0.99482936918304,0.919855222337125,0.994312306101344,0.99482936918304,,0.962106299212598,,,,0,0,,0,0,,,,0,0,,0,0,,,0,0,,0,0,,0,0,,,0,0,,,,,,,,,,,0.926673228346457,0.0516732283464567,0,0.0374015748031496,0.0374015748031496,0,0,0.0374015748031496,5.20275590551181,5.08081631397644e-05,4.06465305118115e-05,9.76562500021316e-06,5.20275590551181,5.08081631397644e-05,0,0,0,0,5.20275590551181,5.08081631397644e-05,0,2.11296393448392,20.2059920640455,1.19453161524975,0.955625292199803,0.315811192708944,0.00402514167127364,5.23049163385827,177.594980314961
"main_final_v003","M023_TANGENCY_STRONG_n500","stress","main_primary","TANGENCY_STRONG",500,500,"absolute","K1",0.25,1.5,999,251,0.00500000000000012,501,0.00250000000000017,2032,2032,0,0.946850393700787,0.936226152206375,0.955788298197812,0.946850393700787,0.946850393700787,0.946850393700787,0.946850393700787,0.946850393700787,0.946850393700787,0.0369094488188976,0.0369094488188976,0.0369094488188976,0.0369094488188976,0.0295468805069974,0.0460196417062845,0.0295468805069974,0.0460196417062845,0,0,0.0142716535433071,1,0.980807086614173,"TRUNCATED_TO_FIXED_NEIGHBORHOOD",0.973425196850394,0.945374015748031,0.959645669291339,0.95,0.913685985174705,0.774125,0.95,0.95,0.961774721236531,0.814868421052632,1,1,1.98283602670979,1.98817682191763,1.98283602670979,1.98817682191763,2032,1924,1924,1924,0,0,1924,1924,0,0,"CONDITIONAL_ON_CONTINUUM_COVERAGE_AND_ROOT_COMPONENT_PRESENT",1924,1924,0,1924,1924,1924,1924,0,0,0.946850393700787,1,1,1,1,1,1.2284446211912,1.08770751953125,1.25,1.25,0.731398453742204,0.5881572265625,0.75,0.75,0.729419635606159,0.75,0.499024985585044,0.5,4.88473024572346,4.97044205479407,2.90829890663328,2.98226523287644,2.90043042592753,2.98226523287644,1.98429981979593,1.98817682191763,1.2284446211912,1.25,0.25,1.5,0.729419635606159,0.75,0.499024985585044,0.5,4.88473024572346,4.97044205479407,2.90043042592753,2.98226523287644,1.98429981979593,1.98817682191763,1.2284446211912,1.25,0.729419635606159,0.75,0.499024985585044,0.5,4.88473024572346,4.97044205479407,0.25,1.5,2.90043042592753,2.98226523287644,1.98429981979593,1.98817682191763,0.993243243243243,0.854989604989605,0.993243243243243,0.993243243243243,,0.963090551181102,,,,0,0,,0,0,,,,0,0,,0,0,,,0,0,,0,0,,0,0,,,0,0,,,,,,,,,,,0.920275590551181,0.0556102362204724,0,0.0398622047244094,0.0398622047244094,0,0,0.0398622047244094,1.9365157480315,1.89112866018687e-05,1.5129029281495e-05,9.76562500021316e-06,1.9365157480315,1.89112866018687e-05,0,0,0,0,1.9365157480315,1.89112866018687e-05,0,2.11403317016916,28.5808393895767,1.18764932467243,0.950119459737943,0.313768477308648,0.00802814251587092,4.09559498031496,157.721948818898
"main_final_v003","M024_TANGENCY_STRONG_n1000","stress","main_primary","TANGENCY_STRONG",1000,1000,"absolute","K1",0.25,1.5,999,251,0.00500000000000012,501,0.00250000000000017,2032,2032,0,0.949311023622047,0.938896793558425,0.9580296306916,0.949311023622047,0.949311023622047,0.949311023622047,0.949311023622047,0.949311023622047,0.949311023622047,0.0339566929133858,0.0339566929133858,0.0339566929133858,0.0339566929133858,0.0269195767434516,0.0427525768548246,0.0269195767434516,0.0427525768548246,0,0,0.016240157480315,1,0.981299212598425,"TRUNCATED_TO_FIXED_NEIGHBORHOOD",0.971456692913386,0.927165354330709,0.963582677165354,0.95,0.914057299996924,0.759125,0.95,0.95,0.962165578944131,0.799078947368421,1,1,2.35144739796105,2.36435402250794,2.35144739796105,2.36435402250794,2032,1929,1929,1929,0,0,1929,1929,0,0,"CONDITIONAL_ON_CONTINUUM_COVERAGE_AND_ROOT_COMPONENT_PRESENT",1929,1929,0,1929,1929,1929,1929,0,0,0.949311023622047,1,1,1,1,1,1.20819277718377,1.0175,1.25,1.25,0.713037959880443,0.5175,0.75,0.75,0.709488410850829,0.75,0.498704366332945,0.5,5.71319090539899,5.91088505626985,3.37174833728836,3.54653103376191,3.35496355623585,3.54653103376191,2.35822734916314,2.36435402250794,1.20819277718377,1.25,0.25,1.5,0.709488410850829,0.75,0.498704366332945,0.5,5.71319090539899,5.91088505626985,3.35496355623585,3.54653103376191,2.35822734916314,2.36435402250794,1.20819277718377,1.25,0.709488410850829,0.75,0.498704366332945,0.5,5.71319090539899,5.91088505626985,0.25,1.5,3.35496355623585,3.54653103376191,2.35822734916314,2.36435402250794,0.990668740279938,0.695697252462416,0.990668740279938,0.990668740279938,,0.96751968503937,,,,0,0,,0,0,,,,0,0,,0,0,,,0,0,,0,0,,0,0,,,0,0,,,,,,,,,,,0.929625984251969,0.0506889763779528,0,0.0595472440944882,0.0595472440944882,0,0,0.0595472440944882,2.6373031496063,2.57549135703733e-05,2.06039308562987e-05,9.76562500021316e-06,2.6373031496063,2.57549135703733e-05,0,0,0,0,2.6373031496063,2.57549135703733e-05,0,2.1137598684983,20.2138348430766,1.17128313680333,0.937026509442667,0.314248941829118,0.00400421636402861,5.71150196850394,151.329576771654
"main_final_v003","M049_TANGENCY_SV_POWER_n2000","power","main_primary","TANGENCY_SV_POWER",2000,2000,"absolute","K1",0.25,1.5,999,251,0.00500000000000012,501,0.00250000000000017,2032,2032,0,0.94488188976378,0.934093798157723,0.953991073169794,0.94488188976378,0.94488188976378,0.94488188976378,0.94488188976378,0.94488188976378,0.94488188976378,0.0329724409448819,0.0329724409448819,0.0329724409448819,0.0329724409448819,0.0260471882991164,0.0416601757608246,0.0260471882991164,0.0416601757608246,0.015748031496063,0,0.0167322834645669,1,0.982775590551181,"TRUNCATED_TO_FIXED_NEIGHBORHOOD",0.943897637795276,0.915846456692913,0.93257874015748,0.5,0.480091817059855,0.3575,0.5,0.5,0.96018363411971,0.715,1,1,1.39499421733776,1.40585331297587,1.39499421733776,1.40585331297587,2032,1920,1920,1920,0,0,1920,1920,0,0,"CONDITIONAL_ON_CONTINUUM_COVERAGE_AND_ROOT_COMPONENT_PRESENT",1920,1920,0,1920,1920,1920,1920,0,0,0.94488188976378,1,1,1,1,1,0.793891265869141,0.51026025390625,0.82,0.985,0.46488840230306,0.2725,0.4725,0.635,0.330413558959961,0.35,0.46347770690918,0.4725,4.46437866505896,4.61119886656086,2.61425960216727,2.6570627615244,1.85805198606404,1.96819463816622,2.60632667899492,2.6570627615244,0.793891265869141,0.82,0.25,1.0725,0.330413558959961,0.35,0.46347770690918,0.4725,4.46437866505896,4.61119886656086,1.85805198606404,1.96819463816622,2.60632667899492,2.6570627615244,0.793891265869141,0.82,0.330413558959961,0.35,0.46347770690918,0.4725,4.46437866505896,4.61119886656086,0.25,1.0725,1.85805198606404,1.96819463816622,2.60632667899492,2.6570627615244,0.690625,0.690625,0,0.690625,,0.967027559055118,,,,0,0,,0,0,,,,0,0,,0,0,,,0,0,,0,0,,0,0,,,0,0,,,,,,,,,,,0.923720472440945,0.031003937007874,0,0.0984251968503937,0.0984251968503937,0,0,0.0984251968503937,1.50984251968504,1.47445558562979e-05,1.17956446850383e-05,9.76562500021316e-06,1.50984251968504,1.47445558562979e-05,0,0,0,0,1.50984251968504,1.47445558562979e-05,0,2.15578690282532,10.1966418331883,0.779956919752707,0.623965535802165,0.239158517422132,0.00271506701131761,7.59719488188976,199.855019685039
"main_final_v003","M050_TANGENCY_SV_POWER_n4000","power","main_primary","TANGENCY_SV_POWER",4000,4000,"absolute","K1",0.25,1.5,999,251,0.00500000000000012,501,0.00250000000000017,2032,2032,0,0.954724409448819,0.944794479938906,0.962938286771963,0.955216535433071,0.955216535433071,0.954724409448819,0.955216535433071,0.955216535433071,0.954724409448819,0.0241141732283465,0.0241141732283465,0.0241141732283465,0.0241141732283465,0.0182882552053661,0.031736003009558,0.0182882552053661,0.031736003009558,0.0108267716535433,0,0.0132874015748032,1,0.986712598425197,"TRUNCATED_TO_FIXED_NEIGHBORHOOD",0.884842519685039,0.817913385826772,0.878444881889764,0.5,0.474703436423474,0.32649951171875,0.5,0.5,0.949406872846949,0.6529990234375,1,1,1.63935564442832,1.67185076244106,1.63935564442832,1.67185076244106,2032,1940,1940,1940,0,0,1940,1940,0,0,"CONDITIONAL_ON_CONTINUUM_COVERAGE_AND_ROOT_COMPONENT_PRESENT",1940,1940,0,1940,1940,1940,1940,0,0,0.954724409448819,1,1,1,1,1,0.677442609334729,0.4048818359375,0.7075,0.867625,0.374074515745812,0.215,0.38,0.517625,0.304634121295103,0.3275,0.372808488039626,0.38,4.5303317717053,4.73133765770819,2.50158705743762,2.5412131589104,2.03721115181112,2.19012449879778,2.49312061989418,2.5412131589104,0.677442609334729,0.7075,0.2725,0.98,0.304634121295103,0.3275,0.372808488039626,0.38,4.5303317717053,4.73133765770819,2.03721115181112,2.19012449879778,2.49312061989418,2.5412131589104,0.677442609334729,0.7075,0.304634121295103,0.3275,0.372808488039626,0.38,4.5303317717053,4.73133765770819,0.2725,0.98,2.03721115181112,2.19012449879778,2.49312061989418,2.5412131589104,0.358247422680412,0.358247422680412,0,0.358247422680412,,0.976377952755906,,,,0,0,,0,0,,,,0,0,,0,0,,,0,0,,0,0,,0,0,,,0,0,,,,,,,,,,,0.922244094488189,0.0260826771653543,0,0.141732283464567,0.141732283464567,0,0,0.141732283464567,2.53641732283465,2.47697004183058e-05,1.98157603346446e-05,9.76562500021316e-06,2.53641732283465,2.47697004183058e-05,0,0,0,0,2.53641732283465,2.47697004183058e-05,0.000492125984251968,2.15377348854693,7.20548471031476,0.666683234267347,0.533346587413878,0.239351732809659,0.00135576312959581,12.8448607283465,293.694635826772
"main_final_v003","M051_TANGENCY_SV_POWER_n8000","power","main_primary","TANGENCY_SV_POWER",8000,8000,"absolute","K1",0.25,1.5,999,251,0.00500000000000012,501,0.00250000000000017,2032,2032,0,0.945866141732283,0.935159526935823,0.954890133930029,0.946358267716535,0.946358267716535,0.945866141732283,0.946358267716535,0.946358267716535,0.945866141732283,0.031003937007874,0.031003937007874,0.031003937007874,0.031003937007874,0.0243079202697666,0.039469864713504,0.0243079202697666,0.039469864713504,0.015255905511811,0,0.015255905511811,1,0.984744094488189,"TRUNCATED_TO_FIXED_NEIGHBORHOOD",0.788877952755906,0.673228346456693,0.786417322834646,0.5,0.460566459115096,0.265,0.5,0.5,0.921132918230192,0.53,1,1,1.9066187887899,1.98817682191763,1.9066187887899,1.98817682191763,2032,1922,1922,1922,0,0,1922,1922,0,0,"CONDITIONAL_ON_CONTINUUM_COVERAGE_AND_ROOT_COMPONENT_PRESENT",1922,1922,0,1922,1922,1922,1922,0,0,0.945866141732283,1,1,1,1,1,0.576036274063476,0.33,0.5925,0.7623779296875,0.308067005804501,0.17274560546875,0.315,0.4175,0.26877086246423,0.275,0.307265411599246,0.315,4.58104787470717,4.71197906794478,2.44996672215228,2.50510279561621,2.13745599663277,2.18699450410939,2.4435918780744,2.50510279561621,0.576036274063476,0.5925,0.325,0.915,0.26877086246423,0.275,0.307265411599246,0.315,4.58104787470717,4.71197906794478,2.13745599663277,2.18699450410939,2.4435918780744,2.50510279561621,0.576036274063476,0.5925,0.26877086246423,0.275,0.307265411599246,0.315,4.58104787470717,4.71197906794478,0.325,0.915,2.13745599663277,2.18699450410939,2.4435918780744,2.50510279561621,0.0759625390218522,0.0759625390218522,0,0.0759625390218522,,0.969488188976378,,,,0,0,,0,0,,,,0,0,,0,0,,,0,0,,0,0,,0,0,,,0,0,,,,,,,,,,,0.921259842519685,0.0246062992125984,0,0.185531496062992,0.185531496062992,0,0,0.185531496062992,4.11122047244094,4.01486374261796e-05,3.21189099409437e-05,9.76562500021316e-06,4.11122047244094,4.01486374261796e-05,0,0,0,0,4.11122047244094,4.01486374261796e-05,0.000492125984251968,2.15409419538187,5.09681896503281,0.566755207692544,0.453404166154035,0.239314951096818,0.000677748216644993,16.8126929133858,485.917224409449
"main_final_v003","M042_TWO_ROOT_n500","stress","main_primary","TWO_ROOT",500,500,"absolute","K3",0.25,2.5,999,451,0.00500000000000034,901,0.00250000000000039,2032,2032,0,0.949803149606299,0.939431646124659,0.958477172894533,0.949803149606299,0.949803149606299,0.949803149606299,0.949803149606299,0.949803149606299,0.949803149606299,0.0408464566929134,0.0408464566929134,0.0408464566929134,0.0408464566929134,0.0330713008354128,0.0503543795312099,0.0330713008354128,0.0503543795312099,0,0,0.016240157480315,0,,"TRUNCATED_TO_FIXED_NEIGHBORHOOD",,,,,,,,,,,,,,,,,0,0,0,0,0,0,0,0,0,0,"CONDITIONAL_ON_CONTINUUM_COVERAGE_AND_ROOT_COMPONENT_PRESENT",0,0,0,0,0,0,0,0,0,,,,,,,,,,,,,,,,,,,,,,,,,,,,,,,,,,,,,,,,,,,,,,,,,,,,,,,,,,,0,0.959153543307087,0.0378937007874016,,,2032,77,0.0378937007874016,77,154,-0.0694558998038146,0.252299111630744,0.0378937007874016,2032,77,1,77,77,1,0.0378937007874016,2032,77,0.0378937007874016,2032,77,1,77,77,1,0.0378937007874016,2032,77,,,,,,,,,,,0.926673228346457,0.0590551181102362,0,0.0270669291338583,0.0270669291338583,0,0,0.0270669291338583,4.55167322834646,4.44499338705708e-05,1.97555261646981e-05,9.76562500021316e-06,4.55167322834646,4.44499338705708e-05,0,0,0,0,4.55167322834646,4.44499338705708e-05,0,2.12612239551714,10.1362866466515,2.16881782591812,0.963919033741388,0.342986746015935,0.00826137240641511,11.5440398622047,156.631938976378
"main_final_v003","M043_TWO_ROOT_n1000","stress","main_primary","TWO_ROOT",1000,1000,"absolute","K3",0.25,2.5,999,451,0.00500000000000034,901,0.00250000000000039,2032,2032,0,0.951771653543307,0.941573583329943,0.96026481476592,0.951771653543307,0.951771653543307,0.951771653543307,0.951771653543307,0.951771653543307,0.951771653543307,0.0388779527559055,0.0388779527559055,0.0388779527559055,0.0388779527559055,0.031306227272423,0.0481898740175293,0.031306227272423,0.0481898740175293,0,0,0.0167322834645669,0,,"TRUNCATED_TO_FIXED_NEIGHBORHOOD",,,,,,,,,,,,,,,,,0,0,0,0,0,0,0,0,0,0,"CONDITIONAL_ON_CONTINUUM_COVERAGE_AND_ROOT_COMPONENT_PRESENT",0,0,0,0,0,0,0,0,0,,,,,,,,,,,,,,,,,,,,,,,,,,,,,,,,,,,,,,,,,,,,,,,,,,,,,,,,,,,0,0.961122047244094,0.0556102362204724,,,2032,113,0.0556102362204724,113,226,-0.0454154077994151,0.218150611861769,0.0556102362204724,2032,113,1,113,113,1,0.0556102362204724,2032,113,0.0556102362204724,2032,113,1,113,113,1,0.0556102362204724,2032,113,,,,,,,,,,,0.931594488188976,0.0575787401574803,0,0.0378937007874016,0.0378937007874016,0,0,0.0378937007874016,3.41043307086614,3.33050104576761e-05,1.48022268700783e-05,9.76562500021316e-06,3.41043307086614,3.33050104576761e-05,0,0,0,0,3.41043307086614,3.33050104576761e-05,0,2.1234632491839,7.15924641118267,2.16108399398684,0.96048177510526,0.342910324034683,0.00413276613578528,13.4128464566929,196.877263779528
"main_final_v003","M025_TWO_ROOT_STRONG_n500","stress","main_primary","TWO_ROOT_STRONG",500,500,"absolute","K3",0.25,2.5,999,451,0.00500000000000034,901,0.00250000000000039,2032,2032,0,0.948818897637795,0.938362186768745,0.957581842712112,0.948818897637795,0.948818897637795,0.948818897637795,0.948818897637795,0.948818897637795,0.948818897637795,0.0398622047244094,0.0398622047244094,0.0398622047244094,0.0398622047244094,0.032188073578392,0.0492728172498955,0.032188073578392,0.0492728172498955,0,0,0.00885826771653543,0,,"TRUNCATED_TO_FIXED_NEIGHBORHOOD",,,,,,,,,,,,,,,,,0,0,0,0,0,0,0,0,0,0,"CONDITIONAL_ON_CONTINUUM_COVERAGE_AND_ROOT_COMPONENT_PRESENT",0,0,0,0,0,0,0,0,0,,,,,,,,,,,,,,,,,,,,,,,,,,,,,,,,,,,,,,,,,,,,,,,,,,,,,,,,,,,0,0.960137795275591,0.0669291338582677,,,2032,136,0.0669291338582677,136,272,-0.030160222006633,0.220389102548548,0.0669291338582677,2032,136,1,136,136,1,0.0669291338582677,2032,136,0.0669291338582677,2032,136,1,136,136,1,0.0669291338582677,2032,136,,,,,,,,,,,0.933562992125984,0.0570866141732283,0,0.0378937007874016,0.0378937007874016,0,0,0.0378937007874016,1.6761811023622,1.63689560777559e-05,7.27509159011372e-06,9.76562500021316e-06,1.6761811023622,1.63689560777559e-05,0,0,0,0,1.6761811023622,1.63689560777559e-05,0,2.12668126265814,10.1186753987069,2.16842680202694,0.963745245345308,0.338182629382097,0.0082906420707117,10.1605875984252,156.697293307087
"main_final_v003","M026_TWO_ROOT_STRONG_n1000","stress","main_primary","TWO_ROOT_STRONG",1000,1000,"absolute","K3",0.25,2.5,999,451,0.00500000000000034,901,0.00250000000000039,2032,2032,0,0.948326771653543,0.937827822439857,0.957133812271833,0.948818897637795,0.948818897637795,0.948326771653543,0.948818897637795,0.948818897637795,0.948326771653543,0.0413385826771654,0.0413385826771654,0.0413385826771654,0.0413385826771654,0.0335134175218564,0.0508946576139339,0.0335134175218564,0.0508946576139339,0,0,0.0123031496062992,0,,"TRUNCATED_TO_FIXED_NEIGHBORHOOD",,,,,,,,,,,,,,,,,0,0,0,0,0,0,0,0,0,0,"CONDITIONAL_ON_CONTINUUM_COVERAGE_AND_ROOT_COMPONENT_PRESENT",0,0,0,0,0,0,0,0,0,,,,,,,,,,,,,,,,,,,,,,,,,,,,,,,,,,,,,,,,,,,,,,,,,,,,,,,,,,,0,0.958661417322835,0.108759842519685,,,2032,221,0.108759842519685,221,442,-0.0341003097195869,0.222029318365672,0.108759842519685,2032,221,1,221,221,1,0.108759842519685,2032,221,0.108759842519685,2032,221,1,221,221,1,0.108759842519685,2032,221,,,,,,,,,,,0.927657480314961,0.0605314960629921,0,0.0565944881889764,0.0565944881889764,0,0,0.0565944881889764,3.72293307086614,3.63567682701787e-05,1.6158563675635e-05,9.76562500021316e-06,3.72293307086614,3.63567682701787e-05,0,0,0,0,3.72293307086614,3.63567682701787e-05,0.000492125984251968,2.12772961972635,7.16537514757918,2.14852799062654,0.95490132916735,0.339270539827436,0.00412630782843504,12.1324458661417,199.180954724409
"main_final_v003","M052_TWO_ROOT_SV_POWER_n2000","power","main_primary","TWO_ROOT_SV_POWER",2000,2000,"absolute","K3",0.25,2.5,999,451,0.00500000000000034,901,0.00250000000000039,2032,2032,0,0.954232283464567,0.944256968172451,0.96249340376925,0.954232283464567,0.954232283464567,0.954232283464567,0.954232283464567,0.954232283464567,0.954232283464567,0.0359251968503937,0.0359251968503937,0.0359251968503937,0.0359251968503937,0.0286694898465067,0.0449322428284399,0.0286694898465067,0.0449322428284399,0.424704724409449,0.399114173228346,0,0,,"TRUNCATED_TO_FIXED_NEIGHBORHOOD",,,,,,,,,,,,,,,,,0,0,0,0,0,0,0,0,0,0,"CONDITIONAL_ON_CONTINUUM_COVERAGE_AND_ROOT_COMPONENT_PRESENT",0,0,0,0,0,0,0,0,0,,,,,,,,,,,,,,,,,,,,,,,,,,,,,,,,,,,,,,,,,,,,,,,,,,,,,,,,,,,0.424704724409449,0.965551181102362,0.921259842519685,,,2032,1872,0.921259842519685,1872,3744,0.00463090288204455,0.123333685821771,0.921259842519685,2032,1872,0.971688034188034,1872,1819,0.957677165354331,0.895177165354331,2032,1819,0.921259842519685,2032,1872,0.984508547008547,1872,1843,0.985728346456693,0.906988188976378,2032,1843,,,,,,,,,,,0.90748031496063,0.0585629921259843,0,0.167814960629921,0.167814960629921,0,0,0.167814960629921,4.4876968503937,4.38251645546258e-05,1.9477850913167e-05,9.76562500021316e-06,4.4876968503937,4.38251645546258e-05,0,0,0,0,4.4876968503937,4.38251645546258e-05,0,2.21940961381732,552.517613456744,1.34822788028266,0.59921239123674,0.114237073985779,0.00578409717026627,16.6361323818898,282.675787401575
"main_final_v003","M053_TWO_ROOT_SV_POWER_n4000","power","main_primary","TWO_ROOT_SV_POWER",4000,4000,"absolute","K3",0.25,2.5,999,451,0.00500000000000034,901,0.00250000000000039,2032,2032,0,0.943897637795276,0.933028943529037,0.953091138260144,0.943897637795276,0.943897637795276,0.943897637795276,0.943897637795276,0.943897637795276,0.943897637795276,0.0433070866141732,0.0433070866141732,0.0433070866141732,0.0433070866141732,0.0352851087291446,0.0530525454833161,0.0352851087291446,0.0530525454833161,0.711614173228346,0.711614173228346,0,0,,"TRUNCATED_TO_FIXED_NEIGHBORHOOD",,,,,,,,,,,,,,,,,0,0,0,0,0,0,0,0,0,0,"CONDITIONAL_ON_CONTINUUM_COVERAGE_AND_ROOT_COMPONENT_PRESENT",0,0,0,0,0,0,0,0,0,,,,,,,,,,,,,,,,,,,,,,,,,,,,,,,,,,,,,,,,,,,,,,,,,,,,,,,,,,,0.711614173228346,0.959645669291339,0.984251968503937,,,2032,2000,0.984251968503937,2000,4000,0.00154421893412474,0.105184087670736,0.984251968503937,2032,2000,0.942,2000,1884,0.938976377952756,0.927165354330709,2032,1884,0.984251968503937,2032,2000,0.961,2000,1922,0.961614173228346,0.945866141732283,2032,1922,,,,,,,,,,,0.902066929133858,0.0738188976377953,0,0.198818897637795,0.198818897637795,0,0,0.198818897637795,5.7878937007874,5.6522399421752e-05,2.51210664096675e-05,9.76562500021316e-06,5.7878937007874,5.6522399421752e-05,0,0,0,0,5.7878937007874,5.6522399421752e-05,0,2.22013873744754,391.064005565138,1.01387788066714,0.450612391407617,0.114240120480613,0.00288933202803901,20.393093996063,440.281692913386
"main_final_v003","M054_TWO_ROOT_SV_POWER_n8000","power","main_primary","TWO_ROOT_SV_POWER",8000,8000,"absolute","K3",0.25,2.5,999,451,0.00500000000000034,901,0.00250000000000039,2032,2032,0,0.948818897637795,0.938362186768745,0.957581842712112,0.949803149606299,0.949803149606299,0.948818897637795,0.949803149606299,0.949803149606299,0.948818897637795,0.0364173228346457,0.0364173228346457,0.0364173228346457,0.0364173228346457,0.0291079889034999,0.0454761385406144,0.0291079889034999,0.0454761385406144,0.960629921259842,0.960629921259842,0,0,,"TRUNCATED_TO_FIXED_NEIGHBORHOOD",,,,,,,,,,,,,,,,,0,0,0,0,0,0,0,0,0,0,"CONDITIONAL_ON_CONTINUUM_COVERAGE_AND_ROOT_COMPONENT_PRESENT",0,0,0,0,0,0,0,0,0,,,,,,,,,,,,,,,,,,,,,,,,,,,,,,,,,,,,,,,,,,,,,,,,,,,,,,,,,,,0.960629921259842,0.968011811023622,0.999015748031496,,,2032,2030,0.999015748031496,2030,4060,0.000618897604954094,0.0748594399933148,0.999015748031496,2032,2030,0.940394088669951,2030,1909,0.940452755905512,0.939468503937008,2032,1909,0.999015748031496,2032,2030,0.958128078817734,2030,1945,0.958169291338583,0.957185039370079,2032,1945,,,,,,,,,,,0.910925196850394,0.0615157480314961,0,0.222933070866142,0.222933070866142,0,0,0.222933070866142,2.20767716535433,2.15593473179165e-05,9.5819321412962e-06,9.76562500021316e-06,2.20767716535433,2.15593473179165e-05,0,0,0,0,2.20767716535433,2.15593473179165e-05,0.000984251968503937,2.2213949154743,276.824404062341,0.684705368402436,0.304313497067749,0.114272600688713,0.00144353495046481,29.8202893700787,735.866830708661
