"replication","supremum"
1,2.54135296806896
2,0.217387367798617
3,0.780638695768106
4,2.29123223215117
5,0.965574883535178
6,1.65573045070372
7,0.579440194952048
8,0.476084918774551
9,0.571336393174192
10,0.518609555885738
11,1.573323845446
12,0.399736795885192
13,0.324819041212586
14,1.42847545917801
15,0.347153697951853
16,0.673134089758434
17,0.980577169078126
18,1.47956289261207
19,1.3241590731327
20,1.56323410204372
21,1.27552480266922
22,1.70728033064851
23,1.91642916717549
24,1.83129642487633
25,0.874218822170612
26,0.450304221018633
27,1.56775782233045
28,0.378716951226506
29,0.561698918323584
30,2.33721038306818
31,1.09207135736565
32,1.79557292082696
33,1.14716835717073
34,1.16692982104439
35,1.15644717998182
36,1.06789994224813
37,0.133752570803903
38,1.04184258326887
39,2.04434127902813
40,1.37716966026294
41,0.893005769432734
42,1.8256226481523
43,0.485992574238857
44,1.67315577161115
45,1.03600226171795
46,1.68364663371136
47,2.73230483959395
48,1.79609755058873
49,1.05003772984716
50,1.93786849399064
51,1.34391989854042
52,0.56594055122446
53,0.376870647906538
54,2.01420514588937
55,0.113371519601389
56,0.466684757551034
57,0.701553383922174
58,0.730997232608645
59,1.12878227696527
60,0.512610459572915
61,0.807906955048719
62,0.691734126809285
63,0.560849113909922
64,1.22178035498351
65,0.642465109571415
66,1.76626988648701
67,0.718186229336241
68,0.199719784234241
69,1.16909217295557
70,1.62665576981035
71,1.61529924000849
72,0.297395070474194
73,2.53049436989856
74,1.78407003408608
75,0.698182324030561
76,1.46226197045334
77,0.481641220737858
78,1.05572057857346
79,0.191699523103658
80,1.84007810026391
81,0.383696662490654
82,0.257680319034681
83,1.30051800516207
84,0.217244599349973
85,1.30266131240827
86,0.614109009427429
87,1.10335012369753
88,0.28534381889267
89,1.269323493596
90,2.47913014337233
91,0.485682683003638
92,0.760176435885327
93,1.27550000042447
94,1.08936884739733
95,1.01162632208509
96,1.49556792682717
97,1.22667424398961
98,0.440735001038061
99,1.29280112373016
100,1.13181029438395
101,0.894943667214792
102,0.762211333250967
103,0.858725075145553
104,0.778325033660416
105,0.433571672808024
106,1.24424018336897
107,1.50721093714075
108,0.476694041577241
109,1.65265993245637
110,0.69470052550365
111,1.34643445076163
112,1.48628769400373
113,2.68635690662425
114,0.573684210031285
115,1.55516332175737
116,0.186954951110384
117,1.26683385637085
118,0.605580944021212
119,1.11646343778127
120,1.12010596987879
121,0.742292944692422
122,1.00382569338651
123,0.381267938654589
124,1.0471162563783
125,1.18942905661794
126,1.10729497157854
127,0.204726924209086
128,1.90621841365979
129,1.59282422534088
130,0.0437687502455134
131,0.626187693241574
132,1.037108480703
133,1.80742240215637
134,0.702430790156461
135,0.6490960505466
136,1.56784697949647
137,0.605690557251701
138,0.794445295537001
139,2.45348410433981
140,0.989230454135629
141,1.06073706929924
142,0.647004925656108
143,1.60931312710421
144,0.171230829126539
145,1.63833732448598
146,1.18911846325142
147,0.940500957992194
148,0.765225135392683
149,1.2334357754119
150,1.23192217916055
151,1.51760765323519
152,0.545467306749554
153,0.524113565859786
154,0.342514330755296
155,1.21176707027698
156,1.91758063886903
157,2.70677510433282
158,1.1780496059529
159,1.11101710979245
160,2.4297160181559
161,0.183433638106421
162,1.61189715934604
163,0.653770805379435
164,0.391840556579216
165,1.40163823560502
166,1.23712798657579
167,1.64632326036177
168,0.537613354314224
169,0.632348053354844
170,0.517609114748069
171,0.709597951487558
172,0.264168321790442
173,0.675508534754404
174,1.01128585016188
175,1.48884862662127
176,0.427903360439228
177,0.653314773045447
178,1.87040389840986
179,0.438719215504911
180,1.22936981711117
181,1.06053301501891
182,0.416689616487311
183,0.316789772140582
184,1.60434640221693
185,1.07313162921572
186,0.7620957741187
187,0.659742752796862
188,1.02137889742888
189,0.963507628189588
190,0.333754421850599
191,0.82368193786716
192,0.700393659190944
193,2.22115515081033
194,2.39467974303145
195,1.14052264426817
196,1.80793561464274
197,0.960616721977472
198,0.896797608291035
199,1.8853653894313
200,0.391456551006859
201,0.77063917273594
202,1.97165376917303
203,1.7760697338055
204,0.217459729395673
205,0.607834141165019
206,0.388718756354954
207,0.332603505708851
208,0.663381577227096
209,0.140604405226396
210,1.47846142250255
211,0.394763159962988
212,0.860740972181333
213,0.781734593997605
214,0.572953194820034
215,0.685089390775653
216,0.697160657843764
217,2.04854315775827
218,1.83305039358735
219,1.97380664672623
220,1.70953840896363
221,1.57049561319055
222,0.445081512548225
223,0.466324950591813
224,1.58944413762594
225,1.34408175844784
226,1.18161779157963
227,1.43345959176005
228,2.03421801808287
229,1.09261228279999
230,0.730994669798798
231,0.498030119313477
232,2.51080922873884
233,0.977603126697796
234,0.502572792120504
235,0.72917205006463
236,2.73032551784146
237,0.5819979780034
238,0.66057532213408
239,1.62013332124329
240,0.845343253193842
241,1.35514547132333
242,0.744688681626109
243,0.565379002877447
244,1.82695499097101
245,1.27194041223741
246,0.811791113473655
247,1.56052079068301
248,1.23427958238774
249,1.50458152026223
250,0.72011252931514
251,1.30953658201693
252,0.26621900277051
253,1.89118252648728
254,0.869655397870867
255,0.940913753669842
256,1.05654025069974
257,1.38689716439595
258,0.824937448934055
259,1.38483795692377
260,1.69569006128243
261,1.51067141389146
262,1.86627606861213
263,1.79617134092946
264,1.39100136332667
265,0.240083484325252
266,0.944638990628944
267,0.773469377899697
268,1.19043582234157
269,1.79072256379395
270,0.50549743626965
271,0.648971678126458
272,0.73693893872001
273,0.678324169191507
274,1.8085285785992
275,0.654116489264625
276,1.78471182441986
277,1.12449291936362
278,1.02058680501631
279,1.06489092028124
280,0.980057795359438
281,0.739540828900648
282,0.973107365355811
283,1.49888185322796
284,1.06484171543819
285,1.47213660526581
286,1.19416173962231
287,1.48581550862646
288,1.01422679342803
289,1.30796800653055
290,0.205940086067065
291,0.931915730036775
292,0.553075875099167
293,1.20417922513399
294,0.210198699736881
295,0.559038672039146
296,0.97461133525362
297,1.91345199721602
298,1.50291201815773
299,0.925210686349672
300,0.731676002736808
301,1.91556834470203
302,0.713984629997435
303,0.883767163094904
304,1.71422955366812
305,1.09305319649993
306,1.04766737975971
307,0.933484385415011
308,0.462900479797004
309,1.82400323717179
310,0.89813524624183
311,1.4372488325336
312,2.37676710137072
313,2.37942453076576
314,2.03945585749277
315,2.25483003959604
316,0.325213436020078
317,1.95007167449671
318,2.13249399096568
319,0.509855669942798
320,0.483084523172838
321,0.843861965563598
322,1.72238328439914
323,0.685104710568277
324,0.291443055973032
325,0.758810709635918
326,0.885749753537323
327,1.37357438521683
328,0.661106570852436
329,0.750155345525467
330,0.913737694940435
331,1.00011737468256
332,0.703334763851585
333,0.681858499729878
334,0.164152295015044
335,0.784328527325939
336,0.23956534843681
337,0.26314243219677
338,0.860227888842168
339,1.36139900742503
340,0.457179036664416
341,1.54685088409602
342,0.332331800059189
343,2.18004754123117
344,1.74474751724935
345,1.50362083939495
346,1.21504169166492
347,0.839365593161604
348,0.323800497539152
349,1.03888364333053
350,0.842798748010589
351,0.25724217712113
352,0.737458395882809
353,0.219761770403565
354,0.907938419838461
355,1.71085407373881
356,0.83133622645626
357,1.9673503566932
358,1.83912633174064
359,0.629924512600171
360,1.37699861828697
361,0.64871318712734
362,0.554512115640847
363,0.201253668457295
364,0.0946802076572979
365,0.299173149743783
366,0.197945908371414
367,1.0997476349933
368,1.29728178001397
369,1.27944851990719
370,1.29085022118427
371,0.651697274178405
372,0.489093699089482
373,0.419348194766123
374,1.13230456390032
375,0.38311080871916
376,0.523124047586858
377,0.993638861272505
378,0.589932317379726
379,1.17074988950707
380,0.247594523429093
381,1.66946809192977
382,1.14615766554051
383,1.09371332877179
384,1.31890269920659
385,1.10556985953586
386,1.43364175729552
387,0.65102574467266
388,0.273337488620708
389,0.375064630392604
390,1.2102202480803
391,1.70065628399021
392,0.573106856581595
393,1.53911825118069
394,1.1931353593676
395,0.689605693594578
396,1.19249196325492
397,1.70592453700612
398,0.96959711316764
399,0.859794665041206
400,1.38053053416922
401,1.30040592477173
402,0.965864139090515
403,0.248877450491799
404,0.51888793203056
405,0.591878745180745
406,1.46271051822152
407,1.97084031683646
408,1.03474556666293
409,0.306770880628421
410,0.465494525892446
411,1.39737917202472
412,0.205023465422033
413,0.758365515602205
414,0.125970196583797
415,0.812058779739711
416,0.467896609129966
417,1.48700693640267
418,0.837375233246992
419,0.966758937345964
420,1.60191134088866
421,0.983123085867593
422,1.56999780892611
423,1.65812405324227
424,1.78333371975035
425,3.32606739318948
426,0.511973878175478
427,0.816533564019541
428,0.730974108722237
429,0.389052465528873
430,0.463981696448454
431,0.704049635827138
432,1.07318382724241
433,0.295823365589747
434,2.2094078676378
435,0.465389201501514
436,1.68384451765161
437,0.173215300249859
438,1.16267453937303
439,1.87150166954782
440,0.587548356578514
441,1.86457423332255
442,1.64310441946551
443,1.28943109501314
444,0.433432778588797
445,0.33197817736667
446,1.23346720354377
447,0.993236797390867
448,1.82824932673156
449,0.971030512628879
450,1.39531938376708
451,0.174611456511397
452,1.91225568804545
453,1.15694284240645
454,0.519306920952791
455,0.613888462429126
456,0.879605243187444
457,1.39101045164098
458,1.7226797763674
459,0.711608286553589
460,1.39321187982105
461,0.605960774662751
462,1.90941061047655
463,0.513280934545287
464,1.21564543395239
465,1.49206423850698
466,0.445095856726884
467,0.742571080201504
468,0.15531808866574
469,0.431943965395604
470,0.28896080339853
471,2.06310283534389
472,0.843692203288404
473,0.789981399132087
474,0.603156084287884
475,0.919897238562295
476,2.39011536525848
477,0.502116622306783
478,0.561405873714682
479,0.600706846439295
480,0.664495738139662
481,1.04008545229712
482,1.37121962114639
483,1.10977098074954
484,1.3392982455421
485,0.579662751024897
486,0.508243947182873
487,1.66689815745325
488,2.16114333019479
489,1.943017202535
490,1.65000759731818
491,0.610777679843049
492,0.31809685718546
493,2.71901569478834
494,1.70008600110761
495,1.49852656429115
496,0.911850578059907
497,2.15513258272164
498,0.361614931456671
499,1.26656250359479
500,0.575296538519632
501,1.13004849267552
502,0.89101720340154
503,0.489782111768524
504,1.44060198539335
505,2.40919106525288
506,0.544567813850624
507,1.38912937368217
508,1.33159307566249
509,0.228250773092828
510,0.535355116933922
511,1.37357213060723
512,0.35911954097639
513,0.579373212127496
514,0.859870984364553
515,0.767031805875541
516,1.07036160586087
517,1.86576727004447
518,1.03030890324927
519,0.679162579946412
520,0.306028623795837
521,0.913774267090473
522,1.0141807533513
523,0.521206112287449
524,1.39612612897183
525,0.596038749099936
526,1.52687715679306
527,0.269749863209471
528,0.887939525029278
529,0.186175838924033
530,1.00754632886119
531,0.881502890645825
532,1.05352171794025
533,1.33798172479112
534,0.267145362227323
535,2.04985007973739
536,0.671198895602412
537,1.61421978879415
538,0.880265585310633
539,0.169565484245462
540,0.469751321312696
541,1.01941191281245
542,1.44484301326568
543,0.261651837639182
544,0.502501023660073
545,1.97743442665825
546,1.02822514418058
547,1.42534674294908
548,1.41832038659618
549,0.800346092892736
550,0.588235624212344
551,1.12713797709885
552,3.53899824828532
553,0.807090105400811
554,0.222266737591597
555,0.311778523910712
556,0.508862028446847
557,1.05123587366179
558,1.67697586442003
559,1.33366294510091
560,1.15070890788225
561,1.51064267127373
562,0.591709386340914
563,0.330699132913013
564,0.636728907173507
565,0.620265853297777
566,1.097257626848
567,1.57667015523142
568,0.813053940413064
569,2.48818554299301
570,0.91195245558348
571,0.884992207843012
572,1.02998026794817
573,0.911702369936247
574,1.59803611604353
575,1.30408351132705
576,1.72297224551354
577,2.03213511095019
578,0.168191571809312
579,1.51371588671613
580,1.74910865746266
581,1.23645570205309
582,1.13783982736413
583,0.509862422178224
584,0.616327080965189
585,0.889739535273526
586,0.764999329573619
587,0.534329101559589
588,0.420626273843954
589,2.12258151968144
590,1.35987908690306
591,0.465536557668986
592,1.72815721336614
593,0.758703610108904
594,0.584829851959167
595,0.524367985799916
596,0.727691324851614
597,1.03742917343558
598,2.19600443530077
599,0.496641727855916
600,1.68431822257175
601,0.570914584912255
602,0.226809104970236
603,0.638922817366405
604,0.188005039992796
605,1.62677623556355
606,0.65121834214714
607,1.25591592187247
608,1.63071850919016
609,0.949771949028799
610,0.386894539407013
611,0.789532491426935
612,1.2298657399708
613,2.41874282062879
614,0.70227508394223
615,1.99988676501614
616,1.15368431620738
617,0.530572704435155
618,0.231003968844167
619,1.82779962558929
620,0.624392162387415
621,0.133781166796319
622,1.34571955880394
623,0.351150696140869
624,1.40023839180142
625,0.280966909383058
626,1.43028422372007
627,1.77220960517661
628,0.614181240713959
629,0.12432082002153
630,0.260182865271854
631,1.56828652142001
632,0.536763398850684
633,0.321946366767694
634,1.37151059042957
635,0.312327392969845
636,0.701056058600606
637,2.09875614116831
638,0.316014537688763
639,0.643533783234486
640,1.44962170290901
641,0.650211313487205
642,0.92529807434032
643,0.867066719211742
644,0.604826805584792
645,0.794233598003709
646,0.479209416072091
647,0.487101127349749
648,1.43189437735426
649,0.730666823185041
650,0.594424117877994
651,0.678438487930661
652,0.328182236930752
653,0.841003323740785
654,0.485420822719243
655,1.4995260092535
656,0.123246701078368
657,0.604993616409139
658,0.40666253288613
659,0.531860543458476
660,1.79829744105203
661,0.740401906764456
662,1.80122558515222
663,0.872210403138499
664,1.82422320891415
665,1.01211455529018
666,0.484673753973448
667,1.86540412405437
668,1.09898569348215
669,1.09596775475561
670,1.20870346696218
671,0.657378515449528
672,0.958412773578629
673,1.1597498396205
674,0.5826412878344
675,0.316701902478165
676,0.790079565383026
677,0.48671907941476
678,1.07931568421002
679,2.35795305719955
680,0.375476954766484
681,1.34447505070175
682,0.495356237712444
683,1.65328680459098
684,0.460878159009673
685,1.78080041197946
686,0.246056093899614
687,1.23904730902302
688,0.600448884982687
689,0.400457255064494
690,1.05671703685361
691,0.964709495359677
692,1.42458179464287
693,2.27691911453929
694,0.372416711852037
695,1.81458616297136
696,1.98438532934809
697,1.04213611369663
698,0.656078577445445
699,1.35943265555113
700,0.793927141420972
701,1.36625119124574
702,0.528860582123986
703,0.534971979610154
704,1.08924314210651
705,0.0896108312836968
706,0.398642459055042
707,0.978922528320952
708,1.75196036312149
709,1.22475877969499
710,1.59036451391412
711,0.329045171885492
712,0.710891932126963
713,0.917489446558353
714,1.34997045978263
715,0.659557873379755
716,1.13798068962454
717,1.51685878913239
718,1.62300023000855
719,0.862680091840722
720,2.25311846673286
721,1.64952404547197
722,1.8045038180349
723,0.980172020520067
724,1.68902355742465
725,0.712507958630777
726,0.606077901128663
727,1.24253568718873
728,0.698254303709967
729,0.703095247768056
730,0.601549672376996
731,1.88850035436755
732,0.856986019450855
733,0.767152943086932
734,2.33392035685295
735,0.699430447042775
736,0.523948399280054
737,2.10006505836534
738,0.958103571367716
739,1.88803024614733
740,1.31089742581855
741,2.07104705282929
742,1.76883139621484
743,1.04399287149197
744,0.578949047703661
745,0.754190707565976
746,1.64769878878989
747,1.58280997031775
748,1.20317684943599
749,2.59330180265504
750,1.10714860570981
751,0.353118045960211
752,1.51357627864621
753,1.43360946139254
754,0.420763158483154
755,1.01662013582908
756,0.815507301448385
757,1.46460918904384
758,0.161329005408199
759,0.570747430235504
760,0.944927836745901
761,1.04167509643656
762,1.69446684558419
763,0.457760900811319
764,0.570872258614165
765,1.38610035188041
766,1.21125460750332
767,1.17770960827541
768,0.805149927918512
769,1.61855432834191
770,0.798790821208581
771,0.294497248762767
772,0.872410365836519
773,1.4595392516684
774,1.46613757424176
775,0.751023201333309
776,1.19154855292972
777,2.24755870611211
778,0.610932967493244
779,1.7430881225933
780,0.712767735357308
781,1.48800154369113
782,2.4970971746456
783,1.34587437340205
784,1.41313936372631
785,1.3092016547694
786,2.29549926111514
787,1.73678819004728
788,1.04269378422711
789,2.24973655721106
790,0.841788154133325
791,1.2023248767998
792,1.50604218474331
793,0.63534083422585
794,0.946609320277278
795,1.69996751960093
796,0.711491759209496
797,0.52398181780905
798,0.352205456948598
799,1.34129306259538
800,0.537632228889245
801,0.67105218576502
802,1.45021241411753
803,1.57002463020964
804,1.82954002739022
805,0.358622820043845
806,0.875294197873067
807,1.99279413095436
808,1.41425839776889
809,0.210105004999488
810,2.31438050680141
811,0.866514827914069
812,0.680451466756562
813,1.35590521248571
814,1.20195852570897
815,1.33033364177031
816,0.348367121244589
817,0.399535404483903
818,0.826115871835382
819,2.25265384065347
820,1.57809035559481
821,1.56773274742219
822,1.43741303591035
823,2.12585690409547
824,1.16132657223363
825,1.35094399682733
826,1.02773377462371
827,0.698693915057545
828,1.09915966533249
829,0.641328141327122
830,0.601515347583342
831,1.65439911243095
832,1.20651240515598
833,1.11069531738432
834,0.542773197592079
835,0.515363155708738
836,1.73477796048103
837,1.29118527081903
838,0.557563211109358
839,1.06640362487875
840,1.21483190058713
841,0.331577350769629
842,1.16849598228374
843,1.80672204918937
844,1.08011702016594
845,1.46057101921062
846,0.466761356044442
847,1.58889298844791
848,0.66304501333064
849,0.821825236042877
850,0.553707009910921
851,0.798584273652528
852,1.80716671833536
853,0.661484216287832
854,1.03499103466804
855,0.132841475242095
856,1.09651846514444
857,1.99223264257829
858,0.351352204332808
859,0.472156625773731
860,0.912294125604784
861,0.144559119470729
862,0.260224458511107
863,2.61065596429971
864,1.23682575987251
865,0.942150805252436
866,0.951450475003258
867,1.51916317438359
868,1.40753202113471
869,1.46069771574662
870,1.09406332237247
871,1.25077800780696
872,0.57938205354712
873,1.23838356311269
874,0.974009166602106
875,1.02284598013606
876,0.40153563750802
877,0.431626409999163
878,0.574593713902114
879,0.730018662198873
880,1.55509878409806
881,0.868883145505102
882,0.943996301875684
883,0.753676919483794
884,1.08131284920857
885,0.413093634641422
886,1.19085834537848
887,1.56573979266221
888,2.02537159301513
889,0.511661483586825
890,1.08425442757529
891,0.499770569586853
892,0.910238638455071
893,0.829108922215286
894,0.492250062237453
895,1.10213306620988
896,0.834548750248335
897,0.943888607247112
898,0.773752332684057
899,0.331556488075799
900,0.720725097741624
901,1.74068032789317
902,0.694153061068043
903,0.772060558436805
904,0.411153186694954
905,0.757468587898446
906,2.21993613709804
907,0.329976610023458
908,0.97588270096509
909,1.09865595773429
910,0.560454820608314
911,0.369379795889496
912,0.690147845518909
913,1.03442788287457
914,0.969883403822468
915,1.67007275943013
916,0.827493992971095
917,0.404350052194394
918,1.1077036714911
919,1.53161463388998
920,0.944093112279279
921,0.0664954432098648
922,0.466966176728743
923,0.479447026761442
924,0.881845124345774
925,0.601830662539291
926,0.556843350331058
927,2.40664304404644
928,1.46311825911083
929,0.913606875844583
930,0.733179511031361
931,0.422880984199748
932,1.23789582921069
933,1.44727337548106
934,0.733615640826226
935,0.587393362622386
936,0.272376562536026
937,0.400167334828969
938,0.521615845211258
939,1.09434608508387
940,0.39458443625159
941,0.455452833990533
942,1.11486027445838
943,0.69008264171514
944,1.45606610700416
945,1.45678986183414
946,0.982230695698497
947,1.3363173295338
948,1.64949307592238
949,1.02363310059875
950,0.882471478562978
951,0.371528286254886
952,1.09999670116664
953,0.585441489718228
954,0.837487181032284
955,0.474313362968249
956,1.82952701342556
957,2.21391428352565
958,1.98901161866643
959,1.10758002653383
960,0.959663804016187
961,0.991989552003591
962,0.871778813441078
963,0.314740616441558
964,1.75082731972835
965,1.52130629936656
966,1.85986627391965
967,1.20419365547835
968,2.45096401071048
969,0.858250824652563
970,1.42325254061071
971,1.542897903278
972,0.565424837260097
973,0.889723349192515
974,1.72380343452594
975,0.662741432750481
976,0.963474385791468
977,0.763083911641637
978,0.668387985096464
979,1.26139454222317
980,1.17261325964296
981,0.807091235204517
982,0.349852765634264
983,0.700696392611872
984,0.728306796845816
985,0.593009735947546
986,0.508978541234791
987,0.453659657235149
988,1.38756929859016
989,0.633843674495374
990,0.689906478856016
991,1.87264172613553
992,0.87067560332719
993,0.200745444658652
994,2.03931148316545
995,1.25725740485724
996,0.443582103197915
997,0.565546468365947
998,0.745965068499088
999,0.5563247730372
1000,0.72158823121774
1001,0.468773330794455
1002,1.37709219726227
1003,0.627745237223315
1004,0.855299732706833
1005,0.342861428098065
1006,1.79588242011317
1007,1.24848706474516
1008,1.94445078743655
1009,0.647686429679658
1010,1.87448705766956
1011,1.51908675530404
1012,2.01174210253794
1013,0.793640072226159
1014,0.706753164044007
1015,2.40121032254173
1016,0.467034218982588
1017,1.63017321912622
1018,1.80434051506103
1019,0.150325135678902
1020,1.69739993516362
1021,1.94411673357667
1022,1.98181582361622
1023,0.539289240927088
1024,2.11017969114433
1025,0.0681943719140661
1026,1.1579548690548
1027,0.671923156493948
1028,0.790199056776831
1029,1.04683723516491
1030,0.810215340793823
1031,0.702777928161718
1032,0.753564660574128
1033,1.37881776238437
1034,0.62533616423083
1035,1.8417336674605
1036,0.897239995715634
1037,0.751628900039045
1038,0.552995172237606
1039,1.22125640083266
1040,0.308318003568557
1041,0.708128081193956
1042,0.935875804370342
1043,0.526430652693823
1044,0.837646627090763
1045,0.822018363743265
1046,1.52706149969755
1047,2.38930179472589
1048,1.33514289150441
1049,2.30798313015062
1050,0.95249085452223
1051,1.52870520315956
1052,0.733177793432529
1053,1.57187382056753
1054,0.178201890533187
1055,0.57941642043273
1056,0.973414711224162
1057,0.65324922790371
1058,0.504355420490325
1059,1.2172360759175
1060,2.25126743075449
1061,1.63928951641992
1062,0.830335433911617
1063,0.522785600186565
1064,0.489122958019271
1065,0.35015681353439
1066,1.57756314144117
1067,2.24199144615347
1068,0.291385510849933
1069,0.459336191467547
1070,0.417577561819759
1071,0.877341639317287
1072,0.987187977463827
1073,1.40761266700649
1074,0.340762472334122
1075,0.577958257482648
1076,0.82312078576251
1077,0.583376990307979
1078,0.331866689757761
1079,0.878050702416831
1080,2.70266059020154
1081,2.33685596522509
1082,0.955014209953674
1083,0.492954574750947
1084,0.764478375422556
1085,0.501411595055667
1086,1.85572916607286
1087,1.33982478589952
1088,1.56357685423278
1089,0.0813519139460185
1090,0.493410893834137
1091,0.625912925665489
1092,1.7818399026328
1093,1.08520429181769
1094,0.14038652016685
1095,1.5553457408166
1096,0.859722703901901
1097,0.353962439034814
1098,2.27085812979126
1099,2.67125310086283
1100,0.222318872231341
1101,2.70274469559151
1102,0.356937097516276
1103,1.07578285672535
1104,0.829011802530986
1105,2.28610501009075
1106,1.10571881724335
1107,1.27660916687118
1108,1.59509436994243
1109,1.06739485417673
1110,1.52981112036624
1111,1.46645460199811
1112,0.629055514560837
1113,0.74218845308198
1114,1.31671073490672
1115,0.823164993322123
1116,2.02074243154571
1117,1.32058103398917
1118,0.845886296882628
1119,1.99513092985073
1120,0.682412091623943
1121,0.861365390524545
1122,2.74856935480917
1123,0.673975342897969
1124,1.58960917368586
1125,0.762037922989801
1126,1.35563934683278
1127,1.96990762858728
1128,0.631268700785481
1129,0.30652609527617
1130,0.358709695200873
1131,1.32363765330683
1132,1.4853957281646
1133,1.80732641844037
1134,0.812992916664014
1135,1.6745591149588
1136,1.38712290382352
1137,0.59708580082172
1138,0.488644735107184
1139,1.01933564936076
1140,1.53657801743206
1141,0.324952141319174
1142,1.66931053691751
1143,0.451029370705897
1144,0.407433250398968
1145,1.23378484624527
1146,1.80230562570192
1147,2.231622946798
1148,0.744050065697902
1149,0.475774132590702
1150,1.93102073384607
1151,0.957709697617715
1152,1.79739077125366
1153,0.732711819334892
1154,0.303599415910292
1155,1.06072790782118
1156,0.425980557347516
1157,0.307502164878997
1158,2.39420066915847
1159,0.283189017196461
1160,1.82073320826705
1161,1.34125203971306
1162,1.04562263497898
1163,0.761866006783412
1164,0.183399866567196
1165,1.05307218098682
1166,1.51453852719243
1167,1.6126983083081
1168,1.71975063262535
1169,1.0558908250427
1170,0.881505309396768
1171,0.436820093702782
1172,2.36374429346171
1173,0.588089086564501
1174,1.53966987469732
1175,1.725809884635
1176,1.71461189181405
1177,0.734920887966516
1178,1.03090959743388
1179,1.02859553838425
1180,1.75994016245401
1181,1.96983761018983
1182,1.04905033596414
1183,0.963081097781876
1184,0.663509007055604
1185,1.23292048210417
1186,1.01331896058142
1187,1.30710898674357
1188,1.55639520430505
1189,0.639636167516241
1190,1.17975970289332
1191,0.838771182222446
1192,1.10183838274618
1193,2.38382324874985
1194,0.421473937850585
1195,0.499128501640869
1196,1.09335756916674
1197,1.93964211020494
1198,0.632101507582811
1199,2.32835480134503
1200,1.21035829682255
1201,0.691531062121968
1202,1.60881409029133
1203,0.606429678614533
1204,0.868376130921577
1205,0.350903109386961
1206,0.895698515161197
1207,0.918333664297461
1208,0.444503522443821
1209,2.24355927634343
1210,0.987637267866092
1211,0.653009788636293
1212,2.21823562703789
1213,1.04645800166253
1214,2.07699644665044
1215,0.766386299099018
1216,0.414776255468106
1217,2.14740008989749
1218,0.599388883942745
1219,2.12938292187778
1220,1.43450511822796
1221,0.532790994286349
1222,0.513129053434319
1223,1.4410194754777
1224,0.265301265165527
1225,0.932334086773085
1226,0.410891523080476
1227,0.329210713101709
1228,0.871883812639735
1229,0.911232309575369
1230,0.345780824015547
1231,1.15043816782948
1232,0.994232454889012
1233,1.43169970915821
1234,0.79585223494472
1235,0.721489193695941
1236,1.12649992081764
1237,1.73085567306496
1238,0.825734996543902
1239,1.83525986356832
1240,1.2216758883923
1241,1.76116672975298
1242,0.894226570764778
1243,0.286062134214792
1244,0.393733889380326
1245,0.73819356761253
1246,2.00244024062849
1247,0.135544017646977
1248,1.71806640762618
1249,0.596785059759896
1250,0.214192880152108
1251,1.19569613522506
1252,0.908458231229741
1253,0.673364835880746
1254,0.658407006448349
1255,0.399154082545783
1256,0.419574175853533
1257,1.19026755868513
1258,3.21282274798137
1259,0.233668508630287
1260,1.03818157023406
1261,0.420443341144178
1262,1.37529271798803
1263,1.146344543865
1264,1.5665302393715
1265,2.4621166016568
1266,2.41058444639583
1267,1.89212691804831
1268,1.6887401064742
1269,1.12105325582691
1270,1.04219327650082
1271,0.577214745097723
1272,0.982171272483978
1273,0.982573625586801
1274,0.429425703743099
1275,1.3579820883541
1276,1.29545786435338
1277,0.533866847762846
1278,0.825849309840942
1279,0.576640316522407
1280,0.578062067253134
1281,2.05813396202095
1282,0.818119739677199
1283,0.592510677793587
1284,0.800833592890423
1285,1.5590604191252
1286,0.874971774126242
1287,0.739479996216805
1288,0.615105806237493
1289,1.92992367420265
1290,2.15545170501845
1291,1.19015785585531
1292,0.725723997261341
1293,0.726470488655845
1294,0.40411476577205
1295,0.42902377827585
1296,0.313350744997903
1297,2.22160492032911
1298,0.866987440862332
1299,2.32439818889532
1300,0.757317980172641
1301,1.6184954100399
1302,0.951117255475989
1303,0.847150356782586
1304,0.449421113765527
1305,0.910753773002472
1306,1.02558940424091
1307,1.18161004925409
1308,0.940234537619756
1309,1.54866232297857
1310,2.06684314905236
1311,0.744153610906086
1312,1.06877288834764
1313,0.353314891711391
1314,0.593331705855824
1315,0.310402914779308
1316,0.575277858817267
1317,0.719695134988938
1318,0.550379495908589
1319,0.795079584792972
1320,1.46832285560608
1321,2.02960084254069
1322,0.724235381150599
1323,1.27322328851673
1324,0.274741634406689
1325,1.3928280430808
1326,0.879579560322824
1327,0.848609299989143
1328,1.29670850207855
1329,2.12723709466965
1330,0.67527659735921
1331,0.530046930192508
1332,1.22396577918915
1333,0.405097770922108
1334,1.23271628067835
1335,0.534447728827762
1336,0.619097070975211
1337,0.505862071946392
1338,0.732077902426726
1339,1.62100669513951
1340,0.3678103597002
1341,0.348892614726288
1342,0.315839762018691
1343,0.971635960924424
1344,0.304418703680068
1345,1.80097390429382
1346,0.598798107362443
1347,1.09078283187984
1348,1.79935886881103
1349,2.38042785349074
1350,1.54172464171109
1351,0.582301765898074
1352,0.499338767467762
1353,0.837518809643096
1354,0.61000843553975
1355,0.878305749863677
1356,0.677599003313364
1357,0.590611192517161
1358,1.07217524898185
1359,0.194127255608448
1360,0.408967288217027
1361,1.04291976437577
1362,0.887448219255309
1363,2.02031037249248
1364,1.70224873614943
1365,1.76160748419549
1366,1.74968824021078
1367,0.262526376647327
1368,1.47742007435096
1369,0.485505090758283
1370,0.456468413235973
1371,1.75291408861606
1372,0.584467391929964
1373,0.654655242071287
1374,1.45639512773744
1375,2.1187106600021
1376,0.776144241878899
1377,0.687718313155727
1378,1.52538806147541
1379,1.08346263937119
1380,0.145798895441489
1381,1.29649166610111
1382,0.693160108109949
1383,0.74582945742914
1384,1.36086505221116
1385,0.432948215587041
1386,1.731562445727
1387,2.87394723109961
1388,0.0612863063945244
1389,0.380208660636731
1390,1.2863795152626
1391,1.18127469114649
1392,0.412280006215391
1393,1.27515341826329
1394,0.276960294431757
1395,1.03078837386796
1396,0.748609835023971
1397,0.577547038522968
1398,0.831043951099535
1399,1.6721966008386
1400,1.16752651787559
1401,0.856699967744849
1402,2.07629712560003
1403,0.61579357205784
1404,2.26786956554845
1405,0.630647436724347
1406,0.537931018276461
1407,1.08661118484515
1408,1.08726597405965
1409,0.777351355139655
1410,0.670834397237657
1411,0.676369393033745
1412,1.95970513651709
1413,0.723202326814824
1414,1.33942738654698
1415,0.847198751978822
1416,2.09502474983442
1417,0.13931382807345
1418,1.09126326665156
1419,0.730782815223922
1420,1.07939797862443
1421,1.4397968446809
1422,1.44569122224803
1423,0.788616162494014
1424,0.179878059494225
1425,1.21673858538789
1426,0.612787493108929
1427,1.00226280739563
1428,0.420009409624929
1429,0.222497581953847
1430,0.778631917083531
1431,1.60315746279242
1432,0.389939077490218
1433,1.68060949336469
1434,0.794958637045916
1435,2.18295440011669
1436,0.955653929431221
1437,0.966857267742333
1438,1.38404479596149
1439,0.266106406308943
1440,1.18397003765125
1441,1.99808714273684
1442,1.0766505729893
1443,1.60157082551833
1444,2.49867265902317
1445,1.96739457277653
1446,0.223000335202052
1447,0.730684223997285
1448,2.89508826202141
1449,0.671904205084843
1450,0.303892899734866
1451,1.45217079767329
1452,1.11893433055828
1453,2.31426889998113
1454,1.73181887209655
1455,0.08898878118066
1456,0.700275699357536
1457,0.90265441574357
1458,2.06641043584433
1459,1.71820596127801
1460,0.120112588597024
1461,1.57566558269711
1462,0.983743693955959
1463,2.06604139487714
1464,2.32357440408813
1465,1.63896884326376
1466,0.5972920103222
1467,0.331487982480545
1468,0.147542765942671
1469,0.960772952643295
1470,0.369449666966218
1471,0.295727582572842
1472,1.52648624550382
1473,0.204210217741466
1474,1.79957268079571
1475,1.86286957639426
1476,0.966732822740691
1477,0.555849240982603
1478,0.830109714110869
1479,0.439482344773581
1480,1.33133408055445
1481,1.32566855378159
1482,1.34442461224477
1483,2.78725093826517
1484,1.04221101030114
1485,1.04104775601097
1486,0.534489811095992
1487,1.1232808611643
1488,1.571917593364
1489,0.976050340695756
1490,1.71051348050234
1491,0.586741822905856
1492,0.631360064074355
1493,0.721594638273344
1494,1.03692630307384
1495,1.38870114392019
1496,2.11282090895631
1497,1.79934646393712
1498,1.35277292889885
1499,0.823936012235808
1500,0.339106622420403
1501,0.674541998974519
1502,1.52321916828654
1503,0.999390385489969
1504,2.77421944986125
1505,0.475040403049596
1506,0.673111239434304
1507,0.888434978649424
1508,1.02131865157581
1509,1.62037601088877
1510,1.18203544868011
1511,2.41235703716727
1512,0.700601722226527
1513,1.33073879016086
1514,0.942476180816834
1515,0.88854117982843
1516,1.45632992247672
1517,1.80141021483769
1518,0.674037062519683
1519,1.22009012995773
1520,0.460596867242838
1521,0.86164788094887
1522,0.215293831283881
1523,0.780245679065099
1524,1.84733271202134
1525,1.54716896479843
1526,1.20676470076205
1527,0.904111641472084
1528,0.0819040976252341
1529,0.881808652055194
1530,0.176545118476081
1531,0.674970628476859
1532,0.512855606025961
1533,1.08585607130733
1534,1.58943841953892
1535,1.56751220628198
1536,2.19196309776881
1537,0.631141841653023
1538,0.672470267638489
1539,1.56122069066065
1540,0.477401566449967
1541,0.822919963008008
1542,2.47280181829902
1543,1.16664614179453
1544,2.99362808959695
1545,0.751803984836975
1546,0.862382607259665
1547,1.19542360319926
1548,1.2299296861384
1549,1.69343822741079
1550,0.520451408791272
1551,0.725349604006372
1552,0.862680990403829
1553,0.650578145398512
1554,1.75630128394496
1555,1.40262456236409
1556,1.09009644683672
1557,0.515578375039855
1558,1.71703999184455
1559,1.1775667719652
1560,1.03808795668164
1561,1.02092909297976
1562,0.428568966703244
1563,0.363102353516359
1564,0.457585113335983
1565,0.360590197314776
1566,1.01862091805204
1567,1.60387851269156
1568,1.43985737697706
1569,0.588376224926635
1570,0.264900395811447
1571,1.12013964286533
1572,0.461998382555732
1573,0.467983595724695
1574,1.80457784652468
1575,1.12531360741866
1576,0.881922041864745
1577,1.11259719822339
1578,1.29812925869377
1579,1.03316923663566
1580,1.52995190888007
1581,0.42115041860924
1582,1.43928893208598
1583,2.37360884081184
1584,0.457435104575961
1585,0.229900893891839
1586,1.15848229132881
1587,2.07414365773668
1588,0.362872180183477
1589,1.17246647635204
1590,0.346666918643362
1591,0.236920874823436
1592,1.07211050095238
1593,1.05141745364894
1594,1.88883398327079
1595,1.35599233755304
1596,0.731377856958116
1597,0.534428001185707
1598,0.869475131217537
1599,0.951979514163318
1600,0.778344187655511
1601,0.638783364369366
1602,1.05885335203494
1603,2.67787670032564
1604,0.570851290805675
1605,0.981234638182088
1606,0.97329186859991
1607,0.064581108886157
1608,0.905687781983152
1609,1.37680411447068
1610,2.20937968245597
1611,1.37847413841856
1612,2.14226156524554
1613,0.488545790600483
1614,1.06294132323955
1615,0.866605482739124
1616,1.9349502276041
1617,0.899231746036692
1618,1.18185699661253
1619,1.95725271823765
1620,0.455797317636226
1621,1.24044116064821
1622,1.13553091972814
1623,2.8699798188773
1624,1.38242662152113
1625,0.208015000978042
1626,1.72639293130397
1627,2.41854547299724
1628,1.71482121773154
1629,1.03192107262467
1630,2.36775473141654
1631,2.40548725006104
1632,0.133457070411892
1633,1.13149578375699
1634,0.463668542332673
1635,1.19622709266411
1636,1.46140376256061
1637,1.01009754519853
1638,0.963992785385696
1639,1.37964636572318
1640,0.921470998536846
1641,0.327381569662073
1642,0.805799237995409
1643,0.665526829781742
1644,1.47082080303524
1645,1.39695730725192
1646,0.850209567634577
1647,0.443571623802105
1648,0.596428407607431
1649,0.963444619556308
1650,2.46406394754112
1651,0.717467112732201
1652,0.335001579181254
1653,1.10766765255575
1654,1.45664883106801
1655,0.151324632318062
1656,1.376698415901
1657,1.14137289259461
1658,0.561185205042884
1659,1.99056139394381
1660,1.59325262754226
1661,0.423324253997069
1662,1.0348484511316
1663,1.23987217838324
1664,1.42245939289841
1665,0.556003417262548
1666,1.52374527397
1667,1.50271046098717
1668,1.30383086027977
1669,1.83434891834965
1670,0.500823837299674
1671,1.19477173172901
1672,0.48032544414212
1673,1.96071195810742
1674,1.32324312326541
1675,0.741723677926139
1676,0.219249759857834
1677,0.324704455560204
1678,1.86316481165999
1679,1.41461249609415
1680,0.676353738409791
1681,1.04250018855515
1682,0.976201026793623
1683,0.808280323392134
1684,1.26227966579449
1685,1.00060599781644
1686,0.612714536042549
1687,1.12079655521084
1688,1.24855359831455
1689,1.10576841497506
1690,0.541567760161211
1691,0.398168108979603
1692,0.807613758631477
1693,1.13206266831366
1694,0.367602071936547
1695,0.654344410099766
1696,2.32288211598955
1697,0.629040223950532
1698,1.11658842837194
1699,0.675971389848773
1700,0.527434262718829
1701,0.715504736448087
1702,0.483695305292418
1703,1.45907807812606
1704,2.73934467573611
1705,0.623051363163383
1706,0.584609164013997
1707,0.82871449356241
1708,0.236246915538142
1709,0.822616492538024
1710,0.841903027446885
1711,0.935681830085996
1712,1.34491742547448
1713,0.78175823771234
1714,0.840878901898282
1715,1.40910460172626
1716,0.93972753911584
1717,1.25938682747717
1718,0.736392713125705
1719,0.87611258279039
1720,0.375636670261218
1721,2.30884573904206
1722,0.674420411807974
1723,0.722968159573993
1724,2.61133512183704
1725,3.14083892229426
1726,0.684601219484093
1727,1.09030020231148
1728,1.29415407751802
1729,0.178283840474653
1730,0.240171599879415
1731,3.44135043978948
1732,1.51021319343613
1733,1.44230077344202
1734,1.74314103940155
1735,0.612358480171589
1736,1.2033321066173
1737,1.39054317334657
1738,1.34099208960651
1739,1.31018231731964
1740,1.02783059672336
1741,0.96760153787351
1742,0.42749749123764
1743,1.44522360585642
1744,0.311233941529574
1745,0.624195288409201
1746,1.71611727437076
1747,0.23262027444327
1748,0.583738908255509
1749,0.750653127517921
1750,1.35852314223882
1751,0.557127484658882
1752,0.542807264764984
1753,0.635869704419701
1754,0.483197759017819
1755,1.05935292028738
1756,0.2823217429586
1757,0.780667238006084
1758,1.47475334010802
1759,0.481818993562091
1760,0.336071424910233
1761,0.780559149318502
1762,2.49047903777859
1763,0.730448847507772
1764,1.19391789334315
1765,0.535854819460644
1766,1.1420309744895
1767,0.514449098100751
1768,1.27580219011112
1769,1.25439167266091
1770,1.81675067735253
1771,0.780280662574392
1772,0.192979475240568
1773,0.643525635457674
1774,0.774637172283056
1775,0.222355507590013
1776,0.314903044558975
1777,2.77028730390548
1778,1.81472496250284
1779,0.787743610317376
1780,1.29239172616074
1781,1.32350445032619
1782,0.478803211871198
1783,0.313597415504502
1784,1.12841880864304
1785,2.63803879651499
1786,0.925355329189398
1787,0.167060503414793
1788,1.28026370410976
1789,0.949982204868367
1790,1.6906451985108
1791,0.643872767320387
1792,1.30188145837994
1793,0.339864829670642
1794,0.470316230022727
1795,0.23143713805913
1796,0.261242156014439
1797,1.26720092960019
1798,0.881048522165736
1799,1.58050759251409
1800,0.867949688724719
1801,2.39517182613311
1802,0.326259407538626
1803,1.55963423095661
1804,1.38129191515038
1805,1.32303220870428
1806,1.46764963605144
1807,0.702734666478515
1808,1.05500311655264
1809,1.33745411514437
1810,1.0040766020708
1811,0.96925449673321
1812,1.91479279695608
1813,0.875340731534642
1814,1.81592298045351
1815,2.14576377559249
1816,0.827865061793534
1817,2.16245149174271
1818,0.72166750835433
1819,0.888455335968364
1820,0.439325578212902
1821,0.580656975351072
1822,2.73238174493178
1823,0.749278914292021
1824,1.22690192886019
1825,1.26019711844496
1826,0.553948422237696
1827,2.07830738414172
1828,0.672505605339184
1829,1.44884921399592
1830,1.42827364686178
1831,1.61478771565805
1832,1.07419713003953
1833,1.65937769555845
1834,0.260731658776041
1835,0.652893996685061
1836,0.0795921335766246
1837,1.61566112265662
1838,0.232771621962776
1839,0.882895283467463
1840,1.39562732882189
1841,1.39279811196131
1842,0.956992726748356
1843,1.43890358512911
1844,1.10327795845967
1845,0.903241749710873
1846,1.50504347569389
1847,0.522917527960157
1848,0.379992675596138
1849,1.33832824696659
1850,0.957999349271575
1851,0.145311114663529
1852,0.465037849544846
1853,0.472806693521156
1854,1.40394166355266
1855,0.961918214266963
1856,0.856772358937913
1857,0.795035373084111
1858,1.3116566023852
1859,1.36446076700981
1860,1.46198782457345
1861,0.91681365819611
1862,0.399248227524871
1863,0.565864940351048
1864,0.070821791498414
1865,0.474427511044098
1866,0.579587284360413
1867,0.469340971699172
1868,2.27562569609021
1869,0.58749247693502
1870,0.13192147629983
1871,1.72512556336221
1872,1.15930255346737
1873,1.84580227257971
1874,0.959622399084761
1875,2.03596509660636
1876,1.44954534920232
1877,2.07493261001659
1878,0.958126347927754
1879,0.759471686978691
1880,0.841168025843922
1881,1.2959871562985
1882,0.624005974235519
1883,0.736403789886508
1884,0.74320925256809
1885,1.62580466274061
1886,0.745903400431123
1887,0.678237890906218
1888,1.09183105798112
1889,0.828047801476583
1890,1.15808768424665
1891,1.8973474883054
1892,0.443051866513869
1893,0.663866523798792
1894,0.710164488452808
1895,0.916920029340429
1896,1.18820914485418
1897,1.06815106233879
1898,0.706014341940692
1899,0.846970946109043
1900,1.72310062757753
1901,0.462691202381791
1902,1.29266080801574
1903,2.64174558293724
1904,2.43497613200071
1905,1.56659130423612
1906,0.331302366787348
1907,0.271577642217883
1908,1.29401089471997
1909,1.32483470338759
1910,1.22137052453972
1911,1.88528797781827
1912,0.931868960835908
1913,0.188193843470726
1914,0.854249849128235
1915,1.10527992319323
1916,2.39908089563104
1917,1.73569110892816
1918,0.787240061484001
1919,2.31243859198217
1920,2.59385114258933
1921,1.20889696240309
1922,0.588403985654751
1923,0.804076917181893
1924,1.2260415864354
1925,1.00018076544375
1926,0.781389498568983
1927,1.41191127133964
1928,0.574512237904608
1929,1.35093883632567
1930,0.608879679685198
1931,1.25940613777955
1932,1.15345923155796
1933,0.328027429645577
1934,0.031269530064923
1935,2.36884586247313
1936,0.925145733469048
1937,0.84450370557335
1938,0.512242895845239
1939,1.16603682792018
1940,1.5726260037206
1941,1.11294814429432
1942,1.23324791380688
1943,0.435940209170976
1944,0.144414275780323
1945,1.17088635591742
1946,1.39802328093403
1947,1.36053083087256
1948,0.422362031015939
1949,0.696144564256055
1950,2.70127960622429
1951,1.70416779595813
1952,0.880898686708747
1953,0.26890955694971
1954,1.56639965739589
1955,0.318035896649519
1956,0.254300468261591
1957,0.599048769468878
1958,0.889055544475475
1959,0.219288109295475
1960,1.05998210014688
1961,0.562532989773256
1962,2.38636773297883
1963,0.719807997184837
1964,0.112542757755693
1965,2.93655085320768
1966,1.60800753849574
1967,0.729036300029751
1968,0.621479719824595
1969,0.88760083340966
1970,1.02869308673751
1971,0.55354820918692
1972,1.84791806352078
1973,0.770225510017661
1974,2.11474092829418
1975,0.57194889634385
1976,1.18009081028772
1977,0.749689015364325
1978,0.254188307448509
1979,1.12112752923354
1980,0.43835055925523
1981,1.63239940414819
1982,0.143046785077885
1983,1.77718796804877
1984,1.64694762458804
1985,0.997657916858404
1986,1.31443520449267
1987,1.35379753182576
1988,1.01645028582111
1989,0.541376233939669
1990,1.64633404032758
1991,0.602641575331147
1992,2.52934758062484
1993,0.494942520903444
1994,1.82943237734815
1995,0.779195593436367
1996,0.598872656697965
1997,0.625920546124826
1998,1.9769429718704
1999,2.34437869638365
2000,0.22445186421436
2001,0.606821182368206
2002,1.39261660586034
2003,0.476206866450638
2004,1.38065217856597
2005,1.47052247183338
2006,0.386693575775274
2007,0.537462407983369
2008,0.673541135788333
2009,0.656436657410725
2010,1.48308991023669
2011,0.55771977105924
2012,2.78893189322272
2013,1.4065255005297
2014,0.949063273991641
2015,0.689168830047547
2016,1.95580618877674
2017,0.493270961344609
2018,0.955509944299803
2019,2.02246591314931
2020,0.343452564470495
2021,1.03243293540571
2022,0.219599639203836
2023,1.67704667042365
2024,0.486303895051741
2025,1.69634841283396
2026,1.32833384783993
2027,1.10087364250984
2028,1.64096407167818
2029,1.90432356722138
2030,1.43285559960804
2031,0.291126961905363
2032,1.01939979447134
2033,0.325312943550424
2034,0.292817084594467
2035,1.28377499803931
2036,0.845026282660091
2037,2.90993000073149
2038,1.93885973045211
2039,0.536183843200384
2040,0.779105361424646
2041,1.17340179988465
2042,0.246072285679768
2043,1.62499984415769
2044,0.395275970458561
2045,0.69874209266953
2046,1.47035748179742
2047,1.44774882611346
2048,0.58813498685972
2049,0.320924871180651
2050,1.04147063329306
2051,1.43759945384846
2052,0.813933349953691
2053,0.225406608443314
2054,0.796673571698834
2055,1.59674911202664
2056,1.07205671555656
2057,0.648349252912315
2058,1.28594887037755
2059,0.466920267438816
2060,0.541831421215548
2061,1.8501342682558
2062,1.86297947579388
2063,2.74468640218991
2064,1.04585056204432
2065,0.510520748180153
2066,1.61342289788279
2067,0.411267000620145
2068,0.636361421298051
2069,0.758759403578586
2070,0.803872266308673
2071,1.14341457109871
2072,0.303930014433182
2073,0.374513759320577
2074,2.68793329081703
2075,1.39007013893888
2076,1.25893208228975
2077,1.66284403280714
2078,0.502379741912418
2079,0.313125108260132
2080,0.612378913902365
2081,0.958801861255504
2082,1.10043635101108
2083,1.54436245931915
2084,0.50021758404005
2085,0.352571361549401
2086,0.750564018008052
2087,1.56067037543007
2088,0.505339162459415
2089,0.126900783468871
2090,1.47407772536218
2091,0.486487963600198
2092,0.776001288188749
2093,0.785597804548622
2094,0.988421625414576
2095,0.062136754779614
2096,0.701924687913078
2097,1.24739940163241
2098,1.26397983533451
2099,0.523655659645207
2100,1.7893103665565
2101,1.91455547739608
2102,0.6350204801399
2103,1.77703899599981
2104,1.60913723010927
2105,0.547802868357745
2106,0.940090686625075
2107,1.62376577601716
2108,1.10250363748957
2109,1.39819149499665
2110,1.8992401892869
2111,0.710806369692744
2112,1.72888758251478
2113,1.59139176711602
2114,2.44362424004461
2115,2.23292093063466
2116,0.9929971033599
2117,1.20157129603536
2118,0.959140668492227
2119,0.834346287382766
2120,0.622358342369926
2121,1.33387209557899
2122,0.266708868163935
2123,0.819248039590019
2124,0.790245181692039
2125,0.318663022822088
2126,0.687295578921267
2127,0.669786564947468
2128,1.15632610334218
2129,0.356283571010073
2130,2.38267984628421
2131,1.48853996828065
2132,0.292679910293762
2133,0.61100009531387
2134,0.804781817060915
2135,0.432923870459877
2136,1.25397082120046
2137,1.71120903806415
2138,0.759656862117198
2139,1.4629672924412
2140,0.452735949591729
2141,1.24588351297371
2142,1.08188149081398
2143,0.23239012176091
2144,1.20953866414361
2145,0.795741182565484
2146,0.967047272013049
2147,1.00794343688186
2148,1.03128438698424
2149,0.35143095412754
2150,1.18959785305973
2151,2.49854734558313
2152,0.715702787463194
2153,1.3465229843119
2154,1.09680245549331
2155,1.88438789828743
2156,0.285345016680198
2157,0.471467487117464
2158,0.39219216222388
2159,0.480080613789002
2160,0.469044323325851
2161,0.746849663162889
2162,1.24797075009788
2163,0.30053556717134
2164,0.74574493519693
2165,1.44834383399305
2166,2.00368831306772
2167,0.510829164672452
2168,0.960546275714582
2169,1.37186143601062
2170,1.6796519667773
2171,0.457326279871396
2172,0.357417332525077
2173,0.477455344841137
2174,0.309212782696588
2175,1.06959910762628
2176,0.11663781082605
2177,1.48924053495897
2178,0.816611100435298
2179,0.809190372442798
2180,1.89937614739859
2181,1.79057304848668
2182,0.877617996270106
2183,0.195394237556584
2184,0.547928062822539
2185,0.877812533766372
2186,0.940348362116255
2187,0.571967713550416
2188,2.13116187813995
2189,0.366192567570529
2190,2.93153524253026
2191,0.62019836693211
2192,1.71095316997638
2193,1.80523244508038
2194,1.15699082962017
2195,1.15992794341802
2196,2.17005143124091
2197,0.242619596255356
2198,0.678687722120174
2199,0.565841816943569
2200,0.736333117507889
2201,0.0826548653850279
2202,2.50527998014697
2203,0.926609353859247
2204,1.26938483319109
2205,1.10785500121732
2206,0.707833813196685
2207,0.715975610031131
2208,1.93253423050528
2209,0.241494777983796
2210,1.010842644217
2211,1.71228666756062
2212,1.45156383432417
2213,1.96701696923498
2214,0.871260276769483
2215,1.96942543472717
2216,1.26202313119596
2217,0.755458895905581
2218,1.55888101772387
2219,1.0269181505075
2220,0.747511046952186
2221,1.12319591651197
2222,2.33310110446995
2223,0.506605795885596
2224,0.35961804343031
2225,2.15843211303347
2226,0.945902600651381
2227,2.1753957778223
2228,0.446695139046297
2229,1.48956005109755
2230,0.959298565721505
2231,0.957410478642826
2232,1.58706089100176
2233,0.423077817480234
2234,1.55874870885503
2235,0.155391998188017
2236,0.420007626458739
2237,2.32813320622777
2238,1.33606404552805
2239,0.779325037193919
2240,2.06823809624782
2241,0.686782588141423
2242,0.916318198659148
2243,1.01037348158189
2244,0.13717979604836
2245,3.67585284688881
2246,1.25668917733716
2247,0.823474101092549
2248,0.692560904282759
2249,0.19162526822919
2250,0.958769496731229
2251,1.30989283660837
2252,0.96875718332028
2253,0.136630772934392
2254,1.35134421627026
2255,0.839115106412376
2256,1.55305996991163
2257,0.915663342813156
2258,1.68239674331086
2259,1.19847453356442
2260,0.711763470963685
2261,1.63732883758025
2262,0.606410558087473
2263,1.77881188564513
2264,0.863946271900782
2265,0.595864322541474
2266,1.8859151301794
2267,0.325654446347569
2268,1.22257572618775
2269,0.872072994400009
2270,1.57812949064901
2271,2.07005562935805
2272,0.940984908361
2273,0.481079966167918
2274,0.463345850642444
2275,1.23036378519501
2276,0.890166679650439
2277,0.651181336523775
2278,0.884941812173442
2279,0.122911900016746
2280,0.945004219181549
2281,1.25063711972919
2282,1.28775155999972
2283,0.998201198518681
2284,1.27966793093588
2285,0.907457025662415
2286,0.612338554630156
2287,0.834247437075454
2288,0.941418846758573
2289,1.3055851194435
2290,0.699854560487054
2291,0.160697362792934
2292,0.667000974736882
2293,0.999449998866888
2294,0.57672446047292
2295,2.29943963659446
2296,0.285901465373282
2297,1.30490200881007
2298,0.9975408307804
2299,0.949123541060065
2300,1.45787110115973
2301,0.181815430729525
2302,1.34195144992141
2303,0.739730525203737
2304,1.72763740325543
2305,0.507220183352457
2306,1.00636341594386
2307,0.491758732478347
2308,0.168450702394046
2309,0.38212189539943
2310,2.17581692608459
2311,0.262330510638057
2312,0.0683331443677928
2313,1.78074863435672
2314,1.69753584324516
2315,1.92265969733441
2316,1.3996627965864
2317,1.48729199625172
2318,0.432416425785672
2319,0.325665593349729
2320,1.44142674746103
2321,0.448759589354702
2322,0.597400768145051
2323,0.822382610136246
2324,1.6875390428529
2325,0.207384317070669
2326,2.80361900444261
2327,0.322417027180375
2328,0.357191154095947
2329,0.620265571926335
2330,0.654019304067186
2331,1.32538179050535
2332,0.412233164030753
2333,2.40405176899411
2334,1.60537873887748
2335,1.01251899821768
2336,1.38046826256458
2337,0.873123378848412
2338,0.304959113345962
2339,0.990779214361741
2340,1.12349126751031
2341,0.334920123237209
2342,1.73810300442878
2343,0.42041164362626
2344,2.65937070267295
2345,0.700766106118254
2346,1.35866611315518
2347,0.654580593833226
2348,0.868433995879975
2349,1.45987762190221
2350,1.16409682636407
2351,0.476515236911886
2352,1.04426300956493
2353,2.13048853071196
2354,0.288048727434645
2355,1.34967711279506
2356,1.14787702212281
2357,0.98320421623262
2358,0.645986011310101
2359,1.54541529555432
2360,0.906528843865654
2361,0.931076304280925
2362,0.355387633906646
2363,1.34280598763901
2364,0.139741769541876
2365,0.792049933393688
2366,0.867920494799945
2367,0.591276415550215
2368,1.20652734627003
2369,0.909740909426976
2370,0.263947703255307
2371,1.15343396590845
2372,1.309380312578
2373,0.668810156927782
2374,0.392853948728122
2375,0.312957255073283
2376,0.332522610832481
2377,1.41820171961082
2378,0.692628598226644
2379,0.337399758894951
2380,0.446717091102071
2381,0.265862819657062
2382,0.639373536662785
2383,0.404178739433552
2384,0.82805109326696
2385,0.487965678158449
2386,1.72768771634523
2387,2.02596478623073
2388,2.13195141733599
2389,1.39944062714822
2390,1.09869168265664
2391,1.36017030862633
2392,0.904676170188375
2393,0.428962001761891
2394,0.783031061876864
2395,0.785046118929938
2396,1.5633569209234
2397,1.40336698093116
2398,0.327484384352156
2399,1.25868307296675
2400,1.03659073882839
2401,0.544232249012578
2402,1.33213118921095
2403,0.972871692493605
2404,0.231298300813576
2405,0.661224488858158
2406,0.417527332051219
2407,2.27487330910381
2408,1.52044331641924
2409,0.782524590549426
2410,1.10359120114649
2411,1.47780908582572
2412,0.848243037235034
2413,1.17231481976048
2414,1.74768756610793
2415,0.810983140559955
2416,0.943397361936092
2417,1.12908381300861
2418,1.53489982444158
2419,1.87560223367972
2420,0.384913404735835
2421,0.970816146678508
2422,0.951975729782948
2423,1.58839843127718
2424,0.39936293029488
2425,2.83853209639045
2426,1.70242267685887
2427,0.171463531379146
2428,1.96988925058833
2429,2.03973899024685
2430,0.660466667253878
2431,0.252247233067642
2432,0.280622345099402
2433,3.69029848908864
2434,2.10677545306764
2435,0.543046203019828
2436,0.732745175802316
2437,1.05871115490025
2438,0.6314335691311
2439,0.789018973430644
2440,0.553704300695238
2441,1.57950400573767
2442,1.04439534581632
2443,1.43591618726019
2444,1.52850308240663
2445,2.28827543974396
2446,0.648418772580564
2447,0.587966694644984
2448,0.73185359172389
2449,0.602471134701116
2450,0.435400842472012
2451,1.24349157991338
2452,0.484681653628389
2453,1.98477916273698
2454,2.7593343030282
2455,1.15584736639859
2456,0.256797680557169
2457,0.832426551359686
2458,0.548903768492136
2459,0.277514086890311
2460,1.16302916387635
2461,1.01549934599599
2462,0.743422387674602
2463,2.56289019826829
2464,0.512367332611536
2465,1.47879931784593
2466,1.00622219392006
2467,1.09082655113742
2468,0.243956764412621
2469,0.306127657465803
2470,0.188284951303864
2471,1.10506173914167
2472,1.6474206310529
2473,0.345538994581509
2474,0.628799365526516
2475,1.91267760875744
2476,1.03394934555989
2477,1.278969265791
2478,1.27725248787848
2479,0.660250292901196
2480,0.985879332588917
2481,0.265798565779296
2482,1.66251815064451
2483,0.221073914515858
2484,1.15036962018443
2485,0.718326512542318
2486,0.812940281900647
2487,0.914136846939253
2488,0.244318278994852
2489,1.26294771552567
2490,1.07036679408748
2491,0.980219577917345
2492,0.0901243090163961
2493,0.744502853412952
2494,0.837721473785586
2495,0.661860026157846
2496,1.41757615293639
2497,1.27823075820196
2498,1.17070031084883
2499,1.5267095067306
2500,2.29102263154833
2501,2.34752333531713
2502,1.056623208181
2503,2.26868070886191
2504,1.73551380361828
2505,0.945852022353277
2506,1.77689491512171
2507,1.13737215207087
2508,0.470373311049977
2509,0.865502880504114
2510,0.649978630373904
2511,0.328659818034827
2512,1.04577445929028
2513,1.60638988961524
2514,0.432110475193158
2515,1.66062862844643
2516,0.913192420978492
2517,0.748129439478617
2518,0.917003850011452
2519,1.21859459488781
2520,1.72737019488608
2521,1.38444808691507
2522,0.953688027441823
2523,1.49519090937705
2524,0.470590356597211
2525,0.839398661659106
2526,0.462481019019633
2527,1.27300584786863
2528,1.72519168886885
2529,1.37400026003765
2530,1.17707328852853
2531,1.46258542285675
2532,0.99968633477578
2533,2.05140059463091
2534,1.03875849222748
2535,0.96886374130612
2536,0.837351903405196
2537,0.603573868570187
2538,0.667060912676111
2539,1.44438381343304
2540,0.583713265480034
2541,2.23831930174689
2542,0.593987955627134
2543,0.505610934672227
2544,1.06446709896228
2545,2.90910934627069
2546,0.786659775207345
2547,1.58027209592759
2548,0.571061078750911
2549,0.924193994896133
2550,0.978698425056687
2551,0.678817717680449
2552,1.27010565734906
2553,1.40270059897091
2554,0.549857512250744
2555,0.731250347067428
2556,0.182419551251446
2557,1.63317002621336
2558,0.493821639202816
2559,0.664179082476458
2560,0.216036928628352
2561,0.458215025844592
2562,0.35246865143938
2563,0.529795615451239
2564,0.396098756872133
2565,1.19292754554557
2566,0.85460377076084
2567,2.11534280991828
2568,1.48358388309484
2569,1.18028103753201
2570,0.256765743315855
2571,0.953141737569233
2572,0.246192894992064
2573,1.56461500153669
2574,1.14351322364386
2575,2.50098391065733
2576,2.61387866444628
2577,0.554023738846189
2578,0.223151394682371
2579,0.70986426810879
2580,1.66982597254117
2581,1.78586375459621
2582,0.517406480181144
2583,0.726147568065715
2584,1.29131204533411
2585,0.681572434072868
2586,1.3566330603761
2587,1.06130722056508
2588,1.57617080780043
2589,0.732981057120307
2590,2.0119888903274
2591,2.36586475741649
2592,0.505200242067009
2593,0.343077773746469
2594,1.21215450440433
2595,2.24904826022076
2596,0.532017839789578
2597,1.25586961148764
2598,0.858028214052719
2599,0.638744287551967
2600,0.430225694585904
2601,0.653798781375562
2602,1.33823783836831
2603,0.775612934254216
2604,1.13300949224871
2605,1.83952452869375
2606,0.76149183896106
2607,1.55036656133123
2608,0.679575389366181
2609,1.45415454711756
2610,1.18789195396632
2611,1.40637750955883
2612,1.21367550663975
2613,1.785507560288
2614,1.18803436660557
2615,1.15757317452838
2616,0.272103713103361
2617,0.699224081953005
2618,2.21745492394679
2619,0.630113062414905
2620,0.98860466196154
2621,0.974381034961851
2622,0.864891852987748
2623,0.774936728974964
2624,0.539614237437594
2625,0.474844421291202
2626,0.566218305902436
2627,1.44741252653358
2628,0.870449195092168
2629,0.71612379030947
2630,1.97943794529299
2631,2.1391209907392
2632,0.749145937927988
2633,1.63196344486147
2634,1.03136548056111
2635,1.40730416017913
2636,0.489456965586467
2637,0.579593142700897
2638,1.45691895435367
2639,1.70287448897535
2640,0.844072056826908
2641,1.41616104134673
2642,0.249075737067972
2643,0.176058334580031
2644,0.431623847042184
2645,1.43166078411497
2646,0.555985264828224
2647,2.28906246362031
2648,3.09034623138729
2649,0.274984788305833
2650,1.131519825779
2651,1.00021181773927
2652,1.65748405100571
2653,1.24422678023708
2654,0.96090599461266
2655,1.19001895197049
2656,0.65398322302874
2657,0.797253382784122
2658,0.699713648615366
2659,0.889476377567712
2660,0.585572942013586
2661,1.27133272698664
2662,0.392948872271918
2663,0.792090606536053
2664,1.55173436066647
2665,1.18629344606966
2666,0.721642960246113
2667,1.05236232280495
2668,1.20901250053013
2669,1.91199765257688
2670,0.471609695840158
2671,0.5648170013795
2672,0.189398806881335
2673,1.37757302313168
2674,0.665717058777654
2675,0.8149515508913
2676,0.744869872476044
2677,1.20406354778382
2678,2.13727460281854
2679,0.485206219758459
2680,0.499915812538917
2681,0.478377176611619
2682,0.450876200382007
2683,0.932361103467335
2684,1.41471026182718
2685,1.54642420949852
2686,0.925732788491583
2687,0.860406603886722
2688,1.09177346066248
2689,1.81451037235213
2690,0.495773260400839
2691,0.293687739577753
2692,0.606655414495608
2693,2.09693340789649
2694,1.45676775549957
2695,1.45139199834479
2696,1.84484894720998
2697,0.853126446214953
2698,0.418443398796646
2699,1.48468604020349
2700,1.35850395347257
2701,3.19353586195067
2702,1.39207481393041
2703,0.726853374114656
2704,0.909684482664758
2705,0.201546334472143
2706,1.95386224514938
2707,1.06901891459828
2708,1.58245367663563
2709,0.484905549787526
2710,0.323167974673877
2711,0.929107819277268
2712,1.78521219326522
2713,0.285400608560004
2714,1.03189558290908
2715,1.09831647583936
2716,0.525910274396738
2717,0.569179547775788
2718,0.146357841642399
2719,1.59243158728652
2720,2.23044665434955
2721,1.10348778446168
2722,2.22435599013147
2723,0.361059201553353
2724,0.711803705089664
2725,1.23988476243547
2726,0.34823294065933
2727,0.297019452063929
2728,1.3705077453612
2729,0.976020364773437
2730,0.502207239470019
2731,0.380096992946612
2732,1.66850802892141
2733,0.918150396051294
2734,2.11718629445584
2735,1.19045111949935
2736,0.692566437497888
2737,1.82331112971018
2738,2.10300517255439
2739,0.729610107171595
2740,1.52330205731146
2741,0.471010811360311
2742,2.3318188442126
2743,1.33454472747867
2744,1.60806479998797
2745,2.81644371352922
2746,1.22264854682477
2747,1.05352148915675
2748,1.96055892903511
2749,0.871174066448404
2750,0.571271867610011
2751,0.728258569325461
2752,1.73814411783972
2753,2.06602282959964
2754,1.16832312646831
2755,1.0355599522443
2756,0.106143992927259
2757,1.92944250056174
2758,0.802139362210741
2759,1.93190022028965
2760,0.400154584161007
2761,1.63039279090647
2762,0.873632463186366
2763,1.08360690714791
2764,1.47668970374384
2765,1.4469282348691
2766,0.760988484248902
2767,1.00111586916602
2768,0.117652466489815
2769,2.0743202929645
2770,2.03049123191514
2771,0.963990111772309
2772,0.426490915433363
2773,2.03151729285667
2774,1.1471973180753
2775,2.30874151846178
2776,2.3744008453077
2777,0.570305606930231
2778,0.146177034218336
2779,1.31070211739546
2780,1.55884861887645
2781,1.70991158123866
2782,0.814207388458686
2783,0.968956825270131
2784,0.440455067189107
2785,0.483375849038176
2786,2.11620806154825
2787,1.2362541743794
2788,0.489469917667106
2789,1.64591976760578
2790,1.01606460856541
2791,0.298862421166502
2792,0.974389142386466
2793,1.30224710758197
2794,1.41976831069173
2795,1.27295250358669
2796,1.56740602694911
2797,1.35769344360751
2798,1.51993189655283
2799,1.46099326813602
2800,2.65003975634526
2801,1.68822091667498
2802,0.257522127984583
2803,0.851986049027792
2804,0.699175912164788
2805,1.39282829419145
2806,1.51650360299428
2807,0.636956027724736
2808,0.506014343342176
2809,0.508745285194203
2810,0.851701655593711
2811,0.6169007198617
2812,2.39926148400422
2813,0.972916451334481
2814,0.267026374009825
2815,1.53142157791425
2816,2.01857858199751
2817,1.55089081752332
2818,1.14344910705325
2819,1.07369232261508
2820,1.50531952972464
2821,1.17915522266176
2822,1.50525511538551
2823,0.996338956553029
2824,0.224640699822923
2825,0.958000578851167
2826,1.6931105480827
2827,1.19717044526607
2828,1.13764314429781
2829,0.780849311509672
2830,0.293727456029289
2831,1.12174564135523
2832,0.729446253027522
2833,0.258063568743915
2834,1.02795746726664
2835,1.64638069168119
2836,0.561046935278056
2837,1.45762730316272
2838,1.65412854972821
2839,0.194135664210012
2840,0.91393367541829
2841,1.11091346309246
2842,0.250489921426764
2843,0.667383134755203
2844,0.249787354177578
2845,1.17324254542356
2846,0.362594796064854
2847,1.21113337868833
2848,0.361556271167111
2849,2.41915426842524
2850,2.78170373116087
2851,0.307675598716853
2852,1.17697240631572
2853,1.83517312307402
2854,1.49226759546159
2855,0.654377708566653
2856,1.33330845908843
2857,1.54297947329274
2858,0.748702184894321
2859,0.496977536585325
2860,2.07452320705589
2861,0.920208177934895
2862,0.974343727097394
2863,1.17874402856226
2864,2.28971825849562
2865,1.20044503574455
2866,0.732288044029922
2867,1.18974221560898
2868,0.155181867820045
2869,0.921643694648828
2870,2.04302496192209
2871,0.492206428832832
2872,0.880876457832246
2873,1.17392535100249
2874,0.960607272586316
2875,0.355726740932138
2876,1.55323014808971
2877,1.09420104934367
2878,0.418744731463589
2879,1.66893498966011
2880,1.02931505901293
2881,1.08411111969734
2882,0.427348278583246
2883,0.735695407949103
2884,2.20452396477192
2885,0.533423136692481
2886,1.05814350225274
2887,1.11760518681406
2888,1.39331514671832
2889,0.446893912248161
2890,0.423815608601652
2891,1.18341719382737
2892,1.56317033055643
2893,1.25797635668947
2894,0.551152884758205
2895,1.40095958885464
2896,0.753234069401097
2897,0.606798637533516
2898,0.624337737146547
2899,0.452523986715957
2900,0.455698063637077
2901,2.11558526358837
2902,0.243469826693213
2903,0.947785474686278
2904,1.30792989423597
2905,1.13787023882813
2906,1.22445622207938
2907,0.360214862191102
2908,1.3973713343522
2909,1.88406973839785
2910,0.287439593951457
2911,0.827226887273645
2912,0.662947716748013
2913,0.539889578326316
2914,2.39935903583869
2915,1.56669016803792
2916,0.765381369606659
2917,0.491456620403117
2918,1.08692353389226
2919,0.331832916366531
2920,0.395363799721482
2921,1.63532156991272
2922,0.700978044345536
2923,0.717726288829955
2924,0.910958291593581
2925,1.50665333130146
2926,0.994929936232354
2927,1.16944635661122
2928,0.36643291076408
2929,1.70074462171276
2930,0.265136044216758
2931,2.63422607281055
2932,0.422797116977621
2933,1.34456733841499
2934,0.421234469665718
2935,1.27540100953846
2936,1.24824960372446
2937,0.655355799836876
2938,0.622611062669029
2939,1.21914450710564
2940,0.819560464949784
2941,0.844375499020322
2942,1.4832927814429
2943,1.15124970385015
2944,1.14841569242258
2945,0.96414915855091
2946,1.32609587934359
2947,1.89328410140354
2948,0.678983161618043
2949,0.547767401224306
2950,1.67965570171479
2951,1.14831976245808
2952,0.944375256282919
2953,0.62676521406115
2954,1.5896848591244
2955,0.746704275856216
2956,0.132578422420761
2957,1.57975679337152
2958,1.708065614247
2959,2.17908765593737
2960,1.31973447452192
2961,1.59324390048258
2962,1.90748256985973
2963,0.741730947454988
2964,0.311625616564111
2965,1.73515752902662
2966,0.958651885097449
2967,0.332204870806398
2968,0.978101240972173
2969,0.366715703865252
2970,0.416920528147352
2971,1.26237457587732
2972,0.802244421175996
2973,0.558903261804022
2974,0.461160226871474
2975,2.08900285201006
2976,1.20302357106414
2977,0.577947533519504
2978,0.998461399480975
2979,0.786025898435263
2980,0.809705668856389
2981,1.53028759954878
2982,1.45640878142923
2983,0.139845040691958
2984,1.45101356124176
2985,0.900247139536847
2986,0.942478218210857
2987,1.56467911425501
2988,1.33542796984001
2989,0.427715251505266
2990,0.976491557117302
2991,1.47614546497972
2992,1.67272588084109
2993,1.92014462402389
2994,2.10110517841506
2995,0.987503565341587
2996,1.00803146564331
2997,0.433791761673115
2998,0.763639290186846
2999,1.19115600177489
3000,0.515552324729577
3001,0.469774878029149
3002,0.979781996975701
3003,2.39692347190049
3004,1.61134580532321
3005,0.976210645007162
3006,1.54534385018489
3007,0.317962884534339
3008,1.69137806823815
3009,0.636565108002794
3010,0.699931770415647
3011,1.0424538062783
3012,0.421017014581146
3013,1.13483321582274
3014,1.18057676777997
3015,2.035713450784
3016,1.20242311863261
3017,0.455381829226366
3018,0.672772014644435
3019,0.368379824984361
3020,1.98266696653507
3021,1.02509845221159
3022,1.07844556203149
3023,1.14595359747533
3024,0.63647060235118
3025,2.04874310767668
3026,2.25339459693916
3027,1.44884291671893
3028,1.55679842491464
3029,1.29228398637894
3030,0.227146798087189
3031,1.01626833635362
3032,0.0461884532909123
3033,1.32417875105494
3034,0.276310734576673
3035,2.32386647945689
3036,0.767928812977375
3037,0.893385037896393
3038,0.731640164944789
3039,0.559359609507408
3040,2.3141229330157
3041,0.720517186417964
3042,1.08115853029212
3043,1.07803052866124
3044,0.841782466523693
3045,0.842165112099644
3046,2.93318120835832
3047,2.27452527341973
3048,1.51608894276318
3049,1.02173209266844
3050,0.86443337859816
3051,0.361767159816342
3052,0.223246446969938
3053,0.262392373276959
3054,2.12395371172601
3055,0.955956690825282
3056,0.974298233281196
3057,2.41519177621571
3058,0.165515146890587
3059,0.833846361207336
3060,1.28261172571464
3061,1.82713580459981
3062,1.20269008693603
3063,0.487899296174829
3064,1.55070230714754
3065,0.981690721145448
3066,1.48267152568654
3067,0.491344111898158
3068,2.04423101008898
3069,2.22469545536003
3070,1.3724950610238
3071,1.90544410895807
3072,1.31761126717744
3073,1.19301431832486
3074,1.26018476156703
3075,1.70885591032235
3076,1.69728377092364
3077,0.552165020385343
3078,0.631123849897798
3079,0.803997024602867
3080,1.08522192668013
3081,0.499976381450316
3082,1.55066935506619
3083,0.965641113909009
3084,0.247906348162301
3085,1.61042819611652
3086,0.844419468126162
3087,0.131574390842409
3088,1.37005058973998
3089,1.70570632742728
3090,0.491686285096448
3091,1.25228410107149
3092,1.73916114482954
3093,0.776307112002789
3094,1.42391189540165
3095,1.21954119601845
3096,0.637548014566511
3097,1.07412772185102
3098,2.73669046803753
3099,3.53730893199081
3100,1.06110279805273
3101,0.704116149601816
3102,0.537944477967586
3103,1.46096182332578
3104,1.28763120021824
3105,2.44264145812934
3106,1.4410404316597
3107,1.2530707661747
3108,1.85945128877162
3109,0.246840833595878
3110,0.280858368326228
3111,0.0997469643392364
3112,1.26823204676157
3113,1.33565567490664
3114,0.882760248305411
3115,0.515800218095912
3116,0.3374686037496
3117,1.3548046390668
3118,0.949790709872845
3119,1.26167586790653
3120,1.9112445402311
3121,0.813287891943374
3122,2.49880741160676
3123,1.74613451031172
3124,1.17288281958283
3125,0.434322388325402
3126,0.726721537351321
3127,0.608433080573646
3128,1.04889817006903
3129,1.11666444041778
3130,0.415687971062132
3131,2.22432719366921
3132,0.49157010017971
3133,0.358543514752016
3134,0.872784828136125
3135,1.48997772734723
3136,1.80380366440018
3137,0.96914714064096
3138,1.04423191865342
3139,0.813224545283151
3140,0.312000880849817
3141,0.921984802135019
3142,1.54259877848266
3143,1.29466599315152
3144,0.967778495879472
3145,0.926782422980987
3146,1.46619570205421
3147,1.01500361474126
3148,1.55338641566364
3149,1.34972720206222
3150,0.693221621563563
3151,0.909369706441297
3152,0.41264391033256
3153,1.16158107776435
3154,0.906845462450652
3155,0.96541402519246
3156,1.37635760993247
3157,2.34822040160037
3158,1.69102685395302
3159,0.874710667497148
3160,1.17400223683419
3161,1.16867202636015
3162,0.708197280155223
3163,0.975949735341574
3164,1.95697156921597
3165,1.24264426930825
3166,0.132251313825162
3167,1.46141006638165
3168,1.93371578474062
3169,0.829040576809464
3170,1.59131380386659
3171,0.727442920328394
3172,0.486986291144734
3173,0.523144265914461
3174,0.823401770954553
3175,1.03390980736522
3176,0.478743822095236
3177,0.337185514436572
3178,0.610833846800013
3179,0.870017918353616
3180,1.8717258246691
3181,0.35656133010113
3182,1.47711394253928
3183,0.748617396751656
3184,0.352491986439268
3185,1.11098298397853
3186,0.602191280065149
3187,1.30758195871726
3188,0.473487815091183
3189,1.70608183160194
3190,2.90574129591012
3191,0.626641913488625
3192,1.75443072058064
3193,0.83304476878407
3194,1.38873361057265
3195,2.05746451921219
3196,1.00177083631431
3197,3.29864350387273
3198,0.749294224419279
3199,0.418875527973882
3200,0.0799306626508313
3201,1.21675742851492
3202,0.590936469610012
3203,2.23320462790326
3204,1.2844288489625
3205,0.82666272323876
3206,1.28111550457799
3207,2.18425089645985
3208,2.55262318113402
3209,1.70868938449256
3210,0.47228569356108
3211,1.23790686441377
3212,1.04797585857197
3213,1.06646763206438
3214,0.550806683940731
3215,0.655878440021364
3216,1.14765957843661
3217,0.644377477380079
3218,0.347133701052784
3219,1.10740997510184
3220,0.946266522101456
3221,0.886960678433879
3222,0.958674758040489
3223,1.76803647256059
3224,1.58284119124781
3225,0.753963774831163
3226,1.19412107322679
3227,1.2147788508759
3228,0.428192892375885
3229,2.49915535547855
3230,0.200246080462615
3231,0.26490349686785
3232,1.26089925164595
3233,0.428632387786092
3234,0.770477779310636
3235,0.329065275497946
3236,1.38875688418633
3237,0.0721508487510796
3238,0.431570395955777
3239,0.28944572623837
3240,0.414852740231374
3241,0.691553454453121
3242,0.52410682865845
3243,1.10565117119522
3244,0.703834193447081
3245,1.49254765752429
3246,2.1343936305067
3247,1.21968793046026
3248,1.14419261325206
3249,1.40735790868324
3250,1.51934993555134
3251,0.846049220429868
3252,0.292118096623004
3253,0.614889860340081
3254,1.82700550344319
3255,1.48727444645732
3256,1.10997851244395
3257,1.50932197685008
3258,1.40628268466365
3259,1.2706870548081
3260,0.449204577156781
3261,0.682447011751632
3262,1.31980321712628
3263,1.02954970680054
3264,0.35490752096292
3265,1.4121049819143
3266,0.37657324407713
3267,1.94571096374582
3268,1.06513007091171
3269,2.14713109061015
3270,0.738505656337486
3271,1.73548229013037
3272,2.78420714824635
3273,0.613378179656546
3274,1.46589836977502
3275,0.957195105831249
3276,0.638309569642636
3277,0.556374522836809
3278,0.655938225321911
3279,0.680567668928389
3280,1.09125447562374
3281,1.30985628074951
3282,0.749155601211847
3283,0.46914154623879
3284,1.40382499881709
3285,0.680464115060283
3286,0.337211155274459
3287,0.748310258009417
3288,1.59486505095065
3289,1.87110526038364
3290,0.493401602822969
3291,1.5123072144802
3292,0.654046010571522
3293,0.237590183600711
3294,0.106329516530491
3295,1.38892389255694
3296,1.69667951070192
3297,0.66159123261625
3298,1.09135250413394
3299,1.89840187866474
3300,0.871485056588948
3301,0.195756218300183
3302,0.484918540524143
3303,1.20737948667394
3304,1.23849832282905
3305,2.07314469907428
3306,1.03138592557426
3307,1.06155212285312
3308,1.15606225633353
3309,0.41425911900206
3310,0.536432576341351
3311,0.42665771100001
3312,1.23696941082002
3313,2.08413995951205
3314,1.54538047466624
3315,0.825406884235643
3316,1.31071091296783
3317,0.793162091221164
3318,1.14317480305209
3319,0.387293945435927
3320,0.360952385122066
3321,1.24689775136797
3322,1.63962512867913
3323,0.35078986875992
3324,1.0234888408044
3325,0.950049786579368
3326,1.34882163495177
3327,1.40985384828391
3328,0.391814697209095
3329,1.17020709130475
3330,0.76024742819409
3331,0.265405045241181
3332,0.494471802623746
3333,0.618264044496236
3334,2.13819124081811
3335,0.68873354599043
3336,0.41549126665887
3337,1.25039792590351
3338,0.333663120288874
3339,0.736852163170293
3340,1.73101329884676
3341,0.705273453136972
3342,0.985610074001349
3343,1.20434200756427
3344,0.573076040544125
3345,0.650760154608123
3346,0.782550112389214
3347,3.11442394411468
3348,0.555394692644335
3349,1.81801113032947
3350,2.32481120461255
3351,1.48812181459616
3352,1.30361490603369
3353,1.8311911122757
3354,1.20558002321449
3355,0.48995952021617
3356,1.67371730342872
3357,1.02206863453435
3358,0.459841658319208
3359,0.770150869088608
3360,0.848937169019953
3361,0.983469669968505
3362,1.258834675534
3363,0.68128541692405
3364,1.74317002315273
3365,0.587613394540374
3366,0.379999843337567
3367,1.28153448319055
3368,0.817332478114435
3369,0.713724473873888
3370,0.748587500946296
3371,0.479937998381863
3372,0.970321650524749
3373,0.971514525084777
3374,0.862053806350752
3375,1.20066254727011
3376,0.636288433190036
3377,1.63096946404704
3378,1.2202347354189
3379,1.1634795310325
3380,1.09639897298881
3381,0.688990611412482
3382,0.863899979535006
3383,1.04373756425641
3384,1.6127956498162
3385,1.35785117968515
3386,1.51690778944155
3387,0.0529216300970012
3388,1.94018028343909
3389,1.39591776934995
3390,0.849315347785008
3391,0.629706473923722
3392,0.976786752178614
3393,1.6945694120206
3394,0.684859722888904
3395,1.78607952389579
3396,0.925148839527091
3397,0.339037315912286
3398,0.477323746563516
3399,2.00785631105743
3400,0.5234553075419
3401,1.32280247976658
3402,2.48029111866003
3403,0.658301058081339
3404,0.626171467114326
3405,1.46135142817292
3406,1.33261389725436
3407,0.376563731416341
3408,0.578941833748134
3409,2.14179524518399
3410,1.88242339963717
3411,1.67106531504187
3412,0.598117789738976
3413,1.27935000229936
3414,0.248507661794056
3415,0.733033148764872
3416,1.26854559773448
3417,1.46767820571989
3418,0.351439820207732
3419,0.690972223747875
3420,1.42394972688346
3421,0.921589646093372
3422,1.12135420293447
3423,1.04599330740133
3424,0.19905591357172
3425,0.656709726327639
3426,0.471415810901986
3427,1.56471761196272
3428,1.57118152019864
3429,0.81134365312782
3430,0.36665561330643
3431,2.76842171809551
3432,0.8057241949317
3433,1.14572764929294
3434,0.759719610805829
3435,0.871835166271329
3436,1.35210057411144
3437,0.852009545598283
3438,0.913733057241508
3439,1.206694384035
3440,1.16751128538991
3441,0.316726871923366
3442,1.28632501070481
3443,0.895671601025783
3444,1.14528463389877
3445,0.765645189377531
3446,0.338506848046434
3447,1.05711461714595
3448,0.990712705305127
3449,1.92937614985863
3450,2.49692334492139
3451,1.43979686387868
3452,1.25846295733332
3453,0.617512806515123
3454,0.895384806923544
3455,0.796592900850481
3456,1.51052713367473
3457,1.3739258529957
3458,0.54359678867329
3459,0.884883070115737
3460,0.655027569450816
3461,1.16911147703442
3462,1.29068319270662
3463,1.25896548396755
3464,0.967718471985641
3465,0.773034752991209
3466,0.662148736316634
3467,1.17535550078786
3468,1.23751068257624
3469,0.71103697358825
3470,3.0054177204067
3471,1.02251991106185
3472,0.508984172862222
3473,1.03902267849758
3474,1.26898790821303
3475,0.60097591459946
3476,0.704504278513096
3477,0.548182245978457
3478,1.40611274462751
3479,1.56228441956876
3480,0.526441394834062
3481,0.940911845733847
3482,0.966571076994892
3483,0.721839314729589
3484,1.5274422023918
3485,1.12449347816904
3486,1.30514014566689
3487,0.774823422773987
3488,0.122815617287595
3489,0.82408663770657
3490,0.898886036474472
3491,0.350361095464135
3492,0.922388136918145
3493,1.08496425860943
3494,0.464405932291974
3495,0.806411548468197
3496,0.985040045399476
3497,1.25594628794169
3498,0.673327258700675
3499,0.214794907371742
3500,1.07078709022126
3501,1.14674349406955
3502,0.437957381422208
3503,0.655586236362654
3504,1.43758422253743
3505,1.18946046088759
3506,1.02990295450098
3507,2.63914361118726
3508,0.885995271819756
3509,0.606563955340396
3510,1.36066452155123
3511,1.04987573369028
3512,0.887651461645786
3513,1.16599210181492
3514,0.954431910486456
3515,0.144206375586431
3516,0.297074096782261
3517,1.22362211974018
3518,0.345731673213288
3519,2.52980724490431
3520,1.67813782402568
3521,0.66437620985388
3522,1.99831592662952
3523,0.640896666996922
3524,0.237038291317997
3525,1.85932204439635
3526,0.338400206716334
3527,0.639072244700206
3528,0.71451892458181
3529,0.431254694676351
3530,2.20822069223455
3531,2.19515135987797
3532,1.52528927612024
3533,0.789504922211309
3534,0.421049820664726
3535,0.787031364644503
3536,1.1899277105568
3537,0.46694292694146
3538,0.653976046180394
3539,0.675076513573554
3540,0.711739420170263
3541,3.11924408160371
3542,2.01521840412359
3543,2.43225393491442
3544,0.753510819998691
3545,0.662672905181705
3546,0.389414039776599
3547,1.64305098936468
3548,0.886379979838544
3549,2.32792884495686
3550,1.53048615529852
3551,1.3198659819114
3552,1.21390133199227
3553,1.64142564249182
3554,1.41184700856607
3555,1.33546170664328
3556,1.61207380616325
3557,1.03586149441823
3558,1.24894276377387
3559,0.669783947500797
3560,0.563056483453369
3561,0.517280369983534
3562,1.58334494943593
3563,1.35811102017489
3564,2.39659269603909
3565,0.903729545049999
3566,1.36345658447619
3567,1.54898974493343
3568,1.43780883617625
3569,0.407302842318301
3570,1.1317431742568
3571,0.317045069639554
3572,1.77308742637849
3573,0.318553116580051
3574,1.32251654223447
3575,2.03645345294605
3576,0.689705610880419
3577,1.41990599123901
3578,0.928361688029801
3579,1.15857014729813
3580,0.665691136692977
3581,0.971962507680412
3582,1.93387406128655
3583,1.65616899148738
3584,1.62165299703558
3585,0.762710059315921
3586,0.763361027055791
3587,0.837515842022704
3588,0.408818218110935
3589,2.36645656638924
3590,0.453930625299325
3591,0.787051752993224
3592,0.421746511665841
3593,1.08771734703747
3594,0.584436573653649
3595,1.0183205820601
3596,2.2287659820015
3597,0.87680188561541
3598,0.480058996637667
3599,1.4051966220409
3600,0.642888034558169
3601,0.425163629301421
3602,0.943079546146785
3603,0.735304990141353
3604,1.14068499174672
3605,1.00065654831196
3606,1.42479067636165
3607,0.919586628888961
3608,1.1825802670986
3609,1.38403858973944
3610,1.15231454414322
3611,1.38376753305213
3612,2.28756786254734
3613,1.67269023415582
3614,0.585944645500053
3615,1.89360044866682
3616,1.00718465195192
3617,0.216359903701267
3618,1.2931458055259
3619,0.918001685742766
3620,1.91893373811326
3621,0.478024299839406
3622,1.05664816708783
3623,1.2913477858277
3624,0.732812726812414
3625,1.92695063821679
3626,0.255361364470554
3627,0.944210103783384
3628,0.54432114590407
3629,2.90130191308697
3630,1.46639962311254
3631,1.0284565579083
3632,1.38892811128071
3633,0.915362348295014
3634,0.49955115239919
3635,0.843627790284789
3636,0.646727807951644
3637,0.869702884135016
3638,1.44342969181439
3639,1.2654790823455
3640,0.47576168247677
3641,1.58314583287644
3642,1.51914388540102
3643,1.04389082656346
3644,0.598973246274654
3645,0.541441468056047
3646,1.08651351135075
3647,0.201388613104681
3648,0.636990207192496
3649,0.985373283629681
3650,1.14146672562691
3651,0.582205403776417
3652,2.27588554162813
3653,1.10386756036765
3654,2.03813631677407
3655,1.51003531935938
3656,0.674022632832308
3657,2.07401897350995
3658,0.429952110156359
3659,0.534543707930618
3660,0.45912817315725
3661,1.02283231493623
3662,1.64874155702537
3663,1.4643411780558
3664,0.251076971245727
3665,1.71865545215779
3666,1.13462203813433
3667,0.857622483168806
3668,0.703823137334398
3669,1.00525879731606
3670,1.8765070908887
3671,0.694242848720573
3672,0.560799987565777
3673,1.15768818878594
3674,1.2410504985467
3675,0.768042521409426
3676,1.52278102649769
3677,0.836691857284917
3678,0.23610293966149
3679,0.468518035029356
3680,1.49345326668459
3681,1.41228849824505
3682,1.37371424996907
3683,1.99146685737948
3684,0.148010923528502
3685,0.576005415002821
3686,0.368034098503763
3687,0.841058146188328
3688,2.25034279152019
3689,1.37937072020801
3690,0.332903603692741
3691,0.467180813127563
3692,0.509866043592475
3693,0.86456763909777
3694,1.01809230960462
3695,1.19708079430037
3696,2.06225232931209
3697,0.985123094739026
3698,0.716325476083277
3699,0.776315406021357
3700,0.932402293367601
3701,1.97347220379753
3702,1.23080007622804
3703,1.20560388156465
3704,1.84430449289953
3705,0.497454466862588
3706,1.77486396526172
3707,2.21372965304689
3708,1.55260247171721
3709,1.64588327684238
3710,1.54644749687696
3711,1.85337980044094
3712,0.791072536658811
3713,1.04824655545125
3714,1.30199384671599
3715,0.848729314813468
3716,1.78814729102706
3717,0.691690600051024
3718,0.831482937424657
3719,0.737198710146002
3720,0.542280895030542
3721,0.401421132660125
3722,0.757436272255691
3723,0.795230354107153
3724,1.67778751144111
3725,0.749154838107978
3726,0.708310887369938
3727,1.58275011064991
3728,0.143477168652396
3729,0.163769440855631
3730,1.33666901452867
3731,1.16245839865593
3732,0.933473997049911
3733,1.07386660658476
3734,1.61321915943301
3735,1.16305865006111
3736,0.595190471301201
3737,1.07900762028036
3738,0.592407311384362
3739,2.74084176019197
3740,0.786752608610088
3741,0.634435372798857
3742,1.24415459511371
3743,1.81866428825458
3744,1.74215971254493
3745,0.488186926281298
3746,1.02187191828869
3747,1.54559905400739
3748,2.13748868279129
3749,2.41764885830619
3750,0.101168417235887
3751,0.417511677808612
3752,0.309744834927638
3753,3.60544520007588
3754,0.916965561346356
3755,1.60523244648077
3756,1.49156490051798
3757,1.60373010476397
3758,1.95393940664604
3759,2.27231041290483
3760,1.1473535375172
3761,0.0360344645809053
3762,2.33488055795279
3763,0.696902334450072
3764,1.55137307476517
3765,0.540433396371175
3766,0.748590951280028
3767,1.03459355159001
3768,0.856360141806347
3769,2.31502676282141
3770,1.68758425242109
3771,0.303474193952574
3772,0.855116532015638
3773,0.512402019122372
3774,0.130037692876024
3775,0.302957534770381
3776,0.891605684224649
3777,0.148721662313102
3778,0.680593872425913
3779,1.83475924490003
3780,0.107434445076761
3781,0.427893241741829
3782,0.392153167406429
3783,1.40582111820306
3784,0.581154802066863
3785,1.48291124402666
3786,0.929984288618457
3787,0.883984927408787
3788,1.11912327259645
3789,1.34346590772459
3790,1.15201591697282
3791,1.19129443707721
3792,0.971323449998487
3793,0.351873628839471
3794,1.76356873277976
3795,1.45461563951336
3796,1.57934203426675
3797,1.39950361424354
3798,0.81815214643814
3799,0.799749578745522
3800,0.553483709314636
3801,0.831848970372317
3802,0.798271799324732
3803,0.260889389930819
3804,1.01363331773563
3805,1.05447287287739
3806,1.62182605230214
3807,0.727622768886865
3808,0.416957153968999
3809,0.453835281643264
3810,0.619117394414076
3811,1.74988874078554
3812,1.16770222240957
3813,1.22956660552253
3814,0.787429238035917
3815,0.744559612368903
3816,1.56303913449555
3817,1.99260634970518
3818,0.946066464367011
3819,1.63438391563061
3820,0.833471406301961
3821,1.41514732066401
3822,0.859791774484586
3823,1.25651610441366
3824,0.0704127627078806
3825,0.886276835928906
3826,2.04135850615298
3827,0.8230160876402
3828,0.363758164166763
3829,1.42978963913568
3830,0.426571031012191
3831,1.71953880067823
3832,0.536363108018703
3833,1.02440037021672
3834,0.405452666397772
3835,0.545714511156881
3836,0.412669107943374
3837,0.658060587700279
3838,0.52011517541862
3839,0.9988911620296
3840,0.242699038972791
3841,0.627701530620878
3842,1.30572344011094
3843,0.961330621393513
3844,0.515395781952144
3845,1.93559061641233
3846,0.981020030461965
3847,1.00576051488767
3848,1.05424699576108
3849,1.24983499950137
3850,1.72054390649439
3851,1.83660443064747
3852,0.256638255744888
3853,0.596136755021989
3854,0.405190580471932
3855,0.922770332845738
3856,2.32473603247872
3857,0.63383964310207
3858,0.911003753704481
3859,0.249078967206216
3860,0.238787446944262
3861,1.19957359048529
3862,0.893162821751099
3863,0.738123781426811
3864,1.33777322928634
3865,0.942910454765101
3866,0.793686842113217
3867,0.750293396742481
3868,1.96781837759813
3869,2.0129064453739
3870,1.75568846602678
3871,2.16496827821626
3872,0.685075640707786
3873,0.274453680012702
3874,1.77549485109638
3875,0.596907691521983
3876,1.21770072311762
3877,2.55990792329992
3878,1.4988055166321
3879,0.44413737539959
3880,0.701697947291909
3881,0.794030811912843
3882,0.474408318627795
3883,0.336477152956143
3884,1.82671288887097
3885,1.17998261191557
3886,0.538189917413264
3887,2.28167451459195
3888,1.14039756903287
3889,0.638851767919328
3890,0.60004624261214
3891,0.73080402000183
3892,1.99274483194587
3893,0.47286258504309
3894,1.03017393903139
3895,1.03679953415882
3896,1.41861207605355
3897,1.09707211798672
3898,1.22730872142215
3899,0.597445984356613
3900,1.64789001852786
3901,0.592990564951902
3902,0.62904185329911
3903,1.44901328091615
3904,2.44682248596719
3905,0.393120312771934
3906,1.10458715790674
3907,1.27536448259353
3908,0.368181630152737
3909,1.18126559977892
3910,0.4648338603744
3911,0.981744309811186
3912,1.89434471151938
3913,2.54264596569657
3914,2.13757614724522
3915,1.25356572377159
3916,1.17878182716148
3917,0.155053365560462
3918,1.83674620398542
3919,1.22981999219921
3920,0.219606881983143
3921,1.01772216237837
3922,1.6598595246119
3923,1.19865002641583
3924,1.0978646104036
3925,0.919025703864461
3926,0.997458519077128
3927,0.832331442346456
3928,2.35329260518685
3929,1.2235384046357
3930,2.95746869404467
3931,1.41250192806281
3932,0.84298535614411
3933,0.231265617856758
3934,0.240089555381393
3935,0.558167828888508
3936,1.10994121742931
3937,1.03893534903008
3938,1.68800475483171
3939,0.502827293002225
3940,1.42752923278449
3941,2.26473576641529
3942,0.755484550275143
3943,0.316127341540921
3944,1.36217759663779
3945,0.388286061191616
3946,1.2646426051932
3947,0.858973579345885
3948,0.895105791733674
3949,0.318204433248054
3950,0.830438989508206
3951,0.67722916253087
3952,0.895872764248146
3953,0.641155882537564
3954,1.33022302036337
3955,0.202893969433754
3956,0.172333231874204
3957,1.4650076991093
3958,0.557096526854592
3959,0.59350096245978
3960,0.819331107707352
3961,0.906724628417816
3962,2.69213180401578
3963,0.344406442529947
3964,0.172561623016327
3965,1.5263976242225
3966,1.67518953904047
3967,0.728916539901206
3968,1.29197394144227
3969,1.37041784361259
3970,2.52683209246012
3971,0.413369503321998
3972,1.07694057402712
3973,0.509023858409495
3974,1.37261251835699
3975,0.620194540587066
3976,1.13706176224381
3977,1.72824915795674
3978,2.04037759685585
3979,0.718856409793542
3980,2.91144747170265
3981,0.688077510764936
3982,0.929039854634499
3983,0.841854154317778
3984,0.160763167356805
3985,0.96647364887225
3986,0.624552010668003
3987,0.44677365198779
3988,1.17860927557572
3989,1.93463413517259
3990,0.766490464845516
3991,1.06747610723996
3992,2.08642964548178
3993,0.579113929635866
3994,0.538598013124597
3995,0.452669197464699
3996,1.39138731797671
3997,1.33906283847591
3998,0.1495985122374
3999,1.0081219855271
4000,2.31033794632733
4001,0.104079343943168
4002,1.30734213457289
4003,3.01359639902027
4004,1.14918678117484
4005,1.47500755963513
4006,1.44764925745031
4007,0.871920654322895
4008,0.962797675113861
4009,1.07477407671429
4010,0.599219101143174
4011,1.32277864143956
4012,0.640682615929473
4013,1.13570502718966
4014,0.186268746079965
4015,1.14587951819921
4016,0.899213668403391
4017,2.05435402127875
4018,0.74203211430086
4019,2.18463619470225
4020,1.00639365374823
4021,1.58035957467177
4022,0.782385609259066
4023,1.34544784344729
4024,0.393592091305059
4025,0.831006766121958
4026,1.37761777262264
4027,0.551271331109231
4028,0.669209425350312
4029,0.590836715985168
4030,1.72091704278325
4031,2.42817892271117
4032,2.49686483744719
4033,0.63736493845079
4034,1.7182651590572
4035,1.49738381212776
4036,0.316948182392107
4037,0.256062184342053
4038,1.27330303513127
4039,2.76746191669048
4040,0.647568808782309
4041,1.07774394554446
4042,1.74477735577254
4043,0.248865826433842
4044,0.242031633394398
4045,1.25695077550444
4046,1.59850203035309
4047,0.309003271643888
4048,0.195301002328717
4049,1.49266051766769
4050,0.572941808377753
4051,0.51120353284861
4052,0.665557284490996
4053,0.383431518260334
4054,0.963617344939742
4055,0.487477726408849
4056,2.2455330790226
4057,0.2102032102624
4058,0.893831398296805
4059,0.542375920328167
4060,1.25328940741567
4061,0.524431166115275
4062,1.15640240341916
4063,0.426271951510478
4064,0.179199647691629
4065,0.605235622477665
4066,0.984408313501706
4067,1.35318061744143
4068,1.84723240091879
4069,0.504813326284539
4070,0.796292353592139
4071,0.389909211857109
4072,0.375142516399595
4073,1.33509990575023
4074,0.49343723706013
4075,1.4738070581762
4076,2.54629834443413
4077,1.50414219364347
4078,0.306518862827272
4079,2.42459044623694
4080,0.272196674903556
4081,0.998647888812464
4082,2.05347149539276
4083,1.40932984600016
4084,0.10493051587397
4085,0.955316617333744
4086,0.734753494714403
4087,0.111942207043148
4088,0.716955662727337
4089,0.859730877020958
4090,1.10571551995288
4091,0.508362452719933
4092,1.1319299114192
4093,0.551694456937192
4094,0.545164235286126
4095,1.8796673634784
4096,1.98588749681615
4097,1.2230600119249
4098,1.04312045276141
4099,0.204618750510377
4100,2.28340851888309
4101,1.06328812691497
4102,0.994960243232081
4103,0.411260436648013
4104,0.443825402130125
4105,0.231992259145555
4106,0.950383954349242
4107,1.31787253495698
4108,0.70526140961132
4109,0.648373475511241
4110,1.43448551268159
4111,1.75771901047891
4112,1.20977303057377
4113,1.05710575377924
4114,1.12701052778369
4115,1.16401619030735
4116,2.69625012038767
4117,0.719558470740125
4118,0.967636302307887
4119,2.35123040508784
4120,1.0827265160673
4121,1.50614958347777
4122,0.891702148584091
4123,0.668624861497736
4124,1.25207778999802
4125,1.97235848382364
4126,1.53863726725721
4127,1.24698543168741
4128,1.52077937237862
4129,1.41281673182666
4130,0.816531810602404
4131,0.996150168843984
4132,0.935231060026964
4133,0.712874323991353
4134,0.909499597133209
4135,1.22269442446828
4136,1.04324465260662
4137,0.96669431069119
4138,1.77682746395727
4139,0.967006258074079
4140,1.95123699859967
4141,0.702866163815629
4142,0.84461989388181
4143,1.65412101864318
4144,0.478495745312832
4145,0.168834359390802
4146,2.02150061538142
4147,0.320047959263293
4148,1.52535414578576
4149,0.623116323192831
4150,0.685742821234351
4151,1.90027615778526
4152,1.24158015589512
4153,1.10401018762411
4154,0.635126993609589
4155,0.956656430345883
4156,0.687418158902998
4157,1.75609028990601
4158,0.469533841276567
4159,0.769284565585924
4160,1.2017610817873
4161,1.11582377004621
4162,2.99655065121446
4163,0.507473633709407
4164,2.49432635862163
4165,1.11970218536606
4166,1.85460918630468
4167,0.787945050504299
4168,1.6933968707465
4169,1.70066957018002
4170,0.823714775662862
4171,0.795768153207579
4172,0.638248599997822
4173,0.503746221553798
4174,0.699222541341578
4175,0.765800391479165
4176,0.778742993038276
4177,0.488847717546322
4178,2.20439364977675
4179,1.58130662391087
4180,0.268781392411041
4181,0.422575739462821
4182,0.431392499210906
4183,0.616880654241831
4184,0.780249292614305
4185,0.317366363138456
4186,2.41220207113684
4187,0.370766549317925
4188,2.07781400519866
4189,0.668140516112418
4190,0.145642103371241
4191,1.99948720711273
4192,1.86437455683955
4193,0.247811487983516
4194,1.5272660898719
4195,0.586955619341198
4196,1.45989985310664
4197,0.685415044124102
4198,1.13917394388061
4199,0.572015914832021
4200,1.22347286438357
4201,0.965251552763494
4202,0.685761521510159
4203,0.8010986524607
4204,0.65648734033651
4205,1.50965330064887
4206,1.11424440947968
4207,1.09559736524017
4208,0.766250324602391
4209,1.34066933305053
4210,1.18473351369577
4211,1.50642460042113
4212,1.4610259963953
4213,0.550119721554154
4214,2.31575755137192
4215,0.803794429317419
4216,1.18053737424336
4217,1.07092118359042
4218,1.43370539606
4219,2.18227732660132
4220,3.1188263856387
4221,0.100225964583792
4222,0.493627092446365
4223,0.836665895349686
4224,1.69427660868808
4225,2.08278384896815
4226,0.962613491026424
4227,1.02920507161426
4228,0.599349442370043
4229,1.14858544205467
4230,0.472213691869815
4231,0.870485778046093
4232,0.35008316442608
4233,0.0918774896786737
4234,1.82327801084857
4235,0.6333974827164
4236,0.461187137070596
4237,2.05883745387652
4238,0.707225884443295
4239,1.49628938822162
4240,0.290687446962472
4241,0.588760385970666
4242,0.713949271613318
4243,0.604806842429044
4244,1.84112381946686
4245,0.613411653725164
4246,0.343879475866142
4247,1.2475233132499
4248,0.927038557719786
4249,1.16492092681707
4250,1.39416556718545
4251,0.490136685009734
4252,1.15129265840375
4253,2.14707633577673
4254,1.60910785151903
4255,1.87544239980741
4256,1.375610787184
4257,1.03611505751174
4258,0.481150900860233
4259,0.845474453279669
4260,1.08712041755152
4261,2.9545766265338
4262,0.77802298338167
4263,1.55626809441652
4264,1.36371021855565
4265,1.56678376720445
4266,0.702524162250236
4267,0.48378486351736
4268,2.00285886085716
4269,1.52105775792216
4270,1.02989733068824
4271,0.278167201984765
4272,2.77758558022386
4273,0.301470466393942
4274,0.247826817846243
4275,0.329025795512478
4276,0.817259274530425
4277,0.0573614766121994
4278,1.06969431291783
4279,0.165944480796189
4280,0.889485672987574
4281,0.253867869510491
4282,0.946526542290919
4283,1.45399279420995
4284,0.421333749096292
4285,2.05454717666056
4286,2.77970726017157
4287,1.57084231860286
4288,0.567343343858037
4289,0.809809136545224
4290,1.53488180301299
4291,0.536999375387073
4292,2.02704992225732
4293,0.831929344208945
4294,1.49102097718559
4295,2.30867442982317
4296,0.522392292839114
4297,0.373345035362031
4298,0.760964903108533
4299,1.57016745213051
4300,0.36494598191709
4301,0.587125751821023
4302,1.15273304760026
4303,0.480447875302408
4304,0.611896998827701
4305,1.69418193613761
4306,1.90629706999986
4307,1.38063390816602
4308,0.99558177364592
4309,1.50995180609537
4310,0.509895207964138
4311,1.04616326132663
4312,0.764549400800343
4313,1.6964560127356
4314,1.09125616122316
4315,0.508839679552408
4316,0.514056389845973
4317,0.451078346102495
4318,1.34125042017141
4319,1.02359860850827
4320,1.04066868616085
4321,2.0233254446754
4322,1.12060377535936
4323,1.69696233014367
4324,1.41128104380576
4325,0.157157581879455
4326,0.80046697916796
4327,1.67631634124246
4328,0.605152956259888
4329,1.99441237105711
4330,0.296648684890274
4331,0.380848958087239
4332,1.18945990909679
4333,1.4474866494088
4334,0.63307626589559
4335,0.454396264043098
4336,0.986514471461809
4337,1.3504459501616
4338,1.99674732550518
4339,0.372504584615122
4340,1.05135233609531
4341,0.938070387007191
4342,1.04640377556812
4343,0.619174742213379
4344,0.950717133895592
4345,0.277988366643807
4346,0.378743257183161
4347,0.91549749961703
4348,0.815537049453958
4349,2.1846559394243
4350,1.16613130875446
4351,2.99246914134844
4352,1.95973928587611
4353,1.47068884505981
4354,0.368208297851391
4355,1.16340339611945
4356,0.1027366055007
4357,2.27468178314641
4358,1.22802024213246
4359,0.801105791585273
4360,1.39655176425898
4361,1.39469052971219
4362,0.971916086726339
4363,0.688004830003355
4364,1.58472084873213
4365,1.33825719375698
4366,0.823340098868005
4367,1.21768101571624
4368,1.29577080973519
4369,1.25396231647237
4370,2.52891997740665
4371,0.357121788124311
4372,0.433726547161037
4373,1.02977599300601
4374,1.38657980772145
4375,0.83059943487693
4376,1.38145731016824
4377,1.25876370215506
4378,0.874002478855651
4379,0.435191345713181
4380,1.09490911643706
4381,0.750282720191625
4382,1.08716221381857
4383,1.48476661637237
4384,0.656362689644163
4385,0.741207603691208
4386,1.50340049209958
4387,0.500277482299996
4388,0.999570148859819
4389,0.641776343308436
4390,1.390346472825
4391,1.17594585167561
4392,0.414754808071993
4393,1.32649660587375
4394,0.448602727689485
4395,0.585359698510966
4396,1.3878635924849
4397,1.227285333029
4398,0.295495362417327
4399,0.735951801362289
4400,0.608588699347437
4401,1.17788986143647
4402,1.02606043388664
4403,1.09884127574751
4404,0.590869977038467
4405,0.806478800301296
4406,0.77142163703396
4407,0.302167388023982
4408,2.40464619199288
4409,0.588551271716149
4410,0.549542035897951
4411,1.38674449594603
4412,0.885044343965109
4413,1.42356044893695
4414,0.425900960075348
4415,0.455389981567833
4416,1.08898044831054
4417,0.514351753638432
4418,2.16971481098691
4419,1.96878180212337
4420,0.956500298299883
4421,1.36252774589742
4422,1.23777790832199
4423,0.628565537241945
4424,1.58073562729227
4425,0.0959527560286275
4426,0.167217435506019
4427,1.24580028996063
4428,0.940419717657369
4429,0.2649689168717
4430,1.59818495861439
4431,2.05605278373061
4432,1.45276183855917
4433,1.34449833065967
4434,1.51499049744771
4435,0.405831676190418
4436,0.718176953839112
4437,0.682278024200667
4438,1.18990106188708
4439,2.51580892548794
4440,0.545079313012593
4441,1.80212617280651
4442,0.343062431987286
4443,0.38023525281645
4444,2.57231093060159
4445,1.35202717481724
4446,1.29769995383473
4447,0.651968046065866
4448,1.28111933528584
4449,0.879600009804063
4450,1.6850238871697
4451,2.09367078183851
4452,0.72680616853791
4453,0.557754966577846
4454,0.953933630997015
4455,0.872830992396243
4456,0.599003643523494
4457,1.49184079754534
4458,1.57326732086282
4459,0.533783857800057
4460,0.750723012879839
4461,0.933468545469501
4462,1.9510978246474
4463,0.214057001330239
4464,1.46936801257035
4465,0.7480138301761
4466,0.824965256582536
4467,0.953491653558906
4468,0.09957244088381
4469,1.19145412042127
4470,0.877496921954124
4471,1.30678780776586
4472,0.858824948707651
4473,0.405354887592162
4474,0.744500198173518
4475,1.32875848718119
4476,1.83046657562191
4477,0.358869620582002
4478,1.21957019232846
4479,1.33280926732115
4480,0.651601427308071
4481,0.725500095857132
4482,1.42886059531359
4483,0.838612953813808
4484,0.724420942760675
4485,1.03821408934063
4486,0.579682841490607
4487,1.98065068003436
4488,0.890160280936696
4489,1.6354637181298
4490,0.521771376015906
4491,0.406619539159779
4492,0.214796286848903
4493,2.92917220769452
4494,0.489493289285055
4495,0.535149311406081
4496,1.56719667426513
4497,2.09454651843552
4498,1.15821665254146
4499,0.479456723404546
4500,1.71553571378008
4501,0.838557693539063
4502,0.401039800458507
4503,0.230427039376171
4504,0.897488887841934
4505,1.18538329926234
4506,0.891126848478707
4507,0.296428250822618
4508,0.956366057694704
4509,1.11745847101086
4510,1.53014502224525
4511,0.377034466919878
4512,1.11539435182936
4513,1.40338357082783
4514,1.47093900260187
4515,0.527067543854549
4516,2.07936982236444
4517,3.42644558409863
4518,1.23024790210408
4519,0.530827777176313
4520,0.947179587348706
4521,1.78860046386239
4522,0.589283278573767
4523,0.197254649693424
4524,1.77264739448637
4525,2.39175247751006
4526,1.57412457438164
4527,1.42130048893271
4528,1.27238563460764
4529,0.878608990096069
4530,0.611426704341036
4531,0.629214739567726
4532,1.85926407651079
4533,1.46548073566288
4534,1.16729450964377
4535,0.302903330854914
4536,0.841753801785582
4537,2.52635993421381
4538,0.43708407956299
4539,3.2428430271987
4540,1.00844931544506
4541,0.393906287336718
4542,1.52077171689495
4543,2.11733203933866
4544,3.20050991534867
4545,3.10945307398984
4546,0.739649061642257
4547,1.26206059962166
4548,0.979526074172815
4549,1.46413087723773
4550,0.838458553540182
4551,1.99084892654352
4552,1.05743445932302
4553,0.327788391990543
4554,1.01873534063868
4555,0.526726086691943
4556,2.34320644054704
4557,2.81624225366146
4558,1.09395401752097
4559,0.614743501396847
4560,0.527353528689677
4561,0.349673593414267
4562,1.23288811514899
4563,1.41221427157086
4564,0.98331718243308
4565,3.04044583233206
4566,0.627432061208948
4567,3.34422078141781
4568,0.702183804514479
4569,0.987084493717011
4570,0.578954561332783
4571,0.744018804492724
4572,1.56838438399127
4573,1.99885398557004
4574,1.15462581454772
4575,0.959609707950852
4576,0.953254857569315
4577,1.04678617641953
4578,2.0374717496681
4579,1.27817099462905
4580,0.962894391305478
4581,0.266676670910002
4582,1.73279868543942
4583,1.52282083355305
4584,0.854518279737118
4585,0.780222427665271
4586,2.15807960912431
4587,0.839918881297191
4588,0.215565637484494
4589,1.03375435062832
4590,2.26469221786427
4591,1.22739048561608
4592,0.43675817746766
4593,2.51477834202931
4594,0.866774436058618
4595,0.840782549846745
4596,1.52420167167246
4597,1.43958786279179
4598,1.03014095297755
4599,0.199477064657944
4600,0.265892155105209
4601,0.701673018591539
4602,0.291404905114905
4603,1.63282665028913
4604,1.8115977269588
4605,0.648158569020858
4606,0.936012592684933
4607,1.87619666252895
4608,1.12892164732012
4609,1.35718684687502
4610,1.39348007195688
4611,1.71407304688102
4612,1.00097253680733
4613,1.07052548555422
4614,0.231866611465631
4615,0.941550720970692
4616,1.63131299801889
4617,0.616392210233123
4618,0.0668938747767744
4619,1.10437018460421
4620,1.34558319232
4621,0.694400365196635
4622,0.400382598332386
4623,0.921238033889994
4624,1.20609250614924
4625,1.06524884509561
4626,0.649548127121981
4627,0.923145373554979
4628,1.51978272387493
4629,1.03243166038986
4630,0.204908714102326
4631,0.564316666338403
4632,1.21781793926391
4633,0.909196005873998
4634,0.2955018288146
4635,1.75434206865948
4636,0.398077614566783
4637,0.224212369390156
4638,2.20791193535606
4639,0.501757443432532
4640,1.02422994289294
4641,0.650468284059588
4642,0.964400586711624
4643,1.6345150868041
4644,1.32818427185151
4645,0.642745963973622
4646,1.21382090174438
4647,1.71322111839206
4648,0.732264695262513
4649,1.00067596481002
4650,2.31933255264725
4651,2.09192387810465
4652,1.52314840362522
4653,1.04359969121884
4654,0.725322197221473
4655,1.29968942097291
4656,0.406216951672909
4657,0.073215282902111
4658,2.59555916273873
4659,2.87262424960563
4660,0.722557610513003
4661,0.848309486903515
4662,1.65011079147702
4663,0.808614301934492
4664,0.979251751527145
4665,0.845960652450534
4666,0.985310467367782
4667,0.999806543382579
4668,1.04202017428654
4669,1.55511008944558
4670,1.03912674209033
4671,0.819378423367508
4672,1.30100843374375
4673,1.55648000258439
4674,1.19446999578266
4675,0.621916011831505
4676,2.27120393902548
4677,0.555986822032441
4678,0.630407356166884
4679,0.841346591755311
4680,1.2995298947189
4681,0.859127233018687
4682,0.759343450248059
4683,1.33163444522655
4684,1.36789285864423
4685,1.45150324860986
4686,0.348922822477581
4687,0.943843202178485
4688,2.47519749836418
4689,1.22941467782736
4690,0.519881293664738
4691,0.695857535974828
4692,1.02139762892301
4693,0.46880200253675
4694,0.50497938093993
4695,1.93433310521216
4696,0.634656498899304
4697,1.8824787559905
4698,0.64492240927406
4699,2.18336916099625
4700,1.52583126075724
4701,1.11508119687755
4702,1.87758502934807
4703,0.924618517213679
4704,2.06650659889865
4705,0.699730616615981
4706,0.887340349523973
4707,1.25038133335253
4708,1.15031606206747
4709,0.999845646573227
4710,0.359544342937045
4711,0.887211679160544
4712,2.31532086273428
4713,0.647633643192935
4714,0.532743146963733
4715,2.56054795070473
4716,0.319407357117188
4717,0.824697182119574
4718,0.0398036445207788
4719,0.402971822366884
4720,1.07064491589335
4721,2.00368334008367
4722,0.458513683866663
4723,0.908546953190459
4724,0.503372524632243
4725,0.663469121584954
4726,0.364481314698405
4727,0.540711386563591
4728,1.38152270318308
4729,0.767701287170766
4730,0.253656821476061
4731,2.17126404387164
4732,1.77658773364519
4733,0.276404338233312
4734,0.634590114495293
4735,0.971435454798326
4736,1.82510672421574
4737,2.40085549849496
4738,1.61400341875168
4739,0.703701630937835
4740,0.730689661604861
4741,0.471611668575459
4742,1.50140632734209
4743,1.05105067925258
4744,0.90257895053341
4745,0.684136985657915
4746,2.80846608034614
4747,0.726874836355944
4748,2.06800509284208
4749,1.04706493617703
4750,1.38511483280768
4751,1.53083313663763
4752,0.304900203545217
4753,0.819142805917967
4754,1.8703700111525
4755,0.924726065943801
4756,0.991531338943819
4757,0.781645904173528
4758,1.14157827133853
4759,0.417768682639361
4760,1.55641541790085
4761,0.385685874480526
4762,2.28175802284114
4763,1.144708311753
4764,0.638647456503564
4765,1.43226107578219
4766,0.541483626575468
4767,1.50439533901745
4768,0.368094917275172
4769,1.57522923134473
4770,1.06780844106712
4771,0.149755902143202
4772,1.54923261549209
4773,0.480346747637794
4774,0.656132889559354
4775,0.334583628022857
4776,1.25185347529495
4777,0.571847953235799
4778,1.72861867976768
4779,0.770414121622387
4780,1.19511896731442
4781,0.378061874898906
4782,0.720760715623681
4783,0.227572303917987
4784,0.541037248109541
4785,0.663346807706723
4786,2.55466538887025
4787,0.400493198011253
4788,1.26005121517175
4789,0.627078774208013
4790,0.981842062551376
4791,1.47578229935591
4792,1.62998660026173
4793,1.20651721398182
4794,1.67275993950503
4795,0.210857241628855
4796,0.49968399435613
4797,1.3681425749905
4798,0.77125850062263
4799,1.20931999446282
4800,0.477177800047513
4801,1.34392206604104
4802,0.674028836411365
4803,0.539464100410587
4804,2.7783386043639
4805,1.17981436857331
4806,2.36252930006913
4807,0.676678779855183
4808,0.751532649002449
4809,0.993610374193999
4810,1.31825699284489
4811,0.407015438390285
4812,0.393624140754775
4813,1.75232997520169
4814,0.367402027799397
4815,0.130873356132681
4816,0.654553077575748
4817,0.371602311363728
4818,2.05772191419121
4819,1.3844250573655
4820,0.852579680738461
4821,0.327375205483578
4822,0.52164635982616
4823,0.967531426519227
4824,1.87218899349107
4825,1.32783871937983
4826,0.391714663027389
4827,0.882888805043794
4828,1.66692913393932
4829,0.876307806806846
4830,0.944687374770889
4831,0.431511951226032
4832,0.370977356065829
4833,0.612141058245082
4834,1.69507891539744
4835,0.385367029126487
4836,1.89868929666636
4837,0.302954365889672
4838,0.378948747920854
4839,0.795260866928399
4840,0.801059654214826
4841,1.76052505901514
4842,1.3989391473666
4843,1.4323797404972
4844,0.505473553643599
4845,0.591781956515296
4846,1.29937756545333
4847,0.870884965173829
4848,0.989575886292234
4849,1.87194091933888
4850,2.81069177629037
4851,0.424133729399385
4852,1.28164095739504
4853,2.58677316827171
4854,0.696143911222741
4855,1.01481746681614
4856,1.31813645319463
4857,1.26955474652375
4858,2.3248745661926
4859,0.559306646743645
4860,2.09187440839424
4861,0.528696776292554
4862,1.49159041859645
4863,0.380420958458429
4864,0.793431086438658
4865,2.29947105817478
4866,2.58510633449704
4867,0.328724698163495
4868,0.838108018581766
4869,3.06851113884267
4870,0.962469331438015
4871,0.715121481084894
4872,1.35156040290263
4873,0.675960453938163
4874,0.656203475256605
4875,1.46236227582858
4876,1.53156119749832
4877,0.998049022251397
4878,0.653190741034084
4879,0.798880719291316
4880,1.46888209446461
4881,1.34175437359217
4882,0.813750888403815
4883,0.135203970911491
4884,1.13790395247342
4885,1.09351496698033
4886,1.41461506356387
4887,1.63539949276352
4888,0.843800044692533
4889,0.744220863625265
4890,1.26275503457035
4891,0.717560878450071
4892,1.60099850924589
4893,1.72115043309246
4894,0.94445396835364
4895,0.171515660698122
4896,0.594715608767838
4897,0.737863771423909
4898,1.27733782035084
4899,0.525853063430514
4900,0.71768485224965
4901,2.60027783063268
4902,0.549972702264603
4903,0.716657483083579
4904,1.11902603439327
4905,0.666761945513968
4906,1.00026419091897
4907,1.24022420675021
4908,0.388267148647287
4909,1.95864734232229
4910,0.422169432091317
4911,1.19678515287491
4912,0.957473208841972
4913,1.31691278999824
4914,1.65217787706527
4915,1.28035998286986
4916,1.03535285113478
4917,0.824589636985202
4918,1.82653841065911
4919,0.48210351126858
4920,1.16309793821474
4921,1.22658837789985
4922,1.39574009874314
4923,1.61349558135858
4924,0.889905301556028
4925,0.662258071935253
4926,0.321915397833594
4927,1.51343920613404
4928,0.490701067295034
4929,0.519948336417822
4930,0.903659529750561
4931,1.10905282006007
4932,2.04124710128216
4933,0.498047505800321
4934,0.661046976139915
4935,0.859566328760545
4936,2.39072866431309
4937,0.709803101061505
4938,1.79684384542311
4939,0.565240425677689
4940,1.89912452393677
4941,0.984988761616999
4942,0.138683904227753
4943,0.28714518172629
4944,1.2520795826439
4945,1.23744501795398
4946,1.06108936898781
4947,0.89675558072596
4948,0.541724827832329
4949,1.76070959027448
4950,1.1247177228739
4951,0.166715799268086
4952,1.58527143452259
4953,0.640152380503986
4954,0.160664336050164
4955,0.545344893454016
4956,0.661493322156179
4957,0.172645020020974
4958,0.727047350339438
4959,1.12641200864988
4960,2.68312051094829
4961,1.36211298244512
4962,1.15933984928641
4963,0.564228473855495
4964,1.7723330028039
4965,2.06559632123329
4966,0.636144386854772
4967,1.7577328392255
4968,0.344699099569854
4969,0.128027726927187
4970,0.655713045618514
4971,1.42797527940235
4972,0.554254901147843
4973,0.821451415374676
4974,0.678569649458288
4975,2.19134215286448
4976,0.591466913540992
4977,2.32821232404181
4978,1.75206636717826
4979,0.439259490759635
4980,2.05185010591904
4981,0.11016630093792
4982,0.691381341718224
4983,1.27780043187826
4984,0.531113763268483
4985,0.646664176004386
4986,0.617326500546291
4987,0.953592466266035
4988,0.54321880606701
4989,1.03050097314645
4990,1.28933161206611
4991,0.480571161614624
4992,0.780657660340264
4993,0.274342091406158
4994,1.00159327738361
4995,2.84244102032788
4996,0.703963951560509
4997,2.00628392556346
4998,0.975935004493712
4999,1.91896315222862
5000,0.819502934823009
5001,0.594474552540093
5002,0.873081799583585
5003,1.36758055284927
5004,1.25561390334451
5005,0.805051260288423
5006,1.70571504703503
5007,1.17382811188911
5008,1.47035020847018
5009,0.491906712020672
5010,0.442397746047659
5011,0.974717463029955
5012,1.46961283078237
5013,0.850753315072689
5014,1.84156129823568
5015,1.42881550689399
5016,0.822256320630995
5017,1.2935013218488
5018,0.642385071792129
5019,1.77318608220322
5020,1.64561456387767
5021,0.143121775741473
5022,0.784607172409213
5023,1.00627226409448
5024,1.2887441920213
5025,1.14169763883531
5026,0.367709494702384
5027,1.24384954865025
5028,1.57089067841845
5029,1.07420075995643
5030,0.807859674248658
5031,1.44519911119651
5032,1.81459280029913
5033,0.811669203780981
5034,1.43100277651568
5035,1.94283282766037
5036,0.514418486477753
5037,0.903596855766814
5038,0.284732688106048
5039,0.935131298985113
5040,0.20932519069196
5041,1.01765180944485
5042,2.31705726322932
5043,0.600877621794036
5044,0.653482206215443
5045,0.385152954659601
5046,1.05708732510341
5047,0.80122989182893
5048,0.492931916641601
5049,0.969058241720078
5050,1.13997360041782
5051,1.88952045968949
5052,0.960329246388406
5053,0.230946913952328
5054,1.29594727510393
5055,0.163796410815713
5056,1.0157341778481
5057,1.09982143632339
5058,1.68708434094434
5059,0.174428514224331
5060,1.28183754049429
5061,0.786202884513107
5062,0.24176531249052
5063,0.876513904513289
5064,1.46615884145985
5065,0.966448583860058
5066,1.8199513251301
5067,2.3918410794426
5068,2.21854566771992
5069,0.317902817047267
5070,0.714947193302971
5071,0.422844946352007
5072,1.10657102059783
5073,1.82093542075668
5074,1.78614965282165
5075,2.53713609666461
5076,0.962041427825644
5077,1.24852576535813
5078,1.16196182474703
5079,0.752966419380274
5080,0.677023273500995
5081,0.686585880707787
5082,2.00290863502829
5083,0.530099223616386
5084,0.279153922456226
5085,0.524165991547559
5086,1.16828015032972
5087,0.460347011733421
5088,0.280285166050874
5089,0.557726104172139
5090,0.369017796203554
5091,0.829597126821167
5092,0.326606982073602
5093,1.8922966948841
5094,0.560913076082435
5095,0.0299472229072772
5096,0.123224341757154
5097,1.22537097554604
5098,1.83493885990112
5099,0.311224066321611
5100,0.394999029452023
5101,0.859234294668601
5102,1.00907167765262
5103,0.375467627046064
5104,1.19276357823036
5105,1.41060998796296
5106,1.25102314256605
5107,0.930137697491855
5108,1.71496378094406
5109,0.448434002452168
5110,1.73522830837878
5111,1.42855128359824
5112,0.270874977903835
5113,0.965685577957552
5114,1.83525397844508
5115,1.32528163151123
5116,1.43620125883219
5117,0.662687822306688
5118,0.713821294954193
5119,1.53032265101034
5120,0.907950816399198
5121,0.7437201569488
5122,0.203322018219939
5123,1.33947975266896
5124,2.28484203798721
5125,0.792846249890395
5126,0.975558817878144
5127,2.35350765828427
5128,0.896847039468523
5129,0.184888581414254
5130,0.605988661206009
5131,0.556663541263809
5132,1.97101537003571
5133,0.502366606276848
5134,1.11623961678693
5135,0.423678374738464
5136,1.39142012156709
5137,0.737943720095093
5138,0.618316333944528
5139,0.828432488827626
5140,1.58706044172039
5141,0.497003742828361
5142,0.780580683020931
5143,2.19299313656867
5144,0.949446452101285
5145,0.675335736799997
5146,0.883928267801795
5147,0.7781026110181
5148,1.17362337671942
5149,1.77849356164519
5150,2.13776821705133
5151,0.203005129315131
5152,0.867468587655707
5153,0.877080063450523
5154,0.736731675067061
5155,0.883053956994283
5156,0.119272192891449
5157,0.862764756479822
5158,0.703653143413841
5159,1.8014983252694
5160,1.97091585854472
5161,0.964185707948142
5162,0.94917848662453
5163,0.382609617085808
5164,0.513805938226547
5165,1.39939623854741
5166,2.31939846240323
5167,0.633811280226957
5168,1.90050764294288
5169,1.51925620229713
5170,1.33110247937925
5171,1.37277083924379
5172,1.01897843747353
5173,0.749582496559028
5174,0.421613560097741
5175,0.528942968067927
5176,1.3627921303715
5177,0.895988998853215
5178,0.973375075088653
5179,0.897071277147998
5180,0.576160784797308
5181,1.26082891687789
5182,0.728659315985601
5183,0.500207290704317
5184,1.56813001830428
5185,1.21521823773516
5186,1.21933590546313
5187,0.40875143569968
5188,1.10230229076244
5189,0.775521726553157
5190,0.409006483715752
5191,0.68249940968959
5192,1.44726375067542
5193,0.139422632184604
5194,0.858859571505728
5195,0.965759516219705
5196,1.31104164002763
5197,0.444155826283558
5198,0.81487822094502
5199,0.21162135097849
5200,1.3490904749232
5201,1.27644684727284
5202,1.170900892555
5203,0.979309481234513
5204,0.325942641381131
5205,1.98774161396553
5206,1.55884762261362
5207,1.79016019213352
5208,1.55836209282787
5209,0.694635574829608
5210,3.11626078119598
5211,0.783485541220287
5212,0.907817055156729
5213,1.23554506157263
5214,0.356419174458994
5215,2.65409398095457
5216,1.50476480738882
5217,1.64192784240047
5218,0.990103659539125
5219,2.00307125837736
5220,1.0058692300823
5221,0.269594960651163
5222,0.676705907215011
5223,1.01411973894344
5224,0.496676969047277
5225,0.441722476131942
5226,1.50876076038761
5227,2.57485691548296
5228,0.542443020861327
5229,0.194130199002227
5230,1.67725569298815
5231,1.64004186784155
5232,0.455890372273437
5233,1.84612958070078
5234,0.45141754030907
5235,1.56813137256599
5236,1.61406601110569
5237,0.317391810664105
5238,1.63754657266626
5239,1.56019368520178
5240,0.813369965138704
5241,0.398208541072364
5242,0.338676003694588
5243,0.862129860914256
5244,0.346616213777185
5245,1.81997888307258
5246,2.43315524546976
5247,0.438367374096756
5248,0.747069439628516
5249,0.168190427050569
5250,0.281351616779848
5251,1.25323005784755
5252,0.76167881683172
5253,1.53347991757322
5254,0.26128134777983
5255,2.16244035627907
5256,1.65793082905584
5257,0.620858426751369
5258,0.469153900822854
5259,0.63580527657486
5260,1.27564217434487
5261,0.406086300993934
5262,1.01245479907171
5263,1.38704876780652
5264,0.704485993927657
5265,0.609765326026157
5266,1.55241999907173
5267,0.729324798986782
5268,1.01856481449604
5269,1.12414239743572
5270,0.65115619999561
5271,0.892333805474048
5272,1.97884805745209
5273,1.1598360606316
5274,0.115823346800425
5275,1.83099266135373
5276,0.806015135471755
5277,0.911213746829803
5278,0.566320637822255
5279,1.84058154731395
5280,2.28619117690774
5281,0.912218436727367
5282,2.08804418807634
5283,1.07820892988904
5284,2.59392064919914
5285,0.574325092528237
5286,0.218253311041716
5287,1.45523287417638
5288,0.936896172174001
5289,0.190129492324616
5290,1.78032380903349
5291,1.25248498937314
5292,0.42654696504693
5293,1.09925472629781
5294,1.46336192670699
5295,0.585072172092902
5296,1.27853769372612
5297,0.92593867535232
5298,1.3077731968517
5299,1.83394786323807
5300,1.01861522218905
5301,1.14137394668656
5302,2.38413885132297
5303,0.883282007208477
5304,0.58559751526223
5305,0.957914132512696
5306,0.451042402159709
5307,0.337255373375067
5308,2.3749209452216
5309,1.74029688497605
5310,1.74251213582671
5311,1.25432884577725
5312,1.3282251365965
5313,1.13581535756627
5314,1.68114701201488
5315,0.544257913626617
5316,0.782788654199303
5317,0.658025622355659
5318,0.586916419540883
5319,1.38501469686211
5320,2.0970684571977
5321,1.41458840499081
5322,1.38805954659291
5323,0.681400339621943
5324,0.803789940110672
5325,0.678915102295355
5326,1.41513468170259
5327,0.975000480990715
5328,0.815267186260253
5329,1.98579280735179
5330,0.602555694660537
5331,1.04122724237189
5332,1.16510817916291
5333,1.05043778836807
5334,1.28130957485158
5335,0.682804647516206
5336,0.463571713865106
5337,1.4399804597351
5338,1.1383360660277
5339,1.49076361039995
5340,0.798119001239272
5341,0.507606049427704
5342,1.69184437474212
5343,2.56457653893789
5344,1.01441364845324
5345,0.585477624438667
5346,0.551001984920184
5347,2.01561099618154
5348,1.46017146021486
5349,0.82604408216512
5350,0.500127506844778
5351,0.723091807864042
5352,0.446532981816042
5353,0.852536991857136
5354,0.530296298470148
5355,1.91931176038112
5356,0.956744280023165
5357,0.926554652914552
5358,1.92802819656302
5359,1.63392452509024
5360,1.46920853498401
5361,1.08878534206141
5362,0.250549254479745
5363,0.14639156752283
5364,1.17328950044127
5365,1.02858941921913
5366,1.43376449780578
5367,2.09035676123735
5368,0.955624008426026
5369,0.445866493215713
5370,0.42619093129099
5371,0.930138489862616
5372,0.818903941983291
5373,0.788451719339925
5374,0.981412392288562
5375,1.43593204851708
5376,0.744060523062678
5377,0.782799651579216
5378,1.17413862957346
5379,1.42357128961467
5380,2.87717243597693
5381,1.27008246948138
5382,0.910677028251389
5383,1.2328922368078
5384,1.68608614100639
5385,0.961157336830757
5386,0.727411016322528
5387,0.791019817899619
5388,1.14503353598008
5389,0.661734056913222
5390,1.04509070023294
5391,0.4381364427004
5392,1.21226764095351
5393,1.33258338626985
5394,0.655195246276424
5395,0.764878190017115
5396,1.53719298165313
5397,1.44978414605167
5398,1.96968303814225
5399,1.18731523220418
5400,0.952417358471168
5401,0.338117915624162
5402,1.44630155183165
5403,0.952660745990521
5404,1.43062294038358
5405,0.876222600618483
5406,0.685353803931361
5407,1.40446274106282
5408,0.526330034357758
5409,0.736807904611592
5410,1.2526378783314
5411,0.756971460651614
5412,1.14542377938572
5413,0.128313889698417
5414,0.95452374126171
5415,0.488609574533345
5416,0.211514934016022
5417,1.80799087503947
5418,0.843627103015156
5419,1.02190180624305
5420,0.276136951645551
5421,0.915349322999467
5422,0.219855310963739
5423,1.65002508605852
5424,0.697254419418389
5425,0.83567860853648
5426,0.526792257457469
5427,1.32946379055537
5428,2.32390546130553
5429,0.675814169468577
5430,1.35550670310209
5431,0.856585575120331
5432,0.93602110541974
5433,1.62283967044517
5434,0.637839590295285
5435,0.3114297473061
5436,1.62968978409134
5437,0.31911567835764
5438,1.61816028708963
5439,1.74035496253712
5440,0.962657715579134
5441,2.75660992420568
5442,0.338227812995411
5443,1.60663998018318
5444,1.07472481640115
5445,1.34071380130791
5446,0.340379820316627
5447,0.942025020094477
5448,0.706569963584031
5449,1.65105042733366
5450,0.605114840998533
5451,0.800239325128631
5452,0.529689717747122
5453,2.41737162317294
5454,1.2560667162159
5455,0.310355176247417
5456,0.327171421845871
5457,0.439750959506979
5458,0.597182229790173
5459,0.768955745253007
5460,0.141499629140388
5461,1.15875494327762
5462,0.760987083387862
5463,1.63692398217953
5464,0.779714058629969
5465,0.947041013423722
5466,0.612366336961607
5467,0.17562685066789
5468,1.00398531255698
5469,0.476874840175085
5470,1.90229329243725
5471,1.41204356108176
5472,0.359943721144544
5473,1.59833280188568
5474,1.45061939182927
5475,1.15181517817039
5476,2.08146688089969
5477,2.20645571050586
5478,0.812156685124997
5479,0.973043602365541
5480,0.664748687540829
5481,0.487959543511193
5482,0.556794135099588
5483,0.585587442198413
5484,0.870091293272651
5485,1.6460978567502
5486,1.15779861017185
5487,1.24923220933778
5488,1.61111721390199
5489,1.366349856696
5490,0.373126190654818
5491,1.37603738403048
5492,1.27217040947495
5493,0.911348207748654
5494,0.351061125934446
5495,0.88954268919384
5496,1.27606101810213
5497,0.565595556650827
5498,2.0485733818745
5499,0.446820866001032
5500,1.04014544027342
5501,0.198318266875052
5502,1.0718020925066
5503,0.470235747238565
5504,2.09221336582822
5505,0.0959434926823795
5506,0.301366559475904
5507,1.04238250734679
5508,0.600421290719947
5509,3.28448016276289
5510,0.457222669313903
5511,0.640647722190482
5512,0.645566759960086
5513,0.443902666614211
5514,1.58394839398057
5515,0.618067225291461
5516,1.23591245374877
5517,0.423778525093618
5518,1.8653805234881
5519,1.85279268824383
5520,1.06945171535418
5521,1.10860834029857
5522,2.35380119379944
5523,2.431216679024
5524,1.63630018529588
5525,0.201961977645621
5526,0.634838337920732
5527,1.54854169653971
5528,0.619267820967082
5529,0.578878470773047
5530,1.55063504043631
5531,1.03073621127759
5532,0.494947074332823
5533,1.61492101647035
5534,0.796912721467915
5535,0.7011115739583
5536,0.43589238178492
5537,1.25002398403012
5538,2.23603790925498
5539,1.87120633064044
5540,0.356144267367199
5541,1.56987812097268
5542,2.06149347160391
5543,0.339677656219764
5544,1.24633962667624
5545,0.473701148018766
5546,2.12354619736987
5547,0.814529275736347
5548,1.31286965870741
5549,0.963055398799089
5550,0.107496392286764
5551,1.14839844945864
5552,0.811064163117973
5553,1.08382611266067
5554,0.793285052987239
5555,0.713479753677321
5556,0.823643271448563
5557,0.992449914037262
5558,0.49906355585025
5559,0.462717283412106
5560,0.481551771387976
5561,0.410673898566609
5562,1.35288192586666
5563,1.84491190718092
5564,0.601894210756454
5565,0.616321081773488
5566,2.21441270847124
5567,1.21393560654398
5568,1.71802039697182
5569,0.168163314681829
5570,1.31111672997685
5571,0.77999577953782
5572,2.32513536408457
5573,0.395299309681613
5574,1.80687306367254
5575,0.114495159855979
5576,1.16344344631518
5577,0.559707762344417
5578,2.09367533260318
5579,0.500633554759617
5580,0.202352348322921
5581,0.869757054900079
5582,0.405390116305343
5583,1.29677577743095
5584,0.274912086083936
5585,0.458861593751371
5586,0.680718050863927
5587,0.934104505684523
5588,0.925475072070649
5589,0.554750181433143
5590,1.04133321231358
5591,1.02012650952234
5592,1.15918002411862
5593,0.84195015756969
5594,1.32523459926447
5595,0.8090283017401
5596,0.803216942260561
5597,0.610001739771154
5598,0.855632285587871
5599,1.23785252880153
5600,0.732365684606671
5601,0.573367083104365
5602,0.745971264544341
5603,0.592644063951541
5604,2.11750580120337
5605,1.40956948518411
5606,1.39138775714821
5607,1.09985542349212
5608,0.413115443435372
5609,1.35512908829104
5610,2.8750640250828
5611,1.844671716887
5612,1.19765210982171
5613,1.4301079329682
5614,2.17880763672178
5615,0.347278719904299
5616,0.237331913342139
5617,0.338341414073702
5618,1.23646697849984
5619,1.50450366530709
5620,0.369684063658777
5621,0.83288306603947
5622,0.814173522584921
5623,1.50489708224681
5624,0.333609365548791
5625,1.15164690581333
5626,2.23426499934544
5627,0.430352759340554
5628,1.83710681910107
5629,2.72182029341939
5630,0.538026647403265
5631,1.04728808710325
5632,0.791755418938641
5633,0.681930271020104
5634,1.27914899054868
5635,0.499176995671909
5636,0.98218764565863
5637,1.4408457636099
5638,1.03316925969317
5639,1.48034951476462
5640,1.00942838926053
5641,1.21447430214847
5642,0.964098807016568
5643,2.04540476042654
5644,0.763555839847276
5645,1.64581337688319
5646,0.876844699799072
5647,1.49260020163471
5648,1.0905912948484
5649,0.474511341330803
5650,0.224840399460798
5651,1.0582190156805
5652,2.26838852803857
5653,1.69242768785648
5654,0.442824706811178
5655,2.49080359658728
5656,2.57561052711364
5657,0.674094937153304
5658,0.941858558750252
5659,0.678949865574823
5660,0.167568957594655
5661,0.687100397177325
5662,1.43152682221352
5663,1.24143697435119
5664,0.463907966920686
5665,1.02778943710106
5666,1.74532678577715
5667,1.05718912955635
5668,1.388520484317
5669,0.588853372787714
5670,1.47580158024027
5671,1.56659116751639
5672,1.37919493859912
5673,0.873764109913253
5674,1.05555034481012
5675,1.11641045875201
5676,1.31429051963517
5677,0.623319166579647
5678,0.627994868316654
5679,0.621077702551565
5680,1.10280188367879
5681,1.42086924567525
5682,1.24696557085205
5683,0.383839016220781
5684,0.850782042849798
5685,1.92215216113751
5686,0.943160006917909
5687,1.41111983446611
5688,1.00703198962148
5689,0.75667090849116
5690,1.10731128543728
5691,1.89679154288114
5692,1.64622648905703
5693,1.42541999900159
5694,2.26087819096543
5695,1.46377820868482
5696,1.03466803271489
5697,1.31664741742546
5698,1.06474505079435
5699,1.41598751395102
5700,1.24977296668908
5701,1.00557724328715
5702,0.5950938323008
5703,1.96182181984116
5704,0.518414204377387
5705,0.964253377696527
5706,0.571204660608265
5707,1.14602957163572
5708,0.538633103798851
5709,0.609108819067164
5710,0.203891960531429
5711,1.03203713857455
5712,1.11015397368133
5713,2.49812880244173
5714,1.14875248667268
5715,1.38404326230068
5716,0.786787541236542
5717,1.21740288349929
5718,0.947612937393641
5719,2.12624386155391
5720,0.422340229261082
5721,1.08799378680434
5722,0.696680171446283
5723,0.977284538586511
5724,0.233088654476012
5725,1.7119205300764
5726,1.56071478825997
5727,1.74857943823238
5728,0.786999444358453
5729,2.27771351443417
5730,0.645605115469724
5731,0.943440230477233
5732,1.54801504005223
5733,0.963644293227867
5734,0.778641063055354
5735,2.25696574306909
5736,0.763700471623468
5737,0.23753380042268
5738,0.730196987331733
5739,1.80556472799676
5740,0.585184612796329
5741,0.190566600938381
5742,1.41081562223367
5743,0.315690614570334
5744,0.550098344252381
5745,1.96566076479468
5746,0.574401715700282
5747,2.28480481461689
5748,1.24028016139557
5749,2.20372312836736
5750,1.05294887149256
5751,2.17416318890024
5752,0.687328781551887
5753,1.21901736374798
5754,1.5129690426237
5755,0.613425299002063
5756,0.275699125570792
5757,1.08115450544215
5758,2.94786095067386
5759,2.32219935065394
5760,1.01686735269962
5761,0.937783241536925
5762,0.906436345022556
5763,0.981632137571781
5764,1.35566206611623
5765,1.89399490094542
5766,0.659882560142575
5767,0.262012090745892
5768,0.975000221633753
5769,0.401916437970977
5770,0.500343392413802
5771,1.00365827136665
5772,2.46942330410124
5773,0.515349682254777
5774,0.826715786998902
5775,0.956699638548167
5776,0.573044987747726
5777,0.853048899435909
5778,1.42332016410383
5779,2.03760778318725
5780,1.17647139325361
5781,0.866737067258667
5782,0.722093189883872
5783,1.30512562336961
5784,1.34860396090992
5785,0.522220870875345
5786,1.46851342867155
5787,2.2901954824549
5788,0.788281721420003
5789,0.144052913883294
5790,0.273712526549869
5791,1.02585393708442
5792,0.49777795427749
5793,2.020967248701
5794,0.759475198123659
5795,1.91981167254878
5796,0.690757706547925
5797,1.23374613872729
5798,0.744571168960515
5799,0.652341975291836
5800,0.368877316534401
5801,0.773892230540503
5802,1.04483490541816
5803,1.48428339971171
5804,3.12562982148629
5805,2.10065518371368
5806,0.647260582541194
5807,1.20140539312762
5808,1.02243350103411
5809,2.08466113119081
5810,1.53865195583804
5811,1.3868676127484
5812,1.51492433154826
5813,0.5265436471268
5814,0.495587204927276
5815,1.07660242383999
5816,1.00149735066135
5817,0.180757127363198
5818,2.41704506903163
5819,0.844048601762396
5820,0.256007090639405
5821,1.10416416952574
5822,0.745012773137093
5823,0.989361986275852
5824,0.291856263325288
5825,0.968498113726651
5826,1.24265000067435
5827,0.983836513743705
5828,1.24775141607103
5829,0.764357196312258
5830,1.78732820474485
5831,1.39883487628636
5832,0.631515527462717
5833,0.201130594856295
5834,2.2453157847427
5835,0.600537989270617
5836,1.77511248489502
5837,1.9115118809233
5838,1.41670404323871
5839,1.37190937698947
5840,1.59183800525038
5841,0.481512744719285
5842,0.622546302105488
5843,2.89114282373111
5844,1.7275449999629
5845,1.8424156352409
5846,0.336004302645773
5847,0.536386695854341
5848,0.624218933100278
5849,1.03177196597463
5850,2.13324469175334
5851,0.328646901959833
5852,0.997658285297554
5853,0.427006401818907
5854,1.50984299514823
5855,1.67992438251443
5856,0.821344940903902
5857,0.395097250883845
5858,1.05495370283634
5859,0.659181727129035
5860,0.687593775344829
5861,0.660243618379852
5862,0.747997347410505
5863,0.501878410410929
5864,0.560593342087238
5865,0.189776769113602
5866,0.670555376226672
5867,1.41149784787346
5868,0.644125467614494
5869,0.832817160185671
5870,0.905013984740588
5871,0.483946827839467
5872,0.930900346190571
5873,0.923230076668382
5874,0.518264545771595
5875,1.36894228178106
5876,1.24729124406887
5877,0.674421848443447
5878,1.19065626447832
5879,1.54102526711005
5880,0.295366874700184
5881,1.73190614171154
5882,2.04288099487038
5883,1.14061613158745
5884,0.893435485620612
5885,0.821695370362507
5886,1.20402907038131
5887,0.977025106043352
5888,1.97020923380945
5889,1.30577472670253
5890,2.51393038627132
5891,1.43488031253511
5892,0.179543620456046
5893,0.582989685413532
5894,1.61222606508304
5895,0.930937765215284
5896,0.940289389825167
5897,2.28618628234339
5898,0.50578600484658
5899,1.31199014396709
5900,0.606306485175176
5901,0.204941324113612
5902,0.809378583935371
5903,1.18524500081066
5904,1.09363669004268
5905,0.590967595980709
5906,1.10502791652176
5907,1.77022390899969
5908,1.22298275020783
5909,0.241586394365564
5910,1.25834798754998
5911,2.35494931196504
5912,0.609171716196722
5913,1.7627178315133
5914,0.674084112721335
5915,1.40136626918866
5916,0.327274453703932
5917,0.522402576599945
5918,0.477844755553912
5919,0.315869839882125
5920,0.403168015129949
5921,1.32450736894946
5922,0.815011494645432
5923,1.21274176727187
5924,2.75304622610889
5925,1.95042801216097
5926,1.38934784510566
5927,0.848452289298907
5928,1.79376083763888
5929,1.59731477536783
5930,0.800764806478314
5931,0.652130577809156
5932,0.746139825109907
5933,1.10528236878187
5934,1.04511302816442
5935,1.72221657160379
5936,1.10149995262459
5937,1.48329146080062
5938,0.757084626398287
5939,0.603793679599375
5940,1.18463989214768
5941,0.617266583224141
5942,1.30310431781765
5943,1.6857308673229
5944,0.515806623976496
5945,0.551649964942322
5946,0.896716679131559
5947,1.10708003246075
5948,1.30465637642347
5949,1.54189138936484
5950,1.21324956864539
5951,2.89675249819671
5952,0.937122615838666
5953,1.02819511811776
5954,0.436569981818352
5955,0.469811597839415
5956,2.54338554970329
5957,0.698704955690091
5958,2.06442444661507
5959,0.987549155939301
5960,0.915365884669871
5961,0.724666132235872
5962,2.13424823204637
5963,0.856168764411273
5964,0.893989364929714
5965,0.645326933494149
5966,0.376126921650335
5967,1.46705813041171
5968,2.3676240251024
5969,1.9130334216461
5970,0.817321768862156
5971,0.790450794064089
5972,1.65430504902015
5973,0.320993925349349
5974,0.364742099291706
5975,1.882974360687
5976,1.09829512406147
5977,1.95596456366599
5978,0.699126187158879
5979,2.18813926488716
5980,0.4435209352244
5981,1.32747260790041
5982,0.632935676810295
5983,1.28973256680241
5984,1.04998784234765
5985,0.37506182346028
5986,1.1209287260205
5987,0.409169679757077
5988,0.400343345609677
5989,1.03291009057337
5990,0.362494107925911
5991,1.44731343053891
5992,1.28363042418712
5993,0.528725192107981
5994,1.94889056924385
5995,1.60228365607966
5996,0.432908252579442
5997,0.96095462711775
5998,1.7213813309016
5999,1.55776590820307
6000,0.513252899088796
6001,1.25449817233126
6002,1.20647569927901
6003,1.48674636439135
6004,1.15329092161474
6005,0.396338866701443
6006,0.563821983476689
6007,1.37300090942978
6008,1.60921468680272
6009,0.682687244978396
6010,1.13025321920885
6011,0.967470416146795
6012,1.09779315878977
6013,0.751257975870051
6014,0.904132850594683
6015,0.669848194684186
6016,0.822658428423965
6017,1.12875426695892
6018,1.36717011497502
6019,0.81259604463445
6020,0.0783251076086149
6021,0.252460717359014
6022,0.243803066258944
6023,0.650647730585344
6024,1.14343744659464
6025,1.88748280029517
6026,1.0522817276874
6027,1.92892235261832
6028,1.290786023309
6029,0.497056216527009
6030,0.923170687856974
6031,2.11471154707791
6032,1.09453710510618
6033,0.6132435601091
6034,0.376945236237701
6035,1.23145934175045
6036,2.12451759553459
6037,1.05003989123241
6038,0.442735595514828
6039,2.10998017030318
6040,0.518862718583242
6041,1.46863581153218
6042,0.0718760413701295
6043,1.20310805115577
6044,1.05862147169799
6045,0.491231791130859
6046,0.62487882648065
6047,0.856798137183216
6048,1.22478211437153
6049,0.595639398091865
6050,1.64424469554797
6051,1.58079671648335
6052,0.704440523165056
6053,1.78467116101341
6054,1.13226926098493
6055,1.89998321662204
6056,0.890170442384314
6057,0.274111195739266
6058,1.38305304418296
6059,0.0552007698830367
6060,1.29984252934088
6061,1.90222827789109
6062,0.827401372143518
6063,0.879023127716327
6064,1.87879416934856
6065,0.71676002329024
6066,0.891017660742281
6067,0.363774186330923
6068,0.946172632862645
6069,2.35006362913412
6070,1.17022913244499
6071,1.23440441111571
6072,1.94303113893933
6073,1.34234644320067
6074,2.66071603115634
6075,0.207750828780377
6076,1.40481918092594
6077,1.89320085470487
6078,0.731952399776126
6079,0.397798382303902
6080,1.01963224122919
6081,1.53690774507532
6082,1.15927609024767
6083,0.27858354651881
6084,1.13528363835741
6085,0.311828737623025
6086,1.47301540950808
6087,1.84993883748033
6088,0.815819397584341
6089,0.684037788317416
6090,1.5998043763372
6091,1.3908904672651
6092,0.83385303562581
6093,1.2647997694847
6094,0.262251434947074
6095,0.863413515469529
6096,1.30323127272624
6097,0.659872117120034
6098,0.995755718655107
6099,1.03108250260645
6100,2.04193864028904
6101,1.86394068367939
6102,0.143572820542754
6103,0.111392929432564
6104,1.38896353692201
6105,0.204132021633644
6106,1.08542782112697
6107,0.52178054205873
6108,0.410473936515092
6109,0.288529690118052
6110,0.174069655011073
6111,1.16310892964709
6112,0.574645434817492
6113,1.08589713554331
6114,0.798660900023352
6115,0.562935670238544
6116,0.998551424590279
6117,0.890530447791752
6118,0.375195098282066
6119,1.05487444165018
6120,0.0924776370016439
6121,0.32720922785249
6122,1.60132269565732
6123,1.29421020837697
6124,0.861874080468361
6125,0.801279809759942
6126,1.00016528902269
6127,1.26278693340092
6128,1.49484217026594
6129,0.266596058122094
6130,0.505404586523854
6131,0.933622410999765
6132,1.02380666417037
6133,0.477612486012498
6134,0.750896339305932
6135,0.896261964841089
6136,1.00230858233098
6137,0.695264023147286
6138,1.66545809830974
6139,2.07226357677665
6140,1.02342416824371
6141,1.38905836844621
6142,1.0831644595446
6143,0.360696120802449
6144,1.50563352336287
6145,1.05612399221693
6146,0.298680122981788
6147,1.15242542279998
6148,0.847700040313135
6149,0.549681233185563
6150,0.489636623790955
6151,0.651100107384445
6152,0.75858734456413
6153,0.456067317697361
6154,1.20432804286998
6155,1.29929891063908
6156,0.35887949421563
6157,0.402268964342534
6158,1.50302706543556
6159,0.882553793808935
6160,1.13584216532948
6161,0.0780493728286806
6162,1.26949509558608
6163,1.95063255560005
6164,1.44077300364047
6165,0.550337438963444
6166,1.12298193151927
6167,2.17294470574458
6168,1.17819022770345
6169,1.06636548860077
6170,2.67025566957155
6171,1.2586648603977
6172,0.705509644208139
6173,1.63658751494358
6174,0.724525916355208
6175,1.29728424419081
6176,2.12858117885463
6177,1.60371921565044
6178,1.7757885970233
6179,1.70023516579097
6180,0.193681116983792
6181,1.28870060396544
6182,1.1696745385545
6183,1.59555500276656
6184,0.117709269764305
6185,0.198675777527542
6186,1.47789949417428
6187,0.57608233706865
6188,1.74965943474081
6189,0.51917521170546
6190,1.52702155339997
6191,1.35048975641521
6192,1.00446614721735
6193,1.21338652720219
6194,0.838554232711387
6195,0.803016835608912
6196,0.32141194848228
6197,1.1921882499258
6198,0.937095672077514
6199,1.02239353243863
6200,1.00291228156721
6201,2.49655132549303
6202,1.03023550570232
6203,0.322310110698921
6204,0.74143975758449
6205,1.59296771721824
6206,0.791550350748721
6207,1.35483281670061
6208,1.09979872827753
6209,1.15584698284312
6210,0.640913082115216
6211,2.10200630724688
6212,1.10951556370817
6213,0.806615566236198
6214,1.17807305119176
6215,1.32233513198642
6216,0.820020591463828
6217,0.506231390390019
6218,1.162872443236
6219,0.293982697105653
6220,0.432899419696482
6221,0.878975780402906
6222,0.640391094460672
6223,1.76052134290821
6224,1.95259743817642
6225,0.165546694632028
6226,0.0959879659519043
6227,0.644311916529974
6228,0.528122741373599
6229,0.555201184503842
6230,0.985255486023794
6231,0.476876487573186
6232,0.350610940142962
6233,0.755348599772424
6234,1.24981744731369
6235,2.47882602898945
6236,0.875536396387024
6237,0.482394807904525
6238,1.17267600536968
6239,1.30355052672381
6240,1.30947755969753
6241,0.219728982747085
6242,0.83966473625435
6243,1.26098264825413
6244,2.38299247966287
6245,0.855132268390336
6246,0.974342766298146
6247,1.41907273900664
6248,0.284277455960104
6249,1.48186427674103
6250,1.45063475592464
6251,1.62320298511606
6252,0.34308886498055
6253,1.01562941114841
6254,0.591473297809783
6255,1.58457474945074
6256,0.59520846375679
6257,0.19230807847362
6258,1.4293144788626
6259,2.16698425208717
6260,1.68421220214742
6261,1.75926016344953
6262,0.638362290232894
6263,1.4486503242226
6264,1.07075475210272
6265,1.53307047881403
6266,0.190304043503673
6267,0.504090341647488
6268,1.21895419162286
6269,0.506439584578762
6270,0.784125798170717
6271,1.78395209307308
6272,0.770241799599129
6273,1.15328382750044
6274,1.54638674532329
6275,1.01577185491082
6276,0.38777576045082
6277,1.19725825686246
6278,1.0201710326509
6279,0.689879829585316
6280,0.771029486626439
6281,1.09322836413661
6282,1.18795037427832
6283,2.47488088537918
6284,2.18723098860561
6285,1.50916857287452
6286,0.648701313515761
6287,0.198612474359369
6288,0.58236210883587
6289,0.678783684663001
6290,0.527618312708057
6291,1.66853968544576
6292,0.581681908528498
6293,1.23647111572758
6294,1.04286325063407
6295,0.858275529816494
6296,0.979817007888237
6297,0.615623930034866
6298,1.93436432857053
6299,1.55399647132667
6300,1.50715946705932
6301,0.859612594042577
6302,1.10824736899637
6303,0.689298713965322
6304,1.15018498057402
6305,1.54357224758641
6306,1.59886167682478
6307,0.830766514181944
6308,1.05074898173991
6309,1.05143850349196
6310,0.607233465207306
6311,0.980556206330858
6312,1.61530576790925
6313,0.944677916932202
6314,0.258519378767053
6315,0.926960418282448
6316,1.3192734866432
6317,0.922092033896352
6318,0.901525151261149
6319,0.892690864891927
6320,0.260823923378538
6321,0.723280440959041
6322,0.717345480664135
6323,1.66860646555162
6324,0.647703797451345
6325,0.929229242866727
6326,0.27133400807876
6327,0.529116126564936
6328,3.17149544306972
6329,0.842888169684275
6330,0.426169732770366
6331,0.792851415136222
6332,0.474590061212044
6333,1.36151169951881
6334,0.153592021354854
6335,1.53940765430668
6336,1.2291361267041
6337,1.41511755650723
6338,1.87205927460017
6339,0.87911155665192
6340,0.90927396523105
6341,1.26301484217076
6342,0.843443456617265
6343,0.427704066107071
6344,3.19747766962626
6345,0.892787547214939
6346,0.627711562683813
6347,0.493815362782885
6348,1.51539035896331
6349,0.520785893758377
6350,0.960848803447485
6351,0.657235764068782
6352,1.12617944829362
6353,1.28376996219874
6354,1.14484981278532
6355,2.31164829894783
6356,1.52016097541689
6357,0.776014830655835
6358,0.622653572048257
6359,1.73899362989501
6360,1.0426352150977
6361,1.59004033916255
6362,1.27187685762959
6363,0.96418612322372
6364,1.04382429188212
6365,0.937813078050238
6366,0.392492870075649
6367,1.15758121745549
6368,0.874683487402671
6369,1.5557484551189
6370,1.0923692859977
6371,1.51134440074909
6372,1.37792395172045
6373,0.358798293267262
6374,0.666951562795604
6375,0.786950943923943
6376,0.602850951887309
6377,0.970553065780609
6378,0.937164932221328
6379,1.60985453955434
6380,1.77077197814995
6381,0.651047640602083
6382,0.858294429378644
6383,1.13770567122218
6384,1.46715656700324
6385,0.663563679610311
6386,2.71358363207569
6387,0.705118391665608
6388,0.711946663102082
6389,1.06362872614925
6390,1.10514041153553
6391,0.319133886105861
6392,1.2281280755548
6393,0.449383398124042
6394,1.28819825534494
6395,1.64481256121629
6396,0.813474210035446
6397,0.635952046881674
6398,1.59351190816892
6399,0.129352435547464
6400,1.40785621176119
6401,1.22647730305489
6402,0.547111815114662
6403,2.76031516311019
6404,0.875519141810059
6405,0.635674810856091
6406,1.67363276558925
6407,0.892236131213875
6408,0.744555579576033
6409,1.66533917349592
6410,1.14755594171742
6411,0.429519136298111
6412,1.30459987104168
6413,2.28466835765413
6414,0.594890811590974
6415,0.61403910089458
6416,1.32599062392038
6417,1.16619880165012
6418,0.748567651534312
6419,0.899230592757618
6420,0.909497489913953
6421,0.725064402688901
6422,0.878672202708376
6423,0.941080936766554
6424,1.96101037565116
6425,0.351255978807884
6426,2.22145221569594
6427,0.767407730103833
6428,2.06260275683072
6429,1.21845271261159
6430,0.429946379804024
6431,0.199895233765514
6432,0.915481079805506
6433,0.26081386628455
6434,0.576326415887642
6435,0.262862954433808
6436,0.552062549701687
6437,2.31935191411629
6438,0.735207704935362
6439,1.58095329066576
6440,0.688274009800949
6441,0.377108577050894
6442,0.626395479724498
6443,0.590378183075643
6444,0.865730275533146
6445,1.02741265055395
6446,1.60289869888688
6447,0.738329393772074
6448,0.207852263708513
6449,1.37971073251185
6450,0.289095137893731
6451,1.31249642207256
6452,0.552950197150354
6453,1.94163302662988
6454,0.804614947768985
6455,1.86055216482064
6456,0.719413015415475
6457,1.26185494180598
6458,1.52725556119405
6459,1.21277430823351
6460,0.173591126638931
6461,0.341562472560457
6462,0.450266568946142
6463,0.781733343404967
6464,1.2051536179758
6465,0.195616085154461
6466,0.237107934651866
6467,0.667045568370411
6468,0.826963204832226
6469,2.00792797404345
6470,0.452315796568935
6471,0.329049681902602
6472,1.13329800342158
6473,0.618876737276544
6474,2.0312216133988
6475,0.711131959350766
6476,0.70065548312043
6477,0.724360779619724
6478,1.7119051970917
6479,0.719810321382186
6480,2.16547762303834
6481,0.584842923960805
6482,0.539056705832396
6483,1.24492803901708
6484,0.975615623840167
6485,0.575300765904195
6486,1.37995868372703
6487,0.9304330006009
6488,0.400593988119346
6489,1.07495312670133
6490,0.941826173046648
6491,2.03631291929405
6492,0.342093157881619
6493,0.292481756522731
6494,0.900466427282657
6495,0.561147300232907
6496,0.902819683517105
6497,0.226274921638313
6498,1.47935477536108
6499,2.35402401679297
6500,0.263144935610283
6501,1.47284224416775
6502,2.83810546948123
6503,0.656530440003777
6504,1.74251798069134
6505,1.23741691927037
6506,1.33217699635431
6507,0.15610493721071
6508,2.46305323414029
6509,0.520581916486796
6510,0.548090519568628
6511,0.0463186291009099
6512,0.516512995864057
6513,0.438199758371733
6514,1.18158610192273
6515,1.11604414497451
6516,1.21192452804053
6517,1.52384800376076
6518,0.686829334655404
6519,0.81808851548725
6520,1.74377956095128
6521,0.715437291021165
6522,0.547780970231484
6523,1.66951924722327
6524,1.03606055756767
6525,0.423199723425896
6526,1.2152153540193
6527,1.96626968090522
6528,0.986598091991233
6529,1.51952501120124
6530,1.62049933285528
6531,2.80320113191062
6532,1.43933868041173
6533,0.843002382643698
6534,1.6362191353943
6535,0.547915272144454
6536,1.01249728788764
6537,1.92457195775479
6538,1.96815832970072
6539,2.32625195055475
6540,0.838580634661047
6541,0.909370688185397
6542,1.6175460618632
6543,0.675722164443815
6544,0.273236193167809
6545,1.55762806689224
6546,1.79522977931494
6547,2.98935076719596
6548,1.21327098525616
6549,1.06641040967315
6550,1.57756528115048
6551,0.57411985651061
6552,2.59587530215331
6553,0.608684681906991
6554,2.22823852982312
6555,2.19971944926882
6556,1.47068782872777
6557,1.21195640673922
6558,1.50463204682535
6559,2.22107660918622
6560,1.46714052004838
6561,0.242419606777564
6562,1.57775119877412
6563,0.355128117632448
6564,2.61509434217699
6565,1.09448385444266
6566,0.528919906780629
6567,0.736769121787822
6568,1.45154207724577
6569,0.394467591640413
6570,1.53006763873612
6571,2.38844853350217
6572,0.908466490596456
6573,0.23040576538549
6574,1.08428204813325
6575,0.40085781760026
6576,1.44741964106213
6577,1.15168789689095
6578,1.15068397961489
6579,2.24599300932149
6580,1.62746848092462
6581,0.789581168982821
6582,1.11352278225807
6583,0.217191731571826
6584,0.846842567933802
6585,1.0166890458443
6586,0.571674544729142
6587,1.11107157424353
6588,1.24156767426298
6589,0.566185049694451
6590,1.83526216883672
6591,0.919135711808738
6592,0.709011272169102
6593,0.608804485574292
6594,1.08097706679691
6595,1.66980824839155
6596,1.26510135929652
6597,1.22529986043763
6598,0.358799285324841
6599,0.443681513553348
6600,0.591119434911656
6601,1.01564360704057
6602,0.748244155914014
6603,2.24800755938002
6604,1.08071192068062
6605,1.79932189340843
6606,0.554476394135271
6607,0.917724980692895
6608,1.44461775712309
6609,0.974425180122446
6610,1.08793970502238
6611,0.873701004224695
6612,1.44463903576077
6613,0.821916897328522
6614,0.628040260113232
6615,0.462119357939933
6616,1.89895001784465
6617,1.01593921419676
6618,0.450674676999653
6619,0.743298674359713
6620,1.45789348324461
6621,0.732272520383269
6622,1.01682636390913
6623,1.53521695488055
6624,1.40677577918097
6625,1.59820526578515
6626,1.94962422426905
6627,0.842873819252109
6628,0.847435156276536
6629,1.80350647684382
6630,0.408868255875463
6631,1.81358868243506
6632,1.98471290236516
6633,0.959974514712105
6634,0.357186514045644
6635,1.05770369503063
6636,0.280524365289193
6637,0.418316473949581
6638,2.45982930575853
6639,2.06618787644029
6640,2.03723416205035
6641,0.474068003950996
6642,0.974508055484694
6643,1.58928326214618
6644,1.04813785565894
6645,0.601018554073954
6646,0.727963170172528
6647,2.80724038089645
6648,0.419879592133413
6649,0.804043154991454
6650,0.49589130105273
6651,0.71017579693829
6652,1.22657864740146
6653,0.206115460259559
6654,0.415155314032015
6655,0.558963480148884
6656,0.782568820675609
6657,0.808857513175208
6658,0.885189665380284
6659,0.952012425074371
6660,0.636368938971296
6661,0.609837118490338
6662,0.617519512849161
6663,0.952121203148441
6664,1.03226944774875
6665,1.75894436141379
6666,1.92959419341289
6667,0.970758094989915
6668,1.32121310469505
6669,1.14385561015469
6670,0.764524850385103
6671,1.13758422121841
6672,1.64086665319194
6673,1.61049993327164
6674,2.57095167518568
6675,2.15276238489978
6676,1.58779783936044
6677,1.10293811072832
6678,1.78303483573872
6679,1.44427634025125
6680,0.130021156514628
6681,1.39619249366094
6682,1.42394490687651
6683,1.03161888215725
6684,2.24496440092658
6685,1.624714319619
6686,0.509986972743786
6687,1.40106390636587
6688,0.553487764857632
6689,1.21278708421273
6690,0.28269194455974
6691,1.38972547689525
6692,0.882964661890949
6693,1.29205324101793
6694,0.538884139985431
6695,1.797351942722
6696,0.988231084784824
6697,0.196108283678033
6698,1.08960786690726
6699,1.70460836639377
6700,1.1826166106773
6701,3.21194437573625
6702,1.26491072408585
6703,0.866898152285109
6704,0.159865516876063
6705,2.39402889676844
6706,0.785915716369192
6707,2.18413726546011
6708,1.43225947012753
6709,0.633999084750108
6710,1.42524219701682
6711,1.71380862740045
6712,0.814941090863998
6713,2.682127617357
6714,1.40462420698831
6715,0.723909862560886
6716,0.186367715265811
6717,0.373391848894709
6718,0.654243625611096
6719,1.05866019381004
6720,0.213064063619325
6721,0.862845956875786
6722,1.14178906055956
6723,0.92439631449938
6724,1.63707706561821
6725,1.44389990217482
6726,0.971194942182585
6727,0.976241540445867
6728,0.88505233077354
6729,0.289773024817292
6730,1.13197064787795
6731,0.398336442706617
6732,0.92160420049421
6733,1.99243367679953
6734,1.1212444196452
6735,0.310303462634177
6736,1.40378388304458
6737,1.11358444108902
6738,0.724912856055273
6739,0.841226218723561
6740,0.569973492856369
6741,0.404971041504549
6742,1.08799023970269
6743,1.43361589119899
6744,0.510603365988785
6745,2.07595703211443
6746,1.31977186587705
6747,1.19103991724446
6748,0.917861330669933
6749,1.1963487631455
6750,0.77593863148498
6751,0.810773041518994
6752,1.71749223970534
6753,1.75601031161986
6754,0.52715032880976
6755,0.605596584833657
6756,2.23628203248405
6757,0.288963999729698
6758,2.66708786133772
6759,1.89628467220513
6760,0.880619602792636
6761,0.928542257801703
6762,1.10536162459167
6763,0.685914689559623
6764,1.16713122072463
6765,0.518853528924152
6766,0.978611137170497
6767,1.6205938864805
6768,0.151716341223072
6769,2.9975444991937
6770,1.90074255204406
6771,1.01978960710022
6772,0.277427135951661
6773,2.20911870488298
6774,0.743552950204578
6775,0.247953490148054
6776,1.04452248713706
6777,0.658599603242132
6778,0.48675178194941
6779,1.08360337563325
6780,1.42838249329442
6781,1.27767340845108
6782,1.22272791154212
6783,1.46473351374427
6784,3.00251641348789
6785,0.232755366613486
6786,0.858329537944989
6787,0.321526297357887
6788,0.311836740061581
6789,0.553815429472955
6790,0.755041253576888
6791,0.665776525193431
6792,0.661731931511929
6793,0.408113961077268
6794,0.881235725650446
6795,0.265512310798445
6796,1.52181114643772
6797,0.324635567518616
6798,1.53812792606459
6799,1.55216181134446
6800,0.775148923709593
6801,2.95596147680942
6802,0.740931798786513
6803,0.603708343608979
6804,1.14338085755241
6805,1.56655129270365
6806,1.40285298348809
6807,1.08296938082526
6808,1.21987253933163
6809,1.81104526152869
6810,1.02001569117942
6811,1.18644524015125
6812,0.55450622557358
6813,1.15939047358273
6814,1.50885437177907
6815,0.608172029001878
6816,1.38147917723409
6817,0.414096273316987
6818,1.8757861003993
6819,0.322368828575361
6820,0.914426080071659
6821,0.697985052174565
6822,0.887107949636653
6823,0.89023520685253
6824,1.30595665249477
6825,0.880439986083746
6826,1.14288798174351
6827,0.837055229544429
6828,0.314505074420457
6829,1.56798616960454
6830,2.19384775012393
6831,2.13974323180407
6832,0.951791198751611
6833,1.06354068049647
6834,1.56326881489305
6835,0.224483361577212
6836,1.33458912211677
6837,1.15753747488189
6838,0.382078799781224
6839,0.677944864856006
6840,0.126962579582182
6841,1.79906155616658
6842,1.23968529860551
6843,0.676829868469096
6844,0.705267882920501
6845,0.964075795128325
6846,0.499849018355905
6847,1.44928198875217
6848,0.547502874461323
6849,0.303145062532234
6850,2.06037103404515
6851,0.332695752342471
6852,1.30093362520183
6853,2.93771696480614
6854,1.22388291116921
6855,1.58073485912217
6856,1.0356028323198
6857,0.679319893989697
6858,0.652539929215622
6859,0.483075091467527
6860,0.991690056515328
6861,1.56662338973911
6862,0.978481993732331
6863,0.71672027849814
6864,0.866953271430012
6865,2.19767382533052
6866,0.437904506704257
6867,1.35622113961006
6868,1.18864985486297
6869,0.308252370425041
6870,0.436197543670895
6871,0.849161132839104
6872,0.385228771914968
6873,1.18195306824419
6874,1.20348265958462
6875,1.69089585580322
6876,1.72249195482065
6877,1.27936328648513
6878,1.5639502427908
6879,1.35834715866933
6880,3.01126191427352
6881,1.76651026159306
6882,0.624671595500563
6883,1.47873401107497
6884,1.13158115590824
6885,1.08217792588859
6886,0.215823298675802
6887,0.397851874979393
6888,0.734905779458595
6889,2.1115144351259
6890,1.29822675139646
6891,0.401974548024685
6892,1.14532625991124
6893,1.59200664144317
6894,1.16562938463988
6895,2.33929002256856
6896,1.34261363743823
6897,0.754228501380703
6898,1.79058496842572
6899,0.508227929724087
6900,1.58233250050773
6901,1.01998050136548
6902,1.18545618077797
6903,1.98948635272485
6904,0.600719450833187
6905,1.05746705636936
6906,0.924307517304897
6907,0.244049805777122
6908,1.57741450759973
6909,1.64440962740964
6910,0.629778616711666
6911,0.871324488948788
6912,1.52389317004889
6913,0.879370960908748
6914,1.98961158386098
6915,0.742592586108544
6916,1.47569719654688
6917,1.46834942660379
6918,2.08677025466972
6919,1.14629386137715
6920,0.533532300721299
6921,2.2343187309343
6922,0.426053022435627
6923,1.25941880666233
6924,0.533058895964157
6925,0.643715955692693
6926,1.31005696928839
6927,0.382773426808932
6928,2.58688489776972
6929,0.573349026932066
6930,0.220995822087028
6931,0.613879179265987
6932,2.15877561900119
6933,1.09350328106187
6934,0.195897145954486
6935,0.457039829718141
6936,0.642188445527639
6937,1.44743192961784
6938,1.00278945777525
6939,0.652950080019878
6940,1.45506137176066
6941,1.49406325561693
6942,1.47054494464982
6943,0.788557902102913
6944,0.789756175739445
6945,1.99125847003189
6946,1.4015125424483
6947,0.996630967758264
6948,0.810803821448812
6949,0.386354039803153
6950,0.257416240611292
6951,1.40392170606649
6952,0.670818982202335
6953,1.01138216632225
6954,1.99666646219896
6955,0.963659288844886
6956,0.18563399102392
6957,0.756821458606106
6958,0.616259548374003
6959,1.03158973169613
6960,0.50249509400439
6961,0.376662562244029
6962,0.814977940377337
6963,1.47970892742962
6964,1.04724038610991
6965,0.237070891765711
6966,1.27852891757228
6967,0.347724247297266
6968,0.477678095886167
6969,0.280932469426364
6970,0.131206292360008
6971,1.15540540346367
6972,1.88377457448707
6973,2.39854001173194
6974,2.60366046311122
6975,1.43320909616662
6976,2.39956344226426
6977,1.11979038180836
6978,0.516914650249101
6979,0.963073679605976
6980,1.27630718735999
6981,1.53874338596174
6982,0.520818281954599
6983,1.28274637624361
6984,0.517650659700198
6985,0.641733509282806
6986,0.764803737518562
6987,0.913019081045341
6988,0.552640693661796
6989,0.694233100350939
6990,0.531031592897565
6991,0.486861361629486
6992,0.697261339299976
6993,1.76736415413635
6994,1.92542031534803
6995,2.04123319789987
6996,0.518641484534389
6997,1.42319749719683
6998,1.23741618026535
6999,0.526492320354506
7000,1.96141865598309
7001,1.42910002100852
7002,1.20830058535767
7003,0.355561758758625
7004,0.675961986445764
7005,1.82018678695144
7006,1.20815001700349
7007,1.01125045046573
7008,1.61941224292044
7009,0.823021074250449
7010,1.20540611741049
7011,0.771571176435166
7012,1.07299866556093
7013,0.59225751261592
7014,1.35201187358573
7015,0.934029020816729
7016,1.88284622796509
7017,1.67460623694187
7018,1.77845105020441
7019,1.21299538748114
7020,0.667120881259853
7021,0.760004136211235
7022,0.326212897955662
7023,0.630205286244979
7024,1.044252838864
7025,1.17559246118781
7026,0.755349240363007
7027,1.46836002045541
7028,0.923349053543648
7029,0.666546784480163
7030,0.113910653253172
7031,0.747806666229657
7032,1.53407029751489
7033,1.42762998886712
7034,1.66123901599141
7035,0.393651757660569
7036,0.716770458209272
7037,1.42249975729824
7038,1.85751238047045
7039,0.214777345129052
7040,0.845271723577794
7041,1.43879335808549
7042,0.43098134534228
7043,1.14044728415764
7044,0.91651949127754
7045,1.9298866657783
7046,1.27506742437566
7047,1.20005592890678
7048,0.613894981132402
7049,1.27565210740412
7050,0.95557797278053
7051,0.817254710077074
7052,0.642243260643014
7053,0.275396787090421
7054,0.628443985112543
7055,1.91494917226702
7056,1.65236834677427
7057,2.29899460783565
7058,1.08810031187697
7059,1.04651460695964
7060,0.995166395451264
7061,0.83037790032905
7062,1.57996437527508
7063,0.409296528595326
7064,1.7821027299362
7065,1.28961980531624
7066,0.467504482345568
7067,0.810447448909411
7068,0.953693707141304
7069,0.50417463251537
7070,1.38960542895893
7071,1.89793118549383
7072,2.67237673471223
7073,4.14791430914719
7074,0.645288986624338
7075,2.03667927152425
7076,0.574981020156396
7077,0.0368874083350198
7078,1.11437241464205
7079,0.961823742849653
7080,0.216010084778367
7081,1.21532354982544
7082,1.46069582518841
7083,2.00792156525355
7084,1.28942950866396
7085,1.31020939555623
7086,0.587745688647135
7087,2.3529943651181
7088,1.04061417137454
7089,0.527916965239476
7090,1.26786927091695
7091,1.56852349003806
7092,0.223857660952708
7093,1.3778611029569
7094,1.561836991707
7095,1.10887975839057
7096,0.824431969740705
7097,0.504166354363795
7098,0.564066361772725
7099,0.684176254224262
7100,1.08781653355676
7101,2.53620517263176
7102,0.735406537233768
7103,0.869222242149193
7104,0.292873871239952
7105,1.1215838762945
7106,0.85866232649539
7107,0.973387513198848
7108,0.566860790669083
7109,0.855717364936681
7110,1.07978490451686
7111,1.26978029349493
7112,0.642241163763692
7113,1.52940949647542
7114,0.961958483601101
7115,1.59988805742661
7116,1.00159583579446
7117,1.04621826645456
7118,1.27018675237709
7119,1.36961763147046
7120,1.12449252627682
7121,1.68393436977306
7122,0.604598893633924
7123,1.47075541465199
7124,0.487748981347995
7125,1.30452509818805
7126,1.55041754474494
7127,0.74758195365788
7128,0.355574937810163
7129,0.785044164801063
7130,1.09060900599581
7131,0.782529232863901
7132,1.61760930790939
7133,0.564807025207829
7134,2.75303282571812
7135,1.03756097192189
7136,0.563484881915114
7137,0.734232592695264
7138,0.477859470251588
7139,2.08476942018355
7140,1.06724393785903
7141,1.27240285390135
7142,0.264416112937053
7143,1.02061823331365
7144,2.3524256203006
7145,0.506386818382508
7146,0.405728197546766
7147,0.696840261754752
7148,0.23474568014731
7149,0.989860575947581
7150,1.41651989701519
7151,1.37459260579887
7152,1.92814233389806
7153,0.189995131439371
7154,1.09446664573146
7155,0.596118495200041
7156,0.651444473800612
7157,1.36812515089576
7158,1.59815108964728
7159,0.5670606743105
7160,0.640673141790858
7161,0.492589721450335
7162,0.504697539893035
7163,0.410647883728335
7164,0.552414528959659
7165,0.848814597684415
7166,0.988108261169197
7167,1.50012092528895
7168,1.5635238887938
7169,1.65412030545006
7170,0.663034134383454
7171,0.778182793091459
7172,0.0776371423003237
7173,0.750924106741914
7174,0.755172880849208
7175,0.706761960537526
7176,0.825290588498408
7177,0.277222078057805
7178,0.358272842189598
7179,1.18597087229924
7180,0.804398280074403
7181,1.28302333108957
7182,0.395950520779937
7183,0.402733372556861
7184,1.07625929643182
7185,0.051669468032634
7186,0.706499279067817
7187,1.61622708070545
7188,0.9725400005255
7189,0.316914101591686
7190,0.717172101003873
7191,1.06889559380335
7192,1.83996759427053
7193,1.0152730127254
7194,1.75969001902646
7195,0.944257131782802
7196,0.659681151926213
7197,1.80077257858614
7198,1.2760850467537
7199,1.46466781692088
7200,1.08166808419216
7201,1.42402855051768
7202,2.25459125590477
7203,1.62300411478393
7204,0.527795837969357
7205,1.39729505839303
7206,1.53825778097275
7207,0.895440705296913
7208,0.988747818815235
7209,0.991240757067218
7210,1.02852535602712
7211,0.699653007921791
7212,0.57234655914397
7213,0.290660223293385
7214,2.4172184190178
7215,0.555525690666992
7216,1.22394624044251
7217,1.59199837665941
7218,1.82040121450375
7219,1.61747229640981
7220,0.861817445070189
7221,0.847373314422634
7222,1.53270911187705
7223,1.43490615158387
7224,0.517102962341555
7225,1.13439328788716
7226,0.190530000583389
7227,0.622805347119952
7228,0.658410878007209
7229,1.24628111472955
7230,1.31059236372583
7231,0.676786783155717
7232,0.926902309994875
7233,1.21274481250483
7234,1.1736419848568
7235,0.349910353717457
7236,1.04278338067565
7237,2.35680517776199
7238,2.26007747108076
7239,0.704920354813744
7240,2.25481071672876
7241,1.53500063721963
7242,0.915298663142982
7243,0.822931838458992
7244,1.65686741471006
7245,0.235693968901236
7246,0.608892096192645
7247,1.06372623920028
7248,1.77735442165379
7249,0.218012976353976
7250,1.82942825797554
7251,0.959529211961561
7252,1.40612061492824
7253,0.557066684282249
7254,2.21350732231549
7255,0.563782929538784
7256,0.424583666416882
7257,1.144708242513
7258,0.73995323577395
7259,1.2251035386852
7260,0.392385985728458
7261,0.678444556186672
7262,0.127524160943557
7263,1.89367261921403
7264,1.36114960247781
7265,2.22818812742869
7266,0.494361407740003
7267,1.15321784070246
7268,0.130481348691948
7269,0.241290748614387
7270,1.44928560842534
7271,0.579243855874869
7272,0.436050847237989
7273,0.954728063690289
7274,0.884863380216623
7275,0.210508990273059
7276,0.106190187936704
7277,1.28959918388112
7278,1.90079570486256
7279,0.818877806458056
7280,1.57282214355554
7281,0.903515617553531
7282,1.56305837203367
7283,0.321244928480941
7284,1.36481497419733
7285,1.73728545845322
7286,0.707241288460735
7287,1.05504857170931
7288,0.309510189862238
7289,1.56803648333685
7290,0.189965930246127
7291,1.09681811848618
7292,0.881407404203427
7293,0.666432174556886
7294,0.844442597577017
7295,1.48912953521914
7296,1.39833865236501
7297,0.924871123230083
7298,0.282058023128794
7299,1.10466517583812
7300,0.759063042229119
7301,0.567551876224181
7302,1.19584742497789
7303,0.624426043449053
7304,0.880033705767282
7305,0.555223095452944
7306,0.521697196893291
7307,0.582065370245978
7308,0.49734228815198
7309,0.642826497161078
7310,0.216286170053164
7311,0.156823722899406
7312,1.13694272187434
7313,1.42831060746694
7314,0.974776889623623
7315,0.859749138154749
7316,1.01833523130498
7317,1.94372521277765
7318,0.236094045666991
7319,0.89595290073238
7320,1.03090570036511
7321,0.794234983676098
7322,1.30671878386053
7323,0.985270464447117
7324,1.04073787725455
7325,0.743155516791662
7326,0.802382634597435
7327,2.07003918455006
7328,0.209677024358989
7329,2.58334668352476
7330,1.18405043018078
7331,1.05417622225567
7332,1.19887242691664
7333,0.378371294169693
7334,1.32015078118611
7335,0.508983673364353
7336,0.888379475806869
7337,1.13014619573125
7338,0.943319818372006
7339,1.48418064469972
7340,2.14101536132217
7341,0.181561091300492
7342,1.21309938554265
7343,0.689485060940131
7344,2.07651038487951
7345,1.2159489996163
7346,1.54525236648685
7347,1.06315844071615
7348,1.11205839282145
7349,0.265006771931448
7350,0.818781727325656
7351,0.414456753963068
7352,0.355265101221
7353,0.75038390419822
7354,0.595735850093326
7355,1.92681608675451
7356,0.779047873930099
7357,0.950032327377545
7358,0.568512182842685
7359,2.06109389172304
7360,1.100724077141
7361,1.07435723102082
7362,1.13692625242236
7363,0.484623213413615
7364,1.0366306950074
7365,0.788100837313655
7366,0.887939444741719
7367,2.19904856104186
7368,1.1131293881585
7369,0.561159037583401
7370,0.935865939571305
7371,0.361141826290376
7372,1.59019144876336
7373,1.52558550964541
7374,2.52643677322351
7375,0.677363336069009
7376,0.301461717567247
7377,1.10504654610736
7378,0.913406814412687
7379,0.801129163825022
7380,2.86161162359571
7381,1.76975033841281
7382,0.979485843555119
7383,0.861440027372799
7384,0.79917959673705
7385,0.898463609802263
7386,1.58854847830488
7387,0.295222066211988
7388,1.16799368510863
7389,1.61503767212168
7390,0.796673052445583
7391,0.584306043441263
7392,0.123954838971852
7393,1.6363658151445
7394,0.66692161758358
7395,1.89821487597875
7396,2.24360614365729
7397,2.27495624726099
7398,0.778165199407074
7399,2.01465785635345
7400,0.799696730066051
7401,0.419546909664737
7402,0.91643776956893
7403,0.513371448768552
7404,0.985292649979202
7405,0.577748154681637
7406,1.57279633783223
7407,1.84417390705903
7408,1.05963195863825
7409,0.240846959036573
7410,0.943883700743574
7411,1.70254148531589
7412,1.18334378444009
7413,1.25043500952943
7414,1.27428918364139
7415,0.212124296956909
7416,1.38018043919003
7417,0.378477035239028
7418,0.52479371905039
7419,1.76817546186723
7420,0.456931070069356
7421,1.96280973527636
7422,0.363290935327148
7423,0.635885088177752
7424,1.69804880954454
7425,1.26331500467548
7426,0.737846034740188
7427,0.768669878109817
7428,0.847443849373284
7429,0.910660519217716
7430,0.502255858589979
7431,1.11835344104079
7432,0.387569287460442
7433,1.14219320138151
7434,2.81135695138442
7435,1.13204542453507
7436,0.561822676419722
7437,0.402220474551497
7438,0.839635718301359
7439,0.254534471312527
7440,1.13545358469742
7441,3.3812698740161
7442,2.13903732915632
7443,2.10175800793911
7444,2.20994828164737
7445,2.14118131281434
7446,0.373255014552963
7447,0.138696730366787
7448,0.747799048493096
7449,0.585708720812727
7450,1.86255602447401
7451,0.764593293472131
7452,1.35796092663871
7453,0.381281482037968
7454,1.40212839937424
7455,1.06009907236077
7456,0.414317402332616
7457,1.06388350637806
7458,1.80890545794311
7459,1.07302844701822
7460,0.939291153715974
7461,1.35641736086222
7462,0.648342611959887
7463,0.568753090467184
7464,0.542675262492731
7465,0.107325303085017
7466,1.04692110485651
7467,1.97414213803654
7468,1.23714010780197
7469,0.697361739112548
7470,2.29762231759052
7471,1.36648127452492
7472,1.92372191665742
7473,0.406020927941619
7474,1.28613525141406
7475,1.48291336587355
7476,0.755148009561561
7477,0.387450710561757
7478,0.472705458293988
7479,2.06543582453081
7480,0.344171534730985
7481,0.915775642513735
7482,1.15571697725958
7483,0.604304512867036
7484,1.55072003540217
7485,0.345740322085329
7486,1.26940388198908
7487,0.0953127563807234
7488,0.671432808623566
7489,0.697229894262658
7490,0.263720937176423
7491,0.259204006759721
7492,0.542442370359467
7493,0.137805887195622
7494,1.59984499532115
7495,1.32335736400875
7496,1.80437553796706
7497,0.921727341118415
7498,1.81746752246341
7499,0.704023656067689
7500,0.626440045227174
7501,1.6444923966356
7502,0.474721392073166
7503,0.544620392200362
7504,1.28805522406612
7505,0.272527953680761
7506,0.912641924729697
7507,0.917639024558543
7508,1.3286586289559
7509,0.513706523143421
7510,0.558174916716868
7511,1.31570837771961
7512,1.13690287200498
7513,1.31568845410901
7514,0.870993120033502
7515,1.78199674574482
7516,1.53802430144105
7517,1.41207380112138
7518,1.92875376162302
7519,2.06371563511099
7520,1.0624624333988
7521,0.686251712182605
7522,0.292364077639186
7523,1.04739666363837
7524,0.256780143425807
7525,1.53775937036173
7526,0.473887600860513
7527,0.549467250170437
7528,0.617759777806959
7529,1.34307318665035
7530,0.737268219039623
7531,0.901271876192852
7532,0.314506002037932
7533,0.585163369725043
7534,1.0632759125523
7535,0.489219684057893
7536,1.00491050712189
7537,1.50874929854683
7538,1.42984343088286
7539,0.969777581891811
7540,1.42159927301422
7541,1.11659922441927
7542,1.51265145938467
7543,0.513838496415356
7544,1.14368234113686
7545,0.336374373129562
7546,0.47564119463218
7547,0.454803803530318
7548,0.778878035622609
7549,0.716398265243323
7550,1.93131632478099
7551,0.783998284219486
7552,1.388726532528
7553,0.505809679583915
7554,1.91565132749094
7555,0.812248550098767
7556,1.28451704513225
7557,1.08806567227704
7558,1.50909355919549
7559,2.06480321043558
7560,0.912463650241332
7561,0.744327643354703
7562,1.26501720227796
7563,0.966815570245322
7564,0.93602706311424
7565,1.34751241627886
7566,1.34444072241877
7567,0.821651396410275
7568,0.862467501227681
7569,2.09932404581613
7570,1.84974285333256
7571,0.177746105517667
7572,1.69329961183074
7573,2.37811597581508
7574,0.79639084254982
7575,0.398323314963718
7576,0.689862473341979
7577,2.223958432067
7578,1.92831896810364
7579,0.356749115990067
7580,0.497957246535607
7581,1.83181367808146
7582,1.06393327735546
7583,1.06315224747879
7584,0.928993978191047
7585,0.536079870756344
7586,0.701538330934372
7587,0.994347971937808
7588,0.249670369841565
7589,0.971594777304454
7590,1.56818894504726
7591,1.63080656890673
7592,2.93516930204543
7593,0.148519849791907
7594,1.08024029084259
7595,0.443390524354502
7596,0.57558491746611
7597,0.628051685385553
7598,0.88678366643874
7599,0.963966879842732
7600,0.926896183966804
7601,1.65775417277781
7602,2.00440211599731
7603,0.618145472353353
7604,1.2346794769089
7605,2.70062449934069
7606,2.67193614158252
7607,1.10745565407539
7608,0.744614677674644
7609,0.452572818349849
7610,0.815755751721919
7611,0.390058705924623
7612,1.72311444736427
7613,0.433691900505842
7614,0.272189892157814
7615,0.446328352275388
7616,0.402816702726915
7617,1.80604278757652
7618,1.54498319585437
7619,0.596893055364586
7620,0.654283958742315
7621,0.1995590241994
7622,2.98687531777215
7623,0.429527570795678
7624,0.562586421098887
7625,1.82055217693277
7626,0.704251892759005
7627,1.47934887127811
7628,0.507690692532416
7629,1.41990062776484
7630,0.941208536657353
7631,0.481960141369142
7632,0.334209727128665
7633,0.717875217491261
7634,1.80680402542502
7635,1.09626139314651
7636,0.313547592991343
7637,0.943041093786294
7638,1.098216810881
7639,0.708404998013866
7640,1.4202478861629
7641,1.44192265667642
7642,0.785267085878074
7643,1.28128789581576
7644,1.40859243555616
7645,0.316026259521919
7646,1.27720247426095
7647,0.380577103741449
7648,0.319013811145576
7649,0.779922897218719
7650,0.731156802366091
7651,0.440925568965769
7652,2.51461593590015
7653,2.07970963338679
7654,0.670527476609269
7655,0.824703078832522
7656,0.168895274920246
7657,0.210103034746317
7658,1.57872478265056
7659,0.885862594437154
7660,0.520035609164102
7661,0.544970038259023
7662,2.182614087343
7663,1.37945517447892
7664,1.43249307249308
7665,0.423203162872118
7666,0.521502442758885
7667,1.1873098377974
7668,1.46739965197578
7669,0.922520216950709
7670,1.64820204279189
7671,0.675262815899812
7672,1.00465155501021
7673,1.12426809308524
7674,0.453292127593852
7675,1.59829396145462
7676,0.462598863802373
7677,0.442948828664353
7678,2.34040831138001
7679,1.32995939985929
7680,0.0456545509352931
7681,1.42209789596075
7682,2.82968348798906
7683,0.474540643998859
7684,0.297302551575777
7685,0.530470848975726
7686,1.9115266459193
7687,0.990764304549785
7688,2.79121570131093
7689,0.655637700553119
7690,0.732075382942766
7691,0.474160037890565
7692,0.858558426789394
7693,0.666454840569246
7694,1.21169252690571
7695,0.437347645738302
7696,1.58034226897659
7697,1.99782407640094
7698,0.599994897007202
7699,3.05892470675637
7700,0.552541323209357
7701,1.44014292190697
7702,1.00851803303992
7703,0.861885154641278
7704,0.604718624959174
7705,0.813999656424808
7706,1.63946571109938
7707,1.11173869181989
7708,1.13988911010464
7709,0.485183332922497
7710,2.59112758199522
7711,0.153085641536037
7712,0.959464229053515
7713,1.18081616673847
7714,0.519144304654654
7715,1.34971189789438
7716,0.558924576201795
7717,1.00636059209153
7718,0.953891195970212
7719,0.881991197009305
7720,0.692359711415744
7721,0.288134627724645
7722,0.872419269410286
7723,1.44637490093891
7724,2.35669429828855
7725,0.411466264654517
7726,1.59445692943615
7727,1.21453604395103
7728,0.711409698259171
7729,0.89734523768855
7730,1.4754308826861
7731,0.204136379062533
7732,2.26404726508651
7733,0.699012195303711
7734,1.36327040659659
7735,0.614695782643768
7736,1.50766205607966
7737,1.58160842142708
7738,1.94108395046905
7739,1.15958439031345
7740,1.40172264856622
7741,2.03205699326436
7742,0.87013870950447
7743,0.574981638777554
7744,1.06889576607187
7745,1.69526096375864
7746,0.221228102273473
7747,0.824565189282402
7748,0.420882929546863
7749,3.63560563819625
7750,0.472649793028744
7751,0.621118716648883
7752,0.550587042619227
7753,0.617348016348099
7754,2.67869220329306
7755,0.283317285787015
7756,0.733319907513444
7757,1.60035102334902
7758,0.370715209430813
7759,0.784589628656402
7760,1.07973264484633
7761,0.0903884060310059
7762,0.633140073923473
7763,0.888497380777552
7764,1.47586912744659
7765,0.75971505197664
7766,0.679412324589032
7767,1.30490626943199
7768,0.545510232022863
7769,1.61372637415936
7770,0.248568073967306
7771,1.97940105928411
7772,0.804289304798347
7773,0.497580098464454
7774,0.574936841182362
7775,0.697557377013426
7776,0.327445411225438
7777,0.246404338071241
7778,1.07740026975103
7779,0.328846906827014
7780,1.0461179739098
7781,1.50592135029708
7782,3.25066145999381
7783,0.349148670486419
7784,1.10771016494775
7785,0.577563254091776
7786,2.12883514229734
7787,1.81142030868073
7788,2.08063881885407
7789,0.482987137860634
7790,1.08483673196686
7791,1.05900104121454
7792,0.608937764051564
7793,2.35064665564733
7794,1.64009964111368
7795,1.02648236239324
7796,1.69182049848259
7797,0.657420782021014
7798,1.23903738094879
7799,1.0191972426285
7800,0.351695262394996
7801,2.21311174136778
7802,0.612628581416212
7803,0.999676438126946
7804,0.757334735985748
7805,0.602107675073367
7806,1.4808181246461
7807,1.2428127999709
7808,1.07417096666334
7809,1.16618314288309
7810,0.5150512465715
7811,0.631775425337455
7812,2.17579316636263
7813,0.452889380250566
7814,1.52131028046951
7815,1.20876013043524
7816,2.28177608497734
7817,1.00084657099808
7818,2.42693523342943
7819,1.01369871341855
7820,4.21210394730899
7821,0.778286501277483
7822,0.907334732462109
7823,0.689366875485808
7824,1.17837073770861
7825,0.522724147516963
7826,1.16459443270864
7827,0.612667449489334
7828,1.1403573451766
7829,0.960478528786029
7830,0.666452565407917
7831,0.62517738781527
7832,0.896111106057088
7833,2.27174756078828
7834,0.503141672955841
7835,0.387337814771227
7836,0.53366281337623
7837,0.946383109751566
7838,1.61486587815162
7839,3.92850101907875
7840,0.36464711615097
7841,2.76450446102521
7842,0.233427568181844
7843,0.936027383710081
7844,0.834976906175652
7845,0.588130900555663
7846,0.174894557022012
7847,2.26987965384743
7848,1.03032762557224
7849,0.494135919852818
7850,1.26465800464644
7851,1.02972759754238
7852,1.88723150800938
7853,1.11369051763677
7854,0.45839589791182
7855,1.55068673259947
7856,0.0664088446298225
7857,1.31188005380075
7858,0.480751733006866
7859,1.60262743264998
7860,0.98688755976282
7861,1.66894588814241
7862,0.219719976893342
7863,0.343886239760404
7864,0.526219108735212
7865,2.23945189614915
7866,0.471724271927886
7867,1.82713893465896
7868,0.602085603546474
7869,1.08958759280517
7870,1.01959960646791
7871,1.75612935668988
7872,1.29483956247527
7873,0.842595621299233
7874,0.543050676456542
7875,1.07647353531142
7876,1.72766697117651
7877,0.535953766067619
7878,0.996547013188076
7879,1.74281793649462
7880,0.946842064059305
7881,1.30628037075531
7882,1.42622117863444
7883,0.524933497738336
7884,1.13990702692098
7885,0.448441358528238
7886,0.819388034778386
7887,0.561406543779716
7888,2.7460159511301
7889,0.970440866401117
7890,1.96935688889543
7891,1.24857102091115
7892,0.708744024184608
7893,1.26097694277073
7894,1.76021940696309
7895,0.938468554494083
7896,0.110497171078731
7897,0.811574430879697
7898,1.82209389596238
7899,1.23890055894606
7900,0.896602595075618
7901,0.567271141361308
7902,1.22413436259279
7903,1.84216361478481
7904,0.67158889381779
7905,0.949235308343772
7906,1.15254069213675
7907,2.90848877851399
7908,0.432410907218402
7909,1.0306284797715
7910,2.25415062870615
7911,1.63602381260176
7912,0.689163680875574
7913,0.723308029557794
7914,0.608984331862277
7915,1.6054259981626
7916,0.943454817075325
7917,0.79020916480964
7918,1.52989334159856
7919,0.583075620484682
7920,1.40780990270633
7921,1.12855245664474
7922,1.54198565189393
7923,0.43994595245445
7924,1.54828380416029
7925,1.36973405715693
7926,0.147871826857563
7927,0.961447620963792
7928,0.942325845384567
7929,0.756711512641691
7930,0.439658990526865
7931,0.591635795334765
7932,0.934218689971961
7933,2.02846437149017
7934,0.89078952691979
7935,0.965079079682321
7936,0.463707507934743
7937,0.468823455494932
7938,1.5207520595179
7939,0.497179478483542
7940,3.06742393352468
7941,1.39828815907027
7942,2.1763722706134
7943,0.599188458528359
7944,1.60863226242936
7945,1.4636225209599
7946,1.17672575247231
7947,0.861272112364433
7948,0.466931646645994
7949,0.463827641751743
7950,2.23691345382978
7951,1.09130873222843
7952,1.98704132716326
7953,0.849030921226534
7954,0.757772474444184
7955,1.70526806746034
7956,2.64400365656923
7957,0.300683723434756
7958,1.48118668663482
7959,1.66642891625636
7960,0.182892989431343
7961,0.783294909786092
7962,0.402276458619686
7963,0.896781311706575
7964,0.348618510765099
7965,1.64655628290311
7966,0.922335217149717
7967,1.66597608951986
7968,2.34231797376706
7969,1.13689894140288
7970,0.564093827863806
7971,1.13701809220298
7972,0.521860366750354
7973,2.44422054162789
7974,0.118283751574498
7975,0.884614467404473
7976,0.364284464738273
7977,2.06442786836049
7978,0.53241737859358
7979,0.365073058078196
7980,0.257829645758026
7981,1.43764944915625
7982,2.13288760472479
7983,1.18573985955193
7984,0.99047612891068
7985,2.11918786959567
7986,1.79680671438224
7987,1.25322664505673
7988,0.434426899301893
7989,1.39250803055133
7990,1.27986800624267
7991,1.0158413340689
7992,1.43499334936477
7993,2.70459223859574
7994,1.59889030088811
7995,1.91406551007563
7996,1.65753528945779
7997,0.902787402297472
7998,1.20042280280226
7999,0.678985282125212
8000,1.44476623320397
8001,0.749312384738131
8002,0.7395868929748
8003,1.04344180696506
8004,0.81716648398059
8005,1.63041844762395
8006,0.669941467519324
8007,2.30362285777294
8008,0.730498229633223
8009,2.11342093047599
8010,1.36244263659828
8011,1.56126328220949
8012,0.409226009289159
8013,1.39601113290165
8014,0.912056762183254
8015,0.730176853114828
8016,1.66332066141371
8017,1.97252175926238
8018,0.493098813660519
8019,1.67735680054438
8020,1.85042474303603
8021,1.99517181288926
8022,0.576046278944191
8023,1.28607218550628
8024,1.26484708721927
8025,0.716865528760059
8026,0.992589101610639
8027,0.664870235670835
8028,1.59405644256876
8029,0.828305384142907
8030,1.02531918330002
8031,0.713648987854879
8032,0.140584916091445
8033,1.03587994884605
8034,0.473074246432573
8035,0.121477310843312
8036,1.84750512761629
8037,0.387810178413992
8038,0.152544153382718
8039,1.08247228550391
8040,0.547993714712051
8041,0.238794629679998
8042,1.34962151417712
8043,0.640059498882944
8044,0.915351640398237
8045,2.13776617304163
8046,1.14147826946789
8047,2.3027341971607
8048,2.31370343451898
8049,1.91222567494936
8050,1.76988282076407
8051,1.73437866714705
8052,0.486751226503268
8053,0.294475484910357
8054,1.16791685796101
8055,0.485187273787927
8056,1.7108463609268
8057,0.317799949674339
8058,2.88711051963729
8059,0.823260134184513
8060,1.06670010967393
8061,0.930127526883051
8062,0.34474961853922
8063,1.57763581701532
8064,1.58524287286846
8065,3.02472524997321
8066,1.50354645751603
8067,0.627960039216645
8068,1.5140444714418
8069,0.631324330394673
8070,1.65219452185262
8071,0.637770541678686
8072,1.12628662844442
8073,0.918397550145657
8074,0.44349662909183
8075,1.85290074394694
8076,1.01967438014226
8077,0.486259129154948
8078,1.20685371059715
8079,0.251161555500295
8080,0.433513091142102
8081,1.65618714579498
8082,0.516484725916552
8083,1.80361907343303
8084,0.932628520514489
8085,1.03865512492219
8086,0.817914784396998
8087,0.615250480336554
8088,1.47509150868411
8089,1.72643566987655
8090,0.947691198623277
8091,1.30682646284819
8092,2.49299206992313
8093,0.225170558542538
8094,0.268221081863874
8095,0.367401482246175
8096,0.796985131198845
8097,0.599120570848383
8098,0.414156837694931
8099,2.24612318068421
8100,0.783623670380399
8101,0.586854839557743
8102,0.290548677661795
8103,1.4871224801298
8104,1.69974218159478
8105,0.457177556267544
8106,0.0625009205628775
8107,0.822859878021466
8108,0.64907534663197
8109,0.76327628009465
8110,1.87675027363402
8111,1.38112741837457
8112,0.651121481705321
8113,0.607739568832602
8114,0.505167183623346
8115,1.36562307599099
8116,0.394732571790852
8117,0.44782041644592
8118,1.76368785657954
8119,1.16691533548073
8120,0.424077605352427
8121,0.248487890820105
8122,1.56066297670768
8123,1.42149786607064
8124,0.121768014668693
8125,1.20097939076965
8126,0.532077426108938
8127,1.15354646886588
8128,0.706503378843072
8129,1.19694356076776
8130,1.61853879352443
8131,0.404469948336467
8132,0.382673504131317
8133,0.433679418718944
8134,0.489514807852517
8135,1.30179135125193
8136,0.629190712080394
8137,0.513721983766619
8138,1.13343554642559
8139,1.2014052538043
8140,0.918483019447639
8141,0.865741895572564
8142,0.15942630478945
8143,1.38490065801833
8144,1.06259710477401
8145,0.748454877211068
8146,1.04510753925816
8147,1.00457888065836
8148,0.540771466221157
8149,1.47911337090894
8150,0.53093983872106
8151,0.943447925942481
8152,1.00560067433674
8153,0.237705101487142
8154,1.71844611447334
8155,1.93106096817277
8156,1.33377517033982
8157,0.419586593395345
8158,0.933933640676981
8159,1.14951542240384
8160,1.31855337832366
8161,1.16329137031414
8162,0.51416355906898
8163,0.545542792400815
8164,0.424987439996777
8165,1.25000148594264
8166,0.529318352890615
8167,2.18342564697132
8168,0.853538557392321
8169,0.536480288444231
8170,1.45721835105701
8171,2.09919430469698
8172,0.410754006904
8173,0.419153593462855
8174,1.04124340967628
8175,1.57587784496363
8176,0.889639689526827
8177,1.56372641925824
8178,0.807312841674292
8179,1.0254169174603
8180,1.03601888007315
8181,1.34907164464363
8182,1.16898404856349
8183,0.454958955286723
8184,0.428754695754465
8185,1.35312616341973
8186,1.89877066820045
8187,1.37494988989675
8188,0.715863990926067
8189,0.996318639562536
8190,0.620824577882944
8191,1.34925810704736
8192,1.06192211537289
8193,0.412184231629743
8194,0.333563982152485
8195,1.23173709038354
8196,0.79724482769074
8197,0.67858987665181
8198,1.70820526079064
8199,1.07463203750076
8200,0.672368518982812
8201,0.416054786158356
8202,0.913339265694002
8203,1.12565504149127
8204,0.775363226976939
8205,1.58759412612239
8206,1.1309253726585
8207,0.832362268598954
8208,0.426585341158318
8209,0.957560401077529
8210,2.36043521371932
8211,0.509117468490624
8212,0.603675603445965
8213,0.728676732094248
8214,0.489714775009598
8215,0.260951451952525
8216,0.896130169980587
8217,0.990533264046184
8218,1.25102404348841
8219,1.15794776571269
8220,0.583551882643114
8221,1.91989329873119
8222,0.701208543744443
8223,0.630543786055463
8224,0.913731605873769
8225,1.00903050896745
8226,0.647669104226639
8227,1.11435428672939
8228,1.1369987599
8229,1.55452853435203
8230,0.904112767144454
8231,0.367471295977897
8232,1.52467652561457
8233,0.765720068567252
8234,0.597633610081701
8235,0.453953877568808
8236,0.776662413703515
8237,1.30614725151113
8238,0.995059344636421
8239,0.385086129810028
8240,0.56832722453922
8241,1.30420781780426
8242,1.11612720184866
8243,1.33882787492327
8244,0.770245283644924
8245,0.76367245998773
8246,0.632068891497433
8247,1.5453054546236
8248,0.528704169700177
8249,0.343224189128073
8250,0.326641071668795
8251,1.09180818764617
8252,0.350230647595627
8253,1.93831812462317
8254,1.6845847654284
8255,0.725439400246412
8256,0.582190295483599
8257,1.51157345885604
8258,1.98476367472284
8259,0.789326385621002
8260,2.04161109056148
8261,0.295413796573174
8262,0.700759918303621
8263,0.874933940575168
8264,0.545322185061441
8265,0.52970467111659
8266,1.35323207269703
8267,0.264900143541167
8268,1.17779486625677
8269,1.72458765684408
8270,1.00927172948323
8271,0.253423344756464
8272,1.49818774083112
8273,0.854966418040509
8274,0.718965734647723
8275,1.48720635287889
8276,1.33032108948029
8277,1.22986407489336
8278,0.840200201090492
8279,0.526956181083653
8280,0.669275341301721
8281,2.21904796410264
8282,1.11059103558117
8283,2.40680661426342
8284,1.02272184794994
8285,2.48034580669948
8286,1.02946501456475
8287,0.301973319140563
8288,0.341801374610267
8289,0.492256323221184
8290,0.629350242498023
8291,0.396622714785522
8292,1.62319464623053
8293,0.407580781066046
8294,1.11444360902277
8295,1.06837059772352
8296,0.38137733986665
8297,0.991011463802123
8298,0.32621069942109
8299,1.24234864964574
8300,0.735219444909391
8301,0.578988300113546
8302,1.362916044603
8303,0.899660971914682
8304,0.981271217304475
8305,1.48559466687766
8306,1.02949970841524
8307,0.738327672462151
8308,0.513799329537727
8309,0.670600465727517
8310,1.0141720321297
8311,1.04348054306187
8312,0.534544372412108
8313,0.297367013026622
8314,0.721219065387107
8315,0.436550078791254
8316,0.877300892791714
8317,0.642411963292858
8318,1.10383526699988
8319,1.05298723309698
8320,0.239067049398225
8321,1.32710826195569
8322,1.39550741245262
8323,0.409105230591034
8324,0.638864042406427
8325,1.09873586360922
8326,0.898919220588326
8327,0.877842610265186
8328,0.512379205869657
8329,0.604956174880254
8330,1.82833163614687
8331,1.46095223700385
8332,0.276082347462136
8333,0.810969123734882
8334,0.493899194724456
8335,0.894857250200425
8336,0.618812608150746
8337,1.40893867658854
8338,1.36791254414011
8339,0.392587583336681
8340,1.6485503445727
8341,2.01123868226156
8342,0.550475542834102
8343,1.33402433642146
8344,0.440068484247558
8345,0.92406118432862
8346,0.888484619464825
8347,0.741138036504199
8348,1.36025914158561
8349,1.74439739822202
8350,2.34955308151581
8351,1.82729044391918
8352,0.633198353994729
8353,0.923820281632319
8354,0.88972633329705
8355,1.14049551344827
8356,1.26117648486782
8357,1.63173931296996
8358,1.00107772629481
8359,0.292614616393329
8360,1.19259945316756
8361,0.95949752777399
8362,0.847186280896829
8363,0.601275740137548
8364,0.926135138200428
8365,1.18508378997061
8366,1.19776613848855
8367,1.62967973708962
8368,0.50661368613041
8369,0.671240685392627
8370,1.86663328540011
8371,1.2238378418022
8372,0.869757758974222
8373,1.29349902118714
8374,1.37480251892686
8375,1.08656448797987
8376,2.44977997051134
8377,0.821971607541687
8378,0.453495542738584
8379,1.35514177618509
8380,0.793115646919813
8381,1.29694914963197
8382,0.171522493573992
8383,0.537299361098969
8384,1.05059075944455
8385,0.55456631396671
8386,0.400299472383295
8387,0.44285261430467
8388,1.4160978937275
8389,0.757691344683247
8390,1.60735766024794
8391,0.381007285088948
8392,0.40148250880964
8393,0.400617219817981
8394,0.453343003923693
8395,0.639219212299509
8396,0.628926067146581
8397,0.855360355491909
8398,0.298153490602398
8399,0.656182799599025
8400,1.38828267231697
8401,1.05721783788549
8402,0.916986780399378
8403,0.889021861388807
8404,0.885655920702027
8405,0.93181534867703
8406,0.468605351210184
8407,0.493837837332268
8408,0.640859724394641
8409,0.224751053342799
8410,0.49432214603966
8411,0.948531774306892
8412,0.302496551983438
8413,0.663789783548335
8414,0.663165144947594
8415,1.47274731363733
8416,0.948861958409395
8417,1.11679226413906
8418,0.761748326799446
8419,0.894866734228031
8420,1.63988738430761
8421,0.606156524725656
8422,0.311974829660241
8423,0.759257435115205
8424,0.59978361810724
8425,1.16621203446614
8426,0.394159785391382
8427,1.8107609742856
8428,1.18413089578369
8429,1.01283346914226
8430,0.592632778543527
8431,0.603892743166702
8432,2.46563145492557
8433,2.49734521231173
8434,1.31340742885105
8435,1.88661552457194
8436,0.663535115340028
8437,1.57512608972613
8438,0.472852895259352
8439,0.99295832681627
8440,1.06710914810124
8441,1.11473270427306
8442,0.21255579738884
8443,1.2764410232008
8444,0.478157314835046
8445,2.65674185323658
8446,1.47145724897742
8447,2.48272823467137
8448,1.24067285365889
8449,1.15891577674417
8450,1.49568668791161
8451,1.28448994693041
8452,0.838570825361696
8453,0.734408748010698
8454,0.776467198270205
8455,0.985124549027772
8456,1.09046642383166
8457,1.49479322624463
8458,0.290492661404823
8459,1.36672515657489
8460,0.503066974059309
8461,2.26544417552441
8462,2.78479386300193
8463,0.212290221322619
8464,1.14963761120422
8465,0.916857258097551
8466,0.135477994275134
8467,1.78040577218362
8468,0.857468507626103
8469,2.29959178518829
8470,0.687052493987947
8471,1.10074198270336
8472,1.49780410740981
8473,1.96612223762144
8474,0.812383975235615
8475,0.362822180126943
8476,0.939418782613217
8477,0.345039051006742
8478,0.0945507012401552
8479,0.856768599706562
8480,2.40490530377343
8481,1.81301084298358
8482,0.0984501953525187
8483,0.844804991093443
8484,1.4012600946649
8485,0.871281772347512
8486,0.750727126070621
8487,0.363508014996786
8488,1.09731435747953
8489,1.61295920087703
8490,0.518339511775557
8491,0.155191021705564
8492,1.36538089569913
8493,0.721595636569437
8494,2.36212657963077
8495,1.69299561286654
8496,0.771745870576261
8497,0.39328836870773
8498,1.17080454042408
8499,0.489134792881064
8500,0.675140194713801
8501,1.51144935093558
8502,0.18069148883147
8503,0.54802558223934
8504,1.48535215390611
8505,1.68127856589244
8506,1.18782934336879
8507,1.44981912965098
8508,0.406982149249435
8509,1.85957374706851
8510,1.84827839195089
8511,2.10448002343377
8512,0.917674981739369
8513,1.17873713916727
8514,0.43459313290245
8515,1.1972262598913
8516,0.632291015034829
8517,1.66448278542875
8518,2.0265151879557
8519,2.14231336740506
8520,0.806768799332283
8521,1.47794784256932
8522,0.32912912689311
8523,1.84369746171288
8524,0.428938294678547
8525,1.92536508992633
8526,0.312393755102059
8527,0.292075610792745
8528,0.789117360341013
8529,1.46667485427606
8530,0.711265382907077
8531,0.561516154821608
8532,0.311011630304913
8533,1.03248936771781
8534,0.622147861676643
8535,2.42531361014807
8536,1.66954482607971
8537,0.79888539083926
8538,1.86234505623547
8539,1.56894715227007
8540,0.795863298150469
8541,1.06755481215797
8542,0.272066073944101
8543,0.286996478371569
8544,1.46750689977862
8545,0.451114367062585
8546,0.755066025831007
8547,0.791142949263159
8548,0.765041623367359
8549,0.56831909220224
8550,1.75295049285733
8551,1.02396187672324
8552,2.35728004148308
8553,1.50619934857731
8554,1.31511485182786
8555,0.315486781519475
8556,0.762163755913057
8557,0.400935833389594
8558,0.936115309165299
8559,0.443137813513027
8560,0.727852508314835
8561,1.37573151421087
8562,0.732120699098976
8563,2.1368149580137
8564,0.963800824975107
8565,0.693723624678106
8566,0.639268509175835
8567,1.44954431811843
8568,1.60461372246272
8569,0.219449893188437
8570,1.49681897951482
8571,1.08544341775792
8572,0.964179838643313
8573,2.26772160016137
8574,1.46193152678423
8575,0.506207723510648
8576,0.452345103319356
8577,0.851298957276687
8578,1.65401122879908
8579,0.32243883017658
8580,0.984187457136078
8581,0.644184610425363
8582,1.04052033566502
8583,1.57172901027671
8584,0.0834573801379608
8585,1.21361222878575
8586,1.10147230528046
8587,1.11806895275656
8588,0.219348047660743
8589,0.256374722185846
8590,0.589461803018809
8591,2.34636590019805
8592,0.0810054270201915
8593,0.496986027495513
8594,1.1680686716539
8595,0.661571953567185
8596,1.31232805287926
8597,2.32426010809187
8598,1.83194571713123
8599,1.80210707708793
8600,0.41495602322086
8601,1.99019144599226
8602,2.36506053231521
8603,1.03862239775199
8604,0.471854074887327
8605,0.150554037199178
8606,0.824466380448276
8607,1.31610694103045
8608,1.62331012454484
8609,0.894187643473069
8610,0.704812126699768
8611,0.632799083174473
8612,1.96554522273707
8613,0.735823485586736
8614,0.554530844233438
8615,2.03158923763315
8616,1.16536738729582
8617,0.925652312126696
8618,1.13483942993261
8619,0.173541054465778
8620,0.80026979700851
8621,2.07975880449976
8622,0.336090930564946
8623,0.91967703324856
8624,0.711564996784074
8625,1.20757640045047
8626,1.01229548081605
8627,1.12531605465729
8628,0.505232470454639
8629,0.232514738917646
8630,1.61063275097997
8631,0.409864487162478
8632,1.67916194541228
8633,1.53146939082556
8634,1.43582133227973
8635,0.243763569040544
8636,0.638879988134121
8637,0.507111120482405
8638,0.701380922229161
8639,1.25295150862898
8640,1.48452830859587
8641,0.908998489950402
8642,2.41334343405749
8643,1.48655506249697
8644,2.60171714575042
8645,2.56835278855689
8646,1.40465113434491
8647,1.52475123511332
8648,1.2290347382463
8649,0.495250460304513
8650,0.423576476813288
8651,0.495366157455253
8652,1.44708724502547
8653,2.37328611286761
8654,1.34669471198355
8655,0.727561883098774
8656,2.01788069550771
8657,0.904828382521201
8658,1.22414961519217
8659,1.60713073696979
8660,1.22694978273593
8661,1.07239095365347
8662,1.03556921036679
8663,1.37556014078131
8664,0.58164353518106
8665,1.11224272110928
8666,0.708184284194498
8667,2.15228964248804
8668,1.09489513763959
8669,2.09921155403252
8670,0.969620148780948
8671,0.393294430133635
8672,0.773203753151107
8673,0.561864889618726
8674,0.686476018995495
8675,0.841140512182274
8676,1.51602640423478
8677,1.39178086071367
8678,0.499194193622445
8679,1.22872775089755
8680,1.5044598533226
8681,1.37871723259781
8682,2.12293000814623
8683,0.840669067906837
8684,0.248574388035983
8685,0.183900592112393
8686,0.710545055251789
8687,0.120390742476326
8688,0.490591740408832
8689,0.165752731750273
8690,0.69574229277988
8691,1.01333184876502
8692,1.05214193647852
8693,1.09509189665336
8694,0.982933973075802
8695,1.82457165354468
8696,1.33367381871422
8697,0.731487820383175
8698,0.575021152807816
8699,1.78708214648295
8700,2.50009361772416
8701,0.613011275633632
8702,0.202905500040624
8703,1.1112577272591
8704,0.486916981058656
8705,0.552274548662423
8706,1.58404802034707
8707,1.05063745592586
8708,1.14248989539593
8709,0.603004024148283
8710,2.03743002523783
8711,1.13381287615171
8712,0.849535057845777
8713,1.17984645499499
8714,0.492164036759954
8715,1.72063771616123
8716,2.83556699779723
8717,1.16603394270789
8718,0.486362414790636
8719,0.446801916646081
8720,0.848306450575356
8721,1.33300850124713
8722,1.64848447890316
8723,0.393619496468139
8724,0.424022104568291
8725,0.731379589973767
8726,0.570892987750618
8727,1.77377239159335
8728,0.894034869882256
8729,0.472243805589259
8730,0.237505393936158
8731,1.13480856655201
8732,1.18149268081267
8733,0.593541651251353
8734,0.420965851309781
8735,0.671625709557549
8736,0.556666266546825
8737,0.403784897148042
8738,1.70934394686144
8739,0.216535953211185
8740,1.64227063749819
8741,0.500366909116325
8742,1.15023847889417
8743,1.27949313152617
8744,0.612379001369001
8745,0.798489215676586
8746,0.826981691718715
8747,0.19506479304123
8748,1.58688569896259
8749,0.206144835125377
8750,0.814201822043673
8751,1.50897906972175
8752,1.38573403436236
8753,1.56315537510659
8754,1.29242439156616
8755,0.988771445358146
8756,0.266619940144551
8757,1.54258777537886
8758,0.659511292521591
8759,0.563320826154292
8760,0.564899753005628
8761,0.653683618206954
8762,0.342096373011358
8763,0.789274637489366
8764,0.368654681525161
8765,2.00487927973833
8766,0.222843230544318
8767,1.70555482168421
8768,1.06201247151811
8769,1.62639160908411
8770,0.913526477290259
8771,1.78523962773886
8772,0.365197672294
8773,0.948016473151432
8774,0.583005380260831
8775,0.943633455700261
8776,1.05034424688883
8777,0.43658983680799
8778,0.500556547418018
8779,0.978595353977541
8780,0.647459561743912
8781,0.252090349467537
8782,0.208710343851084
8783,0.756466841317064
8784,1.18792477641389
8785,1.47836343626114
8786,0.527931883373023
8787,2.26732353340446
8788,0.735520628777428
8789,0.402872790918733
8790,0.857882375256392
8791,1.0805982789285
8792,1.07843521951899
8793,0.861512194257687
8794,0.200632348089359
8795,0.817842975312774
8796,1.50739623551143
8797,0.47845068079417
8798,0.247781330976978
8799,0.0999139015513697
8800,1.00889428384878
8801,1.04991031221465
8802,0.71923325829892
8803,0.624551691583209
8804,0.522816571077847
8805,2.02674800324911
8806,1.12373812136602
8807,0.428388191345291
8808,0.380115384439412
8809,0.503495702594016
8810,2.66958584218445
8811,0.481045275247014
8812,1.49044755221727
8813,0.749154890664529
8814,1.0479101390752
8815,0.440233989258262
8816,0.619304383270062
8817,0.338130041599053
8818,0.801184220507294
8819,0.983327292801535
8820,1.16589157622223
8821,2.61810084226414
8822,1.53644349756863
8823,1.0960908844205
8824,0.32759789775657
8825,0.338549477117605
8826,1.03645343127706
8827,0.342877193541505
8828,1.00544211719705
8829,1.16691365443522
8830,1.47247032189265
8831,1.45461786328192
8832,1.55877567219894
8833,1.00822792460572
8834,0.294642385322689
8835,0.747070773468288
8836,1.12001388616267
8837,2.03678362297589
8838,0.603215682712914
8839,0.253148477306013
8840,1.39063238403161
8841,2.05742825704421
8842,1.74557251895671
8843,0.948140233857295
8844,0.743201061600842
8845,0.709657567923493
8846,1.27724219419729
8847,1.1244175576048
8848,0.650570530440917
8849,1.1079657855764
8850,1.12181007928251
8851,1.92580162332916
8852,0.727532138526024
8853,1.16074214252466
8854,0.614696313390156
8855,1.19488588514588
8856,0.7460344789553
8857,1.57476974830185
8858,0.843134578474633
8859,0.859017795808003
8860,0.989888108891608
8861,1.29069693591354
8862,1.14970698853348
8863,1.36384222493932
8864,1.94881974087572
8865,0.322581160989592
8866,0.728100343204327
8867,0.703810862441073
8868,1.16774622984736
8869,0.441652145261305
8870,1.69296283755407
8871,0.971779177210967
8872,0.605910861550275
8873,1.40687554792271
8874,0.281012396409342
8875,0.189041927701858
8876,0.95742397963081
8877,0.756639354378508
8878,0.525511507564183
8879,0.228461089769128
8880,1.14684002755507
8881,0.70953027602462
8882,0.194108768788505
8883,1.74092221859077
8884,0.862852335189035
8885,1.77983770099825
8886,1.2392758045807
8887,0.619068823969488
8888,1.55146000624473
8889,1.70136821600325
8890,1.80164640564897
8891,0.715576694141377
8892,0.824275965299253
8893,0.773559643999764
8894,0.99156916969738
8895,1.5609568877515
8896,2.23750266781401
8897,0.603919149786169
8898,0.339390804638811
8899,0.494816282828043
8900,0.91675886070619
8901,0.44844399425623
8902,1.25927669221283
8903,0.749516116984341
8904,2.18265739241181
8905,0.307050235223488
8906,0.113609302296972
8907,0.545572104686595
8908,0.170309933586633
8909,0.590477392723984
8910,2.05091602096917
8911,0.196451531839966
8912,0.664921127782251
8913,0.647165217547059
8914,1.34394050905697
8915,1.17188119849998
8916,0.485866319363473
8917,0.977211487607964
8918,0.806022682821918
8919,1.45867828793613
8920,0.255345960048667
8921,0.960682724435328
8922,0.5176787948046
8923,0.875363146918477
8924,3.01869403903812
8925,1.07667114519092
8926,0.688846248406729
8927,1.8259970860305
8928,1.54993906963473
8929,1.7932990376684
8930,0.780583178703352
8931,2.66723821374385
8932,1.21586579311045
8933,0.545512503657151
8934,1.20685839692014
8935,0.889322444432989
8936,1.91995818923845
8937,0.835930706779368
8938,0.991556978472973
8939,0.0410441731590207
8940,0.476409453780364
8941,1.94074851031092
8942,0.193830604847138
8943,1.36292902054624
8944,1.05273208526397
8945,0.836322004217369
8946,1.79492207439997
8947,1.29474879889748
8948,0.265965273941599
8949,1.71422387682565
8950,0.673034147188505
8951,0.43068400094952
8952,1.63333181901513
8953,0.718699215617842
8954,1.5415035125172
8955,1.86629237341591
8956,1.9546636887284
8957,1.10487903572902
8958,0.698171826345331
8959,1.55660955058958
8960,0.964651109156706
8961,0.881953975885442
8962,1.15395395934603
8963,0.268256143710753
8964,1.28781658506781
8965,0.655264011989092
8966,1.60316846049708
8967,2.60568474974215
8968,0.598494540242828
8969,1.09493557773391
8970,0.509915096796906
8971,1.52763893345816
8972,2.1179702966017
8973,1.75640154183115
8974,0.412123197065936
8975,1.64504142926225
8976,1.12558348314726
8977,0.217261248019844
8978,0.91156542316999
8979,0.674854265211137
8980,0.93429471645795
8981,0.158572012291498
8982,0.955217143925422
8983,0.462704795176048
8984,0.656899555566654
8985,0.725220584032458
8986,0.193535384896494
8987,1.19486989232891
8988,0.758969057787307
8989,1.19305556018957
8990,0.791889180457442
8991,0.662627529695943
8992,0.661217218947635
8993,0.729180913731133
8994,1.12706657456664
8995,1.43819996637721
8996,2.5008346047529
8997,1.41237448928168
8998,1.18200733872602
8999,1.04093976389462
9000,0.714658265013264
9001,0.890960611539885
9002,2.35072221158635
9003,0.233418936209597
9004,0.0820526309291685
9005,1.8660341498757
9006,1.77086057735428
9007,0.713294562570352
9008,0.897061770672832
9009,0.865557575855856
9010,0.301122979318632
9011,2.20428553452348
9012,2.37127080207452
9013,0.666076900449927
9014,0.683025168772219
9015,1.69089537888716
9016,0.678154818639463
9017,0.663232956127201
9018,1.28447007236726
9019,0.740948212806388
9020,0.458759094167569
9021,1.26879939718696
9022,1.2055725547148
9023,2.2666585254909
9024,0.581232165775675
9025,0.297070154441515
9026,2.38921901719716
9027,0.682287341729089
9028,0.305904319475004
9029,0.145683759871017
9030,1.29678793388053
9031,0.44007007224637
9032,0.920371177295173
9033,0.177039605270209
9034,1.84914922067656
9035,1.34485496857118
9036,1.14367908482502
9037,0.686078781703617
9038,0.42048186478048
9039,1.37227382262456
9040,0.595484116759319
9041,1.51656090646616
9042,1.77836312282279
9043,0.755981567030579
9044,0.759618200750189
9045,1.29051905210649
9046,0.551466780514449
9047,3.23377363166829
9048,0.716973153295309
9049,1.02064178384694
9050,0.884707283757912
9051,0.544234028647825
9052,0.16143529381642
9053,1.34047510838619
9054,1.15690655208938
9055,1.20012886270242
9056,1.67215923981077
9057,1.71053350693519
9058,1.38431015988791
9059,0.676949235902973
9060,0.995990160246955
9061,0.203906643055108
9062,1.18466735090461
9063,0.419096807909705
9064,1.24945590879383
9065,0.812577241887542
9066,2.04098519303856
9067,0.228549369507464
9068,0.212555040102488
9069,0.431803981148926
9070,1.16035845019558
9071,0.51328547862837
9072,0.809052808598606
9073,1.30769355894568
9074,0.819981428902988
9075,0.215762953421593
9076,0.815056485617687
9077,1.30646398880715
9078,2.62288963105612
9079,1.39226483800051
9080,1.47565595313085
9081,1.44174429814144
9082,0.517043872407537
9083,0.540765436286957
9084,1.28904556194782
9085,0.167822376908294
9086,0.23754641672036
9087,0.619720969449451
9088,0.198676206550851
9089,0.604739120979671
9090,1.55565735556425
9091,0.742377607954356
9092,1.12151482141427
9093,1.78146198887624
9094,0.512499684075336
9095,0.183668135953387
9096,1.24041100336724
9097,0.83433087131218
9098,0.701498085591869
9099,0.530754597119065
9100,0.314634710409967
9101,0.471125220777384
9102,0.824155860755166
9103,2.53607729113231
9104,0.494356754712816
9105,2.22085257221025
9106,0.717473991742938
9107,1.21191782726704
9108,0.77966015656858
9109,0.469376677746356
9110,1.43163296292962
9111,1.06923491390717
9112,0.929346967354742
9113,0.177262909709661
9114,0.952360416518592
9115,0.0988170728745942
9116,2.08288361660203
9117,0.666719103954827
9118,0.817093958126097
9119,1.59758278360205
9120,0.727420380325216
9121,1.2039653672481
9122,0.576048670308887
9123,0.33703029275165
9124,0.587661189130815
9125,1.29476845740223
9126,0.976876267252577
9127,0.986947098399822
9128,0.792414790995158
9129,1.32318265725325
9130,0.416632152307279
9131,0.67890989218474
9132,0.707164528272323
9133,0.419898790701403
9134,1.31816532985502
9135,1.42419443507486
9136,0.680607687807242
9137,1.38489733313874
9138,0.987326950310551
9139,0.65436242878007
9140,2.15366784833361
9141,1.17665044218096
9142,0.759794219673137
9143,0.66372441479822
9144,0.450695497245938
9145,1.44263931897109
9146,0.675013379695002
9147,0.968384090105972
9148,0.773403444940617
9149,0.550128350760455
9150,0.382885374436205
9151,0.576955078049322
9152,1.89759973406143
9153,0.911057346726385
9154,0.621244345148503
9155,0.562997201078046
9156,1.49803125236335
9157,0.615099538102114
9158,1.17892909918282
9159,1.34213076038857
9160,0.483577423148023
9161,2.4416515897871
9162,1.87789959362234
9163,0.62496180150451
9164,0.506831247633947
9165,1.49401773655264
9166,1.65031725714618
9167,1.94307874714616
9168,0.301468785771772
9169,2.04775475170018
9170,1.31131501151085
9171,0.29067725647068
9172,1.1235813797984
9173,0.238163957230896
9174,0.867585799961207
9175,2.03035026805343
9176,0.274675192723639
9177,1.20870203206813
9178,0.91342849758309
9179,1.08367905849355
9180,1.47678248696289
9181,0.541055871691539
9182,1.22074018864873
9183,1.10729798922946
9184,1.41931498032491
9185,0.815714987422589
9186,0.511122193857353
9187,1.13710764534459
9188,0.869958821612198
9189,0.134001106490083
9190,1.06500321616937
9191,1.14362455288171
9192,0.629375252148137
9193,0.77532670551459
9194,0.130767511178033
9195,0.412428775282217
9196,0.781055629757276
9197,1.37701401722189
9198,2.02157218793131
9199,0.889947591234867
9200,0.328882975089854
9201,0.959860493524082
9202,0.685984427242143
9203,0.399211973096909
9204,1.84793779111017
9205,1.28945579219978
9206,0.382607244139983
9207,0.238216458765451
9208,0.554053568754854
9209,0.753632125023761
9210,0.963531809201241
9211,1.12861241637003
9212,0.867964050033324
9213,2.1822236122226
9214,0.923197853707153
9215,1.64433615181484
9216,1.10485487182524
9217,1.09548923886239
9218,0.398440605301211
9219,1.77061951243641
9220,0.277914374091245
9221,0.891236481002446
9222,0.610640472419521
9223,0.791084151696099
9224,0.503626610053542
9225,0.830986260158467
9226,0.578820026481322
9227,1.5104263074316
9228,1.34495968255603
9229,0.653534802778457
9230,0.777830474428848
9231,0.262116254687923
9232,1.88571598369617
9233,0.407954715265337
9234,0.757455209210241
9235,1.65582394675935
9236,0.107082760955348
9237,0.472561838811028
9238,1.03448245549197
9239,1.1825776737216
9240,0.36157043868089
9241,0.43483727201729
9242,0.62852077015949
9243,0.819020284951919
9244,0.35044661639651
9245,1.8120230446084
9246,1.93678548377795
9247,0.263466515190367
9248,1.53251746894719
9249,1.08650563510389
9250,0.521296930371389
9251,1.34383402324834
9252,2.25931345059084
9253,1.63977047491572
9254,1.02848870870771
9255,0.868635900024701
9256,1.31032348978812
9257,1.51546527222775
9258,2.82214965372787
9259,0.930938196587772
9260,1.36433345863405
9261,1.55902388474103
9262,0.61812915985356
9263,0.821011360243217
9264,0.364889169138935
9265,0.0700539175800427
9266,1.27688725744577
9267,1.408907277383
9268,0.512337341846031
9269,0.488852498615302
9270,0.761844568639649
9271,2.07921281005176
9272,0.511039149298441
9273,0.185077669587422
9274,0.139666588571804
9275,0.159360631028732
9276,1.13442929844994
9277,0.18837288946246
9278,0.70450672330402
9279,0.773759124815577
9280,0.970159453062198
9281,0.93635408512381
9282,1.90374771370746
9283,1.24597557223709
9284,0.630062489793845
9285,2.06257514974257
9286,0.383967592427867
9287,1.00455316588187
9288,0.904014879623166
9289,1.63030968862795
9290,2.6436161830039
9291,1.13603398743859
9292,1.33303167471526
9293,0.831155284144385
9294,0.857147904658158
9295,0.656536965809212
9296,0.403793250931655
9297,2.18368509041339
9298,0.393734579977471
9299,1.76601802756796
9300,0.841356635733648
9301,0.91878056376389
9302,0.193361762030245
9303,1.54038322367501
9304,1.71553405377574
9305,0.985725366508023
9306,0.455375765374079
9307,1.12927918723767
9308,1.65782917626037
9309,0.615978192940617
9310,0.111072363698067
9311,1.41296782500345
9312,0.521059897506197
9313,0.752771112992135
9314,2.44505155716883
9315,0.564495250537293
9316,1.15067179046121
9317,0.499814073938093
9318,1.10495300962312
9319,3.04796956874103
9320,0.752109237306721
9321,0.494410334459172
9322,0.937935883001908
9323,1.25164621107316
9324,2.33639861930736
9325,1.72101844416628
9326,0.227732361036251
9327,1.37942613775094
9328,0.275756800222387
9329,0.762716102542867
9330,2.65821245211505
9331,0.551469029422556
9332,1.30220537003257
9333,1.78194700678853
9334,0.416663284616624
9335,0.540356036078565
9336,1.20425903450047
9337,0.31231468439715
9338,2.15322246490017
9339,0.876113130853599
9340,1.29607058733085
9341,2.20977628926055
9342,0.252451718362106
9343,0.828703390573904
9344,2.08024601424195
9345,1.5072747096903
9346,2.38812194047977
9347,1.27474580535128
9348,1.65326510515069
9349,1.48566190005154
9350,1.44504053224215
9351,2.63176045381912
9352,0.879248610424576
9353,1.00208575708479
9354,1.59444029906544
9355,0.584803543570658
9356,0.803207925054136
9357,0.756319223806567
9358,1.48480306308399
9359,2.54691286589388
9360,1.97214973383432
9361,0.806041925969462
9362,0.954172814777028
9363,0.579167249332666
9364,0.552607558228167
9365,0.671776832499051
9366,1.19512961656735
9367,1.83798495797686
9368,1.39599016473051
9369,1.19857571320682
9370,0.383785596747389
9371,0.225380092967414
9372,0.234954207691418
9373,0.297776014286813
9374,1.05037315880672
9375,0.162047907329828
9376,1.23198337200827
9377,1.25674031167362
9378,0.775660270520296
9379,1.71828674763266
9380,0.595433417138379
9381,1.31511310984684
9382,2.121746262186
9383,1.75665841285977
9384,0.402121716713952
9385,0.795575469595387
9386,0.578849306896854
9387,1.503958000026
9388,0.527496804639623
9389,0.535765940170151
9390,2.11313182812432
9391,1.14396611151608
9392,0.784004252966148
9393,1.55222619800394
9394,0.412826307813832
9395,1.71274788933105
9396,2.1785212894209
9397,1.31860813346775
9398,0.699757080893314
9399,1.36563203620697
9400,1.35315932748276
9401,0.805555755018499
9402,1.61863421673439
9403,1.53495341277155
9404,0.642015154027667
9405,1.25896981363148
9406,1.38790403188916
9407,1.1230739187311
9408,1.54264754062666
9409,1.15056294193612
9410,1.11792273760512
9411,1.60667518191813
9412,1.01491499904879
9413,1.43959399424915
9414,1.05975006822474
9415,0.487840635197637
9416,0.256433352420839
9417,1.1680832925858
9418,0.918402085217781
9419,1.67707242574918
9420,1.9481587765224
9421,0.0993393875775165
9422,0.663968514700354
9423,1.1901009968633
9424,0.690373876968153
9425,1.43860879049973
9426,2.85036651401254
9427,0.350555310590919
9428,2.18207586316874
9429,1.29050758771047
9430,1.3265366043669
9431,1.05574643056865
9432,1.7977180449402
9433,1.13940619920193
9434,1.75934280462522
9435,1.21988422337304
9436,0.859342375226377
9437,1.21405778350791
9438,0.745548240325791
9439,0.903350214257858
9440,0.747862099164998
9441,1.2604208316871
9442,1.34100362242979
9443,1.203593761033
9444,0.82686838601892
9445,1.28590327957967
9446,1.10590563112434
9447,1.01194349885566
9448,1.04672987210988
9449,0.392250558454656
9450,1.09457013454165
9451,0.851951961194734
9452,0.787185065946667
9453,1.53659663173536
9454,0.637987825954621
9455,0.632746000347586
9456,1.1108849637466
9457,0.879301764776721
9458,1.20159267440102
9459,0.644613942386947
9460,0.244613791773778
9461,1.10052829129132
9462,0.523212451564602
9463,0.733128116081971
9464,1.33880764505104
9465,1.69156665533825
9466,1.31728057514415
9467,0.469832159727611
9468,0.954113551251269
9469,1.58483946832385
9470,1.56371128687902
9471,0.72354965234286
9472,0.470739606187506
9473,2.60758770130325
9474,0.648953177307805
9475,0.365239934615535
9476,0.601440378202828
9477,0.964850320206416
9478,1.3837345241683
9479,1.55559815202944
9480,0.223095770894269
9481,0.573832569645959
9482,0.209105376479921
9483,0.693010498508721
9484,1.33897300951138
9485,0.791491057328811
9486,0.892475417047306
9487,0.427315494070223
9488,1.07365572852507
9489,0.857462883212815
9490,1.34273232412346
9491,1.09396870257568
9492,2.19334403862849
9493,3.08968176857117
9494,1.53210433725264
9495,0.879503989935676
9496,0.804065320609071
9497,0.68489873130158
9498,1.13237359350964
9499,2.18471652443054
9500,1.07785287045733
9501,0.931644321022154
9502,0.796114517293538
9503,1.46876683328103
9504,1.18446408924625
9505,0.539368686479594
9506,1.43797304848552
9507,2.27008947753385
9508,0.530637616253325
9509,1.93098540311742
9510,0.541195508351422
9511,1.60635275552624
9512,1.23818458708283
9513,0.329617355454392
9514,0.585551272690854
9515,1.67023885377837
9516,1.78664526058365
9517,0.71613525661211
9518,2.18403799033679
9519,0.415719637048551
9520,0.647128840163763
9521,2.09416116561153
9522,1.07351971413618
9523,0.0768858876367889
9524,0.430572556226207
9525,0.771309317599505
9526,1.7512738709064
9527,1.22118845799335
9528,0.923372102822363
9529,1.72024543447056
9530,0.433586402945546
9531,2.62358585389178
9532,0.209723152638727
9533,0.478103379735544
9534,0.87886401901363
9535,1.44650609364624
9536,2.22269908255173
9537,1.26909545153342
9538,1.11071736746261
9539,0.348651478808827
9540,2.37714838310226
9541,2.08438045440401
9542,0.442599397738968
9543,1.19872239478428
9544,1.37426154673763
9545,0.789322248991521
9546,0.132690390278508
9547,0.892100543528481
9548,0.418645962381732
9549,1.12633065775651
9550,0.463108335250411
9551,1.44472981093699
9552,0.695242827115202
9553,0.828130553626087
9554,1.16100132658772
9555,0.586938169788955
9556,0.0704312649474149
9557,0.711848933977838
9558,0.732957059279404
9559,1.04015364351639
9560,2.8104459605809
9561,1.32901189030469
9562,0.583598300113172
9563,0.0592521985400255
9564,0.347683773907359
9565,1.1345282762823
9566,1.42190702684046
9567,2.0092647237486
9568,0.351653803316463
9569,0.751464827259875
9570,0.354859196057134
9571,1.4275506303221
9572,0.674351836030708
9573,0.993527897490817
9574,0.256239713914533
9575,1.15640531649347
9576,0.889253085202204
9577,1.16953802195537
9578,1.3331164312978
9579,0.687906856501056
9580,1.32639038782406
9581,0.602154955900267
9582,1.17644616672751
9583,2.03383756189877
9584,1.19337218112999
9585,0.289508283024361
9586,1.2390041795242
9587,1.89111374176377
9588,0.408034989526023
9589,2.39035410161413
9590,1.14754941470196
9591,0.530254172601873
9592,1.47116170157166
9593,0.371471879389364
9594,2.41752853037742
9595,1.96050508484645
9596,0.756180843727593
9597,0.759554476999582
9598,0.968905601850129
9599,1.20976353395981
9600,1.33937296408981
9601,0.365568550104566
9602,0.0776926233751581
9603,0.978569442544658
9604,0.343114421701203
9605,0.736821279428601
9606,1.3656121992651
9607,1.56723715059086
9608,0.873359350133043
9609,1.18917544752249
9610,1.12045813417122
9611,0.340520350302867
9612,2.14854532441373
9613,1.96243065633843
9614,1.07371558823326
9615,1.10113472720088
9616,2.72328434429762
9617,2.42639282931258
9618,0.826538318978689
9619,1.50619327221821
9620,0.172050085452811
9621,0.664642597244574
9622,0.793869715754431
9623,0.959023300543544
9624,1.87210693523529
9625,1.36140650926481
9626,0.502018005234097
9627,2.22190048563299
9628,0.8487212183336
9629,1.62715258266209
9630,1.95005808896895
9631,0.321933039376704
9632,1.54269905507943
9633,0.839337317569711
9634,0.219819369445725
9635,0.938341677419029
9636,0.467032056973583
9637,1.54040453191159
9638,0.903755132450621
9639,1.37332412490319
9640,0.639416899243601
9641,1.57565427167166
9642,0.523288563446075
9643,0.580671878362716
9644,1.11240104496092
9645,1.28713284686204
9646,0.985650117792532
9647,1.96056769661939
9648,1.60260756250074
9649,1.25312676945188
9650,0.933354254393188
9651,0.147538535704621
9652,1.55128383321793
9653,1.73387886592771
9654,0.894957762508094
9655,0.476487068721724
9656,1.13905068946434
9657,0.106301149466774
9658,0.817748019626958
9659,0.330955144807021
9660,2.8416641072674
9661,0.863056177261153
9662,1.64980162254455
9663,2.43907198047117
9664,0.896553033133375
9665,2.1508474878973
9666,0.978913648608075
9667,0.969427155042228
9668,0.763905472748587
9669,0.066066835162187
9670,0.64213079802904
9671,0.203590346028132
9672,0.712467682491706
9673,0.730401134523041
9674,0.397678200098961
9675,0.804132802335547
9676,0.318675831852867
9677,0.99167897023777
9678,1.17990237223545
9679,0.795098942592042
9680,1.4103697716884
9681,0.98329256550053
9682,0.475612167106089
9683,0.445248021814931
9684,0.29460567109774
9685,0.853299261252487
9686,1.66012396035449
9687,0.688658131668296
9688,0.429873845082864
9689,1.33478603790341
9690,0.407408417368403
9691,1.60855124598013
9692,1.12019057305583
9693,0.699216117349692
9694,0.547428653115912
9695,3.30017415884791
9696,1.75803201856448
9697,1.19875581037203
9698,2.14572711071897
9699,0.507345056601125
9700,0.658632953286475
9701,0.46218915488969
9702,0.71680114013504
9703,2.32988379929658
9704,1.08687414231792
9705,0.500333966282836
9706,0.269771822947889
9707,0.7150682858578
9708,0.853368273560316
9709,0.948007008584904
9710,0.569429948830323
9711,0.274354979162859
9712,1.00297928383245
9713,1.09976987411212
9714,3.45682480308855
9715,1.88173819505826
9716,1.40682127206568
9717,0.424716042415761
9718,2.5830935856501
9719,0.373520085824867
9720,0.221186129298914
9721,1.19460344043632
9722,0.642861078076192
9723,0.767867506738994
9724,1.52866950150953
9725,1.53333302549046
9726,0.278406682507904
9727,0.43089889897137
9728,0.843699281889137
9729,0.966505725641113
9730,1.5562975960653
9731,1.38549091647435
9732,1.69384305662314
9733,1.39435706461986
9734,0.651792078180595
9735,0.480310734345437
9736,0.683923143468991
9737,1.62966073691903
9738,0.896180274861832
9739,1.64275722181774
9740,0.290591332797228
9741,1.17578471592242
9742,0.277155310051731
9743,1.54548409086344
9744,0.572326322038052
9745,0.651923698908627
9746,2.16989548684372
9747,1.49386136915113
9748,1.90181504824097
9749,1.11641981431648
9750,0.91489340068813
9751,1.54446791180151
9752,0.907342481455633
9753,0.372901105659041
9754,1.1205181664391
9755,1.87996949988442
9756,0.719230662594195
9757,0.656296602612675
9758,0.56454799605914
9759,1.125968619603
9760,1.01778470292253
9761,0.486930345343971
9762,0.491140404071772
9763,1.31921425317687
9764,1.09500040337344
9765,0.471507143464163
9766,0.949530238447913
9767,1.65956018360316
9768,1.49119917423236
9769,1.63104907168475
9770,0.650421741267802
9771,1.61305475696467
9772,1.01363236341698
9773,1.50877743808944
9774,1.30264751254561
9775,2.22641073655024
9776,0.64104010822598
9777,0.972310178511066
9778,1.46403355081445
9779,1.78376054088188
9780,1.5496130679501
9781,2.35268348985159
9782,1.61642507445569
9783,1.6495150805976
9784,1.00935119862676
9785,0.264416101533233
9786,1.03272983646676
9787,0.575238040261612
9788,1.81644751762996
9789,0.381703832424407
9790,0.355864386043095
9791,0.553568665194795
9792,0.750822630928089
9793,0.926464931118385
9794,1.61457304532753
9795,0.606842080045052
9796,1.12005758416446
9797,0.526618934114316
9798,1.15911972335986
9799,1.59595828965912
9800,0.884668418216827
9801,1.84232137976573
9802,1.36537008882682
9803,0.695821631612458
9804,0.429505023388319
9805,1.3945729997035
9806,0.50017532660887
9807,0.218408209417074
9808,1.40226730816226
9809,0.979962846773782
9810,1.3435977509039
9811,0.90018450975385
9812,0.686473467815404
9813,0.436610777793076
9814,0.496410972958059
9815,0.444043498795275
9816,1.84303825618548
9817,1.20445598450203
9818,1.42810872339561
9819,0.340969925097399
9820,1.03584611302983
9821,2.30232435091215
9822,1.07246628757264
9823,1.79312330179893
9824,1.16651214154881
9825,1.67660325805682
9826,0.437507102059197
9827,2.01245044097602
9828,1.45964026847388
9829,0.802211159657937
9830,0.893679280961569
9831,1.06060997180587
9832,0.110245671309918
9833,1.06201760350668
9834,1.13453253722861
9835,0.790385014659361
9836,0.876488274146186
9837,0.881574709969283
9838,0.335624991884397
9839,0.223165962333642
9840,0.6105079186439
9841,1.23988906182699
9842,2.51191365033668
9843,1.45496217110653
9844,1.72709454294712
9845,1.08208407994699
9846,1.40091932767761
9847,1.19212592493218
9848,0.832299192531286
9849,1.14488356464783
9850,0.904822573078643
9851,1.09046611861265
9852,1.13010833488615
9853,0.892901397839752
9854,1.49528224027826
9855,0.827008407785349
9856,0.666205321351077
9857,1.46675864046072
9858,0.869403615178207
9859,2.05895966242743
9860,1.28066621523831
9861,0.296680299694517
9862,0.225678818804439
9863,1.45453395399022
9864,0.285098190539952
9865,1.65900745388754
9866,1.28886887430965
9867,1.09176670043671
9868,1.1762071104586
9869,0.38667984376148
9870,0.902477600622097
9871,2.69959829425215
9872,1.0055939581178
9873,1.96033830286688
9874,0.613558459278178
9875,0.682659698045522
9876,2.17587597583141
9877,0.500580401561768
9878,0.785788663841809
9879,1.07922141839938
9880,3.16175909044568
9881,1.63056222410778
9882,1.25759878744007
9883,1.43812617825023
9884,1.09619751860812
9885,0.310692038206095
9886,1.12484333855466
9887,0.887834818927392
9888,0.706540469702086
9889,2.1725240880118
9890,0.838341080767803
9891,0.855437338090243
9892,0.440678188806025
9893,0.966200756556665
9894,1.24736092418328
9895,0.815658256585029
9896,1.08366040739432
9897,0.806649205876116
9898,0.315178263206059
9899,1.0266722076029
9900,3.31452339055884
9901,2.0395012610029
9902,1.71289138208707
9903,0.686595094047365
9904,0.5542068967665
9905,2.10031360895957
9906,0.383014074522935
9907,0.714260543825571
9908,0.255062476182482
9909,0.725486623312695
9910,0.868036201889693
9911,0.911665285513403
9912,0.93781482240073
9913,1.22999005431361
9914,0.550530453962025
9915,0.550342537570747
9916,0.629829822401397
9917,2.28775055115462
9918,1.08467947107347
9919,0.30350388344906
9920,0.339752232468891
9921,0.372975954798543
9922,2.4372796636504
9923,2.04766831517361
9924,2.24895251451418
9925,0.768453131183363
9926,1.23753620118861
9927,1.90566198543709
9928,0.366062527252235
9929,1.42316334272177
9930,0.914005416589577
9931,1.08625883076986
9932,0.570759404054114
9933,0.541125850050596
9934,0.420404377667221
9935,1.43670564935521
9936,0.534291645125776
9937,1.09400454785775
9938,0.401425306604456
9939,1.6104502738745
9940,1.33620868018951
9941,0.670910340553099
9942,1.52992567884125
9943,0.982237856445583
9944,1.65963942321393
9945,1.49372111315342
9946,1.06403507086488
9947,1.22071877570587
9948,0.814953846829547
9949,1.47336440160197
9950,1.41977356072609
9951,1.17686409615745
9952,0.392502218643379
9953,0.658208125284869
9954,2.03222638537426
9955,1.28087029990706
9956,1.69110976818204
9957,1.43862670126932
9958,1.19193300394591
9959,0.490017224917471
9960,1.5940287389346
9961,0.844456321281344
9962,0.365109422947513
9963,1.48832361254497
9964,0.0679141167733669
9965,0.769382661001351
9966,0.93755774420156
9967,1.44129068528223
9968,1.91858863655096
9969,0.678049028880654
9970,0.845468185502633
9971,0.880965893670238
9972,0.763321530042038
9973,1.14760742851231
9974,0.675856783065147
9975,1.31109664412813
9976,1.12902307356562
9977,0.649392007646045
9978,0.837953990019771
9979,1.25433102800572
9980,1.49572162646412
9981,1.44157978287386
9982,1.73831599928135
9983,1.85366697810064
9984,0.2874825024863
9985,1.03556215632506
9986,0.891843141995505
9987,1.07133947417462
9988,1.29110881587144
9989,0.322408595810217
9990,0.653215814072045
9991,0.531178159069925
9992,0.991466091911292
9993,2.38370255121217
9994,0.43965346067816
9995,1.0412320729667
9996,1.77819152215629
9997,0.538050123445253
9998,0.602432462325878
9999,0.54175549950079
