"order","delta_hat","variance_hat","standard_error","critical_value","half_width","lower","upper","studentized","sign_status"
0.25,0.0203703804373072,0.0877620398536079,0.00287020089315294,2.22823852982312,0.0063954922184561,0.0139748882188511,0.0267658726557634,7.09719674532267,"positive"
0.25125,0.0204852279407625,0.0888076922915581,0.00288724895734838,2.22823852982312,0.00643347937195528,0.0140517485688072,0.0269187073127177,7.09506808847405,"positive"
0.2525,0.0206007525067973,0.0898662324142502,0.00290440521594983,2.22823852982312,0.00647170760839865,0.0141290448983987,0.027072460115196,7.09293331166954,"positive"
0.25375,0.020716958296034,0.0909378239455675,0.00292167039305985,2.22823852982312,0.00651017854125941,0.0142067797547746,0.0272271368372934,7.09079242656706,"positive"
0.255,0.0208338494956099,0.0920226327449546,0.00293904521781355,2.22823852982312,0.00654889379522453,0.0142849557003854,0.0273827432908345,7.08864544490026,"positive"
0.25625,0.0209514303193524,0.0931208268359114,0.00295653042441451,2.22823852982312,0.00658785500627471,0.0143635753130777,0.0275392853256271,7.08649237847821,"positive"
0.2575,0.0210697050079536,0.0942325764348733,0.00297412675217084,2.22823852982312,0.00662706382176477,0.0144426411861889,0.0276967688297184,7.08433323918513,"positive"
0.25875,0.0211886778291476,0.0953580539804846,0.00299183494553161,2.22823852982312,0.00666652190050479,0.0145221559286428,0.0278551997296524,7.08216803898006,"positive"
0.26,0.0213083530778877,0.0964974341632709,0.00300965575412345,2.22823852982312,0.00670623091284173,0.0146021221650459,0.0280145839907294,7.07999678989653,"positive"
0.26125,0.0214287350765254,0.0976508939557144,0.00302758993278749,2.22823852982312,0.00674619254074167,0.0146825425357838,0.0281749276172671,7.0778195040423,"positive"
0.2625,0.0215498281749911,0.0988186126427392,0.00304563824161652,2.22823852982312,0.00678640847787265,0.0147634196971185,0.0283362366528638,7.07563619359903,"positive"
0.26375,0.0216716367509748,0.100000771852611,0.00306380144599243,2.22823852982312,0.00682688042968811,0.0148447563212867,0.028498517180663,7.07344687082193,"positive"
0.265,0.0217941652101092,0.101197555588261,0.00308208031662395,2.22823852982312,0.00686761011351092,0.0149265550965983,0.0286617753236201,7.07125154803951,"positive"
0.26625,0.0219174179861531,0.102409150259027,0.00310047562958462,2.22823852982312,0.00690859925861803,0.015008818727535,0.0288260172447711,7.0690502376532,"positive"
0.2675,0.0220413995411768,0.103635744712842,0.00311898816635105,2.22823852982312,0.00694984960632578,0.015091549934851,0.0289912491475026,7.06684295213705,"positive"
0.26875,0.0221661143657484,0.104877530268849,0.00313761871384151,2.22823852982312,0.00699136291007571,0.0151747514556727,0.0291574772758241,7.06462970403742,"positive"
0.27,0.0222915669791212,0.106134700750461,0.00315636806445468,2.22823852982312,0.00703314093552113,0.0152584260436001,0.0293247079146424,7.06241050597264,"positive"
0.27125,0.0224177619294227,0.107407452518882,0.0031752370161088,2.22823852982312,0.00707518546061422,0.0153425764688085,0.029492947390037,7.06018537063269,"positive"
0.2725,0.0225447037938446,0.108695984507075,0.00319422637228107,2.22823852982312,0.00711749827569379,0.0154272055181508,0.0296622020695384,7.05795431077883,"positive"
0.27375,0.0226723971788341,0.110000498254197,0.00321333694204727,2.22823852982312,0.00716008118357373,0.0155123159952604,0.0298324783624079,7.05571733924335,"positive"
0.275,0.0228008467202871,0.1113211979405,0.00323256954012179,2.22823852982312,0.00720293599963197,0.0155979107206551,0.030003782719919,7.05347446892914,"positive"
0.27625,0.0229300570837413,0.11265829042272,0.00325192498689781,2.22823852982312,0.00724606455190024,0.0156839925318411,0.0301761216356416,7.05122571280943,"positive"
0.2775,0.0230600329645725,0.114011985269933,0.00327140410848791,2.22823852982312,0.0072894686811544,0.0157705642834181,0.0303495016457269,7.0489710839274,"positive"
0.27875,0.0231907790881905,0.11538249479991,0.00329100773676484,2.22823852982312,0.00733315024100539,0.0158576288471851,0.0305239293291959,7.04671059539585,"positive"
0.28,0.0233223002102373,0.11677003411597,0.00331073670940272,2.22823852982312,0.00737711109799095,0.0159451891122463,0.0306994113082282,7.04444426039688,"positive"
0.28125,0.0234546011167862,0.11817482114433,0.00333059186991843,2.22823852982312,0.00742135313166787,0.0160332479851184,0.0308759542484541,7.04217209218152,"positive"
0.2825,0.023587686624543,0.119597076671967,0.00335057406771335,2.22823852982312,0.00746587823470505,0.0161218083898379,0.031053564859248,7.03989410406938,"positive"
0.28375,0.023721561581047,0.121037024385001,0.0033706841581154,2.22823852982312,0.00751068831297712,0.0162108732680699,0.0312322498940241,7.03761030944831,"positive"
0.285,0.0238562308648754,0.122494890907601,0.00339092300242137,2.22823852982312,0.00755578528565879,0.0163004455792166,0.0314120161505342,7.03532072177406,"positive"
0.28625,0.0239916993858472,0.123970905841417,0.00341129146793961,2.22823852982312,0.00760117108531989,0.0163905283005273,0.0315928704711671,7.0330253545699,"positive"
0.2875,0.0241279720852298,0.12546530180556,0.00343179042803291,2.22823852982312,0.0076468476580211,0.0164811244272087,0.0317748197432509,7.03072422142626,"positive"
0.28875,0.0242650539359462,0.126978314477127,0.00345242076216186,2.22823852982312,0.00769281696341035,0.0165722369725358,0.0319578708993565,7.02841733600041,"positive"
0.29,0.024402949942784,0.128510182632268,0.00347318335592836,2.22823852982312,0.00773908097481992,0.0166638689679641,0.0321420309176039,7.02610471201606,"positive"
0.29125,0.0245416651426059,0.130061148187838,0.00349407910111955,2.22823852982312,0.00778564167936431,0.0167560234632415,0.0323273068219702,7.02378636326303,"positive"
0.2925,0.024681204604561,0.131631456243594,0.00351510889575205,2.22823852982312,0.00783250107803872,0.0168487035265222,0.0325137056825997,7.02146230359684,"positive"
0.29375,0.0248215734302983,0.133221355124989,0.00353627364411646,2.22823852982312,0.0078796611858183,0.01694191224448,0.0327012346161166,7.01913254693841,"positive"
0.295,0.0249627767541814,0.134831096426542,0.00355757425682225,2.22823852982312,0.00792712403175818,0.0170356527224233,0.0328899007859396,7.01679710727362,"positive"
0.29625,0.0251048197435042,0.136460935055801,0.00357901165084294,2.22823852982312,0.00797489165909407,0.0171299280844101,0.0330797114025982,7.01445599865299,"positive"
0.2975,0.0252477075987084,0.138111129277914,0.00360058674956161,2.22823852982312,0.00802296612534376,0.0172247414733646,0.0332706737240522,7.0121092351913,"positive"
0.29875,0.025391445553603,0.139781940760809,0.00362230048281679,2.22823852982312,0.00807134950240925,0.0173200960511937,0.0334627950560122,7.00975683106719,"positive"
0.3,0.0255360388755842,0.141473634620987,0.00364415378694858,2.22823852982312,0.00812004387667965,0.0174159949989046,0.0336560827522639,7.00739880052283,"positive"
0.30125,0.0256814928658578,0.14318647946995,0.00366614760484522,2.22823852982312,0.00816905134913485,0.0175124415167229,0.0338505442149926,7.00503515786349,"positive"
0.3025,0.0258278128596622,0.144920747461261,0.00368828288598991,2.22823852982312,0.00821837403544991,0.0176094388242123,0.0340461868951121,7.00266591745719,"positive"
0.30375,0.0259750042264938,0.146676714338253,0.00371056058650802,2.22823852982312,0.00826801406610024,0.0177069901603935,0.034243018292594,7.00029109373433,"positive"
0.305,0.0261230723703333,0.148454659482386,0.00373298166921466,2.22823852982312,0.00831797358646751,0.0178050987838657,0.0344410459568008,6.99791070118729,"positive"
0.30625,0.0262720227298736,0.150254865962275,0.00375554710366249,2.22823852982312,0.00836825475694638,0.0179037679729273,0.03464027748682,6.99552475437003,"positive"
0.3075,0.0264218607787499,0.152077620583383,0.00377825786619004,2.22823852982312,0.00841885975305191,0.018003001025698,0.0348407205318018,6.99313326789775,"positive"
0.30875,0.02657259202577,0.153923213938401,0.00380111493997021,2.22823852982312,0.00846979076552792,0.0181028012602421,0.0350423827912979,6.99073625644644,"positive"
0.31,0.0267242220151478,0.155791940458319,0.0038241193150593,2.22823852982312,0.00852105000045591,0.0182031720146919,0.0352452720156037,6.98833373475257,"positive"
0.31125,0.0268767563267369,0.157684098464192,0.00384727198844619,2.22823852982312,0.00857263967936501,0.0183041166473719,0.0354493960061019,6.98592571761261,"positive"
0.3125,0.027030200576267,0.159599990219628,0.00387057396410212,2.22823852982312,0.00862456203934253,0.0184056385369245,0.0356547626156095,6.98351221988271,"positive"
0.31375,0.0271845604155811,0.161539921983985,0.00389402625303057,2.22823852982312,0.00867681933314546,0.0185077410824356,0.0358613797487265,6.98109325647827,"positive"
0.315,0.0273398415328745,0.163504204066307,0.00391762987331776,2.22823852982312,0.00872941382931268,0.0186104277035618,0.0360692553621871,6.97866884237355,"positive"
0.31625,0.0274960496529355,0.165493150879994,0.00394138585018329,2.22823852982312,0.00878234781227804,0.0187137018406575,0.0362783974652136,6.97623899260126,"positive"
0.3175,0.027653190537388,0.167507080998233,0.00396529521603131,2.22823852982312,0.00883562358248425,0.0188175669549038,0.0364888141198723,6.97380372225221,"positive"
0.31875,0.0278112699849351,0.169546317210177,0.00398935901050201,2.22823852982312,0.00888924345649761,0.0189220265284375,0.0367005134414328,6.97136304647483,"positive"
0.32,0.0279702938316049,0.171611186577912,0.00401357828052344,2.22823852982312,0.00894320976712354,0.0190270840644813,0.0369135035987284,6.96891698047486,"positive"
0.32125,0.0281302679509975,0.173702020494191,0.00403795408036375,2.22823852982312,0.00899752486352299,0.0191327430874745,0.0371277928145205,6.96646553951486,"positive"
0.3225,0.0282911982545345,0.175819154740979,0.00406248747168386,2.22823852982312,0.00905219111132967,0.0192390071432048,0.0373433893658641,6.96400873891386,"positive"
0.32375,0.028453090691709,0.177962929548785,0.00408717952359037,2.22823852982312,0.00910721089276816,0.0193458797989408,0.0375603015844771,6.96154659404695,"positive"
0.325,0.0286159512503384,0.180133689656828,0.00411203131268904,2.22823852982312,0.00916258660677285,0.0194533646435656,0.0377785378571113,6.95907912034483,"positive"
0.32625,0.0287797859568184,0.182331784374017,0.00413704392313848,2.22823852982312,0.00921832066910775,0.0195614652877107,0.0379981066259262,6.95660633329347,"positive"
0.3275,0.0289446008763785,0.184557567640776,0.00416221844670438,2.22823852982312,0.00927441551248723,0.0196701853638913,0.0382190163888657,6.95412824843364,"positive"
0.32875,0.0291104021133397,0.186811398091723,0.00418755598281402,2.22823852982312,0.00933087358669751,0.0197795285266422,0.0384412757000372,6.95164488136052,"positive"
0.33,0.0292771958113737,0.189093639119207,0.00421305763861126,2.22823852982312,0.0093876973587192,0.0198894984526545,0.0386648931700929,6.94915624772328,"positive"
0.33125,0.0294449881537641,0.191404658937719,0.00423872452901187,2.22823852982312,0.00944488931285059,0.0200000988409135,0.0388898774666147,6.9466623632247,"positive"
0.3325,0.0296137853636689,0.193744830649197,0.00426455777675932,2.22823852982312,0.00950245195083193,0.020111333412837,0.0391162373145008,6.94416324362071,"positive"
0.33375,0.0297835937043853,0.196114532309223,0.00429055851248092,2.22823852982312,0.00956038779197054,0.0202232059124147,0.0393439814963558,6.94165890471998,"positive"
0.335,0.0299544194796158,0.198514146994138,0.0043167278747444,2.22823852982312,0.00961869937326694,0.0203357201063489,0.0395731188528828,6.93914936238353,"positive"
0.33625,0.0301262690337369,0.200944062869078,0.00434306701011492,2.22823852982312,0.00967738924954174,0.0204488797841951,0.0398036582832786,6.93663463252429,"positive"
0.3375,0.0302991487520683,0.20340467325695,0.00436957707321242,2.22823852982312,0.00973645999356364,0.0205626887585046,0.0400356087456319,6.93411473110669,"positive"
0.33875,0.0304730650611455,0.205896376708358,0.0043962592267695,2.22823852982312,0.0097959141961782,0.0206771508649673,0.0402689792573237,6.93158967414621,"positive"
0.34,0.0306480244289931,0.208419577072494,0.00442311464168964,2.22823852982312,0.00985575446643763,0.0207922699625555,0.0405037788954307,6.92905947770901,"positive"
0.34125,0.0308240333654003,0.210974683569006,0.00445014449710584,2.22823852982312,0.00991598343173155,0.0209080499336688,0.0407400167971319,6.92652415791145,"positive"
0.3425,0.0310010984221985,0.213562110860857,0.00447734998043975,2.22823852982312,0.00997660373791863,0.0210244946842798,0.0409777021601171,6.92398373091971,"positive"
0.34375,0.0311792261935403,0.216182279128191,0.00450473228746116,2.22823852982312,0.0100376180494592,0.0211416081440812,0.0412168442429995,6.92143821294933,"positive"
0.345,0.0313584233161813,0.21883561414322,0.00453229262234801,2.22823852982312,0.0100990290495489,0.0212593942666323,0.0414574523657302,6.91888762026482,"positive"
0.34625,0.0315386964697622,0.221522547346137,0.00456003219774673,2.22823852982312,0.0101608394402533,0.0213778570295089,0.0416995359100155,6.9163319691792,"positive"
0.3475,0.0317200523770949,0.224243515922086,0.00458795223483311,2.22823852982312,0.0102230519426432,0.0214970004344517,0.0419431043197381,6.91377127605357,"positive"
0.34875,0.0319024978044488,0.226998962879189,0.00461605396337354,2.22823852982312,0.0102856692969316,0.0216168285075171,0.0421881671013804,6.91120555729672,"positive"
0.35,0.0320860395618398,0.229789337127654,0.00464433862178681,2.22823852982312,0.010348694262611,0.0217373452992288,0.0424347338244507,6.90863482936466,"positive"
0.35125,0.0322706845033214,0.232615093559976,0.0046728074572062,2.22823852982312,0.0104121296185916,0.0218585548847297,0.042682814121913,6.90605910876018,"positive"
0.3525,0.0324564395272773,0.23547669313224,0.00470146172554216,2.22823852982312,0.0104759781633417,0.0219804613639356,0.042932417690619,6.90347841203249,"positive"
0.35375,0.0326433115767166,0.238374602946559,0.00473030269154539,2.22823852982312,0.0105402427150274,0.0221030688616891,0.043183554291744,6.90089275577668,"positive"
0.355,0.0328313076395701,0.241309296334639,0.00475933162887039,2.22823852982312,0.0106049261116548,0.0222263815279153,0.0434362337512249,6.89830215663339,"positive"
0.35625,0.0330204347489898,0.244281252942506,0.00478854982013944,2.22823852982312,0.0106700312112123,0.0223504035377775,0.0436904659602021,6.89570663128828,"positive"
0.3575,0.0332106999836494,0.247290958816406,0.0048179585570071,2.22823852982312,0.0107355608918142,0.0224751390918351,0.0439462608754636,6.89310619647167,"positive"
0.35875,0.0334021104680473,0.25033890648989,0.00484755914022517,2.22823852982312,0.0108015180518459,0.0226005924162013,0.0442036285198932,6.89050086895809,"positive"
0.36,0.0335946733728117,0.253425595072102,0.00487735287970809,2.22823852982312,0.0108679056101093,0.0227267677627024,0.044462578982921,6.88789066556578,"positive"
0.36125,0.0337883959150078,0.256551530337292,0.00490734109459883,2.22823852982312,0.0109347265059695,0.0228536694090384,0.0447231224209773,6.88527560315634,"positive"
0.3625,0.0339832853584468,0.259717224815567,0.00493752511333529,2.22823852982312,0.011001983699503,0.0229813016589438,0.0449852690579498,6.88265569863423,"positive"
0.36375,0.0341793490139972,0.262923197884898,0.00496790627371718,2.22823852982312,0.0110696801716466,0.0231096688423506,0.0452490291856438,6.88003096894637,"positive"
0.365,0.0343765942398982,0.266169975864396,0.00499848592297331,2.22823852982312,0.0111378189243476,0.0232387753155506,0.0455144131642458,6.87740143108166,"positive"
0.36625,0.0345750284420755,0.26945809210889,0.0050292654178295,2.22823852982312,0.0112064029807147,0.0233686254613608,0.0457814314227901,6.87476710207058,"positive"
0.3675,0.0347746590744586,0.272788087104804,0.00506024612457687,2.22823852982312,0.0112754353851703,0.0234992236892883,0.0460500944596289,6.87212799898471,"positive"
0.36875,0.0349754936393009,0.276160508567366,0.00509142941914071,2.22823852982312,0.0113449192036043,0.0236305744356966,0.0463204128429052,6.86948413893632,"positive"
0.37,0.0351775396875018,0.279575911539167,0.00512281668714981,2.22823852982312,0.011414857523528,0.0237626821639738,0.0465923972110298,6.86683553907793,"positive"
0.37125,0.0353808048189306,0.283034858490081,0.00515440932400628,2.22823852982312,0.0114852534542303,0.0238955513647002,0.0468660582731609,6.86418221660183,"positive"
0.3725,0.0355852966827532,0.286537919418573,0.00518620873495596,2.22823852982312,0.0115561101269341,0.0240291865558191,0.0471414068096873,6.86152418873966,"positive"
0.37375,0.0357910229777609,0.290085671954408,0.00521821633515924,2.22823852982312,0.0116274306949542,0.0241635922828067,0.0474184536727151,6.85886147276197,"positive"
0.375,0.0359979914527008,0.293678701462787,0.00525043354976246,2.22823852982312,0.0116992183338567,0.0242987731188441,0.0476972097865575,6.85619408597779,"positive"
0.37625,0.0362062099066095,0.297317601149924,0.00528286181396986,2.22823852982312,0.0117714762416189,0.0244347336649906,0.0479776861482284,6.85352204573414,"positive"
0.3775,0.0364156861891481,0.301002972170096,0.00531550257311594,2.22823852982312,0.0118442076387909,0.0245714785503573,0.048259893827939,6.85084536941562,"positive"
0.37875,0.0366264282009404,0.30473542373416,0.00534835728273848,2.22823852982312,0.0119174157686579,0.0247090124322824,0.0485438439695983,6.84816407444396,"positive"
0.38,0.0368384438939122,0.308515573219598,0.00538142740865202,2.22823852982312,0.0119911038974046,0.0248473399965076,0.0488295477913168,6.84547817827757,"positive"
0.38125,0.0370517412716344,0.312344046282071,0.00541471442702189,2.22823852982312,0.0120652753142793,0.0249864659573551,0.0491170165859137,6.84278769841108,"positive"
0.3825,0.0372663283896672,0.316221476968531,0.00544821982443879,2.22823852982312,0.0121399333317607,0.0251263950579065,0.0494062617214278,6.84009265237492,"positive"
0.38375,0.0374822133559072,0.320148507831898,0.00548194509799392,2.22823852982312,0.012215081285725,0.0252671320701822,0.0496972946416322,6.83739305773485,"positive"
0.385,0.037699404330937,0.324125790047338,0.00551589175535459,2.22823852982312,0.0122907225356148,0.0254086817953222,0.0499901268665517,6.83468893209154,"positive"
0.38625,0.0379179095283766,0.328153983530143,0.00555006131484053,2.22823852982312,0.0123668604646084,0.0255510490637682,0.050284769992985,6.83198029308007,"positive"
0.3875,0.038137737215238,0.332233757055257,0.00558445530550061,2.22823852982312,0.0124434984797916,0.0256942387354464,0.0505812356950296,6.82926715836956,"positive"
0.38875,0.0383588957122814,0.336365788378465,0.00561907526719019,2.22823852982312,0.0125206400123293,0.0258382556999521,0.0508795357246107,6.82654954566264,"positive"
0.39,0.0385813933943744,0.340550764359253,0.00565392275064903,2.22823852982312,0.0125982885176397,0.0259831048767348,0.0511796819120141,6.82382747269506,"positive"
0.39125,0.0388052386908537,0.344789381085393,0.00568899931757975,2.22823852982312,0.0126764474755686,0.0261287912152851,0.0514816861664223,6.82110095723521,"positive"
0.3925,0.0390304400858885,0.349082343999245,0.00572430654072691,2.22823852982312,0.0127551203905662,0.0262753196953223,0.0517855604764547,6.8183700170837,"positive"
0.39375,0.0392570061188475,0.353430368025823,0.00575984600395662,2.22823852982312,0.0128343107918639,0.0264226953269836,0.0520913169107113,6.81563467007289,"positive"
0.395,0.0394849453846674,0.357834177702638,0.00579561930233671,2.22823852982312,0.0129140222336532,0.0265709231510141,0.0523989676183206,6.81289493406643,"positive"
0.39625,0.0397142665342245,0.362294507311351,0.0058316280422176,2.22823852982312,0.0129942582952662,0.0267200082389583,0.0527085248294907,6.81015082695883,"positive"
0.3975,0.039944978274709,0.366812101011253,0.00586787384131363,2.22823852982312,0.0130750225813562,0.0268699556933527,0.0530200008560652,6.80740236667504,"positive"
0.39875,0.0401770893700008,0.371387712974604,0.00590435832878505,2.22823852982312,0.0131563187220809,0.0270207706479199,0.0533334080920816,6.80464957116992,"positive"
0.4,0.0404106086410493,0.376022107523855,0.00594108314532063,2.22823852982312,0.0132381503732861,0.0271724582677632,0.0536487590143354,6.80189245842787,"positive"
0.40125,0.0406455449662549,0.380716059270779,0.00597804994322078,2.22823852982312,0.0133205212166915,0.0273250237495634,0.0539660661829464,6.79913104646235,"positive"
0.4025,0.0408819072818531,0.385470353257544,0.00601526038648145,2.22823852982312,0.0134034349600767,0.0274784723217765,0.0542853422419298,6.79636535331541,"positive"
0.40375,0.0411197045823018,0.390285785099741,0.00605271615087841,2.22823852982312,0.01348689533747,0.0276328092448319,0.0546065999197718,6.79359539705728,"positive"
0.405,0.0413589459206705,0.395163161131412,0.00609041892405238,2.22823852982312,0.0135709061093374,0.0277880398113332,0.0549298520300079,6.79082119578591,"positive"
0.40625,0.0415996404090328,0.400103298552093,0.00612837040559462,2.22823852982312,0.0136554710627737,0.0279441693462592,0.0552551114718065,6.7880427676265,"positive"
0.4075,0.0418417972188613,0.405107025575908,0.00616657230713321,2.22823852982312,0.0137405940116945,0.0281012032071668,0.0555823912305557,6.78526013073106,"positive"
0.40875,0.0420854255814249,0.410175181582738,0.00620502635241998,2.22823852982312,0.01382627879703,0.0282591467843949,0.0559117043784549,6.78247330327799,"positive"
0.41,0.0423305347881899,0.415308617271501,0.00624373427741801,2.22823852982312,0.0139125292869201,0.0284180055012698,0.05624306407511,6.77968230347159,"positive"
0.41125,0.0425771341912221,0.42050819481556,0.00628269783038985,2.22823852982312,0.0139993493769108,0.0285777848143113,0.0565764835681329,6.77688714954164,"positive"
0.4125,0.0428252332035935,0.425774788020311,0.00632191877198632,2.22823852982312,0.014086742990152,0.0287384902134415,0.0569119761937455,6.77408785974293,"positive"
0.41375,0.0430748412997904,0.431109282482951,0.00636139887533603,2.22823852982312,0.0141747140775972,0.0289001272221932,0.0572495553773876,6.77128445235484,"positive"
0.415,0.0433259680161249,0.43651257575449,0.00640113992613543,2.22823852982312,0.0142632666182041,0.0290627013979209,0.057589234634329,6.76847694568086,"positive"
0.41625,0.0435786229511494,0.441985577504015,0.00644114372273969,2.22823852982312,0.0143524046191369,0.0292262183320125,0.0579310275702863,6.76566535804818,"positive"
0.4175,0.0438328157660732,0.447529209685242,0.00648141207625411,2.22823852982312,0.0144421321159703,0.0293906836501029,0.0582749478820434,6.7628497078072,"positive"
0.41875,0.0440885561851827,0.4531444067054,0.00652194681062626,2.22823852982312,0.0145324531728944,0.0295561030122883,0.0586210093580771,6.76003001333112,"positive"
0.42,0.0443458539962643,0.458832115596471,0.00656274976273879,2.22823852982312,0.0146233718829221,0.0297224821133422,0.0589692258791864,6.75720629301547,"positive"
0.42125,0.0446047190510298,0.464593296188809,0.00660382278250287,2.22823852982312,0.0147148923680966,0.0298898266829332,0.0593196114191264,6.75437856527768,"positive"
0.4225,0.0448651612655451,0.470428921287199,0.00664516773295243,2.22823852982312,0.0148070187797019,0.0300581424858432,0.059672180045247,6.75154684855662,"positive"
0.42375,0.0451271906206618,0.476339976849364,0.00668678649033894,2.22823852982312,0.0148997552984739,0.0302274353221879,0.0600269459191358,6.74871116131217,"positive"
0.425,0.0453908171624516,0.482327462166963,0.00672868094422702,2.22823852982312,0.0149931061348132,0.0303977110276384,0.0603839232972649,6.74587152202475,"positive"
0.42625,0.0456560510026438,0.488392390049127,0.00677085299759065,2.22823852982312,0.0150870755289998,0.030568975473644,0.0607431265316436,6.7430279491949,"positive"
0.4275,0.0459229023190657,0.494535787008551,0.00681330456691014,2.22823852982312,0.015181667751409,0.0307412345676567,0.0611045700704747,6.74018046134283,"positive"
0.42875,0.046191381356086,0.500758693450188,0.00685603758226983,2.22823852982312,0.015276887102729,0.0309144942533571,0.061468268458815,6.73732907700798,"positive"
0.43,0.0464614984250618,0.507062163862582,0.00689905398745641,2.22823852982312,0.0153727379141802,0.0310887605108816,0.061834236339242,6.73447381474856,"positive"
0.43125,0.0467332639047873,0.513447267011871,0.00694235574005806,2.22823852982312,0.015469224547736,0.0312640393570513,0.0622024884525234,6.73161469314111,"positive"
0.4325,0.0470066882419473,0.519915086138506,0.00698594481156429,2.22823852982312,0.0155663513963455,0.0314403368456019,0.0625730396382928,6.72875173078007,"positive"
0.43375,0.0472817819515724,0.52646671915672,0.0070298231874665,2.22823852982312,0.0156641228841568,0.0316176590674156,0.0629459048357292,6.72588494627735,"positive"
0.435,0.0475585556174981,0.533103278856789,0.00707399286735923,2.22823852982312,0.0157625434667438,0.0317960121507543,0.0633210990842418,6.72301435826185,"positive"
0.43625,0.0478370198928267,0.539825893110109,0.00711845586504227,2.22823852982312,0.0158616176313325,0.0319754022614941,0.0636986375241592,6.72013998537906,"positive"
0.4375,0.0481171855003927,0.546635705077163,0.00716321420862342,2.22823852982312,0.0159613498970311,0.0321558356033616,0.0640785353974238,6.71726184629058,"positive"
0.43875,0.0483990632332309,0.55353387341838,0.00720826994062201,2.22823852982312,0.0160617448150598,0.0323373184181712,0.0644608080482907,6.71437995967372,"positive"
0.44,0.0486826639550483,0.560521572507953,0.00725362511807324,2.22823852982312,0.0161628069689836,0.0325198569860647,0.0648454709240318,6.71149434422104,"positive"
0.44125,0.0489679986006984,0.567599992650648,0.00729928181263325,2.22823852982312,0.0162645409749465,0.0327034576257519,0.065232539575645,6.70860501863991,"positive"
0.4425,0.04925507817666,0.574770340301648,0.0073452421106849,2.22823852982312,0.0163669514819074,0.0328881266947526,0.0656220296585674,6.70571200165208,"positive"
0.44375,0.0495439137615179,0.582033838289476,0.00739150811344448,2.22823852982312,0.0164700431718772,0.0330738705896408,0.0660139569333951,6.70281531199324,"positive"
0.445,0.049834516506448,0.589391726042037,0.00743808193706901,2.22823852982312,0.0165738207601585,0.0332606957462895,0.0664083372666066,6.69991496841259,"positive"
0.44625,0.0501268976357049,0.596845259815831,0.00748496571276449,2.22823852982312,0.0166782889955868,0.0334486086401181,0.0668051866312917,6.6970109896724,"positive"
0.4475,0.0504210684471136,0.60439571292837,0.00753216158689485,2.22823852982312,0.0167834526607727,0.0336376157863408,0.0672045211078863,6.69410339454756,"positive"
0.44875,0.0507170403125639,0.612044375993859,0.00757967172109173,2.22823852982312,0.0168893165723473,0.0338277237402166,0.0676063568849112,6.69119220182519,"positive"
0.45,0.0510148246785087,0.619792557162173,0.00762749829236508,2.22823852982312,0.0169958855812079,0.0340189390973008,0.0680107102597167,6.68827743030414,"positive"
0.45125,0.0513144330664656,0.627641582361188,0.00767564349321453,2.22823852982312,0.0171031645727667,0.0342112684936989,0.0684175976392323,6.68535909879464,"positive"
0.4525,0.0516158770735213,0.635592795542505,0.0077241095317416,2.22823852982312,0.0172111584672006,0.0344047186063206,0.0688270355407219,6.68243722611778,"positive"
0.45375,0.0519191683728407,0.643647558930624,0.00777289863176279,2.22823852982312,0.0173198722197032,0.0345992961531375,0.069239040592544,6.67951183110517,"positive"
0.455,0.0522243187141786,0.651807253275608,0.00782201303292337,2.22823852982312,0.0174293108207384,0.0347950078934401,0.069653629534917,6.67658293259842,"positive"
0.45625,0.0525313399243947,0.660073278109291,0.00787145499081212,2.22823852982312,0.017539479296296,0.0349918606280987,0.0700708192206908,6.67365054944879,"positive"
0.4575,0.0528402439079734,0.668447052005081,0.00792122677707689,2.22823852982312,0.0176503827081493,0.0351898611998241,0.0704906266161227,6.67071470051671,"positive"
0.45875,0.0531510426475454,0.676930012841411,0.00797133067954093,2.22823852982312,0.0177620261541142,0.0353890164934312,0.0709130688016596,6.66777540467138,"positive"
0.46,0.0534637482044145,0.685523618068879,0.00802176900232022,2.22823852982312,0.0178744147683107,0.0355893334361038,0.0713381629727252,6.66483268079032,"positive"
0.46125,0.0537783727190872,0.694229344981143,0.0080725440659415,2.22823852982312,0.0179875537214258,0.0357908189976613,0.071765926440513,6.66188654775897,"positive"
0.4625,0.0540949284118057,0.70304869098962,0.00812365820746129,2.22823852982312,0.0181014482209791,0.0359934801908266,0.0721963766327847,6.65893702447026,"positive"
0.46375,0.0544134275830854,0.711983173902033,0.00817511378058572,2.22823852982312,0.018216103511589,0.0361973240714964,0.0726295310946744,6.65598412982417,"positive"
0.465,0.0547338826142555,0.721034332204879,0.00822691315579125,2.22823852982312,0.0183315248752428,0.0364023577390127,0.0730654074894982,6.65302788272733,"positive"
0.46625,0.0550563059680032,0.730203725349859,0.00827905872044631,2.22823852982312,0.0184477176315665,0.0366085883364366,0.0735040235995697,6.65006830209258,"positive"
0.4675,0.0553807101889222,0.739492934044331,0.00833155287893378,2.22823852982312,0.018564687138099,0.0368160230508232,0.0739453973270212,6.64710540683857,"positive"
0.46875,0.0557071079040645,0.748903560545841,0.00838439805277442,2.22823852982312,0.0186824387905659,0.0370246691134986,0.0743895466946304,6.64413921588931,"positive"
0.47,0.0560355118234962,0.758437228960802,0.00843759668075117,2.22823852982312,0.0188009780231574,0.0372345338003388,0.0748364898466536,6.64116974817378,"positive"
0.47125,0.0563659347408569,0.768095585547358,0.00849115121903437,2.22823852982312,0.0189203103088069,0.03744562443205,0.0752862450496639,6.63819702262551,"positive"
0.4725,0.0566983895339236,0.777880299022512,0.00854506414130793,2.22823852982312,0.0190404411594722,0.0376579483744513,0.0757388306933958,6.63522105818215,"positive"
0.47375,0.0570328891651771,0.787793060873568,0.00859933793889637,2.22823852982312,0.0191613761264186,0.0378715130387585,0.0761942652915958,6.63224187378507,"positive"
0.475,0.0573694466823744,0.797835585673959,0.00865397512089288,2.22823852982312,0.0192831208005042,0.0380863258818702,0.0766525674828786,6.62925948837893,"positive"
0.47625,0.0577080752191226,0.808009611403507,0.00870897821428822,2.22823852982312,0.0194056808124671,0.0383023944066554,0.0771137560315897,6.62627392091128,"positive"
0.4775,0.0580487879954588,0.818316899773188,0.00876434976410063,2.22823852982312,0.0195290618332152,0.0385197261622436,0.0775778498286739,6.62328519033215,"positive"
0.47875,0.0583915983184328,0.828759236554472,0.00882009233350668,2.22823852982312,0.0196532695741171,0.0387383287443158,0.0780448678925499,6.62029331559362,"positive"
0.48,0.0587365195826945,0.839338431913294,0.00887620850397311,2.22823852982312,0.0197783097872965,0.038958209795398,0.078514829369991,6.61729831564944,"positive"
0.48125,0.0590835652710846,0.850056320748719,0.00893270087538957,2.22823852982312,0.0199041882659277,0.0391793770051568,0.0789877535370123,6.61430020945461,"positive"
0.4825,0.0594327489552298,0.86091476303638,0.00898957206620239,2.22823852982312,0.0200309108445338,0.039401838110696,0.0794636597997636,6.61129901596495,"positive"
0.48375,0.0597840842961426,0.871915644176744,0.00904682471354933,2.22823852982312,0.0201584833992866,0.039625600896856,0.0799425676954292,6.60829475413673,"positive"
0.485,0.0601375850448241,0.883060875348289,0.00910446147339533,2.22823852982312,0.0202869118483096,0.0398506731965145,0.0804244968931337,6.60528744292626,"positive"
0.48625,0.0604932650428718,0.894352393865644,0.00916248502066919,2.22823852982312,0.0204162021519823,0.0400770628908896,0.0809094671948541,6.60227710128946,"positive"
0.4875,0.0608511382230916,0.905792163542781,0.00922089804940134,2.22823852982312,0.0205463603132469,0.0403047779098447,0.0813974985363385,6.59926374818148,"positive"
0.48875,0.0612112186101131,0.917382175061314,0.00927970327286259,2.22823852982312,0.0206773923779181,0.0405338262321949,0.0818886109880312,6.5962474025563,"positive"
0.49,0.0615735203210103,0.929124446343995,0.00933890342370387,2.22823852982312,0.020809304434994,0.0407642158860163,0.0823828247560043,6.59322808336633,"positive"
0.49125,0.0619380575659262,0.941021022933468,0.00939850125409707,2.22823852982312,0.02094210261697,0.0409959549489562,0.0828801601828962,6.590205809562,"positive"
0.4925,0.062304844648701,0.953073978376358,0.00945849953587682,2.22823852982312,0.0210757931001548,0.0412290515485462,0.0833806377488558,6.58718060009137,"positive"
0.49375,0.0626738959675056,0.965285414612776,0.00951890106068341,2.22823852982312,0.0212103821049889,0.0414635138625167,0.0838842780724946,6.58415247389975,"positive"
0.495,0.063045226015479,0.977657462371314,0.00957970864010669,2.22823852982312,0.0213458758963651,0.0416993501191139,0.0843911019118442,6.58112144992928,"positive"
0.49625,0.06341884938137,0.990192281569608,0.00964092510583106,2.22823852982312,0.0214822807839518,0.0419365685974182,0.0849011301653218,6.57808754711856,"positive"
0.4975,0.0637947807501837,1.00289206172055,0.00970255330978154,2.22823852982312,0.021619603122518,0.0421751776276657,0.0854143838727018,6.57505078440225,"positive"
0.49875,0.064173034903832,1.01575902234424,0.00976459612427086,2.22823852982312,0.0217578493122618,0.0424151855915702,0.0859308842160939,6.57201118071065,"positive"
0.5,0.064553626721789,1.02879541338569,0.00982705644214771,2.22823852982312,0.02189702579914,0.0426566009226489,0.086450652520929,6.56896875496939,"positive"
0.50125,0.0649365711817504,1.04200351563855,0.009889937176946,2.22823852982312,0.0220371390752011,0.0428994321065493,0.0869737102569516,6.56592352609896,"positive"
0.5025,0.0653218833602985,1.05538564117463,0.00995324126303529,2.22823852982312,0.0221781956789205,0.0431436876813779,0.087500079039219,6.56287551301436,"positive"
0.50375,0.06570957843357,1.06894413377969,0.0100169716557723,2.22823852982312,0.0223202021955379,0.0433893762380321,0.0880297806291079,6.55982473462474,"positive"
0.505,0.0660996716779304,1.08268136939516,0.0100811313316535,2.22823852982312,0.0224631652573973,0.0436365064205331,0.0885628369353276,6.55677120983296,"positive"
0.50625,0.0664921784706515,1.09659975656629,0.0101457232884688,2.22823852982312,0.0226070915442898,0.0438850869263617,0.0890992700149413,6.55371495753525,"positive"
0.5075,0.0668871142905948,1.11070173689654,0.0102107505454566,2.22823852982312,0.0227519877837988,0.044135126506796,0.0896391020743936,6.55065599662085,"positive"
0.50875,0.0672844947188981,1.12498978550833,0.0102762161434597,2.22823852982312,0.0228978607516472,0.044386633967251,0.0901823554705453,6.54759434597155,"positive"
0.51,0.0676843354396687,1.13946641151044,0.0103421231450823,2.22823852982312,0.0230447172720479,0.0446396181676208,0.0907290527117166,6.54453002446142,"positive"
0.51125,0.0680866522406797,1.15413415847185,0.0104084746348488,2.22823852982312,0.0231925642180567,0.044894088022623,0.0912792164587364,6.54146305095633,"positive"
0.5125,0.0684914610140722,1.16899560490241,0.0104752737193627,2.22823852982312,0.0233414085119274,0.0451500525021448,0.0918328695259996,6.53839344431368,"positive"
0.51375,0.0688987777570618,1.18405336474025,0.0105425235274675,2.22823852982312,0.0234912571254699,0.0454075206315919,0.0923900348825316,6.53532122338193,"positive"
0.515,0.0693086185726503,1.19931008784601,0.0106102272104089,2.22823852982312,0.0236421170804108,0.0456665014922395,0.092950735653061,6.5322464070003,"positive"
0.51625,0.0697209996703419,1.21476846050418,0.0106783879419972,2.22823852982312,0.0237939954487567,0.0459270042215851,0.0935149951190986,6.52916901399836,"positive"
0.5175,0.0701359373668648,1.23043120593144,0.010747008918772,2.22823852982312,0.0239468993531605,0.0461890380137043,0.0940828367200253,6.5260890631957,"positive"
0.51875,0.0705534480868975,1.2463010847922,0.0108160933601676,2.22823852982312,0.0241008359672893,0.0464526121196082,0.0946542840541869,6.52300657340152,"positive"
0.52,0.0709735483638003,1.26238089572147,0.0108856445086793,2.22823852982312,0.0242558125161966,0.0467177358476038,0.0952293608799969,6.5199215634143,"positive"
0.52125,0.0713962548403516,1.27867347585505,0.0109556656300318,2.22823852982312,0.0244118362766956,0.046984418563656,0.0958080911170472,6.51683405202141,"positive"
0.5225,0.0718215842694893,1.29518170136733,0.011026160013348,2.22823852982312,0.024568914577737,0.0472526696917524,0.0963904988472263,6.51374405799879,"positive"
0.52375,0.072249553515058,1.31190848801656,0.0110971309713196,2.22823852982312,0.0247270548007877,0.0475224987142703,0.0969766083158456,6.51065160011055,"positive"
0.525,0.0726801795525599,1.32885679169795,0.0111685818403784,2.22823852982312,0.0248862643802139,0.047793915172346,0.0975664439327738,6.50755669710861,"positive"
0.52625,0.0731134794699128,1.34602960900454,0.0112405159808696,2.22823852982312,0.0250465508036661,0.0480669286662467,0.0981600302735789,6.50445936773238,"positive"
0.5275,0.0735494704682116,1.36342997779601,0.0113129367772257,2.22823852982312,0.0252079216124673,0.0483415488557443,0.0987573920806789,6.50135963070839,"positive"
0.52875,0.0739881698624959,1.38106097777557,0.0113858476381421,2.22823852982312,0.0253703844020037,0.0486177854604922,0.0993585542644996,6.49825750474993,"positive"
0.53,0.0744295950825233,1.398925731075,0.0114592519967536,2.22823852982312,0.0255339468221189,0.0488956482604044,0.0999635419046422,6.49515300855668,"positive"
0.53125,0.0748737636735468,1.41702740284795,0.0115331533108129,2.22823852982312,0.0256986165775103,0.0491751470960364,0.100572380251057,6.4920461608144,"positive"
0.5325,0.0753206932970988,1.43536920187167,0.0116075550628695,2.22823852982312,0.0258644014281293,0.0494562918689696,0.101185094725228,6.48893698019458,"positive"
0.53375,0.07577040173178,1.45395438115729,0.0116824607604508,2.22823852982312,0.0260313091895831,0.0497390925421969,0.101801710921363,6.48582548535403,"positive"
0.535,0.0762229068740535,1.47278623856867,0.0117578739362436,2.22823852982312,0.026199347733541,0.0500235591405125,0.102422254607595,6.48271169493464,"positive"
0.53625,0.0766782267390448,1.49186811745004,0.0118337981482781,2.22823852982312,0.0263685249881426,0.0503097017509022,0.103046751727187,6.47959562756293,"positive"
0.5375,0.0771363794613475,1.51120340726263,0.011910236980112,2.22823852982312,0.0265388489384097,0.0505975305229378,0.103675228399757,6.47647730184979,"positive"
0.53875,0.0775973832958337,1.53079554423018,0.0119871940410171,2.22823852982312,0.0267103276266605,0.0508870556691733,0.104307710922494,6.47335673639011,"positive"
0.54,0.0780612566184711,1.55064801199368,0.0120646729661665,2.22823852982312,0.0268829691529274,0.0511782874655436,0.104944225771399,6.47023394976242,"positive"
0.54125,0.0785280179271448,1.57076434227536,0.0121426774168231,2.22823852982312,0.0270567816753782,0.0514712362517666,0.105584799602523,6.4671089605286,"positive"
0.5425,0.0789976858424857,1.59114811555215,0.0122212110805305,2.22823852982312,0.0272317734107394,0.0517659124317463,0.106229459253225,6.4639817872335,"positive"
0.54375,0.0794702791087035,1.6118029617386,0.0123002776713043,2.22823852982312,0.0274079526347232,0.0520623264739803,0.106878231743427,6.46085244840465,"positive"
0.545,0.0799458165944268,1.63273256087956,0.0123798809298249,2.22823852982312,0.0275853276824583,0.0523604889119684,0.107531144276885,6.45772096255189,"positive"
0.54625,0.0804243172935477,1.65394064385268,0.0124600246236323,2.22823852982312,0.0277639069489224,0.0526604103446253,0.10818822424247,6.45458734816709,"positive"
0.5475,0.0809058003260732,1.67543099308078,0.012540712547322,2.22823852982312,0.0279436988893791,0.0529621014366942,0.108849499215452,6.45145162372375,"positive"
0.54875,0.0813902849389822,1.69720744325448,0.012621948522742,2.22823852982312,0.0281247120198177,0.0532655729191646,0.1095149969588,6.44831380767674,"positive"
0.55,0.081877790507088,1.71927388206497,0.012703736399192,2.22823852982312,0.0283069549173959,0.0535708355896921,0.110184745424484,6.44517391846197,"positive"
0.55125,0.0823683365339076,1.74163425094721,0.0127860800536234,2.22823852982312,0.0284904362208864,0.0538779003130212,0.110858772754794,6.44203197449603,"positive"
0.5525,0.0828619426525363,1.76429254583372,0.0128689833908412,2.22823852982312,0.028675164631126,0.0541867780214102,0.111537107283662,6.4388879941759,"positive"
0.55375,0.0833586286265285,1.78725281791898,0.0129524503437072,2.22823852982312,0.028861148911469,0.0544974797150596,0.112219777537998,6.43574199587862,"positive"
0.555,0.0838584143507853,1.8105191744348,0.0130364848733446,2.22823852982312,0.0290483978882426,0.0548100164625427,0.112906812239028,6.43259399796097,"positive"
0.55625,0.0843613198524469,1.83409577943659,0.0131210909693444,2.22823852982312,0.0292369204512074,0.0551243994012395,0.113598240303654,6.4294440187592,"positive"
0.5575,0.0848673652917923,1.8579868546009,0.0132062726499733,2.22823852982312,0.0294267255540197,0.0554406397377726,0.114294090845812,6.42629207658863,"positive"
0.55875,0.0853765709631453,1.88219668003417,0.0132920339623824,2.22823852982312,0.029617822214698,0.0557587487484473,0.114994393177843,6.42313818974343,"positive"
0.56,0.0858889572957853,1.90672959509311,0.0133783789828189,2.22823852982312,0.029810219516093,0.0560787377796923,0.115699176811878,6.41998237649624,"positive"
0.56125,0.0864045448548665,1.93158999921659,0.0134653118168378,2.22823852982312,0.0300039266063606,0.0564006182485059,0.116408471461227,6.41682465509793,"positive"
0.5625,0.086923354342342,1.9567823527695,0.0135528365995163,2.22823852982312,0.030198952699439,0.0567244016429029,0.117122307041781,6.41366504377722,"positive"
0.56375,0.0874454065978945,1.98231117789845,0.0136409574956689,2.22823852982312,0.0303953070755289,0.0570500995223656,0.117840713673423,6.41050356074045,"positive"
0.565,0.0879707225998741,2.0081810593998,0.0137296787000651,2.22823852982312,0.0305929990815769,0.0573777235182972,0.118563721681451,6.40734022417121,"positive"
0.56625,0.088499323466242,2.03439664559987,0.0138190044376479,2.22823852982312,0.0307920381317637,0.0577072853344782,0.119291361598006,6.40417505223011,"positive"
0.5675,0.0890312304555207,2.06096264924775,0.0139089389637539,2.22823852982312,0.0309924337079946,0.0580387967475261,0.120023664163515,6.40100806305441,"positive"
0.56875,0.0895664649677513,2.08788384842085,0.0139994865643358,2.22823852982312,0.031194195360394,0.0583722696073573,0.120760660328145,6.39783927475779,"positive"
0.57,0.090105048545457,2.1151650874432,0.0140906515561853,2.22823852982312,0.0313973327078043,0.0587077158376528,0.121502381253261,6.39466870543001,"positive"
0.57125,0.0906470028746136,2.14281127781697,0.0141824382871594,2.22823852982312,0.0316018554382872,0.0590451474363264,0.122248858312901,6.39149637313663,"positive"
0.5725,0.0911923497856262,2.17082739916707,0.0142748511364064,2.22823852982312,0.0318077733096301,0.059384576475996,0.123000123095256,6.38832229591874,"positive"
0.57375,0.0917411112543131,2.19921850019937,0.014367894514595,2.22823852982312,0.0320150961498548,0.0597260151044583,0.123756207404168,6.38514649179264,"positive"
0.575,0.0922933094028969,2.22798969967241,0.0144615728641445,2.22823852982312,0.0322238338577312,0.0600694755451657,0.124517143260628,6.38196897874959,"positive"
0.57625,0.0928489665010012,2.25714618738301,0.0145558906594567,2.22823852982312,0.0324339964032939,0.0604149700977073,0.125282962904295,6.37878977475547,"positive"
0.5775,0.0934081049666558,2.28669322516594,0.01465085240715,2.22823852982312,0.0326455938283634,0.0607625111382925,0.126053698795019,6.37560889775057,"positive"
0.57875,0.0939707473673076,2.3166361479077,0.0147464626462943,2.22823852982312,0.0328586362470704,0.0611121111202372,0.126829383614378,6.37242636564924,"positive"
0.58,0.0945369164208392,2.34698036457492,0.0148427259486487,2.22823852982312,0.0330731338463845,0.0614637825744547,0.127610050267224,6.36924219633966,"positive"
0.58125,0.0951066349965941,2.37773135925722,0.0149396469189002,2.22823852982312,0.0332890968866466,0.0618175381099476,0.128395731883241,6.36605640768355,"positive"
0.5825,0.09567992611641,2.40889469222505,0.0150372301949042,2.22823852982312,0.0335065357021052,0.0621733904143048,0.129186461818515,6.36286901751586,"positive"
0.58375,0.0962568129556577,2.44047600100253,0.0151354804479276,2.22823852982312,0.0337254607014568,0.0625313522542009,0.129982273657114,6.35968004364456,"positive"
0.585,0.0968373188442885,2.47248100145562,0.0152344023828925,2.22823852982312,0.0339458823683902,0.0628914364758983,0.130783201212679,6.35648950385032,"positive"
0.58625,0.0974214672678885,2.50491548889577,0.0153340007386225,2.22823852982312,0.0341678112621348,0.0632536560057537,0.131589278530023,6.35329741588627,"positive"
0.5875,0.0980092818687399,2.53778533919931,0.0154342802880907,2.22823852982312,0.0343912580180132,0.0636180238507268,0.132400539886753,6.35010379747769,"positive"
0.58875,0.0986007864468901,2.57109650994277,0.0155352458386693,2.22823852982312,0.0346162333479972,0.0639845530988929,0.133217019794887,6.34690866632181,"positive"
0.59,0.0991960049612279,2.60485504155442,0.0156369022323813,2.22823852982312,0.034842748041269,0.0643532569199589,0.134038753002497,6.34371204008749,"positive"
0.59125,0.0997949615305675,2.63906705848219,0.0157392543461537,2.22823852982312,0.0350708129647856,0.064724148565782,0.134865774495353,6.34051393641499,"positive"
0.5925,0.10039768043474,2.67373877037831,0.0158423070920732,2.22823852982312,0.0353004390638476,0.0650972413708922,0.135698119498587,6.33731437291569,"positive"
0.59375,0.101004186115691,2.70887647330074,0.0159460654176433,2.22823852982312,0.0355316373626727,0.0654725487530182,0.136535823478364,6.33411336717184,"positive"
0.595,0.101614503178589,2.74448655093182,0.0160505343060431,2.22823852982312,0.0357644189649729,0.0658500842136165,0.137378922143562,6.33091093673632,"positive"
0.59625,0.10222865639294,2.78057547581427,0.0161557187763886,2.22823852982312,0.0359987950545359,0.0662298613384043,0.138227451447476,6.32770709913236,"positive"
0.5975,0.102846670693706,2.81714981060485,0.0162616238839958,2.22823852982312,0.0362347768958114,0.0666118937978949,0.139081447589518,6.32450187185332,"positive"
0.59875,0.103468571182439,2.85421620934586,0.0163682547206453,2.22823852982312,0.036472375834501,0.0669961953479377,0.13994094701694,6.3212952723624,"positive"
0.6,0.104094383128415,2.89178141875483,0.0164756164148493,2.22823852982312,0.0367116032981534,0.0673827798302611,0.140805986426568,6.31808731809242,"positive"
0.60125,0.104724131969782,2.92985227953259,0.0165837141321204,2.22823852982312,0.0369524707967627,0.067771661173019,0.141676602766544,6.31487802644557,"positive"
0.6025,0.105357843314713,2.96843572769004,0.0166925530752424,2.22823852982312,0.0371949899233725,0.0681628533913407,0.142552833238086,6.31166741479318,"positive"
0.60375,0.105995542942568,3.00753879589382,0.0168021384845434,2.22823852982312,0.0374391723546834,0.0685563705878844,0.143434715297251,6.30845550047543,"positive"
0.605,0.10663725680506,3.04716861483125,0.0169124756381703,2.22823852982312,0.0376850298516658,0.0689522269533945,0.144322286656726,6.30524230080116,"positive"
0.60625,0.107283011027439,3.08733241459468,0.0170235698523657,2.22823852982312,0.0379325742601765,0.0693504367672625,0.145215585287616,6.30202783304762,"positive"
0.6075,0.107932831909671,3.12803752608571,0.0171354264817472,2.22823852982312,0.0381818175115804,0.069751014398091,0.146114649421252,6.29881211446021,"positive"
0.60875,0.108586745927639,3.16929138243939,0.0172480509195879,2.22823852982312,0.0384327716233768,0.0701539743042619,0.147019517551016,6.29559516225229,"positive"
0.61,0.109244779734338,3.21110152046882,0.0173614485980999,2.22823852982312,0.0386854486998297,0.070559331034508,0.147930228434167,6.2923769936049,"positive"
0.61125,0.109906960161092,3.25347558213033,0.0174756249887192,2.22823852982312,0.0389398609326038,0.0709670992284884,0.148846821093696,6.28915762566655,"positive"
0.6125,0.110573314218772,3.29642131600965,0.0175905856023931,2.22823852982312,0.0391960206014041,0.0713772936173676,0.149769334820176,6.285937075553,"positive"
0.61375,0.11124386909902,3.33994657882932,0.0177063359898696,2.22823852982312,0.0394539400746213,0.0717899290243983,0.150697809173641,6.28271536034704,"positive"
0.615,0.111918652175489,3.38405933697759,0.017822881741989,2.22823852982312,0.0397136318099808,0.072205020365508,0.15163228398547,6.27949249709824,"positive"
0.61625,0.112597691005087,3.42876766805926,0.0179402284899773,2.22823852982312,0.0399751083551977,0.0726225826498895,0.152572799360285,6.27626850282273,"positive"
0.6175,0.113281013329231,3.47407976246861,0.0180583819057425,2.22823852982312,0.0402383823486361,0.0730426309805947,0.153519395677867,6.27304339450301,"positive"
0.61875,0.113968647075106,3.52000392498487,0.0181773477021727,2.22823852982312,0.0405034665199728,0.0734651805551332,0.154472113595079,6.2698171890877,"positive"
0.62,0.11466062035694,3.5665485763905,0.0182971316334357,2.22823852982312,0.0407703736908668,0.0738902466660735,0.155430994047807,6.26658990349135,"positive"
0.62125,0.115356961477283,3.61372225511262,0.0184177394952824,2.22823852982312,0.0410391167756333,0.0743178447016496,0.156396078252916,6.26336155459418,"positive"
0.6225,0.116057698928293,3.6615336188879,0.018539177125351,2.22823852982312,0.0413097087819226,0.07474799014637,0.157367407710215,6.26013215924194,"positive"
0.62375,0.116762861393036,3.7099914464513,0.0186614504034742,2.22823852982312,0.0415821628114043,0.0751806985816318,0.15834502420444,6.25690173424562,"positive"
0.625,0.117472477746794,3.75910463924893,0.0187845652519881,2.22823852982312,0.0418564920604564,0.075615985686338,0.159328969807251,6.2536702963813,"positive"
0.62625,0.118186577058379,3.80888222317547,0.0189085276360446,2.22823852982312,0.0421327098208597,0.0760538672375194,0.160319286879239,6.25043786238992,"positive"
0.6275,0.118905188591457,3.85933335033643,0.0190333435639242,2.22823852982312,0.0424108294804968,0.0764943591109598,0.161316018071953,6.24720444897708,"positive"
0.62875,0.119628341805883,3.91046730083565,0.0191590190873533,2.22823852982312,0.0426908645240571,0.0769374772818262,0.16231920632994,6.24397007281282,"positive"
0.63,0.120356066359048,3.96229348458834,0.0192855603018217,2.22823852982312,0.0429728285337462,0.0773832378253019,0.163328894892794,6.24073475053144,"positive"
0.63125,0.121088392107226,4.01482144316018,0.0194129733469043,2.22823852982312,0.0432567351900013,0.0778316569172252,0.164345127297228,6.23749849873132,"positive"
0.6325,0.121825349106942,4.06806085163264,0.0195412644065839,2.22823852982312,0.0435425982722114,0.0782827508347303,0.165367947379153,6.23426133397467,"positive"
0.63375,0.122566967616337,4.12202152049512,0.0196704397095773,2.22823852982312,0.0438304316594428,0.0787365359568943,0.16639739927578,6.23102327278737,"positive"
0.635,0.123313278096557,4.1767133975641,0.0198005055296628,2.22823852982312,0.0441202493311705,0.079193028765387,0.167433527427728,6.22778433165879,"positive"
0.63625,0.12406431121314,4.23214656992986,0.0199314681860114,2.22823852982312,0.0444120653680143,0.0796522458451257,0.168476376581154,6.22454452704155,"positive"
0.6375,0.124820097837415,4.28833126593101,0.0200633340435191,2.22823852982312,0.0447058939524812,0.0801142038849335,0.169525991789896,6.22130387535137,"positive"
0.63875,0.125580669047915,4.34527785715741,0.020196109513143,2.22823852982312,0.0450017493697123,0.0805789196782027,0.170582418417627,6.21806239296689,"positive"
0.64,0.126346056131798,4.40299686048174,0.0203298010522385,2.22823852982312,0.0452996460082363,0.0810464101235619,0.171645702140034,6.21482009622945,"positive"
0.64125,0.127116290586275,4.46149894012012,0.0204644151649003,2.22823852982312,0.0455995983607274,0.0815166922255477,0.172715888947003,6.21157700144294,"positive"
0.6425,0.127891404120051,4.52079490972245,0.0205999584023054,2.22823852982312,0.0459016210247703,0.0819897830952803,0.173793025144821,6.2083331248736,"positive"
0.64375,0.128671428654774,4.5808957344925,0.0207364373630579,2.22823852982312,0.0462057287036292,0.0824656999511443,0.174877157358403,6.20508848274983,"positive"
0.645,0.129456396326497,4.64181253333859,0.0208738586935378,2.22823852982312,0.0465119362070241,0.0829444601194731,0.175968332533521,6.20184309126204,"positive"
0.64625,0.130246339487149,4.70355658105498,0.0210122290882512,2.22823852982312,0.0468202584519114,0.083426081035238,0.177066597939061,6.19859696656246,"positive"
0.6475,0.131041290706014,4.76613931053461,0.0211515552901838,2.22823852982312,0.0471307104632716,0.0839105802427421,0.178172001169285,6.19535012476498,"positive"
0.64875,0.13184128277122,4.82957231501354,0.0212918440911566,2.22823852982312,0.0474433073749018,0.0843979753963181,0.179284590146122,6.19210258194494,"positive"
0.65,0.132646348691246,4.89386735034767,0.0214331023321844,2.22823852982312,0.0477580644302149,0.084888284261031,0.180404413121461,6.188854354139,"positive"
0.65125,0.133456521696429,4.95903633732196,0.0215753369038367,2.22823852982312,0.0480749969830436,0.0853815247133853,0.181531518679473,6.18560545734497,"positive"
0.6525,0.134271835240489,5.025091363993,0.0217185547466024,2.22823852982312,0.0483941204984522,0.0858777147420367,0.182665955738941,6.18235590752162,"positive"
0.65375,0.135092323002061,5.09204468806498,0.0218627628512551,2.22823852982312,0.0487154505535521,0.0863768724485085,0.183807773555613,6.17910572058853,"positive"
0.655,0.135918018886238,5.15990873929998,0.0220079682592233,2.22823852982312,0.0490390028383255,0.0868790160479123,0.184957021724563,6.17585491242592,"positive"
0.65625,0.136748957026128,5.22869612196266,0.0221541780629619,2.22823852982312,0.0493647931564539,0.087384163869674,0.186113750182582,6.17260349887452,"positive"
0.6575,0.137585171784417,5.29841961730019,0.0223013994063273,2.22823852982312,0.049692837426153,0.0878923343582642,0.18727800921057,6.16935149573536,"positive"
0.65875,0.138426697754947,5.36909218605768,0.0224496394849545,2.22823852982312,0.0500231516810141,0.0884035460739328,0.188449849435961,6.16609891876966,"positive"
0.66,0.139273569764301,5.44072697102985,0.0225989055466378,2.22823852982312,0.0503557520708517,0.0889178176934492,0.189629321835153,6.16284578369866,"positive"
0.66125,0.140125822873403,5.5133372996492,0.0227492048917135,2.22823852982312,0.0506906548625566,0.0894351680108468,0.19081647773596,6.15959210620344,"positive"
0.6625,0.140983492379129,5.58693668661153,0.0229005448734466,2.22823852982312,0.0510278764409569,0.0899556159381725,0.192011368820086,6.15633790192483,"positive"
0.66375,0.141846613815924,5.66153883653896,0.0230529328984187,2.22823852982312,0.0513674333096835,0.090479180506241,0.193214047125608,6.15308318646319,"positive"
0.665,0.142715222957438,5.73715764668146,0.0232063764269208,2.22823852982312,0.0517093420920438,0.0910058808653937,0.194424565049481,6.14982797537833,"positive"
0.66625,0.143589355818164,5.81380720965699,0.0233608829733469,2.22823852982312,0.0520536195319004,0.0915357362862636,0.195642975350064,6.14657228418931,"positive"
0.6675,0.144469048655101,5.89150181623111,0.0235164601065924,2.22823852982312,0.0524002824945575,0.0920687661605432,0.196869331149658,6.14331612837433,"positive"
0.66875,0.145354337969413,5.97025595813654,0.0236731154504542,2.22823852982312,0.052749347967653,0.0926049900017595,0.198103685937066,6.14005952337058,"positive"
0.67,0.14624526050811,6.05008433093321,0.0238308566840343,2.22823852982312,0.0531008330620579,0.0931444274460524,0.199346093570168,6.13680248457409,"positive"
0.67125,0.147141853265741,6.1310018369095,0.0239896915421461,2.22823852982312,0.0534547550127817,0.0936870982529595,0.200596608278523,6.13354502733961,"positive"
0.6725,0.148044153486089,6.21302358802508,0.0241496278157243,2.22823852982312,0.0538111311798851,0.0942330223062042,0.201855284665974,6.13028716698046,"positive"
0.67375,0.14895219866389,6.29616490889618,0.0243106733522373,2.22823852982312,0.0541699790493992,0.0947822196144911,0.20312217771329,6.12702891876841,"positive"
0.675,0.149866026546556,6.38044133982372,0.0244728360561023,2.22823852982312,0.0545313162342516,0.0953347103123048,0.204397342780808,6.12377029793354,"positive"
0.67625,0.150785675135914,6.465868639865,0.024636123889105,2.22823852982312,0.0548951604751994,0.0958905146607146,0.205680835611113,6.1205113196641,"positive"
0.6775,0.151711182689953,6.55246278994965,0.0248005448708204,2.22823852982312,0.055261529641769,0.0964496530481845,0.206972712331722,6.11725199910639,"positive"
0.67875,0.152642587724591,6.64023999604029,0.0249661070790383,2.22823852982312,0.0556304417332028,0.097012145991388,0.208273029457794,6.11399235136465,"positive"
0.68,0.153579929015442,6.72921669233872,0.0251328186501913,2.22823852982312,0.0560019148794134,0.0975780141360289,0.209581843894856,6.1107323915009,"positive"
0.68125,0.154523245599611,6.81940954453833,0.0253006877797862,2.22823852982312,0.0563759673419445,0.0981472782576663,0.210899212941555,6.10747213453486,"positive"
0.6825,0.155472576777485,6.9108354531231,0.0254697227228378,2.22823852982312,0.0567526175149386,0.0987199592625463,0.212225194292424,6.10421159544379,"positive"
0.68375,0.156427962114551,7.0035115567144,0.0256399317943077,2.22823852982312,0.0571318839261131,0.099296078188438,0.213559846040664,6.10095078916239,"positive"
0.685,0.157389441443217,7.0974552354656,0.0258113233695441,2.22823852982312,0.057513785237742,0.0998756562054754,0.214903226680959,6.09768973058267,"positive"
0.68625,0.158357054864651,7.19268411450591,0.0259839058847269,2.22823852982312,0.0578983402476462,0.100458714617005,0.216255395112297,6.09442843455386,"positive"
0.6875,0.159330842750628,7.28921606743352,0.0261576878373149,2.22823852982312,0.0582855678901905,0.101045274860438,0.217616410640819,6.09116691588227,"positive"
0.68875,0.160310845745397,7.38706921985923,0.0263326777864964,2.22823852982312,0.0586754872372885,0.101635358508109,0.218986332982686,6.08790518933119,"positive"
0.69,0.161297104767554,7.48626195300101,0.0265088843536438,2.22823852982312,0.0590681174994142,0.10222898726814,0.220365222266968,6.08464326962078,"positive"
0.69125,0.162289661011932,7.58681290733039,0.026686316222771,2.22823852982312,0.0594634780266221,0.10282618298531,0.221753139038554,6.08138117142795,"positive"
0.6925,0.163288555951502,7.6887409862713,0.0268649821409944,2.22823852982312,0.0598615883095736,0.103426967641929,0.223150144261076,6.07811890938626,"positive"
0.69375,0.164293831339292,7.79206535995238,0.0270448909189971,2.22823852982312,0.0602624679805727,0.10403136335872,0.224556299319865,6.07485649808584,"positive"
0.695,0.165305529210313,7.8968054690131,0.0272260514314971,2.22823852982312,0.0606661368146077,0.104639392395705,0.22597166602492,6.07159395207324,"positive"
0.69625,0.1663236918835,8.00298102846495,0.0274084726177183,2.22823852982312,0.0610726147304018,0.105251077153098,0.227396306613902,6.06833128585135,"positive"
0.6975,0.167348361963674,8.11061203160817,0.0275921634818656,2.22823852982312,0.0614819217914713,0.105866440172203,0.228830283755145,6.06506851387933,"positive"
0.69875,0.168379582343505,8.21971875400492,0.0277771330936029,2.22823852982312,0.0618940782071907,0.106485504136314,0.230273660550695,6.06180565057244,"positive"
0.7,0.1694173962055,8.33032175750983,0.0279633905885354,2.22823852982312,0.0623091043338676,0.107108291871632,0.231726500539367,6.05854271030204,"positive"
0.70125,0.170461847023998,8.44244189435852,0.0281509451686947,2.22823852982312,0.0627270206758236,0.107734826348174,0.233188867699821,6.0552797073954,"positive"
0.7025,0.171512978567184,8.55610031131522,0.0283398061030285,2.22823852982312,0.0631478478864844,0.108365130680699,0.234660826453668,6.05201665613568,"positive"
0.70375,0.172570834899111,8.67131845388004,0.0285299827278924,2.22823852982312,0.0635716067694778,0.108999228129633,0.236142441668589,6.04875357076178,"positive"
0.705,0.173635460381743,8.78811807055708,0.0287214844475471,2.22823852982312,0.06399831827974,0.109637142102003,0.237633778661483,6.04549046546832,"positive"
0.70625,0.174706899677006,8.90652121718399,0.0289143207346584,2.22823852982312,0.0644280035246292,0.110278896152377,0.239134903201635,6.04222735440548,"positive"
0.7075,0.17578519774886,9.02655026132403,0.0291085011308003,2.22823852982312,0.064860683765049,0.110924513983811,0.240645881513908,6.03896425167896,"positive"
0.70875,0.176870399865376,9.14822788672151,0.0293040352469635,2.22823852982312,0.0652963804165788,0.111574019448797,0.242166780281955,6.03570117134988,"positive"
0.71,0.17796255160084,9.27157709782148,0.0295009327640662,2.22823852982312,0.0657351150506135,0.112227436550227,0.243697666651454,6.0324381274347,"positive"
0.71125,0.179061698837862,9.39662122435467,0.0296992034334691,2.22823852982312,0.0661769093955109,0.112884789442351,0.245238608233373,6.02917513390514,"positive"
0.7125,0.180167887769501,9.5233839259886,0.0298988570774948,2.22823852982312,0.0666217853377484,0.113546102431752,0.246789673107249,6.0259122046881,"positive"
0.71375,0.18128116490141,9.6518891970458,0.0300999035899501,2.22823852982312,0.067069764923088,0.114211399978322,0.248350929824498,6.02264935366559,"positive"
0.715,0.18240157705399,9.78216137129019,0.0303023529366533,2.22823852982312,0.0675208703577495,0.11488070669624,0.249922447411739,6.01938659467462,"positive"
0.71625,0.183529171364565,9.91422512678247,0.0305062151559641,2.22823852982312,0.0679751240095932,0.115554047354972,0.251504295374159,6.0161239415072,"positive"
0.7175,0.184663995289568,10.0481054908058,0.0307115003593189,2.22823852982312,0.0684325484093109,0.116231446880257,0.253096543698879,6.01286140791017,"positive"
0.71875,0.18580609660674,10.1838278448623,0.0309182187317688,2.22823852982312,0.068893166251626,0.116912930355114,0.254699262858366,6.0095990075852,"positive"
0.72,0.186955523417352,10.3214179297422,0.0311263805325223,2.22823852982312,0.0693570003965024,0.11759852302085,0.256312523813855,6.00633675418871,"positive"
0.72125,0.188112324148439,10.4609018506656,0.031335996095492,2.22823852982312,0.069824073870362,0.118288250278077,0.257936398018801,6.00307466133177,"positive"
0.7225,0.189276547555045,10.602306082499,0.0315470758298451,2.22823852982312,0.0702944098673124,0.118982137687732,0.259570957422357,5.99981274258008,"positive"
0.72375,0.190448242722489,10.7456574750468,0.0317596302205582,2.22823852982312,0.0707680317503825,0.119680210972107,0.261216274472872,5.99655101145387,"positive"
0.725,0.191627459068651,10.8909832584198,0.0319736698289763,2.22823852982312,0.0712449630527679,0.120382496015883,0.262872422121418,5.99328948142785,"positive"
0.72625,0.192814246346258,11.0383110484809,0.0321892052933754,2.22823852982312,0.0717252274790853,0.121089018867173,0.264539473825344,5.99002816593113,"positive"
0.7275,0.194008654645209,11.187668852369,0.0324062473295303,2.22823852982312,0.0722088489066369,0.121799805738572,0.266217503551846,5.98676707834722,"positive"
0.72875,0.195210734394896,11.3390850741042,0.0326248067312856,2.22823852982312,0.0726958513866831,0.122514883008213,0.267906585781579,5.98350623201388,"positive"
0.73,0.196420536366549,11.4925885202722,0.0328448943711315,2.22823852982312,0.0731862591457256,0.123234277220824,0.269606795512275,5.98024564022316,"positive"
0.73125,0.197638111675605,11.6482084057925,0.0330665212007839,2.22823852982312,0.0736800965867997,0.123958015088805,0.271318208262405,5.97698531622127,"positive"
0.7325,0.198863511784077,11.805974359769,0.0332896982517687,2.22823852982312,0.0741773882907763,0.124686123493301,0.273040900074854,5.97372527320855,"positive"
0.73375,0.200096788502958,11.9659164314255,0.0335144366360101,2.22823852982312,0.0746781590176731,0.125418629485284,0.274774947520631,5.97046552433946,"positive"
0.735,0.201337993994624,12.1280650961269,0.0337407475464239,2.22823852982312,0.0751824337079765,0.126155560286647,0.2765204277026,5.96720608272246,"positive"
0.73625,0.20258718077527,12.2924512614879,0.033968642257515,2.22823852982312,0.0756902374839727,0.126896943291297,0.278277418259243,5.96394696142001,"positive"
0.7375,0.203844401717353,12.4591062735698,0.0341981321259791,2.22823852982312,0.0762015956510884,0.127642806066265,0.280045997368442,5.96068817344851,"positive"
0.73875,0.205109710052054,12.6280619231667,0.0344292285913092,2.22823852982312,0.0767165336992428,0.128393176352812,0.281826243751297,5.95742973177823,"positive"
0.74,0.20638315937176,12.7993504521828,0.0346619431764062,2.22823852982312,0.0772350773042077,0.129148082067553,0.283618236675968,5.95417164933332,"positive"
0.74125,0.20766480363256,12.9730045601028,0.0348962874881947,2.22823852982312,0.0777572523289798,0.129907551303581,0.28542205596154,5.95091393899173,"positive"
0.7425,0.208954697156762,13.149057410554,0.0351322732182428,2.22823852982312,0.0782830848251613,0.130671612331601,0.287237781981923,5.94765661358515,"positive"
0.74375,0.210252894635423,13.3275426379658,0.0353699121433866,2.22823852982312,0.0788126010343527,0.131440293601071,0.289065495669776,5.94439968589902,"positive"
0.745,0.211559451130904,13.5084943543236,0.0356092161263599,2.22823852982312,0.0793458273895538,0.13221362374135,0.290905278520458,5.94114316867246,"positive"
0.74625,0.212874422079434,13.6919471560214,0.0358501971164275,2.22823852982312,0.0798827905165774,0.132991631562857,0.292757212596012,5.93788707459825,"positive"
0.7475,0.2141978632937,13.8779361308137,0.0360928671500245,2.22823852982312,0.0804235172354716,0.133774346058228,0.294621380529171,5.93463141632278,"positive"
0.74875,0.215529830965447,14.0664968648676,0.0363372383513993,2.22823852982312,0.0809680345619543,0.134561796403493,0.296497865527402,5.93137620644601,"positive"
0.75,0.216870381668109,14.2576654499171,0.0365833229332623,2.22823852982312,0.0815163697088567,0.135354011959253,0.298386751376966,5.92812145752146,"positive"
0.75125,0.218219572359442,14.4514784905217,0.0368311331974382,2.22823852982312,0.0820685500875791,0.136151022271863,0.300288122447021,5.92486718205619,"positive"
0.7525,0.219577460384188,14.647973111429,0.0370806815355248,2.22823852982312,0.0826246033095569,0.136952857074632,0.302202063693745,5.92161339251072,"positive"
0.75375,0.220944103476755,14.8471869650447,0.0373319804295549,2.22823852982312,0.0831845571877369,0.137759546289018,0.304128660664492,5.91836010129906,"positive"
0.755,0.222319559763911,15.049158239011,0.0375850424526651,2.22823852982312,0.083748439738066,0.138571120025845,0.306067999501977,5.91510732078862,"positive"
0.75625,0.223703887767501,15.253925663894,0.0378398802697676,2.22823852982312,0.0843162791809897,0.139387608586512,0.308020166948491,5.91185506330027,"positive"
0.7575,0.225097146407187,15.4615285209834,0.0380965066382283,2.22823852982312,0.0848881039429624,0.140209042464225,0.309985250350149,5.90860334110822,"positive"
0.75875,0.226499395003196,15.6720066502044,0.0383549344085496,2.22823852982312,0.0854639426579687,0.141035452345227,0.311963337661165,5.90535216644009,"positive"
0.76,0.227910693279099,15.8854004581448,0.0386151765250584,2.22823852982312,0.0860438241690564,0.141866869110043,0.313954517448155,5.90210155147683,"positive"
0.76125,0.229331101364602,16.1017509261985,0.0388772460265989,2.22823852982312,0.0866277775298805,0.142703323834721,0.315958878894482,5.89885150835269,"positive"
0.7625,0.23076067979836,16.3210996188269,0.0391411560472308,2.22823852982312,0.0872158320062588,0.143544847792101,0.317976511804619,5.89560204915527,"positive"
0.76375,0.232199489530812,16.5434886919397,0.0394069198169327,2.22823852982312,0.0878080170777396,0.144391472453072,0.320007506608551,5.89235318592544,"positive"
0.765,0.233647591927028,16.7689609013977,0.0396745506623106,2.22823852982312,0.0884043624391797,0.145243229487848,0.322051954366208,5.88910493065736,"positive"
0.76625,0.23510504876959,16.9975596116392,0.0399440620073119,2.22823852982312,0.0890048980023362,0.146100150767254,0.324109946771926,5.88585729529843,"positive"
0.7675,0.236571922261478,17.2293288044305,0.0402154673739449,2.22823852982312,0.0896096538974685,0.146962268364009,0.326181576158946,5.88261029174933,"positive"
0.76875,0.238048275028987,17.4643130877445,0.0404887803830026,2.22823852982312,0.0902186604749528,0.147829614554034,0.32826693550394,5.87936393186397,"positive"
0.77,0.239534170124661,17.7025577047668,0.0407640147547935,2.22823852982312,0.0908319483069089,0.148702221817752,0.33036611843157,5.87611822744948,"positive"
0.77125,0.241029671030247,17.9441085430338,0.0410411843098764,2.22823852982312,0.0914495481888385,0.149580122841409,0.332479219219086,5.87287319026621,"positive"
0.7725,0.24253484165967,18.1890121437027,0.0413203029698015,2.22823852982312,0.0920714911412764,0.150463350518393,0.334606332800946,5.86962883202776,"positive"
0.77375,0.244049746362028,18.4373157109554,0.0416013847578572,2.22823852982312,0.0926978084114537,0.151351937950574,0.336747554773482,5.86638516440091,"positive"
0.775,0.245574449924613,18.6890671215405,0.0418844437998214,2.22823852982312,0.0933285314749729,0.15224591844964,0.338902981399586,5.86314219900564,"positive"
0.77625,0.247109017575946,18.944314934452,0.0421694943247193,2.22823852982312,0.0939636920374968,0.153145325538449,0.341072709613443,5.85989994741515,"positive"
0.7775,0.24865351498884,19.20310840075,0.0424565506655871,2.22823852982312,0.0946033220364484,0.154050192952391,0.343256837025288,5.85665842115583,"positive"
0.77875,0.250208008283477,19.4654974735228,0.0427456272602403,2.22823852982312,0.0952474536427247,0.154960554640753,0.345455461926202,5.85341763170727,"positive"
0.78,0.251772564030518,19.7315328179941,0.0430367386520486,2.22823852982312,0.0958961192624225,0.155876444768095,0.34766868329294,5.85017759050228,"positive"
0.78125,0.25334724925422,20.0012658217775,0.0433298994907165,2.22823852982312,0.0965493515385777,0.156797897715642,0.349896600792798,5.84693830892684,"positive"
0.7825,0.25493213143559,20.2747486052788,0.0436251245330694,2.22823852982312,0.097207183352917,0.157724948082673,0.352139314788507,5.84369979832016,"positive"
0.78375,0.256527278515549,20.5520340322504,0.0439224286438456,2.22823852982312,0.0978696478276233,0.158657630687925,0.354396926343172,5.84046206997466,"positive"
0.785,0.258132758898126,20.833175720498,0.0442218267964943,2.22823852982312,0.0985367783271131,0.159595980571013,0.356669537225239,5.83722513513596,"positive"
0.78625,0.259748641453672,21.1182280527442,0.0445233340739801,2.22823852982312,0.099208608459829,0.160540032993843,0.358957249913501,5.83398900500292,"positive"
0.7875,0.261374995522096,21.4072461876481,0.0448269656695923,2.22823852982312,0.0998851720800438,0.161489823442052,0.36126016760214,5.83075369072762,"positive"
0.78875,0.263011890916123,21.7002860709871,0.0451327368877613,2.22823852982312,0.100566503289679,0.162445387626444,0.363578394205802,5.82751920341539,"positive"
0.79,0.264659397924579,21.997404446999,0.0454406631448804,2.22823852982312,0.101252636440136,0.163406761484443,0.365912034364714,5.82428555412481,"positive"
0.79125,0.266317587315692,22.2986588698908,0.0457507599701344,2.22823852982312,0.101943606134143,0.16437398118155,0.368261193449835,5.82105275386773,"positive"
0.7925,0.267986530340427,22.6041077155135,0.0460630430063339,2.22823852982312,0.102639447227612,0.165347083112815,0.37062597756804,5.81782081360925,"positive"
0.79375,0.269666298735832,22.9138101932073,0.0463775280107556,2.22823852982312,0.103340194831517,0.166326103904316,0.373006493567349,5.8145897442678,"positive"
0.795,0.271356964728417,23.2278263578187,0.0466942308559898,2.22823852982312,0.104045884313772,0.167311080414645,0.375402849042189,5.81135955671509,"positive"
0.79625,0.273058601037552,23.5462171218923,0.047013167530793,2.22823852982312,0.104756551301142,0.16830204973641,0.377815152338694,5.80813026177617,"positive"
0.7975,0.27477128087889,23.8690442680398,0.0473343541409479,2.22823852982312,0.105472231681153,0.169299049197738,0.380243512560043,5.80490187022942,"positive"
0.79875,0.276495077967818,24.1963704614891,0.0476578069101293,2.22823852982312,0.106192961604021,0.170302116363797,0.382688039571839,5.80167439280658,"positive"
0.8,0.278230066522923,24.528259262816,0.0479835421807766,2.22823852982312,0.106918777484599,0.171311289038324,0.385148844007523,5.79844784019278,"positive"
0.80125,0.279976321269495,24.8647751408602,0.0483115764149726,2.22823852982312,0.107649716004336,0.172326605265159,0.38762603727383,5.79522222302655,"positive"
0.8025,0.281733917443039,25.2059834858303,0.0486419261953293,2.22823852982312,0.108385814113245,0.173348103329794,0.390119731556284,5.79199755189983,"positive"
0.80375,0.283502930792832,25.5519506225989,0.0489746082258797,2.22823852982312,0.109127109031897,0.174375821760934,0.392630039824729,5.78877383735803,"positive"
0.805,0.285283437585483,25.9027438241909,0.0493096393329772,2.22823852982312,0.109873638253421,0.175409799332062,0.395157075838904,5.78555108990001,"positive"
0.80625,0.287075514608535,26.2584313254683,0.0496470364662003,2.22823852982312,0.110625439545521,0.176450075063014,0.397700954154056,5.78232931997816,"positive"
0.8075,0.288879239174085,26.6190823370146,0.0499868166992656,2.22823852982312,0.111382550952509,0.177496688221575,0.400261790126594,5.77910853799836,"positive"
0.80875,0.290694689122429,26.9847670592202,0.0503289972309464,2.22823852982312,0.112145010797356,0.178549678325073,0.402839699919785,5.77588875432006,"positive"
0.81,0.292521942825737,27.3555566965736,0.050673595385999,2.22823852982312,0.11291285768375,0.179609085141987,0.405434800509487,5.77266997925629,"positive"
0.81125,0.294361079191748,27.7315234721605,0.0510206286160952,2.22823852982312,0.113686130498179,0.180674948693569,0.408047209689927,5.7694522230737,"positive"
0.8125,0.296212177667499,28.1127406423739,0.0513701145007623,2.22823852982312,0.114464868412024,0.181747309255475,0.410677046079522,5.76623549599258,"positive"
0.81375,0.298075318243069,28.499282511838,0.0517220707483301,2.22823852982312,0.115249110883666,0.182826207359403,0.413324429126736,5.76301980818688,"positive"
0.815,0.299950581455365,28.8912244485502,0.0520765151968844,2.22823852982312,0.116038897660617,0.183911683794748,0.415989479115982,5.75980516978428,"positive"
0.81625,0.301838048391915,29.2886428992425,0.0524334658152285,2.22823852982312,0.116834268781655,0.18500377961026,0.41867231717357,5.75659159086621,"positive"
0.8175,0.303737800694708,29.6916154049677,0.0527929407038509,2.22823852982312,0.117635264578988,0.18610253611572,0.421373065273696,5.75337908146784,"positive"
0.81875,0.305649920564046,30.1002206169121,0.0531549580959012,2.22823852982312,0.11844192568042,0.187207994883625,0.424091846244466,5.75016765157819,"positive"
0.82,0.30757449076243,30.5145383124381,0.0535195363581726,2.22823852982312,0.119254293011549,0.188320197750881,0.426828783773979,5.74695731114013,"positive"
0.82125,0.309511594618474,30.9346494113613,0.0538866939920917,2.22823852982312,0.120072407797967,0.189439186820507,0.42958400241644,5.74374807005042,"positive"
0.8225,0.311461316030841,31.3606359924644,0.0542564496347164,2.22823852982312,0.120896311567483,0.190565004463359,0.432357627598324,5.74053993815973,"positive"
0.82375,0.313423739472215,31.7925813102514,0.0546288220597407,2.22823852982312,0.121726046152365,0.19169769331985,0.435149785624581,5.73733292527272,"positive"
0.825,0.315398949993293,32.2305698119463,0.055003830178507,2.22823852982312,0.122561653691597,0.192837296301697,0.43796060368489,5.73412704114808,"positive"
0.82625,0.31738703322681,32.6746871547396,0.0553814930410257,2.22823852982312,0.123403176633144,0.193983856593665,0.440790209859954,5.73092229549851,"positive"
0.8275,0.31938807539159,33.1250202232856,0.0557618298370036,2.22823852982312,0.124250657736252,0.195137417655338,0.443638733127842,5.72771869799085,"positive"
0.82875,0.321402163296629,33.5816571474556,0.0561448598968786,2.22823852982312,0.125104140073746,0.196298023222883,0.446506303370375,5.72451625824607,"positive"
0.83,0.323429384345203,34.044687320349,0.0565306026928626,2.22823852982312,0.125963667034359,0.197465717310844,0.449393051379562,5.72131498583932,"positive"
0.83125,0.325469826539007,34.5142014165676,0.0569190778399929,2.22823852982312,0.126829282325073,0.198640544213934,0.452299108864081,5.71811489029998,"positive"
0.8325,0.327523578482322,34.990291410756,0.0573103050971901,2.22823852982312,0.127701029973477,0.199822548508845,0.455224608455799,5.71491598111175,"positive"
0.83375,0.329590729386211,35.4730505964125,0.0577043043683251,2.22823852982312,0.128578954330142,0.201011775056069,0.458169683716354,5.71171826771261,"positive"
0.835,0.33167136907275,35.9625736049744,0.0581010957032935,2.22823852982312,0.129463100071019,0.202208269001731,0.461134469143769,5.70852175949496,"positive"
0.83625,0.33376558797928,36.4589564251813,0.0585006992990981,2.22823852982312,0.130353512199847,0.203412075779433,0.464119100179126,5.7053264658056,"positive"
0.8375,0.335873477162695,36.9622964227213,0.0589031355009397,2.22823852982312,0.131250236050586,0.204623241112109,0.467123713213281,5.70213239594583,"positive"
0.83875,0.337995128303762,37.4726923601631,0.0593084248033156,2.22823852982312,0.132153317289865,0.205841811013897,0.470148445593627,5.69893955917147,"positive"
0.84,0.340130633711463,37.9902444171801,0.0597165878511269,2.22823852982312,0.133062801919448,0.207067831792015,0.473193435630911,5.69574796469293,"positive"
0.84125,0.342280086327377,38.5150542110678,0.0601276454407935,2.22823852982312,0.133978736278719,0.208301350048658,0.476258822606097,5.69255762167527,"positive"
0.8425,0.344443579730089,39.0472248175623,0.060541618521378,2.22823852982312,0.134901167047187,0.209542412682902,0.479344746777277,5.68936853923821,"positive"
0.84375,0.346621208139628,39.5868607919616,0.0609585281957172,2.22823852982312,0.135830141247006,0.210791066892622,0.482451349386634,5.68618072645626,"positive"
0.845,0.348813066421939,40.1340681905551,0.0613783957215633,2.22823852982312,0.136765706245518,0.212047360176421,0.485578772667457,5.68299419235871,"positive"
0.84625,0.351019250093388,40.6889545923668,0.0618012425127323,2.22823852982312,0.137707909757812,0.213311340335575,0.4887271598512,5.6798089459297,"positive"
0.8475,0.353239855325295,41.2516291212146,0.0622270901402615,2.22823852982312,0.138656799849307,0.214583055475988,0.491896655174602,5.67662499610833,"positive"
0.84875,0.355474978948501,41.8222024680925,0.0626559603335764,2.22823852982312,0.139612424938344,0.215862554010158,0.495087403886845,5.67344235178864,"positive"
0.85,0.357724718457971,42.4007869138797,0.063087874981665,2.22823852982312,0.14057483379881,0.217149884659161,0.498299552256781,5.67026102181973,"positive"
0.85125,0.359989172017419,42.9874963523804,0.0635228561342618,2.22823852982312,0.141544075562773,0.218445096454646,0.501533247580192,5.66708101500578,"positive"
0.8525,0.362268438463977,43.5824463137007,0.0639609260030404,2.22823852982312,0.14252019972314,0.219748238740837,0.504788638187117,5.66390234010615,"positive"
0.85375,0.364562617312893,44.1857539879667,0.0644021069628148,2.22823852982312,0.143503256136334,0.221059361176559,0.508065873449226,5.66072500583542,"positive"
0.855,0.366871808762259,44.7975382493894,0.0648464215527501,2.22823852982312,0.14449329502499,0.222378513737269,0.511365103787249,5.65754902086343,"positive"
0.85625,0.369196113697776,45.4179196806804,0.0652938924775822,2.22823852982312,0.145490366980676,0.2237057467171,0.514686480678453,5.65437439381539,"positive"
0.8575,0.371535633697554,46.0470205978244,0.0657445426088457,2.22823852982312,0.146494522966628,0.225041110730926,0.518030156664181,5.65120113327194,"positive"
0.85875,0.373890471036939,46.6849650752145,0.0661983949861126,2.22823852982312,0.147505814320506,0.226384656716433,0.521396285357444,5.64802924776915,"positive"
0.86,0.376260728693383,47.3318789711534,0.0666554728182391,2.22823852982312,0.148524292757178,0.227736435936205,0.524785021450561,5.64485874579868,"positive"
0.86125,0.378646510351344,47.9878899537282,0.0671157994846219,2.22823852982312,0.149550010371517,0.229096499979827,0.528196520722861,5.64168963580777,"positive"
0.8625,0.381047920407217,48.6531275270629,0.0675793985364639,2.22823852982312,0.150583019641221,0.230464900765996,0.531630940048438,5.63852192619936,"positive"
0.86375,0.383465063974308,49.3277230579545,0.06804629369805,2.22823852982312,0.151623373429655,0.231841690544653,0.535088437403963,5.63535562533213,"positive"
0.865,0.385898046887838,50.011809802899,0.0685165088680314,2.22823852982312,0.152671124988715,0.233226921899123,0.538569171876553,5.63219074152056,"positive"
0.86625,0.388346975709982,50.7055229355117,0.0689900681207204,2.22823852982312,0.153726327961711,0.234620647748271,0.542073303671692,5.62902728303504,"positive"
0.8675,0.390811957734944,51.4089995743488,0.0694669957073944,2.22823852982312,0.154789036386273,0.236022921348671,0.545600994121218,5.62586525810191,"positive"
0.86875,0.393293100994075,52.1223788111352,0.0699473160576095,2.22823852982312,0.155859304697281,0.237433796296794,0.549152405691356,5.62270467490352,"positive"
0.87,0.395790514261012,52.8458017394063,0.0704310537805247,2.22823852982312,0.156937187729809,0.238853326531203,0.552727701990821,5.61954554157834,"positive"
0.87125,0.39830430705687,53.5794114835671,0.0709182336662353,2.22823852982312,0.158022740722105,0.240281566334765,0.556327047778974,5.616387866221,"positive"
0.8725,0.400834589655459,54.3233532283771,0.0714088806871165,2.22823852982312,0.159116019318575,0.241718570336884,0.559950608974034,5.61323165688238,"positive"
0.87375,0.403381473088545,55.0777742488663,0.0719030199991767,2.22823852982312,0.160217079572808,0.243164393515737,0.563598552661353,5.61007692156968,"positive"
0.875,0.405945069151141,55.8428239406887,0.072400676943422,2.22823852982312,0.161325977950609,0.244619091200532,0.56727104710175,5.6069236682465,"positive"
0.87625,0.408525490406845,56.6186538509199,0.0729018770472294,2.22823852982312,0.162442771333064,0.246082719073781,0.57096826173991,5.60377190483289,"positive"
0.8775,0.411122850193208,57.4054177093056,0.0734066460257317,2.22823852982312,0.163567517019622,0.247555333173586,0.574690367212831,5.60062163920545,"positive"
0.87875,0.41373726262714,58.2032714599658,0.0739150097832117,2.22823852982312,0.164700272731205,0.249036989895935,0.578437535358345,5.59747287919743,"positive"
0.88,0.416368842610362,59.0123732935651,0.0744269944145073,2.22823852982312,0.165841096613335,0.250527745997027,0.582209939223697,5.59432563259874,"positive"
0.88125,0.419017705834887,59.8328836799523,0.0749426262064274,2.22823852982312,0.166990047239293,0.252027658595594,0.58600775307418,5.5911799071561,"positive"
0.8825,0.421683968788548,60.664965401278,0.0754619316391775,2.22823852982312,0.168147183613294,0.253536785175254,0.589831152401842,5.58803571057307,"positive"
0.88375,0.424367748760557,61.5087835855965,0.0759849373877972,2.22823852982312,0.169312565173687,0.25505518358687,0.593680313934244,5.58489305051014,"positive"
0.885,0.427069163847111,62.3645057409608,0.0765116703236071,2.22823852982312,0.170486251796185,0.256582912050926,0.597555415643297,5.58175193458483,"positive"
0.88625,0.429788332957034,63.2323017900154,0.077042157515668,2.22823852982312,0.171668303797113,0.258120029159921,0.601456636754147,5.57861237037175,"positive"
0.8875,0.432525375817458,64.112344105096,0.0775764262322493,2.22823852982312,0.172858781936679,0.259666593880779,0.605384157754136,5.57547436540268,"positive"
0.88875,0.435280412979545,65.0048075438434,0.0781145039423102,2.22823852982312,0.174057747422275,0.26122266555727,0.609338160401821,5.57233792716667,"positive"
0.89,0.438053565824255,65.9098694853382,0.0786564183169908,2.22823852982312,0.175265261911804,0.262788303912451,0.613318827736059,5.5692030631101,"positive"
0.89125,0.440844956568143,66.8277098667657,0.0792021972311147,2.22823852982312,0.17648138751702,0.264363569051123,0.617326344085162,5.56606978063679,"positive"
0.8925,0.443654708269207,67.7585112206165,0.0797518687647026,2.22823852982312,0.177706186806907,0.2659485214623,0.621360895076114,5.56293808710806,"positive"
0.89375,0.446482944832779,68.7024587124329,0.0803054612044979,2.22823852982312,0.178939722811078,0.267543222021702,0.625422667643857,5.55980798984281,"positive"
0.895,0.449329791017445,69.6597401791078,0.0808630030455031,2.22823852982312,0.180182059023194,0.269147731994251,0.629511850040639,5.55667949611764,"positive"
0.89625,0.45219537244102,70.630546167745,0.0814245229925279,2.22823852982312,0.181433259404419,0.270762113036601,0.633628631845439,5.55355261316688,"positive"
0.8975,0.45507981558656,71.6150699750881,0.0819900499617488,2.22823852982312,0.182693388386891,0.272386427199669,0.637773203973451,5.55042734818274,"positive"
0.89875,0.457983247808417,72.6135076875282,0.0825596130822809,2.22823852982312,0.183962510877227,0.27402073693119,0.641945758685644,5.54730370831535,"positive"
0.9,0.460905797338335,73.6260582216964,0.0831332416977602,2.22823852982312,0.185240692260047,0.275665105078288,0.646146489598382,5.54418170067285,"positive"
0.90125,0.463847593291595,74.6529233656527,0.0837109653679396,2.22823852982312,0.186527998401532,0.277319594890064,0.650375591693127,5.54106133232151,"positive"
0.9025,0.466808765673197,75.6943078206775,0.0842928138702953,2.22823852982312,0.187824495653,0.278984270020196,0.654633261326197,5.53794261028579,"positive"
0.90375,0.469789445384087,76.750419243676,0.0848788172016456,2.22823852982312,0.18913025085452,0.280659194529567,0.658919696238607,5.53482554154841,"positive"
0.905,0.472789764227433,77.8214682902037,0.0854690055797825,2.22823852982312,0.190445331338538,0.282344432888895,0.663235095565971,5.5317101330505,"positive"
0.90625,0.475809854914942,78.9076686581238,0.0860634094451148,2.22823852982312,0.191769804933548,0.284040049981394,0.667579659848489,5.52859639169164,"positive"
0.9075,0.478849851073219,80.0092371319035,0.0866620594623235,2.22823852982312,0.193103739967771,0.285746111105448,0.67195359104099,5.52548432432995,"positive"
0.90875,0.481909887250177,81.12639362756,0.0872649865220304,2.22823852982312,0.194447205272883,0.287462681977294,0.67635709252306,5.52237393778221,"positive"
0.91,0.484990098921488,82.259361238266,0.0878722217424781,2.22823852982312,0.19580027018775,0.289189828733738,0.680790369109238,5.51926523882393,"positive"
0.91125,0.488090622497082,83.4083662806235,0.0884837964712233,2.22823852982312,0.197163004562207,0.290927617934875,0.685253627059288,5.51615823418945,"positive"
0.9125,0.491211595327689,84.5736383416169,0.0890997422868427,2.22823852982312,0.198535478760853,0.292676116566836,0.689747074088542,5.51305293057201,"positive"
0.91375,0.494353155711435,85.7554103262538,0.0897200910006517,2.22823852982312,0.199917763666888,0.294435392044547,0.694270919378324,5.50994933462389,"positive"
0.915,0.497515442900474,86.9539185059051,0.0903448746584353,2.22823852982312,0.201309930685966,0.296205512214508,0.698825373586439,5.50684745295645,"positive"
0.91625,0.500698597107674,88.169402567355,0.0909741255421933,2.22823852982312,0.202712051750081,0.297986545357593,0.703410648857754,5.50374729214025,"positive"
0.9175,0.503902759513351,89.402105662569,0.0916078761718973,2.22823852982312,0.204124199321487,0.299778560191864,0.708026958834837,5.50064885870516,"positive"
0.91875,0.507128072272047,90.6522744591938,0.0922461593072617,2.22823852982312,0.205546446396642,0.301581625875405,0.712674518668689,5.49755215914041,"positive"
0.92,0.510374678519359,91.9201591917964,0.0928890079495271,2.22823852982312,0.206978866510182,0.303395812009176,0.717353545029541,5.49445719989473,"positive"
0.92125,0.513642722378812,93.2060137138572,0.0935364553432585,2.22823852982312,0.208421533738928,0.305221188639884,0.72206425611774,5.49136398737642,"positive"
0.9225,0.516932348968789,94.5100955505242,0.0941885349781551,2.22823852982312,0.209874522705918,0.307057826262872,0.726806871674707,5.48827252795343,"positive"
0.92375,0.520243704409503,95.832665952143,0.0948452805908756,2.22823852982312,0.211337908584474,0.308905795825029,0.731581612993977,5.48518282795351,"positive"
0.925,0.523576935830018,97.1739899485714,0.0955067261668756,2.22823852982312,0.212811767102298,0.31076516872772,0.736388702932316,5.48209489366425,"positive"
0.92625,0.526932191375327,98.5343364042918,0.0961729059422596,2.22823852982312,0.214296174545598,0.312636016829729,0.741228365920924,5.4790087313332,"positive"
0.9275,0.530309620213473,99.9139780743332,0.0968438544056468,2.22823852982312,0.215791207763242,0.31451841245023,0.746100827976715,5.47592434716798,"positive"
0.92875,0.533709372542723,101.313191661013,0.0975196063000506,2.22823852982312,0.217296944170954,0.316412428371769,0.751006316713677,5.47284174733636,"positive"
0.93,0.537131599598797,102.732257871514,0.0982001966247725,2.22823852982312,0.218813461755524,0.318318137843273,0.755945061354321,5.46976093796636,"positive"
0.93125,0.540576453662138,104.171461476304,0.0988856606373101,2.22823852982312,0.220340839079068,0.320235614583071,0.760917292741206,5.46668192514634,"positive"
0.9325,0.544044088065248,105.631091368416,0.0995760338552791,2.22823852982312,0.221879155283304,0.322164932781944,0.765923243348553,5.46360471492514,"positive"
0.93375,0.547534657200061,107.111440623598,0.10027135205835,2.22823852982312,0.223428490093875,0.324106167106186,0.770963147293936,5.46052931331211,"positive"
0.935,0.551048316525382,108.612806561346,0.100971651290201,2.22823852982312,0.22498892382469,0.326059392700691,0.776037240350072,5.45745572627729,"positive"
0.93625,0.554585222574364,110.135490806833,0.10167696786048,2.22823852982312,0.226560537382309,0.328024685192055,0.781145759956673,5.45438395975142,"positive"
0.9375,0.558145532962057,111.679799353752,0.102387338346789,2.22823852982312,0.228143412270352,0.330002120691705,0.786288945232409,5.45131401962614,"positive"
0.93875,0.561729406392992,113.246042628075,0.103102799596678,2.22823852982312,0.229737630593949,0.331991775799043,0.791467036986941,5.44824591175399,"positive"
0.94,0.565337002668831,114.834535552754,0.103823388729654,2.22823852982312,0.231343275064219,0.333993727604612,0.79668027773305,5.44517964194861,"positive"
0.94125,0.568968482696065,116.445597613374,0.104549143139211,2.22823852982312,0.232960429002781,0.336008053693284,0.801928911698846,5.44211521598474,"positive"
0.9425,0.572624008493771,118.079552924764,0.105280100494863,2.22823852982312,0.234589176346304,0.338034832147467,0.807213184840075,5.43905263959841,"positive"
0.94375,0.576303743201421,119.736730298596,0.106016298744209,2.22823852982312,0.236229601651084,0.340074141550337,0.812533344852506,5.43599191848699,"positive"
0.945,0.580007851086749,121.417463311969,0.106757776114997,2.22823852982312,0.237881790097666,0.342126060989084,0.817889641184415,5.43293305830931,"positive"
0.94625,0.583736497553669,123.122090377007,0.107504571117214,2.22823852982312,0.239545827495486,0.344190670058183,0.823282325049155,5.42987606468576,"positive"
0.9475,0.587489849150257,124.850954811478,0.108256722545191,2.22823852982312,0.241221800287564,0.346268048862692,0.828711649437821,5.42682094319839,"positive"
0.94875,0.591268073576782,126.604404910452,0.109014269479714,2.22823852982312,0.24290979555522,0.348358278021562,0.834177869132002,5.423767699391,"positive"
0.95,0.5950713396938,128.382794019012,0.109777251290169,2.22823852982312,0.244609901022828,0.350461438670972,0.839681240716629,5.4207163387693,"positive"
0.95125,0.598899817530303,130.18648060603,0.11054570763668,2.22823852982312,0.246322205062612,0.352577612467691,0.845222022592915,5.41766686680093,"positive"
0.9525,0.602753678291923,132.015828339041,0.111319678472286,2.22823852982312,0.248046796699468,0.354706881592455,0.850800474991391,5.41461928891562,"positive"
0.95375,0.606633094369201,133.871206160199,0.112099204045116,2.22823852982312,0.249783765615831,0.356849328753369,0.856416859985032,5.41157361050531,"positive"
0.955,0.610538239345907,135.752988363369,0.112884324900595,2.22823852982312,0.251533202156576,0.359005037189331,0.862071441502483,5.40852983692416,"positive"
0.95625,0.61446928800743,137.661554672337,0.113675081883651,2.22823852982312,0.253295197333949,0.361174090673481,0.867764485341379,5.4054879734888,"positive"
0.9575,0.618426416349211,139.597290320185,0.114471516140956,2.22823852982312,0.255069842832546,0.363356573516665,0.873496259181758,5.40244802547828,"positive"
0.95875,0.622409801585256,141.560586129821,0.115273669123167,2.22823852982312,0.256857231014323,0.365552570570933,0.87926703259958,5.39940999813431,"positive"
0.96,0.626419622156692,143.551838595702,0.116081582587199,2.22823852982312,0.258657454923642,0.36776216723305,0.885077077080334,5.39637389666127,"positive"
0.96125,0.630456057740394,145.571449966756,0.116895298598502,2.22823852982312,0.26047060829236,0.369985449448034,0.890926666032754,5.39333972622637,"positive"
0.9625,0.63451928925767,147.619828330525,0.117714859533362,2.22823852982312,0.262296785544954,0.372222503712716,0.896816074802624,5.39030749195973,"positive"
0.96375,0.638609498883009,149.697387698546,0.118540308081222,2.22823852982312,0.264136081803682,0.374473417079327,0.90274558068669,5.38727719895449,"positive"
0.965,0.64272687005289,151.804548092991,0.119371687247012,2.22823852982312,0.265988592893786,0.376738277159104,0.908715462946676,5.38424885226694,"positive"
0.96625,0.646871587474654,153.941735634576,0.120209040353501,2.22823852982312,0.267854415348734,0.37901717212592,0.914726002823388,5.38122245691659,"positive"
0.9675,0.651043837135439,156.109382631773,0.121052411043673,2.22823852982312,0.269733646415497,0.381310190719942,0.920777483550936,5.3781980178863,"positive"
0.96875,0.655243806311179,158.307927671326,0.121901843283105,2.22823852982312,0.271626384059874,0.383617422251305,0.926870190371054,5.37517554012239,"positive"
0.97,0.659471683575669,160.537815710105,0.122757381362381,2.22823852982312,0.273532726971847,0.385938956603822,0.933004410547516,5.37215502853472,"positive"
0.97125,0.663727658809688,162.799498168316,0.123619069899509,2.22823852982312,0.275452774570984,0.388274884238704,0.939180433380671,5.36913648799685,"positive"
0.9725,0.668011923210193,165.09343302407,0.124486953842368,2.22823852982312,0.277386627011876,0.390625296198317,0.945398550222069,5.36611992334607,"positive"
0.97375,0.672324669299579,167.420084909361,0.125361078471163,2.22823852982312,0.279334385189624,0.392990284109955,0.951659054489203,5.3631053393836,"positive"
0.975,0.676666090935,169.779925207447,0.126241489400906,2.22823852982312,0.281296150745357,0.395369940189644,0.957962241680357,5.36009274087463,"positive"
0.97625,0.681036383317761,172.173432151669,0.127128232583916,2.22823852982312,0.283272026071797,0.397764357245963,0.964308409389558,5.35708213254844,"positive"
0.9775,0.685435743002769,174.601090925721,0.128021354312329,2.22823852982312,0.285262114318868,0.400173628683901,0.970697857321636,5.35407351909853,"positive"
0.97875,0.689864367908065,177.063393765405,0.128920901220634,2.22823852982312,0.287266519399337,0.402597848508728,0.977130887307402,5.35106690518272,"positive"
0.98,0.694322457324412,179.560840061879,0.129826920288232,2.22823852982312,0.289285345994512,0.4050371113299,0.983607803318925,5.34806229542325,"positive"
0.98125,0.698810211924954,182.093936466429,0.130739458842002,2.22823852982312,0.291318699559971,0.407491512364982,0.990128911484925,5.34505969440691,"positive"
0.9825,0.703327833774944,184.663196996779,0.131658564558897,2.22823852982312,0.293366686331338,0.409961147443606,0.996694520106282,5.34205910668511,"positive"
0.98375,0.707875526341546,187.269143144977,0.132584285468555,2.22823852982312,0.295429413330102,0.412446113011445,1.00330493967165,5.33906053677404,"positive"
0.985,0.712453494503703,189.912303986862,0.133516669955931,2.22823852982312,0.297506988369483,0.41494650613422,1.00996048287319,5.33606398915473,"positive"
0.98625,0.717061944562067,192.593216293152,0.134455766763947,2.22823852982312,0.299599520060337,0.41746242450173,1.0166614646224,5.3330694682732,"positive"
0.9875,0.72170108424902,195.312424642161,0.135401624996161,2.22823852982312,0.301707117817108,0.419993966431912,1.02340820206613,5.33007697854055,"positive"
0.98875,0.726371122738743,198.070481534182,0.136354294119464,2.22823852982312,0.303829891863823,0.42254123087492,1.03020101460257,5.32708652433307,"positive"
0.99,0.731072270657376,200.867947507558,0.137313823966784,2.22823852982312,0.305967953240136,0.42510431741724,1.03704022389751,5.32409810999236,"positive"
0.99125,0.735804740093238,203.705391256462,0.138280264739823,2.22823852982312,0.308121413807414,0.427683326285824,1.04392615390065,5.32111173982543,"positive"
0.9925,0.740568744607124,206.58338975041,0.139253667011806,2.22823852982312,0.310290386254865,0.430278358352259,1.05085913086199,5.31812741810481,"positive"
0.99375,0.745364499242677,209.502528355541,0.140234081730257,2.22823852982312,0.312474984105723,0.432889515136954,1.0578394833484,5.31514514906868,"positive"
0.995,0.750192220536833,212.463400957684,0.141221560219789,2.22823852982312,0.314675321723469,0.435516898813364,1.0648675422603,5.31216493692095,"positive"
0.99625,0.755052126530337,215.466610087239,0.14221615418492,2.22823852982312,0.316891514318104,0.438160612212233,1.07194364084844,5.3091867858314,"positive"
0.9975,0.759944436778338,218.512767045901,0.143217915712909,2.22823852982312,0.319123677952464,0.440820758825874,1.0790681147308,5.30621069993576,"positive"
0.99875,0.764869372361058,221.60249203525,0.144226897276615,2.22823852982312,0.321371929548594,0.443497442812463,1.08624130190965,5.30323668333586,"positive"
1,0.769827155894536,224.736414287241,0.145243151737371,2.22823852982312,0.323636386894155,0.446190769000382,1.09346354278869,5.3002647400997,"positive"
1.00125,0.774818011541454,227.915172196617,0.146266732347887,2.22823852982312,0.325917168648887,0.448900842892568,1.10073518019034,5.2972948742616,"positive"
1.0025,0.779842165022029,231.139413455278,0.147297692755173,2.22823852982312,0.328214394351123,0.451627770670906,1.10805655937315,5.29432708982228,"positive"
1.00375,0.784899843624996,234.409795188628,0.14833608700348,2.22823852982312,0.330528184424349,0.454371659200647,1.11542802804934,5.29136139074897,"positive"
1.005,0.789991276218654,237.726984093935,0.149381969537269,2.22823852982312,0.332858660183806,0.457132616034848,1.12284993640246,5.28839778097557,"positive"
1.00625,0.795116693262012,241.091656580739,0.150435395204196,2.22823852982312,0.335205943843158,0.459910749418854,1.13032263710517,5.28543626440271,"positive"
1.0075,0.80027632681599,244.504498913319,0.151496419258126,2.22823852982312,0.337570158521194,0.462706168294796,1.13784648533718,5.28247684489786,"positive"
1.00875,0.805470410554718,247.966207355277,0.152565097362164,2.22823852982312,0.33995142824859,0.465518982306128,1.14542183880331,5.27951952629548,"positive"
1.01,0.810699179776909,251.477488316244,0.153641485591713,2.22823852982312,0.342349877974718,0.46834930180219,1.15304905775163,5.27656431239711,"positive"
1.01125,0.815962871417308,255.039058500758,0.154725640437551,2.22823852982312,0.344765633574509,0.4711972378428,1.16072850499182,5.27361120697149,"positive"
1.0125,0.821261724058239,258.651645059339,0.155817618808935,2.22823852982312,0.34719882185536,0.474062902202879,1.1684605459136,5.27066021375463,"positive"
1.01375,0.826595977941207,262.315985741788,0.156917478036726,2.22823852982312,0.349649570564105,0.476946407377102,1.17624554850531,5.26771133645002,"positive"
1.015,0.831965874978618,266.032829052766,0.158025275876539,2.22823852982312,0.352118008394032,0.479847866584587,1.18408388337265,5.26476457872861,"positive"
1.01625,0.837371658765546,269.80293440964,0.159141070511913,2.22823852982312,0.354604264991943,0.482767393773603,1.19197592375749,5.26181994422904,"positive"
1.0175,0.842813574591616,273.627072302697,0.160264920557513,2.22823852982312,0.357108470965292,0.485705103626324,1.19992204555691,5.25887743655768,"positive"
1.01875,0.848291869452944,277.506024457689,0.161396885062344,2.22823852982312,0.359630757889347,0.488661111563597,1.20792262734229,5.25593705928879,"positive"
1.02,0.853806792064188,281.440584000804,0.162537023512999,2.22823852982312,0.36217125831443,0.491635533749758,1.21597805037862,5.25299881596457,"positive"
1.02125,0.859358592870662,285.431555626062,0.16368539583693,2.22823852982312,0.364730105773197,0.494628487097466,1.22408869864386,5.25006271009534,"positive"
1.0225,0.864947524060555,289.479755765178,0.16484206240574,2.22823852982312,0.367307434787978,0.497640089272577,1.23225495884853,5.24712874515961,"positive"
1.02375,0.870573839577223,293.586012759952,0.166007084038502,2.22823852982312,0.369903380878174,0.50067045869905,1.2404772204554,5.24419692460421,"positive"
1.025,0.876237795131575,297.751167037183,0.167180522005099,2.22823852982312,0.372518080567703,0.503719714563872,1.24875587569928,5.24126725184439,"positive"
1.02625,0.881939648214555,301.976071286189,0.1683624380296,2.22823852982312,0.375151671392512,0.506787976822043,1.25709131960707,5.23833973026394,"positive"
1.0275,0.88767965810969,306.261590638929,0.169552894293647,2.22823852982312,0.377804291908131,0.509875366201558,1.26548395001782,5.23541436321532,"positive"
1.02875,0.893458085905761,310.608602852809,0.170751953439881,2.22823852982312,0.380476081697305,0.512982004208456,1.27393416760307,5.23249115401971,"positive"
1.03,0.899275194509529,315.017998496161,0.171959678575378,2.22823852982312,0.383167181377657,0.516108013131872,1.28244237588719,5.22957010596721,"positive"
1.03125,0.905131248658581,319.490681136494,0.173176133275132,2.22823852982312,0.385877732609433,0.519253516049148,1.29100898126801,5.22665122231688,"positive"
1.0325,0.911026514934248,324.027567531501,0.174401381585542,2.22823852982312,0.388607878103288,0.52241863683096,1.29963439303754,5.2237345062969,"positive"
1.03375,0.916961261774627,328.629587822907,0.17563548802794,2.22823852982312,0.391357761628143,0.525603500146484,1.30831902340277,5.22081996110465,"positive"
1.035,0.922935759487693,333.29768573317,0.176878517602143,2.22823852982312,0.394127528019092,0.528808231468601,1.31706328750678,5.21790758990683,"positive"
1.03625,0.928950280264493,338.032818765093,0.178130535790025,2.22823852982312,0.39691732318537,0.532032957079124,1.32586760344986,5.2149973958396,"positive"
1.0375,0.935005098192462,342.8359584044,0.179391608559124,2.22823852982312,0.399727294118388,0.535277804074075,1.33473239231085,5.21208938200864,"positive"
1.03875,0.941100489268799,347.708090325279,0.180661802366272,2.22823852982312,0.402557588899818,0.538542900368981,1.34365807816862,5.20918355148931,"positive"
1.04,0.947236731413965,352.65021459899,0.181941184161253,2.22823852982312,0.405408356709748,0.541828374704217,1.35264508812371,5.20627990732673,"positive"
1.04125,0.95341410448527,357.663345905549,0.183229821390487,2.22823852982312,0.408279747834892,0.545134356650378,1.36169385232016,5.20337845253594,"positive"
1.0425,0.959632890290551,362.748513748535,0.184527782000747,2.22823852982312,0.411171913676866,0.548460976613685,1.37080480396742,5.20047919010192,"positive"
1.04375,0.965893372601952,367.906762673083,0.185835134442897,2.22823852982312,0.414085006760522,0.551808365841431,1.37997837936247,5.19758212297982,"positive"
1.045,0.972195837169804,373.139152487095,0.18715194767566,2.22823852982312,0.417019180742347,0.555176656427457,1.38921501791215,5.19468725409498,"positive"
1.04625,0.978540571736607,378.446758485731,0.188478291169424,2.22823852982312,0.41997459041893,0.558565981317678,1.39851516215554,5.19179458634308,"positive"
1.0475,0.984927866051097,383.830671679206,0.189814234910055,2.22823852982312,0.422951391735482,0.561976474315615,1.40787925778658,5.18890412259023,"positive"
1.04875,0.991358011882435,389.291999023975,0.191159849402767,2.22823852982312,0.425949741794429,0.565408270088006,1.41730775367686,5.18601586567314,"positive"
1.05,0.997831303034478,394.831863657319,0.192515205675992,2.22823852982312,0.428969798864067,0.568861504170411,1.42680110189855,5.18312981839915,"positive"
1.05125,1.00434803536017,400.451405135419,0.193880375285304,2.22823852982312,0.432011722387281,0.572336312972885,1.43635975774745,5.18024598354639,"positive"
1.0525,1.010908506776,406.15177967494,0.195255430317358,2.22823852982312,0.435075672990329,0.575832833785673,1.44598417976633,5.17736436386392,"positive"
1.05375,1.01751301727664,411.934160398197,0.196640443393859,2.22823852982312,0.438161812491698,0.579351204784946,1.45567482976834,5.17448496207175,"positive"
1.055,1.02416186894959,417.799737581944,0.19803548767557,2.22823852982312,0.441270303911017,0.582891565038574,1.46543217286061,5.17160778086104,"positive"
1.05625,1.03085536598998,423.749718909843,0.199440636866342,2.22823852982312,0.444401311478043,0.586454054511937,1.47525667746802,5.16873282289419,"positive"
1.0575,1.0375938147155,429.785329728688,0.200855965217175,2.22823852982312,0.447555000641721,0.59003881407378,1.48514881535722,5.1658600908049,"positive"
1.05875,1.04437752358139,435.907813308386,0.202281547530315,2.22823852982312,0.450731538079294,0.593645985502092,1.49510906166068,5.16298958719836,"positive"
1.06,1.05120680319554,442.118431105826,0.203717459163376,2.22823852982312,0.453931091705502,0.597275711490041,1.50513789490104,5.1601213146513,"positive"
1.06125,1.05808196633376,448.41846303262,0.205163776033494,2.22823852982312,0.457153830681832,0.600928135651931,1.5152357970156,5.15725527571215,"positive"
1.0625,1.06500332795507,454.809207726832,0.206620574621517,2.22823852982312,0.460399925425857,0.604603402529215,1.52540325338093,5.1543914729011,"positive"
1.06375,1.07197120521716,461.291982828718,0.20808793197622,2.22823852982312,0.463669547620626,0.608301657596535,1.53564075283779,5.15152990871024,"positive"
1.065,1.07898591749194,467.868125260551,0.209565925718556,2.22823852982312,0.466962870224137,0.612023047267802,1.54594878771608,5.14867058560369,"positive"
1.06625,1.08604778638121,474.538991510587,0.211054634045938,2.22823852982312,0.470280067478878,0.615767718902329,1.55632785386008,5.14581350601767,"positive"
1.0675,1.09315713573242,481.305957921241,0.212554135736551,2.22823852982312,0.473621314921437,0.619535820810982,1.56677845065385,5.14295867236064,"positive"
1.06875,1.10031429165459,488.170420981535,0.214064510153703,2.22823852982312,0.476986789392193,0.623327502262397,1.57730108104678,5.1401060870134,"positive"
1.07,1.10751958253428,495.133797623853,0.215585837250197,2.22823852982312,0.480376669045065,0.627142913489213,1.58789625157934,5.13725575232918,"positive"
1.07125,1.11477333905172,502.197525525127,0.217118197572751,2.22823852982312,0.483791133357352,0.630982205694368,1.59856447240907,5.13440767063381,"positive"
1.0725,1.12207589419705,509.363063412457,0.218661672266437,2.22823852982312,0.487230363139631,0.634845531057421,1.60930625733668,5.13156184422578,"positive"
1.07375,1.12942758328666,516.631891373267,0.220216343079165,2.22823852982312,0.490694540545742,0.638733042740918,1.6201221238324,5.12871827537634,"positive"
1.075,1.13682874397965,524.00551117006,0.221782292366191,2.22823852982312,0.494183849082842,0.642644894896807,1.63101259306249,5.12587696632967,"positive"
1.07625,1.14427971629442,531.485446559826,0.223359603094665,2.22823852982312,0.497698473621532,0.646581242672887,1.64197818991595,5.12303791930292,"positive"
1.0775,1.15178084262538,539.073243618199,0.224948358848216,2.22823852982312,0.501238600406071,0.650542242219309,1.65301944303145,5.12020113648638,"positive"
1.07875,1.15933246775975,546.770471068392,0.226548643831558,2.22823852982312,0.504804417064652,0.6545280506951,1.6641368848244,5.11736662004356,"positive"
1.08,1.16693493889453,554.578720615039,0.228160542875151,2.22823852982312,0.508396112619771,0.658538826274761,1.6753310515143,5.1145343721113,"positive"
1.08125,1.17458860565353,562.49960728295,0.229784141439877,2.22823852982312,0.512013877498658,0.662574728154874,1.68660248315219,5.11170439479987,"positive"
1.0825,1.18229382010458,570.534769760911,0.231419525621765,2.22823852982312,0.515657903543804,0.666635916560779,1.69795172364839,5.10887669019312,"positive"
1.08375,1.19005093677683,578.685870750573,0.233066782156746,2.22823852982312,0.519328384023552,0.670722552753281,1.70937932080038,5.10605126034855,"positive"
1.085,1.19786031267818,586.954597320507,0.234725998425444,2.22823852982312,0.523025513642774,0.674834799035403,1.72088582632095,5.10322810729743,"positive"
1.08625,1.20572230731282,595.342661265513,0.236397262458004,2.22823852982312,0.526749488553633,0.67897281875919,1.73247179586646,5.10040723304492,"positive"
1.0875,1.21363728269896,603.85179947125,0.238080662938957,2.22823852982312,0.530500506366415,0.683136776332544,1.74413778906538,5.09758863957016,"positive"
1.08875,1.22160560338658,612.483774284287,0.23977628921212,2.22823852982312,0.534278766160457,0.687326837226127,1.75588436954704,5.09477232882639,"positive"
1.09,1.22962763647541,621.240373887611,0.241484231285532,2.22823852982312,0.538084468495139,0.691543167980275,1.76771210497055,5.09195830274109,"positive"
1.09125,1.23770375163298,630.123412681742,0.243204579836433,2.22823852982312,0.541917815420982,0.695785936211994,1.77962156705396,5.08914656321601,"positive"
1.0925,1.24583432111278,639.13473167146,0.244937426216271,2.22823852982312,0.545779010490803,0.700055310621976,1.79161333160358,5.08633711212736,"positive"
1.09375,1.25401971977265,648.276198858296,0.246682862455759,2.22823852982312,0.549668258770978,0.704351461001673,1.80368797854363,5.08352995132588,"positive"
1.095,1.26226032509319,657.549709638828,0.248440981269955,2.22823852982312,0.553585766852776,0.708674558240414,1.81584609194597,5.08072508263693,"positive"
1.09625,1.27055651719635,666.957187208896,0.250211876063394,2.22823852982312,0.557531742863782,0.713024774332569,1.82808826006013,5.07792250786066,"positive"
1.0975,1.27890867886417,676.5005829738,0.251995640935254,2.22823852982312,0.561506396479405,0.717402282384761,1.84041507534357,5.07512222877204,"positive"
1.09875,1.28731719555759,686.181876964583,0.253792370684554,2.22823852982312,0.565509938934474,0.721807256623121,1.85282713449207,5.07232424712104,"positive"
1.1,1.29578245543553,696.003078260516,0.255602160815404,2.22823852982312,0.569542583034927,0.7262398724006,1.86532503847045,5.06952856463269,"positive"
1.10125,1.30430484937389,705.966225417803,0.257425107542281,2.22823852982312,0.573604543169571,0.730700306204317,1.87790939254346,5.0667351830072,"positive"
1.1025,1.31288477098492,716.073386904693,0.25926130779536,2.22823852982312,0.577696035321951,0.735188735662966,1.89058080630687,5.06394410392007,"positive"
1.10375,1.32152261663656,726.326661543019,0.261110859225867,2.22823852982312,0.581817277082296,0.739705339554266,1.90333989371886,5.06115532902221,"positive"
1.105,1.33021878547202,736.728178956302,0.26297386021149,2.22823852982312,0.58596848765956,0.744250297812458,1.91618727313158,5.05836885994002,"positive"
1.10625,1.3389736794294,747.280100024496,0.264850409861818,2.22823852982312,0.590149887893547,0.748823791535857,1.92912356732295,5.05558469827552,"positive"
1.1075,1.34778770326159,757.984617345485,0.266740608023827,2.22823852982312,0.594361700267137,0.753426002994449,1.94214940352872,5.05280284560644,"positive"
1.10875,1.35666126455614,768.843955703443,0.268644555287409,2.22823852982312,0.598604148918602,0.758057115637541,1.95526541347474,5.05002330348635,"positive"
1.11,1.36559477375546,779.860372544112,0.270562352990934,2.22823852982312,0.602877459654001,0.762717314101458,1.96847223340946,5.04724607344474,"positive"
1.11125,1.37458864417699,791.036158457179,0.272494103226865,2.22823852982312,0.607181859959697,0.767406784217296,1.98177050413669,5.04447115698714,"positive"
1.1125,1.38364329203365,802.373637665764,0.274439908847406,2.22823852982312,0.611517579014934,0.772125713018714,1.99516087104858,5.04169855559521,"positive"
1.11375,1.39275913645433,813.875168523223,0.2763998734702,2.22823852982312,0.615884847704534,0.776874288749794,2.00864398415886,5.0389282707269,"positive"
1.115,1.40193659950463,825.543144017294,0.278374101484065,2.22823852982312,0.620283898631685,0.78165270087294,2.02222049813631,5.03616030381646,"positive"
1.11625,1.41117610620765,837.379992281737,0.280362698054775,2.22823852982312,0.624714966130814,0.786461140076833,2.03589107233846,5.03339465627465,"positive"
1.1175,1.42047808456501,849.38817711558,0.282365769130882,2.22823852982312,0.62917828628057,0.791299798284439,2.04965637084558,5.03063132948877,"positive"
1.11875,1.42984296557796,861.570198510051,0.284383421449588,2.22823852982312,0.633674096916898,0.796168868661062,2.06351706249486,5.0278703248228,"positive"
1.12,1.43927118326869,873.928593183379,0.286415762542657,2.22823852982312,0.638202637646217,0.801068545622471,2.0774738209149,5.02511164361749,"positive"
1.12125,1.44876317470173,886.465935123477,0.288462900742367,2.22823852982312,0.642764149858684,0.805999024843048,2.09152732456042,5.02235528719048,"positive"
1.1225,1.45831938000561,899.184836138751,0.290524945187521,2.22823852982312,0.647358876741584,0.810960503264023,2.10567825674719,5.0196012568364,"positive"
1.12375,1.46794024239452,912.087946417025,0.292602005829485,2.22823852982312,0.651987063292786,0.815953179101735,2.11992730568731,5.01684955382695,"positive"
1.125,1.4776262081903,925.177955092826,0.294694193438285,2.22823852982312,0.656648956334334,0.820977251855966,2.13427516452463,5.01410017941105,"positive"
1.12625,1.48737772684444,938.457590823056,0.296801619608749,2.22823852982312,0.661344804526118,0.826032922318325,2.14872253137056,5.01135313481491,"positive"
1.1275,1.49719525096034,951.929622371234,0.298924396766684,2.22823852982312,0.666074858379658,0.831120392580677,2.16327010933999,5.00860842124213,"positive"
1.12875,1.50707923631564,965.596859200418,0.301062638175116,2.22823852982312,0.670839370271989,0.836239866043647,2.17791860658763,5.00586603987384,"positive"
1.13,1.51703014188481,979.462152074918,0.303216457940562,2.22823852982312,0.675638594459651,0.841391547425155,2.19266873634446,5.00312599186876,"positive"
1.13125,1.52704842986182,993.528393670991,0.305385971019361,2.22823852982312,0.680472787092787,0.846575642769036,2.20752121695461,5.00038827836335,"positive"
1.1325,1.53713456568303,1007.79851919655,0.307571293224045,2.22823852982312,0.685342206229342,0.851792359453687,2.22247677191237,4.99765290047185,"positive"
1.13375,1.54728901805016,1022.27550702016,0.309772541229761,2.22823852982312,0.690247111849373,0.857041906200792,2.23753612989954,4.99491985928646,"positive"
1.135,1.55751225895357,1036.96237930928,0.31198983258074,2.22823852982312,0.695187765869469,0.862324493084098,2.25270002482304,4.99218915587737,"positive"
1.13625,1.56780476369552,1051.8622026781,0.31422328569682,2.22823852982312,0.700164432157272,0.867640331538245,2.26796919585279,4.98946079129292,"positive"
1.1375,1.57816701091378,1066.97808884495,0.316473019880011,2.22823852982312,0.705177376546119,0.872989634367659,2.2833443874599,4.98673476655966,"positive"
1.13875,1.58859948260527,1082.31319529945,0.318739155321112,2.22823852982312,0.710226866849776,0.878372615755494,2.29882634945505,4.98401108268247,"positive"
1.14,1.59910266414997,1097.87072597965,0.321021813106381,2.22823852982312,0.715313172877314,0.883789491272655,2.31441583702728,4.98128974064468,"positive"
1.14125,1.6096770443349,1113.65393195918,0.32332111522425,2.22823852982312,0.720436566448054,0.889240477886847,2.33011361078296,4.97857074140814,"positive"
1.1425,1.62032311537839,1129.66611214467,0.325637184572099,2.22823852982312,0.725597321406673,0.894725793971719,2.34592043678506,4.97585408591333,"positive"
1.14375,1.63104137295441,1145.91061398347,0.327970144963067,2.22823852982312,0.73079571363838,0.900245659316033,2.36183708659279,4.97313977507948,"positive"
1.145,1.64183231621717,1162.39083418193,0.330320121132932,2.22823852982312,0.736032021084239,0.905800295132927,2.37786433730141,4.97042780980464,"positive"
1.14625,1.6526964478258,1179.1102194344,0.332687238747028,2.22823852982312,0.741306523756591,0.911389924069213,2.39400297158239,4.96771819096583,"positive"
1.1475,1.66363427396934,1196.07226716296,0.335071624407221,2.22823852982312,0.746619503754591,0.917014770214748,2.41025377772393,4.96501091941907,"positive"
1.14875,1.67464630439175,1213.28052626833,0.337473405658941,2.22823852982312,0.751971245279879,0.922675059111867,2.42661754967162,4.96230599599954,"positive"
1.15,1.68573305241721,1230.7385978917,0.339892710998254,2.22823852982312,0.757362034652342,0.928371017764868,2.44309508706955,4.95960342152166,"positive"
1.15125,1.69689503497561,1248.45013618818,0.342329669879006,2.22823852982312,0.762792160326029,0.934102874649578,2.45968719530164,4.95690319677918,"positive"
1.1525,1.70813277262811,1266.41884911149,0.344784412720005,2.22823852982312,0.76826191290515,0.939870859722957,2.47639468553326,4.95420532254531,"positive"
1.15375,1.71944678959302,1284.64849921049,0.347257070912264,2.22823852982312,0.773771585160226,0.945675204432791,2.49321837475324,4.95150979957278,"positive"
1.155,1.73083761377177,1303.1429044375,0.349747776826301,2.22823852982312,0.77932147204434,0.951516141727426,2.51015908581611,4.94881662859396,"positive"
1.15625,1.74230577677511,1321.90593896868,0.352256663819484,2.22823852982312,0.784911870709524,0.957393906065582,2.52721764748463,4.94612581032096,"positive"
1.1575,1.75385181394948,1340.94153403653,0.354783866243448,2.22823852982312,0.790543080523261,0.963308733426223,2.54439489447275,4.94343734544574,"positive"
1.15875,1.76547626440362,1360.25367877489,0.357329519451549,2.22823852982312,0.79621540308512,0.969260861318496,2.56169166748874,4.94075123464017,"positive"
1.16,1.77717967103524,1379.84642107647,0.35989375980639,2.22823852982312,0.801929142243504,0.975250528791733,2.57910881327874,4.93806747855617,"positive"
1.16125,1.78896258055805,1399.72386846304,0.362476724687393,2.22823852982312,0.807684604112536,0.981277976445515,2.59664718467059,4.93538607782579,"positive"
1.1625,1.80082554352889,1419.8901889688,0.365078552498439,2.22823852982312,0.813482097089072,0.987343446439817,2.61430764061796,4.93270703306131,"positive"
1.16375,1.81276911437503,1440.34961203664,0.367699382675548,2.22823852982312,0.819321931869831,0.993447182505194,2.63209104624486,4.93003034485533,"positive"
1.165,1.82479385142173,1461.10642942792,0.370339355694641,2.22823852982312,0.825204421468668,0.999589429953064,2.6499982728904,4.92735601378089,"positive"
1.16625,1.83690031692,1482.16499614571,0.372998613079338,2.22823852982312,0.831129881233967,1.00577043568603,2.66803019815397,4.92468404039155,"positive"
1.1675,1.84908907707448,1503.52973137181,0.37567729740883,2.22823852982312,0.837098628866174,1.0119904482083,2.68618770594065,4.92201442522146,"positive"
1.16875,1.8613607020716,1525.20511941768,0.378375552325802,2.22823852982312,0.843110984435456,1.01824971763614,2.70447168650705,4.91934716878553,"positive"
1.17,1.87371576610791,1547.19571068955,0.381093522544419,2.22823852982312,0.849167270399489,1.02454849570842,2.7228830365074,4.91668227157946,"positive"
1.17125,1.88615484741865,1569.50612266796,0.383831353858375,2.22823852982312,0.855267811621403,1.03088703579724,2.74142265904005,4.91401973407986,"positive"
1.1725,1.89867852830641,1592.1410409017,0.386589193148996,2.22823852982312,0.861412935387824,1.03726559291858,2.76009146369423,4.91135955674435,"positive"
1.17375,1.91128739517018,1615.10522001681,0.389367188393411,2.22823852982312,0.867602971427096,1.04368442374308,2.77889036659728,4.90870174001164,"positive"
1.175,1.92398203853444,1638.40348474035,0.39216548867278,2.22823852982312,0.873838251927599,1.05014378660684,2.79782029046204,4.90604628430166,"positive"
1.17625,1.93676305307854,1662.04073093962,0.394984244180584,2.22823852982312,0.88011911155624,1.0566439415223,2.81688216463478,4.90339319001562,"positive"
1.1775,1.94963103766631,1686.02192667671,0.397823606230985,2.22823852982312,0.886445887477061,1.06318515018925,2.83607692514337,4.90074245753611,"positive"
1.17875,1.96258659537581,1710.35211327888,0.400683727267237,2.22823852982312,0.892818919369996,1.06976767600582,2.85540551474581,4.8980940872272,"positive"
1.18,1.97563033352936,1735.03640642475,0.403564760870173,2.22823852982312,0.899238549449773,1.07639178407959,2.87486888297913,4.89544807943457,"positive"
1.18125,1.98876286372374,1760.07999724676,0.406466861766743,2.22823852982312,0.905705122484943,1.08305774123879,2.89446798620868,4.89280443448554,"positive"
1.1825,2.00198480186065,1785.4881534501,0.40939018583863,2.22823852982312,0.912218985817082,1.08976581604357,2.91420378767773,4.8901631526892,"positive"
1.18375,2.01529676817736,1811.26622044812,0.412334890130922,2.22823852982312,0.918780489380101,1.09651627879726,2.93407725755746,4.88752423433651,"positive"
1.185,2.02869938727758,1837.41962251488,0.415301132860851,2.22823852982312,0.925389985719739,1.10330940155784,2.95408937299732,4.88488767970037,"positive"
1.18625,2.04219328816256,1863.9538639547,0.418289073426601,2.22823852982312,0.932047830013164,1.11014545814939,2.97424111817572,4.88225348903575,"positive"
1.1875,2.05577910426241,1890.87453028926,0.42129887241618,2.22823852982312,0.938754380088766,1.11702472417365,2.99453348435118,4.87962166257975,"positive"
1.18875,2.06945747346768,1918.18728946227,0.424330691616357,2.22823852982312,0.945509996446058,1.12394747702162,3.01496746991374,4.87699220055169,"positive"
1.19,2.08322903816107,1945.89789306222,0.427384694021674,2.22823852982312,0.952315042275758,1.13091399588531,3.03554408043683,4.87436510315323,"positive"
1.19125,2.09709444524949,1974.01217756323,0.430461043843517,2.22823852982312,0.959169883480003,1.13792456176949,3.0562643287295,4.87174037056844,"positive"
1.1925,2.11105434619628,2002.53606558449,0.433559906519259,2.22823852982312,0.966074888692723,1.14497945750356,3.077129234889,4.86911800296392,"positive"
1.19375,2.12510939705365,2031.47556716842,0.43668144872148,2.22823852982312,0.973030429300179,1.15207896775348,3.09813982635383,4.86649800048885,"positive"
1.195,2.13926025849542,2060.83678107787,0.439825838367236,2.22823852982312,0.980036879461631,1.15922337903379,3.11929713795705,4.86388036327512,"positive"
1.19625,2.15350759584989,2090.62589611269,0.442993244627427,2.22823852982312,0.987094616130189,1.1664129797197,3.14060221198008,4.86126509143739,"positive"
1.1975,2.1678520791331,2120.84919244594,0.446183837936205,2.22823852982312,0.994204019073806,1.1736480600593,3.16205609820691,4.85865218507323,"positive"
1.19875,2.18229438308216,2151.51304297997,0.449397790000481,2.22823852982312,1.00136547089643,1.18092891218573,3.18365985397859,4.85604164426314,"positive"
1.2,2.19683518718892,2182.62391472273,0.452635273809483,2.22823852982312,1.00857935705933,1.1882558301296,3.20541454424825,4.8534334690707,"positive"
1.20125,2.2114751757339,2214.18837018461,0.455896463644393,2.22823852982312,1.01584606590254,1.19562910983136,3.22732124163644,4.85082765954264,"positive"
1.2025,2.22621503782036,2246.21306879618,0.459181535088068,2.22823852982312,1.02316598866656,1.20304904915381,3.24938102648692,4.84822421570892,"positive"
1.20375,2.24105546740875,2278.70476834688,0.462490665034809,2.22823852982312,1.03053951951408,1.21051594789467,3.27159498692283,4.84562313758284,"positive"
1.205,2.25599716335128,2311.6703264454,0.465824031700237,2.22823852982312,1.03796705555201,1.21803010779926,3.29396421890329,4.84302442516112,"positive"
1.20625,2.27104082942681,2345.11670200162,0.469181814631208,2.22823852982312,1.04544899685358,1.22559183257323,3.3164898262804,4.84042807842398,"positive"
1.2075,2.28618717437603,2379.05095673083,0.472564194715833,2.22823852982312,1.05298574648065,1.23320142789538,3.33917292085669,4.83783409733525,"positive"
1.20875,2.30143691193676,2413.48025668028,0.475971354193557,2.22823852982312,1.06057771050617,1.24085920143059,3.36201462244293,4.83524248184243,"positive"
1.21,2.31679076087964,2448.41187377851,0.47940347666532,2.22823852982312,1.06822529803682,1.24856546284282,3.38501605891646,4.83265323187682,"positive"
1.21125,2.33224944504401,2483.85318740785,0.482860747103789,2.22823852982312,1.07592892123584,1.25632052380817,3.40817836627985,4.83006634735356,"positive"
1.2125,2.34781369337404,2519.81168600027,0.486343351863676,2.22823852982312,1.08368899534596,1.26412469802807,3.43150268872,4.82748182817176,"positive"
1.21375,2.36348423995518,2556.2949686572,0.48985147869213,2.22823852982312,1.09150593871263,1.27197830124255,3.45499017866781,4.82489967421456,"positive"
1.215,2.37926182405079,2593.3107467933,0.493385316739202,2.22823852982312,1.09938017280727,1.27988165124352,3.47864199685806,4.82231988534924,"positive"
1.21625,2.39514719013911,2630.86684580501,0.496945056568402,2.22823852982312,1.10731212225084,1.28783506788827,3.50245931238996,4.81974246142729,"positive"
1.2175,2.41114108795045,2668.97120676371,0.500530890167318,2.22823852982312,1.11530221483748,1.29583887311297,3.52644330278793,4.8171674022845,"positive"
1.21875,2.42724427250463,2707.63188813442,0.504143010958335,2.22823852982312,1.1233508815584,1.30389339094623,3.55059515406303,4.81459470774104,"positive"
1.22,2.44345750414879,2746.85706751995,0.507781613809417,2.22823852982312,1.13145855662591,1.31199894752289,3.5749160607747,4.81202437760159,"positive"
1.22125,2.45978154859533,2786.65504343117,0.511446895044986,2.22823852982312,1.13962567749764,1.32015587109769,3.59940722609297,4.80945641165536,"positive"
1.2225,2.47621717696023,2827.0342370837,0.515139052456869,2.22823852982312,1.14785268490097,1.32836449205927,3.6240698618612,4.80689080967621,"positive"
1.22375,2.49276516580162,2868.00319422134,0.518858285315338,2.22823852982312,1.15614002285759,1.33662514294402,3.64890518865921,4.80432757142276,"positive"
1.225,2.50942629715858,2909.57058696686,0.522604794380234,2.22823852982312,1.16448813870833,1.34493815845026,3.67391443586691,4.80176669663843,"positive"
1.22625,2.52620135859031,2951.7452157002,0.526378781912162,2.22823852982312,1.17289748313804,1.35330387545227,3.69909884172835,4.79920818505154,"positive"
1.2275,2.54309114321548,2994.53601096497,0.530180451683786,2.22823852982312,1.18136851020083,1.36172263301464,3.72445965341631,4.79665203637543,"positive"
1.22875,2.56009644975194,3037.95203540318,0.534010008991202,2.22823852982312,1.18990167734539,1.37019477240656,3.74999812709733,4.79409825030849,"positive"
1.23,2.57721808255671,3082.00248571898,0.537867660665399,2.22823852982312,1.19849744544047,1.37872063711624,3.77571552799717,4.79154682653427,"positive"
1.23125,2.59445685166617,3126.69669467171,0.541753615083805,2.22823852982312,1.2071562788007,1.38730057286548,3.80161313046687,4.78899776472157,"positive"
1.2325,2.61181357283669,3172.04413309862,0.545668082181915,2.22823852982312,1.21587864521243,1.39593492762426,3.82769221804912,4.78645106452454,"positive"
1.23375,2.62928906758541,3218.05441196794,0.549611273465027,2.22823852982312,1.22466501595992,1.40462405162549,3.85395408354534,4.7839067255827,"positive"
1.235,2.6468841632314,3264.73728446245,0.553583402020036,2.22823852982312,1.2335158658516,1.41336829737979,3.880400029083,4.78136474752109,"positive"
1.23625,2.66459969293707,3312.1026480943,0.557584682527348,2.22823852982312,1.24243167324663,1.42216801969044,3.9070313661837,4.77882512995034,"positive"
1.2375,2.68243649574993,3360.1605468513,0.561615331272859,2.22823852982312,1.25141292008156,1.43102357566838,3.93384941583149,4.77628787246672,"positive"
1.23875,2.70039541664459,3408.92117337535,0.565675566160042,2.22823852982312,1.26046009189731,1.43993532474728,3.96085550854191,4.77375297465224,"positive"
1.24,2.71847730656511,3458.39487117338,0.569765606722118,2.22823852982312,1.26957367786627,1.44890362869884,3.98805098443138,4.77122043607477,"positive"
1.24125,2.73668302246762,3508.59213686127,0.573885674134317,2.22823852982312,1.2787541708196,1.45792885164802,4.01543719328722,4.76869025628806,"positive"
1.2425,2.75501342736328,3559.52362244137,0.578035991226236,2.22823852982312,1.2880020672748,1.46701136008849,4.04301549463808,4.76616243483186,"positive"
1.24375,2.77346939036152,3611.20013761393,0.582216782494288,2.22823852982312,1.29731786746342,1.47615152289811,4.07078725782494,4.76363697123199,"positive"
1.245,2.79205178671363,3663.63265212325,0.586428274114252,2.22823852982312,1.30670207535905,1.48534971135459,4.09875386207268,4.76111386500042,"positive"
1.24625,2.8107614978566,3716.8322981386,0.590670693953899,2.22823852982312,1.31615519870544,1.49460629915116,4.12691669656204,4.75859311563538,"positive"
1.2475,2.82959941145735,3770.81037267104,0.594944271585745,2.22823852982312,1.32567774904491,1.50392166241245,4.15527716050226,4.75607472262138,"positive"
1.24875,2.84856642145723,3825.57834002603,0.599249238299862,2.22823852982312,1.33527024174691,1.51329617971032,4.18383666320414,4.75355868542935,"positive"
1.25,2.86766342811685,3881.14783429296,0.60358582711682,2.22823852982312,1.34493319603685,1.52273023208,4.21259662415371,4.75104500351669,"positive"
1.25125,2.88689133806126,3937.53066187167,0.607954272800706,2.22823852982312,1.35466713502513,1.53222420303613,4.24155847308639,4.74853367632735,"positive"
1.2525,2.9062510643254,3994.73880403691,0.612354811872253,2.22823852982312,1.36447258573634,1.54177847858906,4.27072365006174,4.74602470329194,"positive"
1.25375,2.92574352639994,4052.78441954095,0.616787682622057,2.22823852982312,1.37435007913878,1.55139344726116,4.30009360553872,4.74351808382776,"positive"
1.255,2.94536965027741,4111.67984725523,0.621253125123906,2.22823852982312,1.38430015017411,1.56106950010331,4.32966980045152,4.74101381733891,"positive"
1.25625,2.96513036849868,4171.43760885139,0.6257513812482,2.22823852982312,1.39432333778727,1.57080703071141,4.35945370628596,4.73851190321638,"positive"
1.2575,2.98502662019976,4232.07041152246,0.63028269467548,2.22823852982312,1.40442018495664,1.58060643524311,4.3894468051564,4.73601234083809,"positive"
1.25875,3.00505935115895,4293.59115074467,0.634847310910055,2.22823852982312,1.41459123872438,1.59046811243457,4.41965058988333,4.73351512956902,"positive"
1.26,3.02522951384434,4356.01291308054,0.639445477293732,2.22823852982312,1.42483705022703,1.60039246361732,4.45006656407137,4.73102026876123,"positive"
1.26125,3.04553806746164,4419.34897902392,0.644077443019651,2.22823852982312,1.43515817472634,1.6103798927353,4.48069624218797,4.72852775775399,"positive"
1.2625,3.0659859780023,4483.61282588755,0.648743459146227,2.22823852982312,1.44555517164035,1.62043080636195,4.51154114964266,4.72603759587383,"positive"
1.26375,3.08657421829214,4548.81813073374,0.653443778611192,2.22823852982312,1.45602860457466,1.63054561371748,4.54260282286681,4.72354978243461,"positive"
1.265,3.10730376804012,4614.97877334896,0.658178656245748,2.22823852982312,1.46657904135398,1.64072472668614,4.5738828093941,4.72106431673762,"positive"
1.26625,3.12817561388759,4682.1088392628,0.662948348788824,2.22823852982312,1.47720705405387,1.65096855983372,4.60538266794147,4.71858119807165,"positive"
1.2675,3.14919074945792,4750.22262281224,0.667753114901445,2.22823852982312,1.4879132190328,1.66127753042512,4.63710396849073,4.71610042571306,"positive"
1.26875,3.17035017540639,4819.33463025153,0.672593215181203,2.22823852982312,1.49869811696437,1.67165205844202,4.66904829237076,4.71362199892586,"positive"
1.27,3.19165489947047,4889.45958290873,0.677468912176844,2.22823852982312,1.5095623328698,1.68209256660068,4.70121723234027,4.71114591696177,"positive"
1.27125,3.21310593652055,4960.61242038945,0.682380470402965,2.22823852982312,1.52050645615071,1.69259948036984,4.73361239267126,4.70867217906034,"positive"
1.2725,3.23470430861089,5032.80830382844,0.687328156354813,2.22823852982312,1.53153108062208,1.70317322798881,4.76623538923297,4.70620078444898,"positive"
1.27375,3.25645104503107,5106.06261918984,0.692312238523209,2.22823852982312,1.54263680454551,1.71381424048556,4.79908784957657,4.70373173234305,"positive"
1.275,3.27834718235771,5180.39098061684,0.697332987409577,2.22823852982312,1.55382423066268,1.72452295169503,4.83217141302039,4.70126502194594,"positive"
1.27625,3.30039376450667,5255.80923383142,0.702390675541089,2.22823852982312,1.56509396622914,1.73529979827752,4.86548773073581,4.69880065244915,"positive"
1.2775,3.32259184278547,5332.33345958488,0.707485577485922,2.22823852982312,1.57644662304829,1.74614521973718,4.89903846583376,4.69633862303234,"positive"
1.27875,3.3449424759463,5409.97997716016,0.712617969868636,2.22823852982312,1.58788281750562,1.75705965844068,4.93282529345192,4.69387893286344,"positive"
1.28,3.36744673023919,5488.76534792637,0.717788131385661,2.22823852982312,1.59940317060327,1.76804355963592,4.96684990084246,4.69142158109868,"positive"
1.28125,3.39010567946573,5568.70637894665,0.722996342820912,2.22823852982312,1.61100830799476,1.77909737147097,5.0011139874605,4.68896656688272,"positive"
1.2825,3.41292040503312,5649.82012663992,0.728242887061507,2.22823852982312,1.62269886002007,1.79022154501304,5.03561926505319,4.68651388934866,"positive"
1.28375,3.43589199600856,5732.12390049749,0.733528049113616,2.22823852982312,1.63447546174094,1.80141653426761,5.0703674577495,4.68406354761816,"positive"
1.285,3.45902154917412,5815.63526685522,0.738852116118429,2.22823852982312,1.64633875297643,1.81268279619769,5.10536030215054,4.68161554080151,"positive"
1.28625,3.48231016908196,5900.37205272225,0.744215377368239,2.22823852982312,1.65828937833876,1.8240207907432,5.14059954742072,4.67916986799765,"positive"
1.2875,3.50575896810996,5986.35234966682,0.749618124322647,2.22823852982312,1.67032798726946,1.8354309808405,5.17608695537942,4.67672652829433,"positive"
1.28875,3.52936906651771,6073.59451776051,0.755060650624901,2.22823852982312,1.68245523407572,1.846913832442,5.21182430059343,4.6742855207681,"positive"
1.29,3.553141592503,6162.11718958134,0.760543252118341,2.22823852982312,1.69467177796707,1.85846981453593,5.24781337047006,4.67184684448443,"positive"
1.29125,3.57707768225859,6251.93927427681,0.766066226862985,2.22823852982312,1.70697828309232,1.87009939916627,5.28405596535091,4.66941049849776,"positive"
1.2925,3.60117848002953,6343.07996168784,0.771629875152226,2.22823852982312,1.71937541857679,1.88180306145274,5.32055389860632,4.66697648185161,"positive"
1.29375,3.62544513817077,6435.55872653435,0.777234499529671,2.22823852982312,1.7318638585598,1.89358127961097,5.35730899673058,4.66454479357857,"positive"
1.295,3.64987881720526,6529.39533266358,0.782880404806092,2.22823852982312,1.74444428223245,1.9054345349728,5.39432309943771,4.66211543270045,"positive"
1.29625,3.67448068588243,6624.60983736197,0.788567898076514,2.22823852982312,1.75711737387572,1.91736331200671,5.43159805975815,4.65968839822833,"positive"
1.2975,3.69925192123714,6721.22259573156,0.794297288737433,2.22823852982312,1.76988382289879,1.92936809833836,5.46913574413593,4.65726368916259,"positive"
1.29875,3.72419370864901,6819.25426513208,0.80006888850416,2.22823852982312,1.78274432387772,1.94144938477128,5.50693803252673,4.65484130449305,"positive"
1.3,3.74930724190218,6918.72580968934,0.8058830114283,2.22823852982312,1.79569957659442,1.95360766530776,5.5450068184966,4.65242124319897,"positive"
1.30125,3.77459372324554,7019.65850487129,0.811739973915359,2.22823852982312,1.80875028607582,1.96584343716973,5.58334400932136,4.65000350424916,"positive"
1.3025,3.80005436345337,7122.07394213252,0.817640094742491,2.22823852982312,1.82189716263344,1.97815720081993,5.62195152608681,4.64758808660205,"positive"
1.30375,3.8256903818864,7225.99403362839,0.823583695076371,2.22823852982312,1.83514092190326,1.99054945998313,5.66083130378966,4.64517498920573,"positive"
1.305,3.85150300655334,7331.44101699969,0.829571098491212,2.22823852982312,1.84848228488581,2.00302072166753,5.69998529143915,4.64276421099805,"positive"
1.30625,3.87749347417286,7438.43746022901,0.835602630986909,2.22823852982312,1.8619219779866,2.01557149618626,5.73941545215946,4.64035575090669,"positive"
1.3075,3.90366303023599,7547.00626656986,0.841678621007332,2.22823852982312,1.87546073305693,2.02820229717906,5.77912376329291,4.63794960784917,"positive"
1.30875,3.93001292906896,7657.17067954952,0.847799399458742,2.22823852982312,1.88909928743487,2.04091364163409,5.81911221650383,4.63554578073302,"positive"
1.31,3.95654443389656,7768.95428804705,0.853965299728367,2.22823852982312,1.9028383839867,2.05370604990987,5.85938281788326,4.63314426845573,"positive"
1.31125,3.98325881690591,7882.38103144712,0.860176657703099,2.22823852982312,1.91667877114852,2.0665800457574,5.89993758805443,4.63074506990491,"positive"
1.3125,4.01015735931066,7997.47520487124,0.86643381178834,2.22823852982312,1.93062120296829,2.07953615634237,5.94077856227895,4.62834818395834,"positive"
1.31375,4.03724135141572,8114.26146448723,0.872737102926996,2.22823852982312,1.94466643914814,2.09257491226759,5.98190779056386,4.62595360948397,"positive"
1.315,4.06451209268244,8232.76483289841,0.879086874618611,2.22823852982312,1.95881524508697,2.10569684759547,6.02332733776941,4.62356134534009,"positive"
1.31625,4.0919708917942,8353.01070461333,0.885483472938639,2.22823852982312,1.97306839192346,2.11890249987074,6.06503928371766,4.62117139037531,"positive"
1.3175,4.11961906672259,8475.02485159763,0.891927246557873,2.22823852982312,1.9874266565793,2.1321924101433,6.10704572330189,4.61878374342866,"positive"
1.31875,4.14745794479393,8598.83342890898,0.898418546762014,2.22823852982312,2.00189082180281,2.14556712299112,6.14934876659675,4.61639840332968,"positive"
1.32,4.17548886275642,8724.46298041661,0.904957727471394,2.22823852982312,2.01646167621293,2.15902718654349,6.19195053896934,4.61401536889844,"positive"
1.32125,4.20371316684761,8851.94044460638,0.91154514526084,2.22823852982312,2.03114001434341,2.1725731525042,6.23485318119103,4.61163463894563,"positive"
1.3225,4.23213221286254,8981.29316047301,0.918181159379697,2.22823852982312,2.0459266366875,2.18620557617504,6.27805884955004,4.60925621227262,"positive"
1.32375,4.26074736622221,9112.54887350049,0.924866131771997,2.22823852982312,2.06082234974283,2.19992501647938,6.32156971596503,4.60688008767153,"positive"
1.325,4.28956000204262,9245.73574173222,0.931600427096785,2.22823852982312,2.07582796605673,2.21373203598589,6.36538796809935,4.60450626392529,"positive"
1.32625,4.31857150520435,9380.88234193213,0.938384412748593,2.22823852982312,2.09094430427185,2.22762720093249,6.4095158094762,4.6021347398077,"positive"
1.3275,4.34778327042254,9518.01767583817,0.945218458878078,2.22823852982312,2.10617218917216,2.24161108125038,6.4539554595947,4.59976551408351,"positive"
1.32875,4.37719670231747,9657.17117650937,0.952102938412804,2.22823852982312,2.12151245172922,2.25568425058825,6.49870915404668,4.59739858550845,"positive"
1.33,4.40681321548557,9798.3727147684,0.959038227078196,2.22823852982312,2.13696592914889,2.26984728633669,6.54377914463446,4.59503395282935,"positive"
1.33125,4.43663423457105,9941.65260574041,0.966024703418642,2.22823852982312,2.15253346491837,2.28410076965268,6.58916769948942,4.59267161478413,"positive"
1.3325,4.46666119433792,10087.0416154901,0.973062748818757,2.22823852982312,2.16821590885355,2.29844528548438,6.63487710319147,4.59031157010193,"positive"
1.33375,4.49689553974264,10234.570967758,0.980152747524812,2.22823852982312,2.18401411714678,2.31288142259586,6.68090965688942,4.58795381750313,"positive"
1.335,4.52733872600721,10384.2723507985,0.98729508666632,2.22823852982312,2.19992895241495,2.32740977359226,6.72726767842216,4.58559835569944,"positive"
1.33625,4.55799221869287,10536.1779243192,0.994490156277791,2.22823852982312,2.21596128374799,2.34203093494488,6.77395350244085,4.58324518339393,"positive"
1.3375,4.58885749377425,10690.3203265258,1.00173834932065,2.22823852982312,2.23211198675768,2.35674550701658,6.82096948053193,4.58089429928114,"positive"
1.33875,4.61993603771414,10846.7326812711,1.0090400617053,2.22823852982312,2.24838194362685,2.37155409408729,6.868317981341,4.57854570204708,"positive"
1.34,4.65122934753874,11005.4486053127,1.01639569231343,2.22823852982312,2.26477204315902,2.38645730437972,6.91600139069776,4.57619939036936,"positive"
1.34125,4.68273893091345,11166.5022156784,1.02380564302034,2.22823852982312,2.28128318082825,2.4014557500852,6.9640221117417,4.57385536291718,"positive"
1.3425,4.71446630621927,11329.9281371427,1.03127031871763,2.22823852982312,2.29791625882959,2.41655004738969,7.01238256504886,4.57151361835144,"positive"
1.34375,4.7464130026297,11495.7615098153,1.03879012733589,2.22823852982312,2.31467218612969,2.43174081650002,7.06108518875939,4.56917415532481,"positive"
1.345,4.77858056018822,11664.0379968433,1.04636547986766,2.22823852982312,2.33155187851798,2.44702868167024,7.11013243870619,4.56683697248173,"positive"
1.34625,4.81097052988627,11834.793792229,1.05399679039054,2.22823852982312,2.3485562586581,2.46241427122817,7.15952678854437,4.56450206845853,"positive"
1.3475,4.84358447374194,12008.0656287653,1.06168447609046,2.22823852982312,2.36568625613982,2.47789821760212,7.20927072988176,4.56216944188347,"positive"
1.34875,4.87642396487905,12183.8907860896,1.06942895728513,2.22823852982312,2.38294280753129,2.49348115734777,7.25936677241034,4.55983909137679,"positive"
1.35,4.90949058760693,12362.3070988591,1.07723065744771,2.22823852982312,2.40032685643167,2.50916373117526,7.30981744403861,4.55751101555077,"positive"
1.35125,4.94278593750073,12543.352965048,1.08509000323058,2.22823852982312,2.41783935352427,2.52494658397645,7.360625291025,4.55518521300982,"positive"
1.3525,4.97631162148229,12727.0673543705,1.09300742448938,2.22823852982312,2.43548125662997,2.54083036485232,7.41179287811225,4.55286168235049,"positive"
1.35375,5.01006925790167,12913.4898168285,1.10098335430714,2.22823852982312,2.45325353076107,2.5568157271406,7.46332278866274,4.55054042216156,"positive"
1.355,5.04406047661918,13102.660491389,1.10901822901869,2.22823852982312,2.47115714817564,2.57290332844355,7.51521762479482,4.5482214310241,"positive"
1.35625,5.07828691908808,13294.620114791,1.11711248823515,2.22823852982312,2.48919308843214,2.58909383065594,7.56748000752021,4.54590470751152,"positive"
1.3575,5.11275023843779,13489.4100304848,1.12526657486872,2.22823852982312,2.50736233844457,2.60538789999322,7.62011257688236,4.54359025018962,"positive"
1.35875,5.14745209955783,13687.0721977054,1.13348093515756,2.22823852982312,2.52566589253801,2.62178620701983,7.67311799209584,4.54127805761667,"positive"
1.36,5.18239417918223,13887.6492006819,1.14175601869089,2.22823852982312,2.54410475250448,2.63828942667775,7.72649893168671,4.53896812834343,"positive"
1.36125,5.21757816597464,14091.1842579858,1.15009227843432,2.22823852982312,2.56267992765942,2.65489823831522,7.78025809363406,4.53666046091326,"positive"
1.3625,5.25300576061406,14297.7212320185,1.15849017075534,2.22823852982312,2.5813924348984,2.67161332571565,7.83439819551246,4.53435505386213,"positive"
1.36375,5.2886786758811,14507.3046386427,1.16695015544894,2.22823852982312,2.60024329875441,2.68843537712669,7.88892197463551,4.53205190571869,"positive"
1.365,5.32459863674499,14719.9796569566,1.17547269576358,2.22823852982312,2.61923355145547,2.70536508528953,7.94383218820046,4.52975101500435,"positive"
1.36625,5.36076738045112,14935.7921392166,1.1840582584272,2.22823852982312,2.63836423298275,2.72240314746838,7.99913161343387,4.5274523802333,"positive"
1.3675,5.39718665660926,15154.7886209077,1.1927073136735,2.22823852982312,2.65763639112911,2.73955026548015,8.05482304773838,4.5251559999126,"positive"
1.36875,5.43385822728242,15377.016330966,1.20142033526842,2.22823852982312,2.67705108155811,2.75680714572431,8.11090930884053,4.5228618725422,"positive"
1.37,5.4707838670763,15602.5232021537,1.21019780053683,2.22823852982312,2.69660936786337,2.77417449921294,8.16739323493967,4.52056999661502,"positive"
1.37125,5.50796536322951,15831.3578815909,1.21904019038937,2.22823852982312,2.7163123216285,2.79165304160101,8.22427768485801,4.51828037061702,"positive"
1.3725,5.54540451570429,16063.5697414448,1.22794798934952,2.22823852982312,2.73616102248744,2.80924349321686,8.28156553819173,4.5159929930272,"positive"
1.37375,5.58310313727801,16299.2088897802,1.23692168558095,2.22823852982312,2.75615655818522,2.82694657909279,8.33925969546323,4.51370786231772,"positive"
1.375,5.62106305363525,16538.3261815718,1.24596177091491,2.22823852982312,2.77630002463924,2.84476302899601,8.3973630782745,4.51142497695392,"positive"
1.37625,5.65928610346063,16780.9732298829,1.25506874087801,2.22823852982312,2.79659252600097,2.86269357745965,8.4558786294616,4.50914433539436,"positive"
1.3775,5.69777413853218,17027.2024172118,1.2642430947201,2.22823852982312,2.81703517471815,2.88073896381403,8.51480931325033,4.50686593609091,"positive"
1.37875,5.73652902381558,17277.0669070083,1.27348533544237,2.22823852982312,2.83762909159741,2.89889993221817,8.57415811541299,4.50458977748878,"positive"
1.38,5.77555263755889,17530.6206553631,1.28279596982571,2.22823852982312,2.85837540586747,2.91717723169143,8.63392804342636,4.50231585802658,"positive"
1.38125,5.81484687138807,17787.9184228735,1.29217550845924,2.22823852982312,2.87927525524266,2.93557161614541,8.69412212663073,4.50004417613638,"positive"
1.3825,5.85441363040319,18049.0157866866,1.30162446576908,2.22823852982312,2.9003297859871,2.95408384441609,8.75474341639029,4.49777473024375,"positive"
1.38375,5.89425483327532,18313.9691527238,1.31114336004734,2.22823852982312,2.92154015297923,2.97271468029609,8.81579498625455,4.49550751876782,"positive"
1.385,5.93437241234408,18582.8357680886,1.32073271348131,2.22823852982312,2.94290751977688,2.9914648925672,8.87727993212096,4.49324254012133,"positive"
1.38625,5.97476831371599,18855.6737336617,1.33039305218287,2.22823852982312,2.96443305868285,3.01033525503314,8.93920137239885,4.4909797927107,"positive"
1.3875,6.01544449736347,19132.5420168839,1.34012490621819,2.22823852982312,2.98611795081097,3.0293265465525,9.00156244817444,4.48871927493605,"positive"
1.38875,6.05640293722453,19413.5004647324,1.34992880963754,2.22823852982312,3.00796338615263,3.0484395510719,9.06436632337716,4.48646098519128,"positive"
1.39,6.09764562130326,19698.6098168916,1.35980530050542,2.22823852982312,3.02997056364387,3.06767505765939,9.12761618494713,4.48420492186409,"positive"
1.39125,6.139174551771,19987.9317191211,1.36975492093086,2.22823852982312,3.05214069123296,3.08703386053804,9.19131524300396,4.48195108333609,"positive"
1.3925,6.18099174506825,20281.5287368261,1.37977821709803,2.22823852982312,3.07447498594847,3.10651675911978,9.25546673101671,4.47969946798277,"positive"
1.39375,6.22309923200731,20579.4643688304,1.38987573929696,2.22823852982312,3.09697467396788,3.12612455803944,9.32007390597519,4.47745007417364,"positive"
1.395,6.26549905787571,20881.8030613569,1.40004804195462,2.22823852982312,3.11964099068669,3.14585806718902,9.3851400485624,4.47520290027219,"positive"
1.39625,6.30819328254031,21188.6102222184,1.41029568366613,2.22823852982312,3.14247518078811,3.1657181017522,9.45066846332843,4.47295794463602,"positive"
1.3975,6.35118398055225,21499.9522352212,1.4206192272263,2.22823852982312,3.16547849831318,3.18570548223907,9.51666247886543,4.47071520561684,"positive"
1.39875,6.39447324125255,21815.8964747857,1.43101923966131,2.22823852982312,3.18865220673151,3.20582103452105,9.58312544798406,4.46847468156053,"positive"
1.4,6.43806316887861,22136.5113207864,1.44149629226072,2.22823852982312,3.21199757901251,3.2260655898661,9.65006074789112,4.46623637080722,"positive"
1.40125,6.48195588267131,22461.8661736153,1.4520509606097,2.22823852982312,3.2355158976972,3.24643998497411,9.71747178036851,4.4640002716913,"positive"
1.4025,6.52615351698311,22792.0314694712,1.46268382462143,2.22823852982312,3.25920845497051,3.2669450620126,9.78536197195361,4.46176638254149,"positive"
1.40375,6.57065822138669,23127.0786958797,1.47339546856987,2.22823852982312,3.28307655273417,3.28758166865252,9.85373477412086,4.45953470168088,"positive"
1.405,6.6154721607846,23467.0804074458,1.48418648112269,2.22823852982312,3.30712150268016,3.30835065810444,9.92259366346476,4.45730522742697,"positive"
1.40625,6.66059751551951,23812.1102418434,1.49505745537445,2.22823852982312,3.33134462636467,3.32925288915485,9.99194214188418,4.45507795809178,"positive"
1.4075,6.70603648148542,24162.2429360455,1.50600898888012,2.22823852982312,3.35574725528264,3.35028922620278,10.0617837367681,4.45285289198179,"positive"
1.40875,6.75179127023957,24517.5543427988,1.51704168368872,2.22823852982312,3.38033073094294,3.37146053929663,10.1321220011825,4.45063002739809,"positive"
1.41,6.79786410911523,24878.1214473447,1.52815614637733,2.22823852982312,3.40509640494397,3.39276770417125,10.2029605140592,4.44840936263638,"positive"
1.41125,6.84425724133524,25244.0223843933,1.53935298808529,2.22823852982312,3.43004563905,3.41421160228524,10.2743028803852,4.44619089598701,"positive"
1.4125,6.89097292612645,25615.3364553513,1.55063282454873,2.22823852982312,3.45517980526793,3.43579312085852,10.3461527313944,4.44397462573507,"positive"
1.41375,6.93801343883492,25992.1441458105,1.56199627613524,2.22823852982312,3.48050028592477,3.45751315291015,10.4185137247597,4.44176055016038,"positive"
1.415,6.98538107104203,26374.5271432976,1.57344396787895,2.22823852982312,3.50600847374563,3.47937259729639,10.4913895447877,4.43954866753759,"positive"
1.41625,7.03307813068133,26762.5683552924,1.58497652951576,2.22823852982312,3.53170577193234,3.50137235874899,10.5647839026137,4.43733897613618,"positive"
1.4175,7.08110694215636,27156.3519275158,1.59659459551891,2.22823852982312,3.55759359424258,3.52351334791378,10.6387005363989,4.43513147422057,"positive"
1.41875,7.12946984645922,27555.9632624942,1.60829880513477,2.22823852982312,3.58367336506977,3.54579648138944,10.713143211529,4.43292616005009,"positive"
1.42,7.17816920129006,27961.4890384021,1.62008980241895,2.22823852982312,3.60994651952342,3.56822268176664,10.7881157208135,4.43072303187908,"positive"
1.42125,7.22720738117742,28373.0172281882,1.63196823627262,2.22823852982312,3.63641450351014,3.59079287766728,10.8636218846876,4.42852208795692,"positive"
1.4225,7.27658677759943,28790.63711899,1.6439347604792,2.22823852982312,3.66307877381529,3.61350800378414,10.9396655514147,4.42632332652808,"positive"
1.42375,7.32630979910593,29214.4393318395,1.6559900337412,2.22823852982312,3.68994079818523,3.6363690009207,11.0162505972912,4.42412674583215,"positive"
1.425,7.37637887144141,29644.5158416664,1.66813471971748,2.22823852982312,3.71700205541017,3.65937681603125,11.0933809268516,4.42193234410391,"positive"
1.42625,7.42679643766893,30080.9599976012,1.68036948706067,2.22823852982312,3.7442640354077,3.68253240226123,11.1710604730766,4.41974011957334,"positive"
1.4275,7.47756495829486,30523.8665435845,1.69269500945499,2.22823852982312,3.77172823930691,3.70583671898795,11.2492931976018,4.41755007046573,"positive"
1.42875,7.52868691139452,30973.331639286,1.70511196565421,2.22823852982312,3.79939617953315,3.72929073186137,11.3280830909277,4.41536219500162,"positive"
1.43,7.58016479273887,31429.4528813387,1.71762103952008,2.22823852982312,3.82726937989349,3.75289541284539,11.4074341726324,4.41317649139698,"positive"
1.43125,7.63200111592193,31892.3293248923,1.73022292006089,2.22823852982312,3.85534937566273,3.7766517402592,11.4873504915847,4.41099295786312,"positive"
1.4325,7.6841984124892,32362.0615054906,1.74291830147038,2.22823852982312,3.88363771367017,3.80056069881904,11.5678361261594,4.40881159260682,"positive"
1.43375,7.73675923206713,32838.7514612795,1.75570788316702,2.22823852982312,3.91213595238695,3.82462327968018,11.6488951844541,4.40663239383036,"positive"
1.435,7.78968614249331,33322.5027555472,1.76859236983347,2.22823852982312,3.94084566201412,3.84884048047919,11.7305318045074,4.40445535973152,"positive"
1.43625,7.84298172994779,33813.4204996055,1.78157247145639,2.22823852982312,3.96976842457133,3.87321330537646,11.8127501545191,4.4022804885037,"positive"
1.4375,7.89664859908525,34311.6113760146,1.79464890336658,2.22823852982312,3.99890583398622,3.89774276509903,11.8955544330715,4.40010777833588,"positive"
1.43875,7.95068937316818,34817.1836621572,1.80782238627938,2.22823852982312,4.02825949618448,3.9224298769837,11.9789488693527,4.39793722741273,"positive"
1.44,8.00510669420101,35330.2472541681,1.82109364633539,2.22823852982312,4.05783102918058,3.94727566502043,12.0629377233816,4.39576883391461,"positive"
1.44125,8.05990322306518,35850.9136912241,1.83446341514153,2.22823852982312,4.08762206316925,3.97228115989593,12.1475252862344,4.39360259601763,"positive"
1.4425,8.11508163965531,36379.2961801986,1.84793242981236,2.22823852982312,4.11763424061755,3.99744739903776,12.2327158802729,4.39143851189371,"positive"
1.44375,8.17064464301614,36915.5096206882,1.86150143301175,2.22823852982312,4.14786921635772,4.02277542665842,12.3185138593739,4.38927657971058,"positive"
1.445,8.22659495148073,37459.6706304161,1.87517117299485,2.22823852982312,4.17832865768074,4.04826629379999,12.4049236091615,4.38711679763185,"positive"
1.44625,8.28293530280946,38011.8975710173,1.88894240365041,2.22823852982312,4.20901424443053,4.07392105837893,12.49194954724,4.38495916381705,"positive"
1.4475,8.33966845433013,38572.3105742128,1.90281588454335,2.22823852982312,4.23992766909894,4.09974078523119,12.5795961234291,4.38280367642167,"positive"
1.44875,8.39679718307905,39141.0315683773,1.91679238095773,2.22823852982312,4.2710706369214,4.12572654615765,12.6678678200004,4.38065033359721,"positive"
1.45,8.45432428594317,39718.1843055074,1.93087266394001,2.22823852982312,4.30244486597334,4.15187941996983,12.7567691519165,4.37849913349119,"positive"
1.45125,8.51225257980324,40303.8943885952,1.94505751034266,2.22823852982312,4.33405208726735,4.17820049253589,12.8463046670706,4.37635007424722,"positive"
1.4525,8.57058490167801,40898.2892994153,1.95934770286806,2.22823852982312,4.36589404485102,4.20469085682699,12.936478946529,4.37420315400505,"positive"
1.45375,8.62932410886945,41501.4984267289,1.97374403011274,2.22823852982312,4.39797249590557,4.23135161296388,13.027296604775,4.37205837090058,"positive"
1.455,8.68847307910907,42113.6530949138,1.98824728661204,2.22823852982312,4.43028921084522,4.25818386826385,13.1187622899543,4.3699157230659,"positive"
1.45625,8.74803471070527,42734.8865930247,2.00285827288498,2.22823852982312,4.46284597341731,4.28518873728797,13.2108806841226,4.36777520862937,"positive"
1.4575,8.8080119226918,43365.3342042917,2.01757779547958,2.22823852982312,4.49564458080319,4.31236734188862,13.303656503495,4.36563682571563,"positive"
1.45875,8.86840765497724,44005.1332360633,2.03240666701844,2.22823852982312,4.52868684371986,4.33972081125738,13.3970944986971,4.36350057244562,"positive"
1.46,8.92922486849559,44654.4230501995,2.04734570624472,2.22823852982312,4.5619745865224,4.36725028197319,13.491199455018,4.36136644693668,"positive"
1.46125,8.99046654535799,45313.3450939238,2.06239573806846,2.22823852982312,4.59550964730714,4.39495689805085,13.5859761926651,4.35923444730254,"positive"
1.4625,9.05213568900552,45982.0429311394,2.07755759361327,2.22823852982312,4.62929387801569,4.42284181098983,13.6814295670212,4.35710457165335,"positive"
1.46375,9.11423532436302,46660.6622742168,2.09283211026327,2.22823852982312,4.66332914453965,4.45090617982337,13.7775644689027,4.35497681809578,"positive"
1.465,9.17676849799427,47349.3510162613,2.10822013171057,2.22823852982312,4.69761732682625,4.47915117116802,13.8743858248205,4.35285118473299,"positive"
1.46625,9.23973827825798,48048.259263866,2.12372250800291,2.22823852982312,4.73216031898466,4.50757795927332,13.9718985972426,4.35072766966471,"positive"
1.4675,9.30314775546517,48757.5393703575,2.13934009559184,2.22823852982312,4.7669600293932,4.53618772607196,14.0701077848584,4.34860627098727,"positive"
1.46875,9.36700004203755,49477.3459695444,2.15507375738113,2.22823852982312,4.80201838080731,4.56498166123024,14.1690184228449,4.34648698679364,"positive"
1.47,9.43129827266713,50207.8360099727,2.17092436277563,2.22823852982312,4.83733731046837,4.59396096219876,14.2686355831355,4.34436981517345,"positive"
1.47125,9.49604560447695,50949.1687896977,2.18689278773049,2.22823852982312,4.87291877021336,4.6231268342636,14.3689643746903,4.34225475421306,"positive"
1.4725,9.56124521718298,51701.5059915805,2.20297991480066,2.22823852982312,4.90876472658529,4.65248049059769,14.4700099437683,4.34014180199556,"positive"
1.47375,9.62690031325722,52465.0117191159,2.21918663319097,2.22823852982312,4.94487716094456,4.68202315231266,14.5717774742018,4.33803095660084,"positive"
1.475,9.6930141180919,53239.8525327997,2.23551383880633,2.22823852982312,4.98125806958105,4.71175604851085,14.6742721876729,4.33592221610561,"positive"
1.47625,9.75958988016507,54026.1974870456,2.25196243430255,2.22823852982312,5.0179094638272,4.74168041633787,14.7774993439923,4.33381557858344,"positive"
1.4775,9.82663087120718,54824.2181676569,2.26853332913738,2.22823852982312,5.05483337017182,4.77179750103535,14.881464241379,4.33171104210481,"positive"
1.47875,9.89414038636896,55634.0887298637,2.28522743962205,2.22823852982312,5.09203183037487,4.80210855599409,14.9861722167438,4.32960860473711,"positive"
1.48,9.96212174439055,56455.9859369336,2.30204568897308,2.22823852982312,5.12950690158302,4.83261484280753,15.0916286459736,4.32750826454472,"positive"
1.48125,10.0305782877718,57290.089199364,2.31898900736463,2.22823852982312,5.16726065644614,4.86331763132567,15.197838944218,4.32541001958903,"positive"
1.4825,10.0995133829439,58136.5806146652,2.33605833198114,2.22823852982312,5.2052951832347,4.89421819970922,15.3048085661786,4.32331386792847,"positive"
1.48375,10.1689304204421,58995.6450077434,2.35325460707039,2.22823852982312,5.243612585958,4.92531783448415,15.4125430064001,4.32121980761854,"positive"
1.485,10.2388328150799,59867.4699718919,2.37057878399698,2.22823852982312,5.2822149844833,4.95661783059661,15.5210477995632,4.31912783671187,"positive"
1.48625,10.3092240061242,60752.2459104017,2.38803182129624,2.22823852982312,5.32110451465596,4.98811949146826,15.6303285207802,4.31703795325822,"positive"
1.4875,10.3801074574722,61650.1660787977,2.40561468472849,2.22823852982312,5.36028332842032,5.01982412905185,15.7403907858925,4.31495015530457,"positive"
1.48875,10.4514866578289,62561.4266277127,2.42332834733377,2.22823852982312,5.39975359394169,5.05173306388721,15.8512402517706,4.31286444089509,"positive"
1.49,10.5233651208868,63486.2266464074,2.44117378948693,2.22823852982312,5.43951749572908,5.08384762515768,15.9628826166158,4.31078080807123,"positive"
1.49125,10.5957463855058,64424.7682069468,2.45915199895318,2.22823852982312,5.47957723475901,5.11616915074684,16.0753236202649,4.30869925487171,"positive"
1.4925,10.6686340158958,65377.2564090429,2.47726397094408,2.22823852982312,5.51993502860021,5.14869898729557,16.188569044496,4.3066197793326,"positive"
1.49375,10.7420316017988,66343.8994255735,2.49551070817388,2.22823852982312,5.56059311153921,5.18143849025963,16.302624713338,4.30454237948731,"positive"
1.495,10.8159427586744,67324.9085487861,2.51389322091635,2.22823852982312,5.60155373470696,5.21438902396742,16.4174964933813,4.30246705336665,"positive"
1.49625,10.8903711278847,68320.4982372015,2.53241252706206,2.22823852982312,5.64281916620641,5.24755196167833,16.5331902940912,4.30039379899887,"positive"
1.4975,10.9653203768823,69330.8861632216,2.55106965217601,2.22823852982312,5.68439169124104,5.2809286856413,16.6497120681234,4.29832261440967,"positive"
1.49875,11.0407941993982,70356.2932614575,2.56986562955577,2.22823852982312,5.7262736122443,5.31452058715386,16.7670678116425,4.29625349762225,"positive"
1.5,11.1167963156317,71396.943777785,2.58880150029005,2.22823852982312,5.76846724901018,5.34832906662156,16.8852635646419,4.29418644665735,"positive"
